dsv41-indexer-workspace: already applied
[dsv41-drop-page-cache] armed (fadvise DONTNEED on shards after weight load)
[dsv41-prefill-empty-cache] armed (threshold 8192 tokens, release when MemAvailable < 2.5 GiB)
dsv41: g8 stream feed installed
dsv41: DSpark sparse Markov (gathered top-k) k=256
WARNING 09-25 01:25:11 [envs.py:2282] Unknown vLLM environment variable detected: VLLM_EXL3_MOE_KERNEL
INFO 09-25 01:25:18 [model.py:692] Resolved architecture: DeepseekV41ForCausalLM
INFO 09-25 01:25:18 [model.py:2034] Using max model len 1048576
INFO 09-25 01:25:19 [cache.py:348] Using fp8 data type to store kv cache. It reduces the GPU memory footprint and boosts the performance. Meanwhile, it may cause accuracy drop without a proper scaling factor
INFO 09-25 01:25:19 [arg_utils.py:2232] Inferred data_parallel_rank 0 from node_rank 1
INFO 09-25 01:25:19 [model.py:692] Resolved architecture: DeepseekV41ForCausalLM
INFO 09-25 01:25:19 [model.py:2034] Using max model len 1048576
INFO 09-25 01:25:26 [scheduler.py:277] Chunked prefill is enabled with max_num_batched_tokens=8192.
INFO 09-25 01:25:26 [kernel.py:373] Final IR op priority after setting platform defaults: IrOpPriorityConfig(rms_norm=['vllm_c', 'native'], fused_add_rms_norm=['vllm_c', 'native'])
WARNING 09-25 01:25:26 [cuda.py:336] Forcing --disable_chunked_mm_input for models with multimodal-bidirectional attention.
INFO 09-25 01:25:26 [compilation.py:329] Enabled custom fusions: norm_quant, act_quant
INFO 09-25 01:25:26 [serve.py:217] Launching vLLM (v0.1.dev20904+g179dd0fa9) headless multiproc executor, with head node address 10.100.8.1:29524 for torch.distributed process group.
dsv41-indexer-workspace: already applied
dsv41-indexer-workspace: already applied
[dsv41-drop-page-cache] armed (fadvise DONTNEED on shards after weight load)
[dsv41-prefill-empty-cache] armed (threshold 8192 tokens, release when MemAvailable < 2.5 GiB)
dsv41: g8 stream feed already present
dsv41: DSpark sparse Markov (gathered top-k) k=256
[dsv41-drop-page-cache] armed (fadvise DONTNEED on shards after weight load)
[dsv41-prefill-empty-cache] armed (threshold 8192 tokens, release when MemAvailable < 2.5 GiB)
dsv41: g8 stream feed already present
dsv41: DSpark sparse Markov (gathered top-k) k=256
(Worker pid=464) INFO 09-25 01:25:32 [parallel_state.py:1817] world_size=2 rank=1 local_rank=0 distributed_init_method=tcp://10.100.8.1:29524 backend=nccl
(Worker pid=464) WARNING 09-25 01:26:12 [symm_mem.py:67] SymmMemCommunicator: Device capability 12.1 not supported, communicator is not available.
(Worker pid=464) WARNING 09-25 01:26:12 [flashinfer_all_reduce.py:383] FlashInfer All Reduce is disabled because it is not supported for world_size=2.
(Worker pid=464) WARNING 09-25 01:26:12 [custom_all_reduce.py:201] Custom collectives are disabled because this multi-node group does not have MNNVL-capable GPUs on every rank.
(Worker pid=464) INFO 09-25 01:26:12 [parallel_state.py:2234] rank 1 in world size 2 is assigned as DP rank 0, PP rank 0, PCP rank 0, TP rank 1, EP rank 1, EPLB rank N/A
(Worker pid=464) INFO 09-25 01:26:12 [gpu_worker.py:436] Using V2 Model Runner
(Worker_TP1 pid=464) INFO 09-25 01:26:12 [model_runner.py:383] Loading model from scratch...
(Worker_TP1 pid=464) INFO 09-25 01:26:12 [cuda.py:581] Using backend AttentionBackendEnum.FLASH_ATTN for vit attention
(Worker_TP1 pid=464) INFO 09-25 01:26:12 [mm_encoder_attention.py:372] Using AttentionBackendEnum.FLASH_ATTN for MMEncoderAttention.
(Worker_TP1 pid=464) INFO 09-25 01:26:13 [quant_config.py:79] DeepSeek V4 expert_dtype resolved to 'fp4'
(Worker_TP1 pid=464) INFO 09-25 01:26:13 [__init__.py:889] Using FlashInferCutlassMxfp8LinearKernel for MXFP8 GEMM
(Worker_TP1 pid=464) INFO 09-25 01:26:13 [attention.py:140] Using DeepSeek's fp8_ds_mla KV cache format.
(Worker_TP1 pid=464) INFO 09-25 01:26:13 [attention.py:1062] Using FP8 indexer cache for Lightning Indexer.
(Worker_TP1 pid=464) INFO 09-25 01:26:17 [engram.py:442] Built engram token map (129280 -> 99092 ids) for layers (1, 14)
(Worker_TP1 pid=464) dsv41: lm_head mxfp8 enabled (b12x, (64640, 5120))
(Worker_TP1 pid=464) WARNING 09-25 01:26:17 [compilation.py:1354] Op 'quant_fp8' not present in model, enabling with '+quant_fp8' has no effect
(Worker_TP1 pid=464) INFO 09-25 01:26:17 [weight_utils.py:863] Filesystem type for checkpoints: EXT4. Checkpoint size: 332.92 GiB. Available RAM: 39.88 GiB.
(Worker_TP1 pid=464) INFO 09-25 01:26:17 [weight_utils.py:893] Auto-prefetch is disabled because the filesystem (EXT4) is not a recognized network FS (NFS/Lustre) and the checkpoint size (332.92 GiB) exceeds 90% of available RAM (39.88 GiB).
(Worker_TP1 pid=464) INFO 09-25 01:28:45 [default_loader.py:430] Loading weights took 148.03 seconds
(Worker_TP1 pid=464) INFO 09-25 01:28:46 [__init__.py:889] Using EmulationMxfp8LinearKernel for MXFP8 GEMM
(Worker_TP1 pid=464) INFO 09-25 01:28:49 [exl3.py:2087] EXL3 MCG trellis engaged for routed experts: bits=2 experts_local=384 hidden=5120 intermediate_local=1152 fused_moe=exl3_moe concurrency=6 (no BF16 expert reconstruct at load)
(Worker_TP1 pid=464) INFO 09-25 01:28:49 [exl3.py:2087] EXL3 MCG trellis engaged for routed experts: bits=2 experts_local=384 hidden=5120 intermediate_local=1152 fused_moe=exl3_moe concurrency=6 (no BF16 expert reconstruct at load)
(Worker_TP1 pid=464) INFO 09-25 01:28:49 [exl3.py:2087] EXL3 MCG trellis engaged for routed experts: bits=2 experts_local=384 hidden=5120 intermediate_local=1152 fused_moe=exl3_moe concurrency=6 (no BF16 expert reconstruct at load)
(Worker_TP1 pid=464) INFO 09-25 01:28:49 [exl3.py:2087] EXL3 MCG trellis engaged for routed experts: bits=2 experts_local=384 hidden=5120 intermediate_local=1152 fused_moe=exl3_moe concurrency=6 (no BF16 expert reconstruct at load)
(Worker_TP1 pid=464) INFO 09-25 01:28:49 [exl3.py:2087] EXL3 MCG trellis engaged for routed experts: bits=2 experts_local=384 hidden=5120 intermediate_local=1152 fused_moe=exl3_moe concurrency=6 (no BF16 expert reconstruct at load)
(Worker_TP1 pid=464) INFO 09-25 01:28:49 [exl3.py:2087] EXL3 MCG trellis engaged for routed experts: bits=2 experts_local=384 hidden=5120 intermediate_local=1152 fused_moe=exl3_moe concurrency=6 (no BF16 expert reconstruct at load)
dsv41-patch skip g8_load_tracer: DSV41_LOAD_PF_G8 is not 1
dsv41-patch ok prefer_b12x_mxfp8
dsv41-patch skip mla_tile32_workspace: image kernel has no DSV4_CAND_WINDOW = 32
dsv41-patch ok persistent_topk: already applied
dsv41-patch ok kpool_persistent_topk: already applied
dsv41-patch ok load_general_plugins
dsv41-patch ok exl3_weight_block_size
dsv41-patch ok warmup_stubs
dsv41-patch skip cudagraph_worker_stub: DSV41_ALLOW_CUDA_GRAPHS=1
dsv41-patch ok swa_page_coerce
dsv41-patch ok kernel_block_sizes
dsv41-patch ok extra_page_bump
dsv41-patch ok v41_config_vision
dsv41-patch ok swa_image_width: already applied
dsv41-patch ok attention_image_width: already applied
dsv41-patch ok native_indexer_decode: already applied
dsv41-patch ok indexer_adaptive: already applied
dsv41-patch ok indexer_short_context: already applied
dsv41-patch skip dspark_markov_scale: DSV41_DSPARK_MARKOV_SCALE=1
dsv41-patch skip step_census: DSV41_STEP_CENSUS is not 1
dsv41-patch skip mhc_decode_splits: DSV41_MHC_DECODE_SPLITS=0: this block only collapses at =1 (N >= 2 is decode_levers)
dsv41-patch skip engram_row_cache: DSV41_ENGRAM_CACHE is not 1
dsv41-patch skip mhc_no_deepgemm: DSV41_MHC_NO_DEEPGEMM is not 1
dsv41-patch ok decode_levers
dsv41-patch skip g8_load_tracer: DSV41_LOAD_PF_G8 is not 1
dsv41-patch skip g8_load_tracer: DSV41_LOAD_PF_G8 is not 1
dsv41-patch ok prefer_b12x_mxfp8
dsv41-patch ok prefer_b12x_mxfp8
dsv41-patch skip mla_tile32_workspace: image kernel has no DSV4_CAND_WINDOW = 32
dsv41-patch skip mla_tile32_workspace: image kernel has no DSV4_CAND_WINDOW = 32
dsv41-patch ok persistent_topk: already applied
dsv41-patch ok kpool_persistent_topk: already applied
dsv41-patch ok persistent_topk: already applied
dsv41-patch ok kpool_persistent_topk: already applied
dsv41-patch ok load_general_plugins
dsv41-patch ok exl3_weight_block_size
dsv41-patch ok load_general_plugins
dsv41-patch ok exl3_weight_block_size
dsv41-patch ok warmup_stubs
dsv41-patch skip cudagraph_worker_stub: DSV41_ALLOW_CUDA_GRAPHS=1
dsv41-patch ok swa_page_coerce
dsv41-patch ok kernel_block_sizes
dsv41-patch ok extra_page_bump
dsv41-patch ok v41_config_vision
dsv41-patch ok swa_image_width: already applied
dsv41-patch ok attention_image_width: already applied
dsv41-patch ok native_indexer_decode: already applied
dsv41-patch ok indexer_adaptive: already applied
dsv41-patch ok indexer_short_context: already applied
dsv41-patch skip dspark_markov_scale: DSV41_DSPARK_MARKOV_SCALE=1
dsv41-patch skip step_census: DSV41_STEP_CENSUS is not 1
dsv41-patch skip mhc_decode_splits: DSV41_MHC_DECODE_SPLITS=0: this block only collapses at =1 (N >= 2 is decode_levers)
dsv41-patch skip engram_row_cache: DSV41_ENGRAM_CACHE is not 1
dsv41-patch skip mhc_no_deepgemm: DSV41_MHC_NO_DEEPGEMM is not 1
dsv41-patch ok warmup_stubs
dsv41-patch ok decode_levers
dsv41-patch skip cudagraph_worker_stub: DSV41_ALLOW_CUDA_GRAPHS=1
dsv41-patch ok swa_page_coerce
dsv41-patch ok kernel_block_sizes
dsv41-patch ok extra_page_bump
dsv41-patch ok v41_config_vision
dsv41-patch ok swa_image_width: already applied
dsv41-patch ok attention_image_width: already applied
dsv41-patch ok native_indexer_decode: already applied
dsv41-patch ok indexer_adaptive: already applied
dsv41-patch ok indexer_short_context: already applied
dsv41-patch skip dspark_markov_scale: DSV41_DSPARK_MARKOV_SCALE=1
dsv41-patch skip step_census: DSV41_STEP_CENSUS is not 1
dsv41-patch skip mhc_decode_splits: DSV41_MHC_DECODE_SPLITS=0: this block only collapses at =1 (N >= 2 is decode_levers)
dsv41-patch skip engram_row_cache: DSV41_ENGRAM_CACHE is not 1
dsv41-patch skip mhc_no_deepgemm: DSV41_MHC_NO_DEEPGEMM is not 1
dsv41-patch ok decode_levers
[W925 01:25:42.153409368 socket.cpp:207] [c10d] The hostname of the client socket cannot be retrieved. err=-3
(Worker_TP1 pid=464) INFO 09-25 01:28:49 [exl3.py:2087] EXL3 MCG trellis engaged for routed experts: bits=2 experts_local=384 hidden=5120 intermediate_local=1152 fused_moe=exl3_moe concurrency=6 (no BF16 expert reconstruct at load)
(Worker_TP1 pid=464) INFO 09-25 01:28:49 [exl3.py:2087] EXL3 MCG trellis engaged for routed experts: bits=2 experts_local=384 hidden=5120 intermediate_local=1152 fused_moe=exl3_moe concurrency=6 (no BF16 expert reconstruct at load)
(Worker_TP1 pid=464) INFO 09-25 01:28:50 [exl3.py:2087] EXL3 MCG trellis engaged for routed experts: bits=2 experts_local=384 hidden=5120 intermediate_local=1152 fused_moe=exl3_moe concurrency=6 (no BF16 expert reconstruct at load)
(Worker_TP1 pid=464) INFO 09-25 01:28:58 [exl3.py:2087] EXL3 MCG trellis engaged for routed experts: bits=2 experts_local=384 hidden=5120 intermediate_local=1152 fused_moe=exl3_moe concurrency=6 (no BF16 expert reconstruct at load)
(Worker_TP1 pid=464) INFO 09-25 01:28:58 [exl3.py:2087] EXL3 MCG trellis engaged for routed experts: bits=2 experts_local=384 hidden=5120 intermediate_local=1152 fused_moe=exl3_moe concurrency=6 (no BF16 expert reconstruct at load)
(Worker_TP1 pid=464) INFO 09-25 01:28:58 [exl3.py:2087] EXL3 MCG trellis engaged for routed experts: bits=2 experts_local=384 hidden=5120 intermediate_local=1152 fused_moe=exl3_moe concurrency=6 (no BF16 expert reconstruct at load)
(Worker_TP1 pid=464) INFO 09-25 01:28:59 [exl3.py:2087] EXL3 MCG trellis engaged for routed experts: bits=2 experts_local=384 hidden=5120 intermediate_local=1152 fused_moe=exl3_moe concurrency=6 (no BF16 expert reconstruct at load)
(Worker_TP1 pid=464) INFO 09-25 01:28:59 [exl3.py:2087] EXL3 MCG trellis engaged for routed experts: bits=2 experts_local=384 hidden=5120 intermediate_local=1152 fused_moe=exl3_moe concurrency=6 (no BF16 expert reconstruct at load)
(Worker_TP1 pid=464) INFO 09-25 01:28:59 [exl3.py:2087] EXL3 MCG trellis engaged for routed experts: bits=2 experts_local=384 hidden=5120 intermediate_local=1152 fused_moe=exl3_moe concurrency=6 (no BF16 expert reconstruct at load)
(Worker_TP1 pid=464) INFO 09-25 01:28:59 [exl3.py:2087] EXL3 MCG trellis engaged for routed experts: bits=2 experts_local=384 hidden=5120 intermediate_local=1152 fused_moe=exl3_moe concurrency=6 (no BF16 expert reconstruct at load)
(Worker_TP1 pid=464) INFO 09-25 01:28:59 [exl3.py:2087] EXL3 MCG trellis engaged for routed experts: bits=2 experts_local=384 hidden=5120 intermediate_local=1152 fused_moe=exl3_moe concurrency=6 (no BF16 expert reconstruct at load)
(Worker_TP1 pid=464) INFO 09-25 01:28:59 [exl3.py:2087] EXL3 MCG trellis engaged for routed experts: bits=2 experts_local=384 hidden=5120 intermediate_local=1152 fused_moe=exl3_moe concurrency=6 (no BF16 expert reconstruct at load)
(Worker_TP1 pid=464) INFO 09-25 01:28:59 [exl3.py:2087] EXL3 MCG trellis engaged for routed experts: bits=2 experts_local=384 hidden=5120 intermediate_local=1152 fused_moe=exl3_moe concurrency=6 (no BF16 expert reconstruct at load)
(Worker_TP1 pid=464) INFO 09-25 01:28:59 [exl3.py:2087] EXL3 MCG trellis engaged for routed experts: bits=2 experts_local=384 hidden=5120 intermediate_local=1152 fused_moe=exl3_moe concurrency=6 (no BF16 expert reconstruct at load)
(Worker_TP1 pid=464) INFO 09-25 01:28:59 [exl3.py:2087] EXL3 MCG trellis engaged for routed experts: bits=2 experts_local=384 hidden=5120 intermediate_local=1152 fused_moe=exl3_moe concurrency=6 (no BF16 expert reconstruct at load)
(Worker_TP1 pid=464) INFO 09-25 01:28:59 [exl3.py:2087] EXL3 MCG trellis engaged for routed experts: bits=2 experts_local=384 hidden=5120 intermediate_local=1152 fused_moe=exl3_moe concurrency=6 (no BF16 expert reconstruct at load)
(Worker_TP1 pid=464) INFO 09-25 01:28:59 [exl3.py:2087] EXL3 MCG trellis engaged for routed experts: bits=2 experts_local=384 hidden=5120 intermediate_local=1152 fused_moe=exl3_moe concurrency=6 (no BF16 expert reconstruct at load)
(Worker_TP1 pid=464) INFO 09-25 01:28:59 [exl3.py:2087] EXL3 MCG trellis engaged for routed experts: bits=2 experts_local=384 hidden=5120 intermediate_local=1152 fused_moe=exl3_moe concurrency=6 (no BF16 expert reconstruct at load)
(Worker_TP1 pid=464) INFO 09-25 01:28:59 [exl3.py:2087] EXL3 MCG trellis engaged for routed experts: bits=2 experts_local=384 hidden=5120 intermediate_local=1152 fused_moe=exl3_moe concurrency=6 (no BF16 expert reconstruct at load)
(Worker_TP1 pid=464) INFO 09-25 01:28:59 [exl3.py:2087] EXL3 MCG trellis engaged for routed experts: bits=2 experts_local=384 hidden=5120 intermediate_local=1152 fused_moe=exl3_moe concurrency=6 (no BF16 expert reconstruct at load)
(Worker_TP1 pid=464) INFO 09-25 01:28:59 [exl3.py:2087] EXL3 MCG trellis engaged for routed experts: bits=2 experts_local=384 hidden=5120 intermediate_local=1152 fused_moe=exl3_moe concurrency=6 (no BF16 expert reconstruct at load)
(Worker_TP1 pid=464) INFO 09-25 01:29:00 [exl3.py:2087] EXL3 MCG trellis engaged for routed experts: bits=2 experts_local=384 hidden=5120 intermediate_local=1152 fused_moe=exl3_moe concurrency=6 (no BF16 expert reconstruct at load)
(Worker_TP1 pid=464) INFO 09-25 01:29:00 [exl3.py:2087] EXL3 MCG trellis engaged for routed experts: bits=2 experts_local=384 hidden=5120 intermediate_local=1152 fused_moe=exl3_moe concurrency=6 (no BF16 expert reconstruct at load)
(Worker_TP1 pid=464) INFO 09-25 01:29:00 [exl3.py:2087] EXL3 MCG trellis engaged for routed experts: bits=2 experts_local=384 hidden=5120 intermediate_local=1152 fused_moe=exl3_moe concurrency=6 (no BF16 expert reconstruct at load)
(Worker_TP1 pid=464) INFO 09-25 01:29:00 [exl3.py:2087] EXL3 MCG trellis engaged for routed experts: bits=2 experts_local=384 hidden=5120 intermediate_local=1152 fused_moe=exl3_moe concurrency=6 (no BF16 expert reconstruct at load)
(Worker_TP1 pid=464) INFO 09-25 01:29:00 [exl3.py:2087] EXL3 MCG trellis engaged for routed experts: bits=2 experts_local=384 hidden=5120 intermediate_local=1152 fused_moe=exl3_moe concurrency=6 (no BF16 expert reconstruct at load)
(Worker_TP1 pid=464) INFO 09-25 01:29:00 [exl3.py:2087] EXL3 MCG trellis engaged for routed experts: bits=2 experts_local=384 hidden=5120 intermediate_local=1152 fused_moe=exl3_moe concurrency=6 (no BF16 expert reconstruct at load)
(Worker_TP1 pid=464) INFO 09-25 01:29:00 [exl3.py:2087] EXL3 MCG trellis engaged for routed experts: bits=2 experts_local=384 hidden=5120 intermediate_local=1152 fused_moe=exl3_moe concurrency=6 (no BF16 expert reconstruct at load)
(Worker_TP1 pid=464) INFO 09-25 01:29:00 [exl3.py:2087] EXL3 MCG trellis engaged for routed experts: bits=2 experts_local=384 hidden=5120 intermediate_local=1152 fused_moe=exl3_moe concurrency=6 (no BF16 expert reconstruct at load)
(Worker_TP1 pid=464) INFO 09-25 01:29:00 [exl3.py:2087] EXL3 MCG trellis engaged for routed experts: bits=2 experts_local=384 hidden=5120 intermediate_local=1152 fused_moe=exl3_moe concurrency=6 (no BF16 expert reconstruct at load)
(Worker_TP1 pid=464) INFO 09-25 01:29:00 [exl3.py:2087] EXL3 MCG trellis engaged for routed experts: bits=2 experts_local=384 hidden=5120 intermediate_local=1152 fused_moe=exl3_moe concurrency=6 (no BF16 expert reconstruct at load)
(Worker_TP1 pid=464) INFO 09-25 01:29:00 [exl3.py:2087] EXL3 MCG trellis engaged for routed experts: bits=2 experts_local=384 hidden=5120 intermediate_local=1152 fused_moe=exl3_moe concurrency=6 (no BF16 expert reconstruct at load)
(Worker_TP1 pid=464) INFO 09-25 01:29:00 [exl3.py:2087] EXL3 MCG trellis engaged for routed experts: bits=2 experts_local=384 hidden=5120 intermediate_local=1152 fused_moe=exl3_moe concurrency=6 (no BF16 expert reconstruct at load)
(Worker_TP1 pid=464) INFO 09-25 01:29:00 [exl3.py:2087] EXL3 MCG trellis engaged for routed experts: bits=2 experts_local=384 hidden=5120 intermediate_local=1152 fused_moe=exl3_moe concurrency=6 (no BF16 expert reconstruct at load)
(Worker_TP1 pid=464) INFO 09-25 01:29:00 [eagle3_utils.py:28] Using Eagle3 auxiliary layers from config: (37, 38, 39)
(Worker_TP1 pid=464) INFO 09-25 01:29:00 [kernel.py:373] Final IR op priority after setting platform defaults: IrOpPriorityConfig(rms_norm=['vllm_c', 'native'], fused_add_rms_norm=['vllm_c', 'native'])
(Worker_TP1 pid=464) INFO 09-25 01:29:00 [mxfp4.py:715] Using 'DEEPGEMM_MXFP4' Mxfp4 MoE backend.
(Worker_TP1 pid=464) INFO 09-25 01:29:02 [weight_utils.py:863] Filesystem type for checkpoints: EXT4. Checkpoint size: 332.92 GiB. Available RAM: 31.33 GiB.
(Worker_TP1 pid=464) INFO 09-25 01:29:02 [weight_utils.py:893] Auto-prefetch is disabled because the filesystem (EXT4) is not a recognized network FS (NFS/Lustre) and the checkpoint size (332.92 GiB) exceeds 90% of available RAM (31.33 GiB).
(Worker_TP1 pid=464) INFO 09-25 01:29:24 [dspark.py:515] DSpark draft model loaded: 97 params
(Worker_TP1 pid=464) INFO 09-25 01:29:24 [default_loader.py:430] Loading weights took 22.79 seconds
(Worker_TP1 pid=464) INFO 09-25 01:29:25 [deep_gemm.py:191] deep_gemm not found in site-packages, trying vendored vllm.third_party.deep_gemm
(Worker_TP1 pid=464) INFO 09-25 01:29:25 [deep_gemm.py:218] DeepGEMM PDL enabled on vllm.third_party.deep_gemm.
(Worker_TP1 pid=464) INFO 09-25 01:29:25 [deep_gemm.py:136] DeepGEMM E8M0 enabled on current platform.
(Worker_TP1 pid=464) INFO 09-25 01:29:26 [mxfp4.py:1973] Using MoEPrepareAndFinalizeNoDPEPModular
(Worker_TP1 pid=464) INFO 09-25 01:29:26 [mxfp4.py:1974] Using DeepGemmFP4Experts
(Worker_TP1 pid=464) WARNING 09-25 01:29:27 [speculator.py:203] Draft model DSparkDeepseekV4ForCausalLM does not support external multimodal embeddings. Embeddings from the target model will not be passed to the drafter; using text-only draft inputs instead.
(Worker_TP1 pid=464) INFO 09-25 01:29:41 [model_runner.py:408] Model loading took 75.43 GiB memory and 208.825007 seconds
(Worker_TP1 pid=464) dsv41: engram prefetch v3 armed (ngram=4 heads=8 depth=3 layers=[0, 1] mult=(2, 4) primes=(2, 3, 8) offsets=(2, 24))
(Worker_TP1 pid=464) [dsv41-drop-page-cache] dropped page cache of 48 shard files: MemFree 9.46GiB -> 38.23GiB
INFO 09-25 01:32:36 [torch_utils.py:280] Reducing Torch threads from 20 to 1 for serving. Set OMP_NUM_THREADS in the external environment to override.
(Worker_TP1 pid=464) INFO 09-25 01:32:36 [encoder_runner.py:131] Encoder cache will be initialized with a budget of 8192 tokens, and profiled with 7 image items of the maximum feature size.
(Worker_TP1 pid=464) 2026-09-25 01:32:51  [TileLang:tilelang.jit.kernel:INFO] (kernel.py:129): TileLang begins to compile kernel `mhc_pre_big_fuse_with_norm_tilelang` with `out_idx=None`
(Worker_TP1 pid=464) 2026-09-25 01:32:56  [TileLang:tilelang.jit.kernel:INFO] (kernel.py:137): TileLang completes to compile kernel `mhc_pre_big_fuse_with_norm_tilelang`
(Worker_TP1 pid=464) [wo_a-probe] wo_a.dtype=torch.bfloat16 wo_a.shape=(4096, 4096) use_fp8=False wo_b.dtype=torch.float8_e4m3fn n_groups=4
(Worker_TP1 pid=464) [woa-requant] fp8 einsum engaged: (4, 1024, 4096)
(Worker_TP1 pid=464) [woa-prepack] packed ue8m0 scale engaged: (4, 1024, 32) stride=(32768, 1, 1024) dtype=torch.int32
(Worker_TP1 pid=464) 2026-09-25 01:33:01  [TileLang:tilelang.jit.kernel:INFO] (kernel.py:129): TileLang begins to compile kernel `mhc_post_tilelang` with `out_idx=None`
(Worker_TP1 pid=464) 2026-09-25 01:33:02  [TileLang:tilelang.jit.kernel:INFO] (kernel.py:137): TileLang completes to compile kernel `mhc_post_tilelang`
(Worker_TP1 pid=464) 2026-09-25 01:33:03  [TileLang:tilelang.jit.kernel:INFO] (kernel.py:129): TileLang begins to compile kernel `mhc_pre_big_fuse_with_norm_tilelang` with `out_idx=None`
(Worker_TP1 pid=464) 2026-09-25 01:33:08  [TileLang:tilelang.jit.kernel:INFO] (kernel.py:137): TileLang completes to compile kernel `mhc_pre_big_fuse_with_norm_tilelang`
(Worker_TP1 pid=464) INFO 09-25 01:33:09 [exl3.py:1224] EXL3 fat-chunk slicing ACTIVE (tokens=8192)
(Worker_TP1 pid=464) [woa-requant] fp8 einsum engaged: (4, 1024, 4096)
(Worker_TP1 pid=464) [woa-prepack] packed ue8m0 scale engaged: (4, 1024, 32) stride=(32768, 1, 1024) dtype=torch.int32
(Worker_TP1 pid=464) [woa-requant] fp8 einsum engaged: (4, 1024, 4096)
(Worker_TP1 pid=464) [woa-prepack] packed ue8m0 scale engaged: (4, 1024, 32) stride=(32768, 1, 1024) dtype=torch.int32
(Worker_TP1 pid=464) [woa-requant] fp8 einsum engaged: (4, 1024, 4096)
(Worker_TP1 pid=464) [woa-prepack] packed ue8m0 scale engaged: (4, 1024, 32) stride=(32768, 1, 1024) dtype=torch.int32
(Worker_TP1 pid=464) [woa-requant] fp8 einsum engaged: (4, 1024, 4096)
(Worker_TP1 pid=464) [woa-prepack] packed ue8m0 scale engaged: (4, 1024, 32) stride=(32768, 1, 1024) dtype=torch.int32
(Worker_TP1 pid=464) [woa-requant] fp8 einsum engaged: (4, 1024, 4096)
(Worker_TP1 pid=464) [woa-prepack] packed ue8m0 scale engaged: (4, 1024, 32) stride=(32768, 1, 1024) dtype=torch.int32
(Worker_TP1 pid=464) [woa-requant] fp8 einsum engaged: (4, 1024, 4096)
(Worker_TP1 pid=464) [woa-prepack] packed ue8m0 scale engaged: (4, 1024, 32) stride=(32768, 1, 1024) dtype=torch.int32
(Worker_TP1 pid=464) [woa-requant] fp8 einsum engaged: (4, 1024, 4096)
(Worker_TP1 pid=464) [woa-prepack] packed ue8m0 scale engaged: (4, 1024, 32) stride=(32768, 1, 1024) dtype=torch.int32
(Worker_TP1 pid=464) [woa-requant] fp8 einsum engaged: (4, 1024, 4096)
(Worker_TP1 pid=464) [woa-prepack] packed ue8m0 scale engaged: (4, 1024, 32) stride=(32768, 1, 1024) dtype=torch.int32
(Worker_TP1 pid=464) [woa-requant] fp8 einsum engaged: (4, 1024, 4096)
(Worker_TP1 pid=464) [woa-prepack] packed ue8m0 scale engaged: (4, 1024, 32) stride=(32768, 1, 1024) dtype=torch.int32
(Worker_TP1 pid=464) [woa-requant] fp8 einsum engaged: (4, 1024, 4096)
(Worker_TP1 pid=464) [woa-prepack] packed ue8m0 scale engaged: (4, 1024, 32) stride=(32768, 1, 1024) dtype=torch.int32
(Worker_TP1 pid=464) [woa-requant] fp8 einsum engaged: (4, 1024, 4096)
(Worker_TP1 pid=464) [woa-prepack] packed ue8m0 scale engaged: (4, 1024, 32) stride=(32768, 1, 1024) dtype=torch.int32
(Worker_TP1 pid=464) [woa-requant] fp8 einsum engaged: (4, 1024, 4096)
(Worker_TP1 pid=464) [woa-prepack] packed ue8m0 scale engaged: (4, 1024, 32) stride=(32768, 1, 1024) dtype=torch.int32
(Worker_TP1 pid=464) [woa-requant] fp8 einsum engaged: (4, 1024, 4096)
(Worker_TP1 pid=464) [woa-prepack] packed ue8m0 scale engaged: (4, 1024, 32) stride=(32768, 1, 1024) dtype=torch.int32
(Worker_TP1 pid=464) [woa-requant] fp8 einsum engaged: (4, 1024, 4096)
(Worker_TP1 pid=464) [woa-prepack] packed ue8m0 scale engaged: (4, 1024, 32) stride=(32768, 1, 1024) dtype=torch.int32
(Worker_TP1 pid=464) [woa-requant] fp8 einsum engaged: (4, 1024, 4096)
(Worker_TP1 pid=464) [woa-prepack] packed ue8m0 scale engaged: (4, 1024, 32) stride=(32768, 1, 1024) dtype=torch.int32
(Worker_TP1 pid=464) [woa-requant] fp8 einsum engaged: (4, 1024, 4096)
(Worker_TP1 pid=464) [woa-prepack] packed ue8m0 scale engaged: (4, 1024, 32) stride=(32768, 1, 1024) dtype=torch.int32
(Worker_TP1 pid=464) [woa-requant] fp8 einsum engaged: (4, 1024, 4096)
(Worker_TP1 pid=464) [woa-prepack] packed ue8m0 scale engaged: (4, 1024, 32) stride=(32768, 1, 1024) dtype=torch.int32
(Worker_TP1 pid=464) [woa-requant] fp8 einsum engaged: (4, 1024, 4096)
(Worker_TP1 pid=464) [woa-prepack] packed ue8m0 scale engaged: (4, 1024, 32) stride=(32768, 1, 1024) dtype=torch.int32
(Worker_TP1 pid=464) [woa-requant] fp8 einsum engaged: (4, 1024, 4096)
(Worker_TP1 pid=464) [woa-prepack] packed ue8m0 scale engaged: (4, 1024, 32) stride=(32768, 1, 1024) dtype=torch.int32
(Worker_TP1 pid=464) [woa-requant] fp8 einsum engaged: (4, 1024, 4096)
(Worker_TP1 pid=464) [woa-prepack] packed ue8m0 scale engaged: (4, 1024, 32) stride=(32768, 1, 1024) dtype=torch.int32
(Worker_TP1 pid=464) [woa-requant] fp8 einsum engaged: (4, 1024, 4096)
(Worker_TP1 pid=464) [woa-prepack] packed ue8m0 scale engaged: (4, 1024, 32) stride=(32768, 1, 1024) dtype=torch.int32
(Worker_TP1 pid=464) [woa-requant] fp8 einsum engaged: (4, 1024, 4096)
(Worker_TP1 pid=464) [woa-prepack] packed ue8m0 scale engaged: (4, 1024, 32) stride=(32768, 1, 1024) dtype=torch.int32
(Worker_TP1 pid=464) [woa-requant] fp8 einsum engaged: (4, 1024, 4096)
[01:33:01] : Warning: T.vectorized loop over `i_hci` with extent 4 is lowered as a serial loop because TileLang could not find a valid vectorization plan. Scalar accumulator updates inside the loop are a common cause; move reductions to T.unroll or T.serial if this is intended.
(Worker_TP1 pid=464) [woa-prepack] packed ue8m0 scale engaged: (4, 1024, 32) stride=(32768, 1, 1024) dtype=torch.int32
(Worker_TP1 pid=464) [woa-requant] fp8 einsum engaged: (4, 1024, 4096)
(Worker_TP1 pid=464) [woa-prepack] packed ue8m0 scale engaged: (4, 1024, 32) stride=(32768, 1, 1024) dtype=torch.int32
(Worker_TP1 pid=464) [woa-requant] fp8 einsum engaged: (4, 1024, 4096)
(Worker_TP1 pid=464) [woa-prepack] packed ue8m0 scale engaged: (4, 1024, 32) stride=(32768, 1, 1024) dtype=torch.int32
(Worker_TP1 pid=464) [woa-requant] fp8 einsum engaged: (4, 1024, 4096)
(Worker_TP1 pid=464) [woa-prepack] packed ue8m0 scale engaged: (4, 1024, 32) stride=(32768, 1, 1024) dtype=torch.int32
(Worker_TP1 pid=464) [woa-requant] fp8 einsum engaged: (4, 1024, 4096)
(Worker_TP1 pid=464) [woa-prepack] packed ue8m0 scale engaged: (4, 1024, 32) stride=(32768, 1, 1024) dtype=torch.int32
(Worker_TP1 pid=464) [woa-requant] fp8 einsum engaged: (4, 1024, 4096)
(Worker_TP1 pid=464) [woa-prepack] packed ue8m0 scale engaged: (4, 1024, 32) stride=(32768, 1, 1024) dtype=torch.int32
(Worker_TP1 pid=464) [woa-requant] fp8 einsum engaged: (4, 1024, 4096)
(Worker_TP1 pid=464) [woa-prepack] packed ue8m0 scale engaged: (4, 1024, 32) stride=(32768, 1, 1024) dtype=torch.int32
(Worker_TP1 pid=464) [woa-requant] fp8 einsum engaged: (4, 1024, 4096)
(Worker_TP1 pid=464) [woa-prepack] packed ue8m0 scale engaged: (4, 1024, 32) stride=(32768, 1, 1024) dtype=torch.int32
(Worker_TP1 pid=464) [woa-requant] fp8 einsum engaged: (4, 1024, 4096)
(Worker_TP1 pid=464) [woa-prepack] packed ue8m0 scale engaged: (4, 1024, 32) stride=(32768, 1, 1024) dtype=torch.int32
(Worker_TP1 pid=464) [woa-requant] fp8 einsum engaged: (4, 1024, 4096)
(Worker_TP1 pid=464) [woa-prepack] packed ue8m0 scale engaged: (4, 1024, 32) stride=(32768, 1, 1024) dtype=torch.int32
(Worker_TP1 pid=464) [woa-requant] fp8 einsum engaged: (4, 1024, 4096)
(Worker_TP1 pid=464) [woa-prepack] packed ue8m0 scale engaged: (4, 1024, 32) stride=(32768, 1, 1024) dtype=torch.int32
(Worker_TP1 pid=464) [woa-requant] fp8 einsum engaged: (4, 1024, 4096)
(Worker_TP1 pid=464) [woa-prepack] packed ue8m0 scale engaged: (4, 1024, 32) stride=(32768, 1, 1024) dtype=torch.int32
(Worker_TP1 pid=464) [woa-requant] fp8 einsum engaged: (4, 1024, 4096)
(Worker_TP1 pid=464) [woa-prepack] packed ue8m0 scale engaged: (4, 1024, 32) stride=(32768, 1, 1024) dtype=torch.int32
(Worker_TP1 pid=464) [woa-requant] fp8 einsum engaged: (4, 1024, 4096)
(Worker_TP1 pid=464) [woa-prepack] packed ue8m0 scale engaged: (4, 1024, 32) stride=(32768, 1, 1024) dtype=torch.int32
(Worker_TP1 pid=464) [woa-requant] fp8 einsum engaged: (4, 1024, 4096)
(Worker_TP1 pid=464) [woa-prepack] packed ue8m0 scale engaged: (4, 1024, 32) stride=(32768, 1, 1024) dtype=torch.int32
(Worker_TP1 pid=464) [woa-requant] fp8 einsum engaged: (4, 1024, 4096)
(Worker_TP1 pid=464) [woa-prepack] packed ue8m0 scale engaged: (4, 1024, 32) stride=(32768, 1, 1024) dtype=torch.int32
(Worker_TP1 pid=464) [woa-requant] fp8 einsum engaged: (4, 1024, 4096)
(Worker_TP1 pid=464) [woa-prepack] packed ue8m0 scale engaged: (4, 1024, 32) stride=(32768, 1, 1024) dtype=torch.int32
(Worker_TP1 pid=464) 2026-09-25 01:33:18  [TileLang:tilelang.jit.kernel:INFO] (kernel.py:129): TileLang begins to compile kernel `mhc_pre_big_fuse_with_norm_tilelang` with `out_idx=None`
(Worker_TP1 pid=464) 2026-09-25 01:33:22  [TileLang:tilelang.jit.kernel:INFO] (kernel.py:137): TileLang completes to compile kernel `mhc_pre_big_fuse_with_norm_tilelang`
(Worker_TP1 pid=464) [woa-requant] fp8 einsum engaged: (4, 1024, 4096)
(Worker_TP1 pid=464) [woa-prepack] packed ue8m0 scale engaged: (4, 1024, 32) stride=(32768, 1, 1024) dtype=torch.int32
(Worker_TP1 pid=464) 2026-09-25 01:33:25  [TileLang:tilelang.jit.kernel:INFO] (kernel.py:129): TileLang begins to compile kernel `mhc_pre_big_fuse_with_norm_tilelang` with `out_idx=None`
(Worker_TP1 pid=464) 2026-09-25 01:33:30  [TileLang:tilelang.jit.kernel:INFO] (kernel.py:137): TileLang completes to compile kernel `mhc_pre_big_fuse_with_norm_tilelang`
(Worker_TP1 pid=464) [woa-requant] fp8 einsum engaged: (4, 1024, 4096)
(Worker_TP1 pid=464) [woa-prepack] packed ue8m0 scale engaged: (4, 1024, 32) stride=(32768, 1, 1024) dtype=torch.int32
(Worker_TP1 pid=464) [woa-requant] fp8 einsum engaged: (4, 1024, 4096)
(Worker_TP1 pid=464) [woa-prepack] packed ue8m0 scale engaged: (4, 1024, 32) stride=(32768, 1, 1024) dtype=torch.int32
(Worker_TP1 pid=464) INFO 09-25 01:33:33 [gpu_worker.py:551] Initial free memory 114.12 GiB, reserved 8.0 GiB memory for KV Cache as specified by kv_cache_memory_bytes config and skipped memory profiling. This does not respect the gpu_memory_utilization config. Only use kv_cache_memory_bytes config when you want manual control of KV cache memory size. If OOM'ed, check the difference of initial free memory between the current run and the previous run where kv_cache_memory_bytes is suggested and update it correspondingly.
(Worker_TP1 pid=464) INFO 09-25 01:33:34 [indexer.py:741] DSA indexer decode path: use_flattening=False supports_varlen=False (next_n=4, use_fp4_cache=False)
(Worker_TP1 pid=464) [dsv41-drop-page-cache] dropped page cache of 48 shard files: MemFree 25.79GiB -> 25.79GiB
(Worker_TP1 pid=464) INFO 09-25 01:33:35 [breakable_cudagraph.py:290] Breakable CUDA graph enabled
(Worker_TP1 pid=464) 2026-09-25 01:33:37  [TileLang:tilelang.jit.kernel:INFO] (kernel.py:129): TileLang begins to compile kernel `mhc_pre_big_fuse_with_norm_tilelang` with `out_idx=None`
(Worker_TP1 pid=464) 2026-09-25 01:33:41  [TileLang:tilelang.jit.kernel:INFO] (kernel.py:137): TileLang completes to compile kernel `mhc_pre_big_fuse_with_norm_tilelang`
(Worker_TP1 pid=464) INFO 09-25 01:33:47 [speculator.py:141] Capturing model for DSpark speculator...
(Worker_TP1 pid=464) INFO 09-25 01:33:48 [model_runner.py:974] Graph capturing finished in 13 secs, took 0.97 GiB
(Worker_TP1 pid=464) dsv41: engram gather v2 self-check bit-exact (r=120)
(Worker_TP1 pid=464) dsv41: engram fast stage self-check bit-exact (2 tables, n=10)
(Worker_TP1 pid=464) INFO 09-25 01:33:56 [jit_monitor.py:85] Kernel JIT monitor activated; monitored JIT compilations during inference will use mode=warn.
(Worker_TP1 pid=464) INFO 09-25 01:33:57 [torch_utils.py:280] Reducing Torch threads from 20 to 1 for serving. Set OMP_NUM_THREADS in the external environment to override.
(Worker_TP1 pid=464) WARNING 09-25 01:34:30 [jit_monitor.py:141] Triton kernel JIT compilation during inference: ComputePrefillMetadataKernel.kernel. This causes a latency spike; consider extending warmup to cover this shape/config.
(Worker_TP1 pid=464) WARNING 09-25 01:34:31 [jit_monitor.py:141] Triton kernel JIT compilation during inference: _prepare_dflash_inputs_kernel. This causes a latency spike; consider extending warmup to cover this shape/config.
(Worker_TP1 pid=464) WARNING 09-25 01:34:31 [jit_monitor.py:141] Triton kernel JIT compilation during inference: _compute_local_logits_stats_kernel. This causes a latency spike; consider extending warmup to cover this shape/config.
(Worker_TP1 pid=464) WARNING 09-25 01:34:31 [jit_monitor.py:141] Triton kernel JIT compilation during inference: _rejection_kernel. This causes a latency spike; consider extending warmup to cover this shape/config.
(Worker_TP1 pid=464) WARNING 09-25 01:34:32 [jit_monitor.py:141] Triton kernel JIT compilation during inference: _resample_kernel. This causes a latency spike; consider extending warmup to cover this shape/config.
(Worker_TP1 pid=464) WARNING 09-25 01:34:33 [jit_monitor.py:141] Triton kernel JIT compilation during inference: _gumbel_sample_kernel. This causes a latency spike; consider extending warmup to cover this shape/config.
(Worker_TP1 pid=464) [gv2-census] calls=32 rows/call=3213 runs/call=5285.9 preads/call=5285.9 read=68.911ms fadv/call=4721.2 pf_hit=51%(28)
(Worker_TP1 pid=464) WARNING 09-25 01:34:35 [jit_monitor.py:141] CuTeDSL JIT compilation during inference: MXFP8QuantizeSwizzledKernel. This causes a latency spike; consider extending warmup to cover this shape/config.
(Worker_TP1 pid=464) INFO 09-25 01:34:36 [exl3.py:1224] EXL3 fat-chunk slicing ACTIVE (tokens=4162)
(Worker_TP1 pid=464) WARNING 09-25 01:34:38 [jit_monitor.py:141] Triton kernel JIT compilation during inference: _block_scores_kernel. This causes a latency spike; consider extending warmup to cover this shape/config.
(Worker_TP1 pid=464) WARNING 09-25 01:34:38 [jit_monitor.py:141] Triton kernel JIT compilation during inference: _candidate_flags_kernel. This causes a latency spike; consider extending warmup to cover this shape/config.
(Worker_TP1 pid=464) WARNING 09-25 01:34:38 [jit_monitor.py:141] Triton kernel JIT compilation during inference: _mask_candidates_kernel. This causes a latency spike; consider extending warmup to cover this shape/config.
(Worker_TP1 pid=464) WARNING 09-25 01:35:05 [jit_monitor.py:141] Triton kernel JIT compilation during inference: BuildPrefillChunkMetadataKernel.kernel. This causes a latency spike; consider extending warmup to cover this shape/config.
(Worker_TP1 pid=464) WARNING 09-25 01:35:05 [jit_monitor.py:141] Triton kernel JIT compilation during inference: _ring_slot_mapping_kernel. This causes a latency spike; consider extending warmup to cover this shape/config.
(Worker_TP1 pid=464) [gv2-census] calls=32 rows/call=247 runs/call=219.0 preads/call=219.0 read=11.782ms fadv/call=116.8 pf_hit=69%(28)
(Worker_TP1 pid=464) [gv2-census] calls=32 rows/call=48 runs/call=96.0 preads/call=96.0 read=0.591ms fadv/call=0.0 pf_hit=100%(32)
(Worker_TP1 pid=464) [gv2-census] calls=32 rows/call=48 runs/call=96.0 preads/call=96.0 read=0.576ms fadv/call=0.0 pf_hit=100%(32)
(Worker_TP1 pid=464) [gv2-census] calls=32 rows/call=48 runs/call=96.0 preads/call=96.0 read=0.680ms fadv/call=0.0 pf_hit=100%(32)
(Worker_TP1 pid=464) [gv2-census] calls=32 rows/call=48 runs/call=96.0 preads/call=96.0 read=0.544ms fadv/call=0.0 pf_hit=100%(32)
(Worker_TP1 pid=464) [gv2-census] calls=32 rows/call=48 runs/call=96.0 preads/call=96.0 read=0.590ms fadv/call=0.0 pf_hit=100%(32)
(Worker_TP1 pid=464) [gv2-census] calls=32 rows/call=48 runs/call=96.0 preads/call=96.0 read=0.523ms fadv/call=0.0 pf_hit=100%(32)
(Worker_TP1 pid=464) [gv2-census] calls=32 rows/call=48 runs/call=96.0 preads/call=96.0 read=0.700ms fadv/call=0.0 pf_hit=100%(32)
(Worker_TP1 pid=464) [gv2-census] calls=32 rows/call=48 runs/call=96.0 preads/call=96.0 read=0.633ms fadv/call=0.0 pf_hit=100%(32)
(Worker_TP1 pid=464) [gv2-census] calls=32 rows/call=48 runs/call=96.0 preads/call=96.0 read=0.656ms fadv/call=0.0 pf_hit=100%(32)
(Worker_TP1 pid=464) [gv2-census] calls=32 rows/call=48 runs/call=96.0 preads/call=96.0 read=0.824ms fadv/call=0.0 pf_hit=100%(32)
(Worker_TP1 pid=464) [gv2-census] calls=32 rows/call=48 runs/call=96.0 preads/call=96.0 read=0.796ms fadv/call=0.0 pf_hit=100%(32)
(Worker_TP1 pid=464) [gv2-census] calls=32 rows/call=48 runs/call=96.0 preads/call=96.0 read=0.830ms fadv/call=0.0 pf_hit=100%(32)
(Worker_TP1 pid=464) [gv2-census] calls=32 rows/call=48 runs/call=96.0 preads/call=96.0 read=0.695ms fadv/call=0.0 pf_hit=100%(32)
(Worker_TP1 pid=464) [gv2-census] calls=32 rows/call=48 runs/call=96.0 preads/call=96.0 read=0.801ms fadv/call=0.0 pf_hit=100%(32)
(Worker_TP1 pid=464) [gv2-census] calls=32 rows/call=48 runs/call=96.0 preads/call=96.0 read=0.801ms fadv/call=0.0 pf_hit=100%(32)
(Worker_TP1 pid=464) [gv2-census] calls=32 rows/call=90 runs/call=181.5 preads/call=181.5 read=1.908ms fadv/call=91.3 pf_hit=90%(32)
(Worker_TP1 pid=464) [gv2-census] calls=32 rows/call=48 runs/call=96.0 preads/call=96.0 read=0.827ms fadv/call=0.0 pf_hit=100%(32)
(Worker_TP1 pid=464) [gv2-census] calls=32 rows/call=48 runs/call=96.0 preads/call=96.0 read=0.805ms fadv/call=0.0 pf_hit=100%(32)
(Worker_TP1 pid=464) [gv2-census] calls=32 rows/call=48 runs/call=96.0 preads/call=96.0 read=0.828ms fadv/call=0.0 pf_hit=100%(32)
(Worker_TP1 pid=464) [gv2-census] calls=32 rows/call=48 runs/call=96.0 preads/call=96.0 read=0.784ms fadv/call=0.0 pf_hit=100%(32)
(Worker_TP1 pid=464) [gv2-census] calls=32 rows/call=48 runs/call=96.0 preads/call=96.0 read=0.836ms fadv/call=0.0 pf_hit=100%(32)
(Worker_TP1 pid=464) [gv2-census] calls=32 rows/call=48 runs/call=96.0 preads/call=96.0 read=0.883ms fadv/call=0.0 pf_hit=100%(32)
(Worker_TP1 pid=464) [gv2-census] calls=32 rows/call=48 runs/call=96.0 preads/call=96.0 read=0.772ms fadv/call=0.0 pf_hit=100%(32)
(Worker_TP1 pid=464) [gv2-census] calls=32 rows/call=48 runs/call=96.0 preads/call=96.0 read=0.761ms fadv/call=0.0 pf_hit=100%(32)
(Worker_TP1 pid=464) [gv2-census] calls=32 rows/call=48 runs/call=96.0 preads/call=96.0 read=0.754ms fadv/call=0.0 pf_hit=100%(32)
(Worker_TP1 pid=464) [gv2-census] calls=32 rows/call=48 runs/call=96.0 preads/call=96.0 read=1.371ms fadv/call=0.0 pf_hit=100%(32)
(Worker_TP1 pid=464) [gv2-census] calls=32 rows/call=48 runs/call=96.0 preads/call=96.0 read=2.807ms fadv/call=0.0 pf_hit=100%(32)
(Worker_TP1 pid=464) [gv2-census] calls=32 rows/call=48 runs/call=96.0 preads/call=96.0 read=0.748ms fadv/call=0.0 pf_hit=100%(32)
(Worker_TP1 pid=464) [gv2-census] calls=32 rows/call=48 runs/call=96.0 preads/call=96.0 read=3.773ms fadv/call=0.0 pf_hit=100%(32)
(Worker_TP1 pid=464) [gv2-census] calls=32 rows/call=48 runs/call=96.0 preads/call=96.0 read=0.573ms fadv/call=0.0 pf_hit=100%(32)
(Worker_TP1 pid=464) [gv2-census] calls=32 rows/call=90 runs/call=181.5 preads/call=181.5 read=1.428ms fadv/call=91.3 pf_hit=90%(32)
(Worker_TP1 pid=464) [gv2-census] calls=32 rows/call=48 runs/call=96.0 preads/call=96.0 read=1.732ms fadv/call=0.0 pf_hit=100%(32)
(Worker_TP1 pid=464) [gv2-census] calls=32 rows/call=48 runs/call=96.0 preads/call=96.0 read=0.603ms fadv/call=0.0 pf_hit=100%(32)
(Worker_TP1 pid=464) [gv2-census] calls=32 rows/call=48 runs/call=96.0 preads/call=96.0 read=0.714ms fadv/call=0.0 pf_hit=100%(32)
(Worker_TP1 pid=464) [gv2-census] calls=32 rows/call=48 runs/call=96.0 preads/call=96.0 read=0.775ms fadv/call=0.0 pf_hit=100%(32)
(Worker_TP1 pid=464) [gv2-census] calls=32 rows/call=48 runs/call=96.0 preads/call=96.0 read=0.789ms fadv/call=0.0 pf_hit=100%(32)
(Worker_TP1 pid=464) [gv2-census] calls=32 rows/call=48 runs/call=96.0 preads/call=96.0 read=0.735ms fadv/call=0.0 pf_hit=100%(32)
(Worker_TP1 pid=464) [gv2-census] calls=32 rows/call=48 runs/call=96.0 preads/call=96.0 read=0.697ms fadv/call=0.0 pf_hit=100%(32)
(Worker_TP1 pid=464) [gv2-census] calls=32 rows/call=48 runs/call=96.0 preads/call=96.0 read=0.630ms fadv/call=0.0 pf_hit=100%(32)
(Worker_TP1 pid=464) [gv2-census] calls=32 rows/call=48 runs/call=96.0 preads/call=96.0 read=0.639ms fadv/call=0.0 pf_hit=100%(32)
(Worker_TP1 pid=464) [gv2-census] calls=32 rows/call=48 runs/call=96.0 preads/call=96.0 read=0.523ms fadv/call=0.0 pf_hit=100%(32)
(Worker_TP1 pid=464) [gv2-census] calls=32 rows/call=48 runs/call=96.0 preads/call=96.0 read=0.671ms fadv/call=0.0 pf_hit=100%(32)
(Worker_TP1 pid=464) [gv2-census] calls=32 rows/call=48 runs/call=96.0 preads/call=96.0 read=0.767ms fadv/call=0.0 pf_hit=100%(32)
(Worker_TP1 pid=464) [gv2-census] calls=32 rows/call=48 runs/call=96.0 preads/call=96.0 read=0.823ms fadv/call=0.0 pf_hit=100%(32)
(Worker_TP1 pid=464) [gv2-census] calls=32 rows/call=48 runs/call=96.0 preads/call=96.0 read=0.821ms fadv/call=0.0 pf_hit=100%(32)
(Worker_TP1 pid=464) [gv2-census] calls=32 rows/call=48 runs/call=96.0 preads/call=96.0 read=0.796ms fadv/call=0.0 pf_hit=100%(32)
(Worker_TP1 pid=464) [gv2-census] calls=32 rows/call=90 runs/call=181.5 preads/call=181.5 read=2.212ms fadv/call=91.3 pf_hit=94%(32)
(Worker_TP1 pid=464) [gv2-census] calls=32 rows/call=48 runs/call=96.0 preads/call=96.0 read=1.905ms fadv/call=0.0 pf_hit=96%(32)
(Worker_TP1 pid=464) [gv2-census] calls=32 rows/call=48 runs/call=96.0 preads/call=96.0 read=0.905ms fadv/call=0.0 pf_hit=100%(32)
(Worker_TP1 pid=464) [gv2-census] calls=32 rows/call=48 runs/call=96.0 preads/call=96.0 read=0.813ms fadv/call=0.0 pf_hit=100%(32)
(Worker_TP1 pid=464) [gv2-census] calls=32 rows/call=48 runs/call=96.0 preads/call=96.0 read=0.764ms fadv/call=0.0 pf_hit=100%(32)
(Worker_TP1 pid=464) [gv2-census] calls=32 rows/call=48 runs/call=96.0 preads/call=96.0 read=0.778ms fadv/call=0.0 pf_hit=100%(32)
(Worker_TP1 pid=464) [gv2-census] calls=32 rows/call=48 runs/call=96.0 preads/call=96.0 read=0.892ms fadv/call=0.0 pf_hit=100%(32)
(Worker_TP1 pid=464) [gv2-census] calls=32 rows/call=48 runs/call=96.0 preads/call=96.0 read=0.813ms fadv/call=0.0 pf_hit=100%(32)
(Worker_TP1 pid=464) [gv2-census] calls=32 rows/call=48 runs/call=96.0 preads/call=96.0 read=0.714ms fadv/call=0.0 pf_hit=100%(32)
(Worker_TP1 pid=464) [gv2-census] calls=32 rows/call=48 runs/call=96.0 preads/call=96.0 read=0.665ms fadv/call=0.0 pf_hit=100%(32)
(Worker_TP1 pid=464) [gv2-census] calls=32 rows/call=48 runs/call=96.0 preads/call=96.0 read=0.852ms fadv/call=0.0 pf_hit=100%(32)
(Worker_TP1 pid=464) [gv2-census] calls=32 rows/call=48 runs/call=96.0 preads/call=96.0 read=0.825ms fadv/call=0.0 pf_hit=100%(32)
(Worker_TP1 pid=464) [gv2-census] calls=32 rows/call=48 runs/call=96.0 preads/call=96.0 read=1.324ms fadv/call=0.0 pf_hit=100%(32)
(Worker_TP1 pid=464) [gv2-census] calls=32 rows/call=48 runs/call=96.0 preads/call=96.0 read=0.778ms fadv/call=0.0 pf_hit=100%(32)
(Worker_TP1 pid=464) [gv2-census] calls=32 rows/call=48 runs/call=96.0 preads/call=96.0 read=0.694ms fadv/call=0.0 pf_hit=100%(32)
(Worker_TP1 pid=464) [gv2-census] calls=32 rows/call=48 runs/call=96.0 preads/call=96.0 read=1.278ms fadv/call=0.0 pf_hit=100%(32)
(Worker_TP1 pid=464) [gv2-census] calls=32 rows/call=90 runs/call=181.5 preads/call=181.5 read=2.508ms fadv/call=91.3 pf_hit=90%(32)
(Worker_TP1 pid=464) [gv2-census] calls=32 rows/call=48 runs/call=96.0 preads/call=96.0 read=1.802ms fadv/call=0.0 pf_hit=100%(32)
(Worker_TP1 pid=464) [gv2-census] calls=32 rows/call=48 runs/call=96.0 preads/call=96.0 read=0.638ms fadv/call=0.0 pf_hit=100%(32)
(Worker_TP1 pid=464) [gv2-census] calls=32 rows/call=48 runs/call=96.0 preads/call=96.0 read=0.872ms fadv/call=0.0 pf_hit=100%(32)
(Worker_TP1 pid=464) [gv2-census] calls=32 rows/call=48 runs/call=96.0 preads/call=96.0 read=0.942ms fadv/call=0.0 pf_hit=100%(32)
(Worker_TP1 pid=464) [gv2-census] calls=32 rows/call=48 runs/call=96.0 preads/call=96.0 read=0.759ms fadv/call=0.0 pf_hit=100%(32)
(Worker_TP1 pid=464) [gv2-census] calls=32 rows/call=48 runs/call=96.0 preads/call=96.0 read=1.294ms fadv/call=0.0 pf_hit=100%(32)
(Worker_TP1 pid=464) [gv2-census] calls=32 rows/call=48 runs/call=96.0 preads/call=96.0 read=0.709ms fadv/call=0.0 pf_hit=100%(32)
(Worker_TP1 pid=464) [gv2-census] calls=32 rows/call=48 runs/call=96.0 preads/call=96.0 read=0.823ms fadv/call=0.0 pf_hit=100%(32)
(Worker_TP1 pid=464) [gv2-census] calls=32 rows/call=48 runs/call=96.0 preads/call=96.0 read=0.763ms fadv/call=0.0 pf_hit=100%(32)
(Worker_TP1 pid=464) [gv2-census] calls=32 rows/call=48 runs/call=96.0 preads/call=96.0 read=0.767ms fadv/call=0.0 pf_hit=100%(32)
(Worker_TP1 pid=464) [gv2-census] calls=32 rows/call=48 runs/call=96.0 preads/call=96.0 read=0.817ms fadv/call=0.0 pf_hit=100%(32)
(Worker_TP1 pid=464) [gv2-census] calls=32 rows/call=48 runs/call=96.0 preads/call=96.0 read=0.841ms fadv/call=0.0 pf_hit=100%(32)
(Worker_TP1 pid=464) [gv2-census] calls=32 rows/call=48 runs/call=96.0 preads/call=96.0 read=0.929ms fadv/call=0.0 pf_hit=100%(32)
(Worker_TP1 pid=464) [gv2-census] calls=32 rows/call=48 runs/call=96.0 preads/call=96.0 read=0.913ms fadv/call=0.0 pf_hit=100%(32)
(Worker_TP1 pid=464) [gv2-census] calls=32 rows/call=48 runs/call=96.0 preads/call=96.0 read=0.723ms fadv/call=0.0 pf_hit=100%(32)
(Worker_TP1 pid=464) [gv2-census] calls=32 rows/call=90 runs/call=181.5 preads/call=181.5 read=2.181ms fadv/call=91.3 pf_hit=90%(32)
(Worker_TP1 pid=464) [gv2-census] calls=32 rows/call=48 runs/call=96.0 preads/call=96.0 read=1.406ms fadv/call=0.0 pf_hit=100%(32)
(Worker_TP1 pid=464) [gv2-census] calls=32 rows/call=48 runs/call=96.0 preads/call=96.0 read=0.749ms fadv/call=0.0 pf_hit=100%(32)
(Worker_TP1 pid=464) [gv2-census] calls=32 rows/call=48 runs/call=96.0 preads/call=96.0 read=0.912ms fadv/call=0.0 pf_hit=100%(32)
(Worker_TP1 pid=464) [gv2-census] calls=32 rows/call=48 runs/call=96.0 preads/call=96.0 read=0.858ms fadv/call=0.0 pf_hit=100%(32)
(Worker_TP1 pid=464) [gv2-census] calls=32 rows/call=48 runs/call=96.0 preads/call=96.0 read=0.888ms fadv/call=0.0 pf_hit=100%(32)
(Worker_TP1 pid=464) [gv2-census] calls=32 rows/call=48 runs/call=96.0 preads/call=96.0 read=1.421ms fadv/call=0.0 pf_hit=100%(32)
(Worker_TP1 pid=464) [gv2-census] calls=32 rows/call=48 runs/call=96.0 preads/call=96.0 read=0.978ms fadv/call=0.0 pf_hit=100%(32)
(Worker_TP1 pid=464) [gv2-census] calls=32 rows/call=48 runs/call=96.0 preads/call=96.0 read=0.857ms fadv/call=0.0 pf_hit=100%(32)
(Worker_TP1 pid=464) [gv2-census] calls=32 rows/call=48 runs/call=96.0 preads/call=96.0 read=0.725ms fadv/call=0.0 pf_hit=100%(32)
(Worker_TP1 pid=464) [gv2-census] calls=32 rows/call=48 runs/call=96.0 preads/call=96.0 read=0.752ms fadv/call=0.0 pf_hit=100%(32)
(Worker_TP1 pid=464) [gv2-census] calls=32 rows/call=48 runs/call=96.0 preads/call=96.0 read=0.861ms fadv/call=0.0 pf_hit=100%(32)
(Worker_TP1 pid=464) [gv2-census] calls=32 rows/call=48 runs/call=96.0 preads/call=96.0 read=0.740ms fadv/call=0.0 pf_hit=100%(32)
(Worker_TP1 pid=464) [gv2-census] calls=32 rows/call=48 runs/call=96.0 preads/call=96.0 read=0.799ms fadv/call=0.0 pf_hit=100%(32)
(Worker_TP1 pid=464) [gv2-census] calls=32 rows/call=48 runs/call=96.0 preads/call=96.0 read=0.772ms fadv/call=0.0 pf_hit=100%(32)
(Worker_TP1 pid=464) [gv2-census] calls=32 rows/call=48 runs/call=96.0 preads/call=96.0 read=0.842ms fadv/call=0.0 pf_hit=100%(32)
(Worker_TP1 pid=464) [gv2-census] calls=32 rows/call=90 runs/call=181.5 preads/call=181.5 read=1.911ms fadv/call=91.3 pf_hit=90%(32)
(Worker_TP1 pid=464) [gv2-census] calls=32 rows/call=48 runs/call=96.0 preads/call=96.0 read=1.451ms fadv/call=0.0 pf_hit=100%(32)
(Worker_TP1 pid=464) [gv2-census] calls=32 rows/call=48 runs/call=96.0 preads/call=96.0 read=0.948ms fadv/call=0.0 pf_hit=100%(32)
(Worker_TP1 pid=464) [gv2-census] calls=32 rows/call=48 runs/call=96.0 preads/call=96.0 read=1.950ms fadv/call=0.0 pf_hit=100%(32)
(Worker_TP1 pid=464) [gv2-census] calls=32 rows/call=48 runs/call=96.0 preads/call=96.0 read=0.831ms fadv/call=0.0 pf_hit=100%(32)
(Worker_TP1 pid=464) [gv2-census] calls=32 rows/call=48 runs/call=96.0 preads/call=96.0 read=1.385ms fadv/call=0.0 pf_hit=100%(32)
(Worker_TP1 pid=464) [gv2-census] calls=32 rows/call=48 runs/call=96.0 preads/call=96.0 read=0.790ms fadv/call=0.0 pf_hit=100%(32)
(Worker_TP1 pid=464) [gv2-census] calls=32 rows/call=48 runs/call=96.0 preads/call=96.0 read=0.796ms fadv/call=0.0 pf_hit=100%(32)
(Worker_TP1 pid=464) [gv2-census] calls=32 rows/call=48 runs/call=96.0 preads/call=96.0 read=0.816ms fadv/call=0.0 pf_hit=100%(32)
(Worker_TP1 pid=464) [gv2-census] calls=32 rows/call=48 runs/call=96.0 preads/call=96.0 read=0.800ms fadv/call=0.0 pf_hit=100%(32)
(Worker_TP1 pid=464) [gv2-census] calls=32 rows/call=48 runs/call=96.0 preads/call=96.0 read=1.320ms fadv/call=0.0 pf_hit=100%(32)
(Worker_TP1 pid=464) [gv2-census] calls=32 rows/call=48 runs/call=96.0 preads/call=96.0 read=0.825ms fadv/call=0.0 pf_hit=100%(32)
(Worker_TP1 pid=464) [gv2-census] calls=32 rows/call=48 runs/call=96.0 preads/call=96.0 read=0.840ms fadv/call=0.0 pf_hit=100%(32)
(Worker_TP1 pid=464) [gv2-census] calls=32 rows/call=48 runs/call=96.0 preads/call=96.0 read=0.894ms fadv/call=0.0 pf_hit=100%(32)
(Worker_TP1 pid=464) [gv2-census] calls=32 rows/call=48 runs/call=96.0 preads/call=96.0 read=0.752ms fadv/call=0.0 pf_hit=100%(32)
(Worker_TP1 pid=464) [gv2-census] calls=32 rows/call=90 runs/call=181.5 preads/call=181.5 read=2.229ms fadv/call=91.3 pf_hit=90%(32)
(Worker_TP1 pid=464) [gv2-census] calls=32 rows/call=48 runs/call=96.0 preads/call=96.0 read=3.370ms fadv/call=0.0 pf_hit=100%(32)
(Worker_TP1 pid=464) [gv2-census] calls=32 rows/call=48 runs/call=96.0 preads/call=96.0 read=1.307ms fadv/call=0.0 pf_hit=100%(32)
(Worker_TP1 pid=464) [gv2-census] calls=32 rows/call=48 runs/call=96.0 preads/call=96.0 read=0.778ms fadv/call=0.0 pf_hit=100%(32)
(Worker_TP1 pid=464) [gv2-census] calls=32 rows/call=48 runs/call=96.0 preads/call=96.0 read=1.427ms fadv/call=0.0 pf_hit=100%(32)
(Worker_TP1 pid=464) [gv2-census] calls=32 rows/call=48 runs/call=96.0 preads/call=96.0 read=1.254ms fadv/call=0.0 pf_hit=100%(32)
(Worker_TP1 pid=464) [gv2-census] calls=32 rows/call=48 runs/call=96.0 preads/call=96.0 read=0.700ms fadv/call=0.0 pf_hit=100%(32)
(Worker_TP1 pid=464) [gv2-census] calls=32 rows/call=48 runs/call=96.0 preads/call=96.0 read=0.722ms fadv/call=0.0 pf_hit=100%(32)
(Worker_TP1 pid=464) [gv2-census] calls=32 rows/call=48 runs/call=96.0 preads/call=96.0 read=0.724ms fadv/call=0.0 pf_hit=100%(32)
(Worker_TP1 pid=464) [gv2-census] calls=32 rows/call=48 runs/call=96.0 preads/call=96.0 read=0.817ms fadv/call=0.0 pf_hit=100%(32)
(Worker_TP1 pid=464) [gv2-census] calls=32 rows/call=48 runs/call=96.0 preads/call=96.0 read=0.718ms fadv/call=0.0 pf_hit=100%(32)
(Worker_TP1 pid=464) [gv2-census] calls=32 rows/call=48 runs/call=96.0 preads/call=96.0 read=0.725ms fadv/call=0.0 pf_hit=100%(32)
(Worker_TP1 pid=464) [gv2-census] calls=32 rows/call=48 runs/call=96.0 preads/call=96.0 read=0.792ms fadv/call=0.0 pf_hit=100%(32)
(Worker_TP1 pid=464) [gv2-census] calls=32 rows/call=48 runs/call=96.0 preads/call=96.0 read=0.885ms fadv/call=0.0 pf_hit=100%(32)
(Worker_TP1 pid=464) [gv2-census] calls=32 rows/call=48 runs/call=96.0 preads/call=96.0 read=0.680ms fadv/call=0.0 pf_hit=100%(32)
(Worker_TP1 pid=464) [gv2-census] calls=32 rows/call=90 runs/call=181.5 preads/call=181.5 read=1.719ms fadv/call=91.3 pf_hit=90%(32)
(Worker_TP1 pid=464) [gv2-census] calls=32 rows/call=48 runs/call=96.0 preads/call=96.0 read=1.724ms fadv/call=0.0 pf_hit=100%(32)
(Worker_TP1 pid=464) [gv2-census] calls=32 rows/call=48 runs/call=96.0 preads/call=96.0 read=0.649ms fadv/call=0.0 pf_hit=100%(32)
(Worker_TP1 pid=464) [gv2-census] calls=32 rows/call=48 runs/call=96.0 preads/call=96.0 read=0.716ms fadv/call=0.0 pf_hit=100%(32)
(Worker_TP1 pid=464) [gv2-census] calls=32 rows/call=48 runs/call=96.0 preads/call=96.0 read=1.319ms fadv/call=0.0 pf_hit=100%(32)
(Worker_TP1 pid=464) [gv2-census] calls=32 rows/call=48 runs/call=96.0 preads/call=96.0 read=0.767ms fadv/call=0.0 pf_hit=100%(32)
(Worker_TP1 pid=464) [gv2-census] calls=32 rows/call=48 runs/call=96.0 preads/call=96.0 read=0.650ms fadv/call=0.0 pf_hit=100%(32)
(Worker_TP1 pid=464) [gv2-census] calls=32 rows/call=48 runs/call=96.0 preads/call=96.0 read=0.692ms fadv/call=0.0 pf_hit=100%(32)
(Worker_TP1 pid=464) [gv2-census] calls=32 rows/call=48 runs/call=96.0 preads/call=96.0 read=0.674ms fadv/call=0.0 pf_hit=100%(32)
(Worker_TP1 pid=464) [gv2-census] calls=32 rows/call=48 runs/call=96.0 preads/call=96.0 read=0.646ms fadv/call=0.0 pf_hit=100%(32)
(Worker_TP1 pid=464) [gv2-census] calls=32 rows/call=48 runs/call=96.0 preads/call=96.0 read=0.720ms fadv/call=0.0 pf_hit=100%(32)
(Worker_TP1 pid=464) [gv2-census] calls=32 rows/call=48 runs/call=96.0 preads/call=96.0 read=0.695ms fadv/call=0.0 pf_hit=100%(32)
(Worker_TP1 pid=464) [gv2-census] calls=32 rows/call=48 runs/call=96.0 preads/call=96.0 read=1.940ms fadv/call=0.0 pf_hit=100%(32)
(Worker_TP1 pid=464) [gv2-census] calls=32 rows/call=48 runs/call=96.0 preads/call=96.0 read=0.874ms fadv/call=0.0 pf_hit=100%(32)
(Worker_TP1 pid=464) [gv2-census] calls=32 rows/call=48 runs/call=96.0 preads/call=96.0 read=0.765ms fadv/call=0.0 pf_hit=100%(32)
(Worker_TP1 pid=464) [gv2-census] calls=32 rows/call=48 runs/call=96.0 preads/call=96.0 read=0.833ms fadv/call=0.0 pf_hit=100%(32)
(Worker_TP1 pid=464) [gv2-census] calls=32 rows/call=90 runs/call=181.5 preads/call=181.5 read=3.465ms fadv/call=91.3 pf_hit=92%(32)
(Worker_TP1 pid=464) [gv2-census] calls=32 rows/call=48 runs/call=96.0 preads/call=96.0 read=1.243ms fadv/call=0.0 pf_hit=100%(32)
(Worker_TP1 pid=464) [gv2-census] calls=32 rows/call=48 runs/call=96.0 preads/call=96.0 read=0.800ms fadv/call=0.0 pf_hit=100%(32)
(Worker_TP1 pid=464) [gv2-census] calls=32 rows/call=48 runs/call=96.0 preads/call=96.0 read=0.699ms fadv/call=0.0 pf_hit=100%(32)
(Worker_TP1 pid=464) [gv2-census] calls=32 rows/call=48 runs/call=96.0 preads/call=96.0 read=0.851ms fadv/call=0.0 pf_hit=100%(32)
(Worker_TP1 pid=464) [gv2-census] calls=32 rows/call=48 runs/call=96.0 preads/call=96.0 read=0.754ms fadv/call=0.0 pf_hit=100%(32)
(Worker_TP1 pid=464) [gv2-census] calls=32 rows/call=48 runs/call=96.0 preads/call=96.0 read=0.633ms fadv/call=0.0 pf_hit=100%(32)
(Worker_TP1 pid=464) [gv2-census] calls=32 rows/call=48 runs/call=96.0 preads/call=96.0 read=0.708ms fadv/call=0.0 pf_hit=100%(32)
(Worker_TP1 pid=464) [gv2-census] calls=32 rows/call=48 runs/call=96.0 preads/call=96.0 read=1.229ms fadv/call=0.0 pf_hit=100%(32)
(Worker_TP1 pid=464) [gv2-census] calls=32 rows/call=48 runs/call=96.0 preads/call=96.0 read=0.729ms fadv/call=0.0 pf_hit=100%(32)
(Worker_TP1 pid=464) [gv2-census] calls=32 rows/call=48 runs/call=96.0 preads/call=96.0 read=0.707ms fadv/call=0.0 pf_hit=100%(32)
(Worker_TP1 pid=464) [gv2-census] calls=32 rows/call=48 runs/call=96.0 preads/call=96.0 read=0.794ms fadv/call=0.0 pf_hit=100%(32)
(Worker_TP1 pid=464) [gv2-census] calls=32 rows/call=48 runs/call=96.0 preads/call=96.0 read=0.765ms fadv/call=0.0 pf_hit=100%(32)
(Worker_TP1 pid=464) [gv2-census] calls=32 rows/call=48 runs/call=96.0 preads/call=96.0 read=0.773ms fadv/call=0.0 pf_hit=100%(32)
(Worker_TP1 pid=464) [gv2-census] calls=32 rows/call=90 runs/call=181.5 preads/call=181.5 read=1.414ms fadv/call=91.3 pf_hit=90%(32)
(Worker_TP1 pid=464) [gv2-census] calls=32 rows/call=48 runs/call=96.0 preads/call=96.0 read=1.281ms fadv/call=0.0 pf_hit=100%(32)
(Worker_TP1 pid=464) [gv2-census] calls=32 rows/call=48 runs/call=96.0 preads/call=96.0 read=0.780ms fadv/call=0.0 pf_hit=100%(32)
(Worker_TP1 pid=464) [gv2-census] calls=32 rows/call=48 runs/call=96.0 preads/call=96.0 read=1.329ms fadv/call=0.0 pf_hit=100%(32)
(Worker_TP1 pid=464) [gv2-census] calls=32 rows/call=48 runs/call=96.0 preads/call=96.0 read=0.674ms fadv/call=0.0 pf_hit=100%(32)
(Worker_TP1 pid=464) [gv2-census] calls=32 rows/call=48 runs/call=96.0 preads/call=96.0 read=0.796ms fadv/call=0.0 pf_hit=100%(32)
(Worker_TP1 pid=464) [gv2-census] calls=32 rows/call=48 runs/call=96.0 preads/call=96.0 read=1.353ms fadv/call=0.0 pf_hit=100%(32)
(Worker_TP1 pid=464) [gv2-census] calls=32 rows/call=48 runs/call=96.0 preads/call=96.0 read=0.781ms fadv/call=0.0 pf_hit=100%(32)
(Worker_TP1 pid=464) [gv2-census] calls=32 rows/call=48 runs/call=96.0 preads/call=96.0 read=1.262ms fadv/call=0.0 pf_hit=100%(32)
(Worker_TP1 pid=464) [gv2-census] calls=32 rows/call=48 runs/call=96.0 preads/call=96.0 read=0.791ms fadv/call=0.0 pf_hit=100%(32)
(Worker_TP1 pid=464) [gv2-census] calls=32 rows/call=48 runs/call=96.0 preads/call=96.0 read=0.679ms fadv/call=0.0 pf_hit=100%(32)
(Worker_TP1 pid=464) [gv2-census] calls=32 rows/call=48 runs/call=96.0 preads/call=96.0 read=0.538ms fadv/call=0.0 pf_hit=100%(32)
(Worker_TP1 pid=464) [gv2-census] calls=32 rows/call=48 runs/call=96.0 preads/call=96.0 read=0.840ms fadv/call=0.0 pf_hit=100%(32)
(Worker_TP1 pid=464) [gv2-census] calls=32 rows/call=48 runs/call=96.0 preads/call=96.0 read=0.693ms fadv/call=0.0 pf_hit=100%(32)
(Worker_TP1 pid=464) [gv2-census] calls=32 rows/call=48 runs/call=96.0 preads/call=96.0 read=0.639ms fadv/call=0.0 pf_hit=100%(32)
(Worker_TP1 pid=464) [gv2-census] calls=32 rows/call=48 runs/call=96.0 preads/call=96.0 read=0.944ms fadv/call=0.0 pf_hit=100%(32)
(Worker_TP1 pid=464) [gv2-census] calls=32 rows/call=66 runs/call=133.5 preads/call=133.5 read=10.530ms fadv/call=0.0 pf_hit=90%(32)
(Worker_TP1 pid=464) [gv2-census] calls=32 rows/call=48 runs/call=96.0 preads/call=96.0 read=0.653ms fadv/call=0.0 pf_hit=100%(32)
(Worker_TP1 pid=464) [gv2-census] calls=32 rows/call=48 runs/call=96.0 preads/call=96.0 read=0.748ms fadv/call=0.0 pf_hit=100%(32)
(Worker_TP1 pid=464) [gv2-census] calls=32 rows/call=48 runs/call=96.0 preads/call=96.0 read=0.800ms fadv/call=0.0 pf_hit=100%(32)
(Worker_TP1 pid=464) [gv2-census] calls=32 rows/call=48 runs/call=95.9 preads/call=95.9 read=0.659ms fadv/call=0.0 pf_hit=100%(32)
(Worker_TP1 pid=464) [gv2-census] calls=32 rows/call=66 runs/call=133.5 preads/call=133.5 read=0.995ms fadv/call=0.0 pf_hit=90%(32)
(Worker_TP1 pid=464) [gv2-census] calls=32 rows/call=48 runs/call=96.0 preads/call=96.0 read=1.362ms fadv/call=0.0 pf_hit=100%(32)
(Worker_TP1 pid=464) [gv2-census] calls=32 rows/call=48 runs/call=96.0 preads/call=96.0 read=1.373ms fadv/call=0.0 pf_hit=100%(32)
(Worker_TP1 pid=464) [gv2-census] calls=32 rows/call=48 runs/call=96.0 preads/call=96.0 read=1.803ms fadv/call=0.0 pf_hit=100%(32)
(Worker_TP1 pid=464) [gv2-census] calls=32 rows/call=48 runs/call=96.0 preads/call=96.0 read=1.888ms fadv/call=0.0 pf_hit=100%(32)
(Worker_TP1 pid=464) [gv2-census] calls=32 rows/call=66 runs/call=133.5 preads/call=133.5 read=1.956ms fadv/call=0.0 pf_hit=90%(32)
(Worker_TP1 pid=464) [gv2-census] calls=32 rows/call=48 runs/call=96.0 preads/call=96.0 read=0.853ms fadv/call=0.0 pf_hit=100%(32)
(Worker_TP1 pid=464) [gv2-census] calls=32 rows/call=48 runs/call=96.0 preads/call=96.0 read=2.029ms fadv/call=0.0 pf_hit=100%(32)
(Worker_TP1 pid=464) [gv2-census] calls=32 rows/call=48 runs/call=96.0 preads/call=96.0 read=2.354ms fadv/call=0.0 pf_hit=100%(32)
(Worker_TP1 pid=464) [gv2-census] calls=32 rows/call=48 runs/call=96.0 preads/call=96.0 read=1.781ms fadv/call=0.0 pf_hit=100%(32)
(Worker_TP1 pid=464) [gv2-census] calls=32 rows/call=66 runs/call=133.5 preads/call=133.5 read=1.520ms fadv/call=0.0 pf_hit=90%(32)
(Worker_TP1 pid=464) [gv2-census] calls=32 rows/call=48 runs/call=96.0 preads/call=96.0 read=1.929ms fadv/call=0.0 pf_hit=100%(32)
(Worker_TP1 pid=464) [gv2-census] calls=32 rows/call=48 runs/call=96.0 preads/call=96.0 read=1.751ms fadv/call=0.0 pf_hit=100%(32)
(Worker_TP1 pid=464) [gv2-census] calls=32 rows/call=48 runs/call=96.0 preads/call=96.0 read=0.833ms fadv/call=0.0 pf_hit=100%(32)
(Worker_TP1 pid=464) [gv2-census] calls=32 rows/call=48 runs/call=96.0 preads/call=96.0 read=0.819ms fadv/call=0.0 pf_hit=100%(32)
(Worker_TP1 pid=464) [gv2-census] calls=32 rows/call=66 runs/call=133.5 preads/call=133.5 read=2.227ms fadv/call=0.0 pf_hit=90%(32)
(Worker_TP1 pid=464) [gv2-census] calls=32 rows/call=48 runs/call=96.0 preads/call=96.0 read=1.782ms fadv/call=0.0 pf_hit=100%(32)
(Worker_TP1 pid=464) [gv2-census] calls=32 rows/call=48 runs/call=96.0 preads/call=96.0 read=1.822ms fadv/call=0.0 pf_hit=100%(32)
(Worker_TP1 pid=464) [gv2-census] calls=32 rows/call=48 runs/call=96.0 preads/call=96.0 read=1.336ms fadv/call=0.0 pf_hit=100%(32)
(Worker_TP1 pid=464) [gv2-census] calls=32 rows/call=48 runs/call=96.0 preads/call=96.0 read=2.358ms fadv/call=0.0 pf_hit=100%(32)
(Worker_TP1 pid=464) [gv2-census] calls=32 rows/call=66 runs/call=133.5 preads/call=133.5 read=0.997ms fadv/call=0.0 pf_hit=90%(32)
(Worker_TP1 pid=464) [gv2-census] calls=32 rows/call=48 runs/call=96.0 preads/call=96.0 read=1.397ms fadv/call=0.0 pf_hit=100%(32)
(Worker_TP1 pid=464) [gv2-census] calls=32 rows/call=48 runs/call=96.0 preads/call=96.0 read=1.283ms fadv/call=0.0 pf_hit=100%(32)
(Worker_TP1 pid=464) [gv2-census] calls=32 rows/call=48 runs/call=96.0 preads/call=96.0 read=0.853ms fadv/call=0.0 pf_hit=100%(32)
(Worker_TP1 pid=464) [gv2-census] calls=32 rows/call=48 runs/call=96.0 preads/call=96.0 read=0.856ms fadv/call=0.0 pf_hit=100%(32)
(Worker_TP1 pid=464) [gv2-census] calls=32 rows/call=66 runs/call=133.5 preads/call=133.5 read=1.781ms fadv/call=0.0 pf_hit=90%(32)
(Worker_TP1 pid=464) [gv2-census] calls=32 rows/call=48 runs/call=96.0 preads/call=96.0 read=1.410ms fadv/call=0.0 pf_hit=100%(32)
(Worker_TP1 pid=464) [gv2-census] calls=32 rows/call=48 runs/call=96.0 preads/call=96.0 read=1.481ms fadv/call=0.0 pf_hit=100%(32)
(Worker_TP1 pid=464) [gv2-census] calls=32 rows/call=48 runs/call=96.0 preads/call=96.0 read=0.767ms fadv/call=0.0 pf_hit=100%(32)
(Worker_TP1 pid=464) [gv2-census] calls=32 rows/call=48 runs/call=96.0 preads/call=96.0 read=1.885ms fadv/call=0.0 pf_hit=100%(32)
(Worker_TP1 pid=464) [gv2-census] calls=32 rows/call=66 runs/call=133.5 preads/call=133.5 read=1.868ms fadv/call=0.0 pf_hit=90%(32)
(Worker_TP1 pid=464) [gv2-census] calls=32 rows/call=48 runs/call=96.0 preads/call=96.0 read=0.876ms fadv/call=0.0 pf_hit=100%(32)
(Worker_TP1 pid=464) [gv2-census] calls=32 rows/call=48 runs/call=96.0 preads/call=96.0 read=1.439ms fadv/call=0.0 pf_hit=100%(32)
(Worker_TP1 pid=464) [gv2-census] calls=32 rows/call=48 runs/call=96.0 preads/call=96.0 read=0.980ms fadv/call=0.0 pf_hit=100%(32)
(Worker_TP1 pid=464) [gv2-census] calls=32 rows/call=48 runs/call=96.0 preads/call=96.0 read=0.865ms fadv/call=0.0 pf_hit=100%(32)
(Worker_TP1 pid=464) [gv2-census] calls=32 rows/call=48 runs/call=96.0 preads/call=96.0 read=1.580ms fadv/call=0.0 pf_hit=100%(32)
(Worker_TP1 pid=464) [gv2-census] calls=32 rows/call=66 runs/call=133.5 preads/call=133.5 read=1.819ms fadv/call=0.0 pf_hit=90%(32)
(Worker_TP1 pid=464) [gv2-census] calls=32 rows/call=48 runs/call=96.0 preads/call=96.0 read=2.489ms fadv/call=0.0 pf_hit=100%(32)
(Worker_TP1 pid=464) [gv2-census] calls=32 rows/call=48 runs/call=96.0 preads/call=96.0 read=0.851ms fadv/call=0.0 pf_hit=100%(32)
(Worker_TP1 pid=464) [gv2-census] calls=32 rows/call=48 runs/call=96.0 preads/call=96.0 read=0.929ms fadv/call=0.0 pf_hit=100%(32)
(Worker_TP1 pid=464) [gv2-census] calls=32 rows/call=48 runs/call=96.0 preads/call=96.0 read=2.502ms fadv/call=0.0 pf_hit=100%(32)
(Worker_TP1 pid=464) WARNING 09-25 01:39:27 [jit_monitor.py:141] Triton kernel JIT compilation during inference: _compute_global_topk_indices_and_lens_kernel. This causes a latency spike; consider extending warmup to cover this shape/config.
(Worker_TP1 pid=464) [gv2-census] calls=32 rows/call=112 runs/call=220.0 preads/call=220.0 read=2.378ms fadv/call=0.0 pf_hit=90%(32)
(Worker_TP1 pid=464) [gv2-census] calls=32 rows/call=96 runs/call=191.5 preads/call=191.5 read=2.590ms fadv/call=0.0 pf_hit=100%(32)
(Worker_TP1 pid=464) [gv2-census] calls=32 rows/call=96 runs/call=192.0 preads/call=192.0 read=2.172ms fadv/call=0.0 pf_hit=100%(32)
(Worker_TP1 pid=464) [gv2-census] calls=32 rows/call=96 runs/call=192.0 preads/call=192.0 read=2.107ms fadv/call=0.0 pf_hit=100%(32)
(Worker_TP1 pid=464) [gv2-census] calls=32 rows/call=96 runs/call=191.9 preads/call=191.9 read=2.083ms fadv/call=0.0 pf_hit=100%(32)
(Worker_TP1 pid=464) [gv2-census] calls=32 rows/call=130 runs/call=193.5 preads/call=193.5 read=1.876ms fadv/call=43.4 pf_hit=90%(32)
(Worker_TP1 pid=464) [gv2-census] calls=32 rows/call=96 runs/call=191.5 preads/call=191.5 read=2.618ms fadv/call=0.0 pf_hit=100%(32)
(Worker_TP1 pid=464) [gv2-census] calls=32 rows/call=96 runs/call=192.0 preads/call=192.0 read=1.276ms fadv/call=0.0 pf_hit=100%(32)
(Worker_TP1 pid=464) [gv2-census] calls=32 rows/call=96 runs/call=192.0 preads/call=192.0 read=2.040ms fadv/call=0.0 pf_hit=100%(32)
(Worker_TP1 pid=464) [gv2-census] calls=32 rows/call=96 runs/call=191.9 preads/call=191.9 read=3.038ms fadv/call=0.0 pf_hit=100%(32)
(Worker_TP1 pid=464) [gv2-census] calls=32 rows/call=127 runs/call=250.0 preads/call=250.0 read=2.135ms fadv/call=0.0 pf_hit=89%(32)
(Worker_TP1 pid=464) [gv2-census] calls=32 rows/call=96 runs/call=192.0 preads/call=192.0 read=2.708ms fadv/call=0.0 pf_hit=100%(32)
(Worker_TP1 pid=464) [gv2-census] calls=32 rows/call=96 runs/call=191.5 preads/call=191.5 read=3.521ms fadv/call=0.0 pf_hit=100%(32)
(Worker_TP1 pid=464) [gv2-census] calls=32 rows/call=96 runs/call=192.0 preads/call=192.0 read=2.210ms fadv/call=0.0 pf_hit=100%(32)
(Worker_TP1 pid=464) [gv2-census] calls=32 rows/call=96 runs/call=191.4 preads/call=191.4 read=2.640ms fadv/call=0.0 pf_hit=100%(32)
(Worker_TP1 pid=464) [gv2-census] calls=32 rows/call=130 runs/call=200.5 preads/call=200.5 read=3.513ms fadv/call=43.4 pf_hit=91%(32)
(Worker_TP1 pid=464) [gv2-census] calls=32 rows/call=96 runs/call=117.0 preads/call=117.0 read=2.161ms fadv/call=0.0 pf_hit=100%(32)
(Worker_TP1 pid=464) [gv2-census] calls=32 rows/call=96 runs/call=166.5 preads/call=166.5 read=1.961ms fadv/call=0.0 pf_hit=100%(32)
(Worker_TP1 pid=464) [gv2-census] calls=32 rows/call=96 runs/call=192.0 preads/call=192.0 read=1.840ms fadv/call=0.0 pf_hit=100%(32)
(Worker_TP1 pid=464) [gv2-census] calls=32 rows/call=96 runs/call=192.0 preads/call=192.0 read=1.607ms fadv/call=0.0 pf_hit=100%(32)
(Worker_TP1 pid=464) [gv2-census] calls=32 rows/call=112 runs/call=175.5 preads/call=175.5 read=1.989ms fadv/call=43.4 pf_hit=86%(32)
(Worker_TP1 pid=464) [gv2-census] calls=32 rows/call=96 runs/call=102.0 preads/call=102.0 read=0.927ms fadv/call=0.0 pf_hit=100%(32)
(Worker_TP1 pid=464) [gv2-census] calls=32 rows/call=96 runs/call=153.0 preads/call=153.0 read=2.168ms fadv/call=0.0 pf_hit=100%(32)
(Worker_TP1 pid=464) [gv2-census] calls=32 rows/call=96 runs/call=192.0 preads/call=192.0 read=2.428ms fadv/call=0.0 pf_hit=100%(32)
(Worker_TP1 pid=464) [gv2-census] calls=32 rows/call=96 runs/call=192.0 preads/call=192.0 read=1.391ms fadv/call=0.0 pf_hit=100%(32)
(Worker_TP1 pid=464) [gv2-census] calls=32 rows/call=72 runs/call=144.0 preads/call=144.0 read=1.234ms fadv/call=0.0 pf_hit=96%(32)
(Worker_TP1 pid=464) [gv2-census] calls=32 rows/call=109 runs/call=214.0 preads/call=214.0 read=2.472ms fadv/call=0.0 pf_hit=90%(32)
(Worker_TP1 pid=464) [gv2-census] calls=32 rows/call=96 runs/call=192.0 preads/call=192.0 read=1.452ms fadv/call=0.0 pf_hit=100%(32)
(Worker_TP1 pid=464) [gv2-census] calls=32 rows/call=96 runs/call=191.5 preads/call=191.5 read=2.657ms fadv/call=0.0 pf_hit=100%(32)
(Worker_TP1 pid=464) [gv2-census] calls=32 rows/call=96 runs/call=192.0 preads/call=192.0 read=2.377ms fadv/call=0.0 pf_hit=100%(32)
(Worker_TP1 pid=464) [gv2-census] calls=32 rows/call=96 runs/call=192.0 preads/call=192.0 read=2.992ms fadv/call=0.0 pf_hit=100%(32)
(Worker_TP1 pid=464) [gv2-census] calls=32 rows/call=112 runs/call=162.0 preads/call=162.0 read=1.897ms fadv/call=43.4 pf_hit=85%(32)
(Worker_TP1 pid=464) [gv2-census] calls=32 rows/call=96 runs/call=192.0 preads/call=192.0 read=1.443ms fadv/call=0.0 pf_hit=100%(32)
(Worker_TP1 pid=464) [gv2-census] calls=32 rows/call=96 runs/call=192.0 preads/call=192.0 read=2.395ms fadv/call=0.0 pf_hit=100%(32)
(Worker_TP1 pid=464) [gv2-census] calls=32 rows/call=96 runs/call=192.0 preads/call=192.0 read=2.788ms fadv/call=0.0 pf_hit=100%(32)
(Worker_TP1 pid=464) [gv2-census] calls=32 rows/call=96 runs/call=192.0 preads/call=192.0 read=1.557ms fadv/call=0.0 pf_hit=100%(32)
(Worker_TP1 pid=464) [gv2-census] calls=32 rows/call=127 runs/call=250.0 preads/call=250.0 read=3.336ms fadv/call=0.0 pf_hit=89%(32)
(Worker_TP1 pid=464) [gv2-census] calls=32 rows/call=96 runs/call=191.5 preads/call=191.5 read=2.223ms fadv/call=0.0 pf_hit=100%(32)
(Worker_TP1 pid=464) [gv2-census] calls=32 rows/call=96 runs/call=192.0 preads/call=192.0 read=2.033ms fadv/call=0.0 pf_hit=100%(32)
(Worker_TP1 pid=464) [gv2-census] calls=32 rows/call=96 runs/call=191.5 preads/call=191.5 read=3.064ms fadv/call=0.0 pf_hit=100%(32)
(Worker_TP1 pid=464) [gv2-census] calls=32 rows/call=96 runs/call=192.0 preads/call=192.0 read=3.120ms fadv/call=0.0 pf_hit=100%(32)
(Worker_TP1 pid=464) [gv2-census] calls=32 rows/call=133 runs/call=223.5 preads/call=223.5 read=3.506ms fadv/call=43.4 pf_hit=97%(32)
(Worker_TP1 pid=464) [gv2-census] calls=32 rows/call=96 runs/call=160.0 preads/call=160.0 read=1.887ms fadv/call=0.0 pf_hit=95%(32)
(Worker_TP1 pid=464) [gv2-census] calls=32 rows/call=96 runs/call=192.0 preads/call=192.0 read=3.919ms fadv/call=0.0 pf_hit=100%(32)
(Worker_TP1 pid=464) [gv2-census] calls=32 rows/call=96 runs/call=185.5 preads/call=185.5 read=2.497ms fadv/call=0.0 pf_hit=100%(32)
(Worker_TP1 pid=464) [gv2-census] calls=32 rows/call=96 runs/call=192.0 preads/call=192.0 read=1.587ms fadv/call=0.0 pf_hit=100%(32)
(Worker_TP1 pid=464) [gv2-census] calls=32 rows/call=90 runs/call=180.0 preads/call=180.0 read=1.993ms fadv/call=0.0 pf_hit=97%(32)
(Worker_TP1 pid=464) [gv2-census] calls=32 rows/call=66 runs/call=133.5 preads/call=133.5 read=1.203ms fadv/call=0.0 pf_hit=90%(32)
(Worker_TP1 pid=464) [gv2-census] calls=32 rows/call=48 runs/call=96.0 preads/call=96.0 read=0.795ms fadv/call=0.0 pf_hit=100%(32)
(Worker_TP1 pid=464) [gv2-census] calls=32 rows/call=64 runs/call=129.0 preads/call=129.0 read=8.568ms fadv/call=0.0 pf_hit=90%(32)
(Worker_TP1 pid=464) [gv2-census] calls=32 rows/call=48 runs/call=96.0 preads/call=96.0 read=0.877ms fadv/call=0.0 pf_hit=100%(32)
(Worker_TP1 pid=464) [gv2-census] calls=32 rows/call=48 runs/call=96.0 preads/call=96.0 read=0.833ms fadv/call=0.0 pf_hit=100%(32)
(Worker_TP1 pid=464) [gv2-census] calls=32 rows/call=64 runs/call=129.0 preads/call=129.0 read=1.087ms fadv/call=0.0 pf_hit=90%(32)
(Worker_TP1 pid=464) [gv2-census] calls=32 rows/call=48 runs/call=96.0 preads/call=96.0 read=0.940ms fadv/call=0.0 pf_hit=100%(32)
(Worker_TP1 pid=464) [gv2-census] calls=32 rows/call=48 runs/call=96.0 preads/call=96.0 read=0.740ms fadv/call=0.0 pf_hit=100%(32)
(Worker_TP1 pid=464) [gv2-census] calls=32 rows/call=48 runs/call=96.0 preads/call=96.0 read=0.940ms fadv/call=0.0 pf_hit=100%(32)
(Worker_TP1 pid=464) [gv2-census] calls=32 rows/call=64 runs/call=129.0 preads/call=129.0 read=1.197ms fadv/call=0.0 pf_hit=90%(32)
(Worker_TP1 pid=464) [gv2-census] calls=32 rows/call=48 runs/call=96.0 preads/call=96.0 read=0.891ms fadv/call=0.0 pf_hit=100%(32)
(Worker_TP1 pid=464) [gv2-census] calls=32 rows/call=48 runs/call=96.0 preads/call=96.0 read=0.739ms fadv/call=0.0 pf_hit=100%(32)
(Worker_TP1 pid=464) [gv2-census] calls=32 rows/call=64 runs/call=129.0 preads/call=129.0 read=1.008ms fadv/call=0.0 pf_hit=90%(32)
(Worker_TP1 pid=464) [gv2-census] calls=32 rows/call=48 runs/call=96.0 preads/call=96.0 read=0.805ms fadv/call=0.0 pf_hit=100%(32)
(Worker_TP1 pid=464) [gv2-census] calls=32 rows/call=48 runs/call=96.0 preads/call=96.0 read=0.789ms fadv/call=0.0 pf_hit=100%(32)
(Worker_TP1 pid=464) [gv2-census] calls=32 rows/call=64 runs/call=129.0 preads/call=129.0 read=1.047ms fadv/call=0.0 pf_hit=90%(32)
(Worker_TP1 pid=464) [gv2-census] calls=32 rows/call=48 runs/call=96.0 preads/call=96.0 read=0.689ms fadv/call=0.0 pf_hit=100%(32)
(Worker_TP1 pid=464) [gv2-census] calls=32 rows/call=48 runs/call=96.0 preads/call=96.0 read=0.828ms fadv/call=0.0 pf_hit=100%(32)
(Worker_TP1 pid=464) [gv2-census] calls=32 rows/call=64 runs/call=129.0 preads/call=129.0 read=1.073ms fadv/call=0.0 pf_hit=90%(32)
(Worker_TP1 pid=464) [gv2-census] calls=32 rows/call=48 runs/call=96.0 preads/call=96.0 read=0.750ms fadv/call=0.0 pf_hit=100%(32)
(Worker_TP1 pid=464) [gv2-census] calls=32 rows/call=48 runs/call=96.0 preads/call=96.0 read=0.681ms fadv/call=0.0 pf_hit=100%(32)
(Worker_TP1 pid=464) [gv2-census] calls=32 rows/call=48 runs/call=96.0 preads/call=96.0 read=0.759ms fadv/call=0.0 pf_hit=100%(32)
(Worker_TP1 pid=464) [gv2-census] calls=32 rows/call=64 runs/call=129.0 preads/call=129.0 read=1.115ms fadv/call=0.0 pf_hit=90%(32)
(Worker_TP1 pid=464) [gv2-census] calls=32 rows/call=48 runs/call=96.0 preads/call=96.0 read=0.854ms fadv/call=0.0 pf_hit=100%(32)
(Worker_TP1 pid=464) [gv2-census] calls=32 rows/call=48 runs/call=96.0 preads/call=96.0 read=0.854ms fadv/call=0.0 pf_hit=100%(32)
(Worker_TP1 pid=464) [gv2-census] calls=32 rows/call=64 runs/call=129.0 preads/call=129.0 read=1.175ms fadv/call=0.0 pf_hit=90%(32)
(Worker_TP1 pid=464) [gv2-census] calls=32 rows/call=48 runs/call=96.0 preads/call=96.0 read=1.009ms fadv/call=0.0 pf_hit=100%(32)
(Worker_TP1 pid=464) [gv2-census] calls=32 rows/call=48 runs/call=96.0 preads/call=96.0 read=0.834ms fadv/call=0.0 pf_hit=100%(32)
(Worker_TP1 pid=464) [gv2-census] calls=32 rows/call=64 runs/call=129.0 preads/call=129.0 read=0.954ms fadv/call=0.0 pf_hit=90%(32)
(Worker_TP1 pid=464) [gv2-census] calls=32 rows/call=48 runs/call=96.0 preads/call=96.0 read=0.748ms fadv/call=0.0 pf_hit=100%(32)
(Worker_TP1 pid=464) [gv2-census] calls=32 rows/call=48 runs/call=96.0 preads/call=96.0 read=0.959ms fadv/call=0.0 pf_hit=100%(32)
(Worker_TP1 pid=464) [gv2-census] calls=32 rows/call=87 runs/call=174.0 preads/call=174.0 read=1.362ms fadv/call=0.0 pf_hit=86%(32)
(Worker_TP1 pid=464) [gv2-census] calls=32 rows/call=96 runs/call=192.0 preads/call=192.0 read=1.364ms fadv/call=0.0 pf_hit=100%(32)
(Worker_TP1 pid=464) [gv2-census] calls=32 rows/call=96 runs/call=192.0 preads/call=192.0 read=1.502ms fadv/call=0.0 pf_hit=100%(32)
(Worker_TP1 pid=464) [gv2-census] calls=32 rows/call=96 runs/call=192.0 preads/call=192.0 read=1.284ms fadv/call=0.0 pf_hit=100%(32)
(Worker_TP1 pid=464) [gv2-census] calls=32 rows/call=117 runs/call=234.0 preads/call=234.0 read=2.035ms fadv/call=0.0 pf_hit=88%(32)
(Worker_TP1 pid=464) [gv2-census] calls=32 rows/call=96 runs/call=192.0 preads/call=192.0 read=1.577ms fadv/call=0.0 pf_hit=100%(32)
(Worker_TP1 pid=464) [gv2-census] calls=32 rows/call=96 runs/call=192.0 preads/call=192.0 read=1.230ms fadv/call=0.0 pf_hit=100%(32)
(Worker_TP1 pid=464) [gv2-census] calls=32 rows/call=120 runs/call=240.0 preads/call=240.0 read=1.849ms fadv/call=0.0 pf_hit=89%(32)
(Worker_TP1 pid=464) [gv2-census] calls=32 rows/call=96 runs/call=192.0 preads/call=192.0 read=1.380ms fadv/call=0.0 pf_hit=100%(32)
(Worker_TP1 pid=464) [gv2-census] calls=32 rows/call=96 runs/call=192.0 preads/call=192.0 read=1.270ms fadv/call=0.0 pf_hit=100%(32)
(Worker_TP1 pid=464) [gv2-census] calls=32 rows/call=123 runs/call=246.0 preads/call=246.0 read=2.137ms fadv/call=0.0 pf_hit=89%(32)
(Worker_TP1 pid=464) [gv2-census] calls=32 rows/call=96 runs/call=192.0 preads/call=192.0 read=1.518ms fadv/call=0.0 pf_hit=100%(32)
(Worker_TP1 pid=464) [gv2-census] calls=32 rows/call=96 runs/call=192.0 preads/call=192.0 read=1.509ms fadv/call=0.0 pf_hit=100%(32)
(Worker_TP1 pid=464) [gv2-census] calls=32 rows/call=96 runs/call=192.0 preads/call=192.0 read=1.572ms fadv/call=0.0 pf_hit=100%(32)
(Worker_TP1 pid=464) [gv2-census] calls=32 rows/call=120 runs/call=240.0 preads/call=240.0 read=1.955ms fadv/call=0.0 pf_hit=89%(32)
(Worker_TP1 pid=464) [gv2-census] calls=32 rows/call=96 runs/call=192.0 preads/call=192.0 read=1.623ms fadv/call=0.0 pf_hit=100%(32)
(Worker_TP1 pid=464) [gv2-census] calls=32 rows/call=96 runs/call=192.0 preads/call=192.0 read=1.375ms fadv/call=0.0 pf_hit=100%(32)
(Worker_TP1 pid=464) [gv2-census] calls=32 rows/call=117 runs/call=234.0 preads/call=234.0 read=2.063ms fadv/call=0.0 pf_hit=88%(32)
(Worker_TP1 pid=464) [gv2-census] calls=32 rows/call=96 runs/call=192.0 preads/call=192.0 read=1.546ms fadv/call=0.0 pf_hit=100%(32)
(Worker_TP1 pid=464) [gv2-census] calls=32 rows/call=96 runs/call=192.0 preads/call=192.0 read=1.650ms fadv/call=0.0 pf_hit=100%(32)
(Worker_TP1 pid=464) [gv2-census] calls=32 rows/call=100 runs/call=201.0 preads/call=201.0 read=1.607ms fadv/call=0.0 pf_hit=91%(32)
(Worker_TP1 pid=464) [gv2-census] calls=32 rows/call=112 runs/call=225.0 preads/call=225.0 read=1.898ms fadv/call=0.0 pf_hit=98%(32)
(Worker_TP1 pid=464) [gv2-census] calls=32 rows/call=96 runs/call=192.0 preads/call=192.0 read=1.498ms fadv/call=0.0 pf_hit=100%(32)
(Worker_TP1 pid=464) [gv2-census] calls=32 rows/call=96 runs/call=192.0 preads/call=192.0 read=1.510ms fadv/call=0.0 pf_hit=100%(32)
(Worker_TP1 pid=464) [gv2-census] calls=32 rows/call=117 runs/call=234.0 preads/call=234.0 read=1.714ms fadv/call=0.0 pf_hit=88%(32)
(Worker_TP1 pid=464) [gv2-census] calls=32 rows/call=96 runs/call=192.0 preads/call=192.0 read=1.587ms fadv/call=0.0 pf_hit=100%(32)
(Worker_TP1 pid=464) [gv2-census] calls=32 rows/call=96 runs/call=192.0 preads/call=192.0 read=1.402ms fadv/call=0.0 pf_hit=100%(32)
(Worker_TP1 pid=464) [gv2-census] calls=32 rows/call=120 runs/call=240.0 preads/call=240.0 read=1.703ms fadv/call=0.0 pf_hit=89%(32)
(Worker_TP1 pid=464) [gv2-census] calls=32 rows/call=96 runs/call=192.0 preads/call=192.0 read=1.494ms fadv/call=0.0 pf_hit=100%(32)
(Worker_TP1 pid=464) [gv2-census] calls=32 rows/call=96 runs/call=192.0 preads/call=192.0 read=1.435ms fadv/call=0.0 pf_hit=100%(32)
(Worker_TP1 pid=464) [gv2-census] calls=32 rows/call=106 runs/call=213.0 preads/call=213.0 read=1.495ms fadv/call=0.0 pf_hit=94%(32)
(Worker_TP1 pid=464) [gv2-census] calls=32 rows/call=48 runs/call=96.0 preads/call=96.0 read=0.691ms fadv/call=0.0 pf_hit=96%(32)
(Worker_TP1 pid=464) [gv2-census] calls=32 rows/call=48 runs/call=96.0 preads/call=96.0 read=0.822ms fadv/call=0.0 pf_hit=100%(32)
(Worker_TP1 pid=464) [gv2-census] calls=32 rows/call=48 runs/call=96.0 preads/call=96.0 read=0.824ms fadv/call=0.0 pf_hit=100%(32)
(Worker_TP1 pid=464) INFO 09-25 01:42:05 [exl3.py:1224] EXL3 fat-chunk slicing ACTIVE (tokens=8128)
(Worker_TP1 pid=464) INFO 09-25 01:42:16 [exl3.py:1224] EXL3 fat-chunk slicing ACTIVE (tokens=7987)
(Worker_TP1 pid=464) INFO 09-25 01:42:27 [exl3.py:1224] EXL3 fat-chunk slicing ACTIVE (tokens=8161)
(Worker_TP1 pid=464) INFO 09-25 01:42:36 [exl3.py:1224] EXL3 fat-chunk slicing ACTIVE (tokens=8116)
(Worker_TP1 pid=464) INFO 09-25 01:42:47 [exl3.py:1224] EXL3 fat-chunk slicing ACTIVE (tokens=8040)
(Worker_TP1 pid=464) [gv2-census] calls=32 rows/call=30357 runs/call=53479.5 preads/call=53479.5 read=500.506ms fadv/call=45429.5 pf_hit=91%(22)
(Worker_TP1 pid=464) INFO 09-25 01:42:58 [exl3.py:1224] EXL3 fat-chunk slicing ACTIVE (tokens=8027)
(Worker_TP1 pid=464) [gv2-census] calls=32 rows/call=6065 runs/call=10117.8 preads/call=10117.8 read=74.767ms fadv/call=8618.1 pf_hit=93%(30)
(Worker_TP1 pid=464) INFO 09-25 01:43:10 [exl3.py:1224] EXL3 fat-chunk slicing ACTIVE (tokens=8190)
(Worker_TP1 pid=464) [dsv41-prefill-empty-cache] skipped #1 (longest seq 16380, MemAvailable 22.99 GiB >= 2.5 GiB)
(Worker_TP1 pid=464) INFO 09-25 01:43:42 [exl3.py:1224] EXL3 fat-chunk slicing ACTIVE (tokens=8163)
(Worker_TP1 pid=464) INFO 09-25 01:44:25 [exl3.py:1224] EXL3 fat-chunk slicing ACTIVE (tokens=7526)
(Worker_TP1 pid=464) [gv2-census] calls=32 rows/call=60924 runs/call=104100.4 preads/call=104100.4 read=1062.179ms fadv/call=88782.5 pf_hit=86%(14)
(Worker_TP1 pid=464) INFO 09-25 01:45:05 [exl3.py:1224] EXL3 fat-chunk slicing ACTIVE (tokens=8045)
(Worker_TP1 pid=464) INFO 09-25 01:45:45 [exl3.py:1224] EXL3 fat-chunk slicing ACTIVE (tokens=8059)
(Worker_TP1 pid=464) INFO 09-25 01:46:27 [exl3.py:1224] EXL3 fat-chunk slicing ACTIVE (tokens=7416)
(Worker_TP1 pid=464) [gv2-census] calls=32 rows/call=60655 runs/call=110615.1 preads/call=110615.1 read=1031.861ms fadv/call=93515.5 pf_hit=100%(10)
(Worker_TP1 pid=464) [gv2-census] calls=32 rows/call=24306 runs/call=38577.2 preads/call=38577.2 read=324.472ms fadv/call=33232.6 pf_hit=96%(26)
(Worker_TP1 pid=464) INFO 09-25 01:47:09 [exl3.py:1224] EXL3 fat-chunk slicing ACTIVE (tokens=7790)
(Worker_TP1 pid=464) [gv2-census] calls=32 rows/call=6122 runs/call=10117.1 preads/call=10117.1 read=85.652ms fadv/call=8610.3 pf_hit=93%(30)
(Worker_TP1 pid=464) INFO 09-25 01:47:31 [exl3.py:1224] EXL3 fat-chunk slicing ACTIVE (tokens=8103)
(Worker_TP1 pid=464) INFO 09-25 01:47:41 [exl3.py:1224] EXL3 fat-chunk slicing ACTIVE (tokens=8143)
(Worker_TP1 pid=464) INFO 09-25 01:47:51 [exl3.py:1224] EXL3 fat-chunk slicing ACTIVE (tokens=8135)
(Worker_TP1 pid=464) INFO 09-25 01:48:02 [exl3.py:1224] EXL3 fat-chunk slicing ACTIVE (tokens=8185)
(Worker_TP1 pid=464) INFO 09-25 01:48:12 [exl3.py:1224] EXL3 fat-chunk slicing ACTIVE (tokens=8141)
(Worker_TP1 pid=464) [gv2-census] calls=32 rows/call=24489 runs/call=42990.6 preads/call=42990.6 read=427.253ms fadv/call=36463.9 pf_hit=100%(22)
(Worker_TP1 pid=464) INFO 09-25 01:48:23 [exl3.py:1224] EXL3 fat-chunk slicing ACTIVE (tokens=8013)
(Worker_TP1 pid=464) [gv2-census] calls=32 rows/call=6054 runs/call=10044.2 preads/call=10044.2 read=98.602ms fadv/call=8560.7 pf_hit=93%(30)
(Worker_TP1 pid=464) WARNING 09-25 01:48:40 [jit_monitor.py:141] Triton kernel JIT compilation during inference: _topk_log_softmax_kernel. This causes a latency spike; consider extending warmup to cover this shape/config.
(Worker_TP1 pid=464) [gv2-census] calls=32 rows/call=4627 runs/call=9196.4 preads/call=9196.4 read=85.394ms fadv/call=9056.1 pf_hit=80%(10)
(Worker_TP1 pid=464) [gv2-census] calls=32 rows/call=6153 runs/call=12187.9 preads/call=12187.9 read=107.280ms fadv/call=12037.2
(Worker_TP1 pid=464) [gv2-census] calls=32 rows/call=4657 runs/call=9050.0 preads/call=9050.0 read=76.158ms fadv/call=8926.3 pf_hit=78%(6)
(Worker_TP1 pid=464) [gv2-census] calls=32 rows/call=48 runs/call=96.0 preads/call=96.0 read=0.673ms fadv/call=0.0 pf_hit=100%(32)
(Worker_TP1 pid=464) [gv2-census] calls=32 rows/call=48 runs/call=96.0 preads/call=96.0 read=0.731ms fadv/call=0.0 pf_hit=100%(32)
(Worker_TP1 pid=464) [gv2-census] calls=32 rows/call=48 runs/call=96.0 preads/call=96.0 read=0.708ms fadv/call=0.0 pf_hit=100%(32)
(Worker_TP1 pid=464) [gv2-census] calls=32 rows/call=48 runs/call=96.0 preads/call=96.0 read=0.752ms fadv/call=0.0 pf_hit=100%(32)
(Worker_TP1 pid=464) [gv2-census] calls=32 rows/call=48 runs/call=96.0 preads/call=96.0 read=0.773ms fadv/call=0.0 pf_hit=100%(32)
(Worker_TP1 pid=464) [gv2-census] calls=32 rows/call=211 runs/call=423.0 preads/call=423.0 read=3.552ms fadv/call=338.0 pf_hit=91%(30)
(Worker_TP1 pid=464) [gv2-census] calls=32 rows/call=48 runs/call=96.0 preads/call=96.0 read=0.765ms fadv/call=0.0 pf_hit=100%(32)
(Worker_TP1 pid=464) [gv2-census] calls=32 rows/call=48 runs/call=96.0 preads/call=96.0 read=0.615ms fadv/call=0.0 pf_hit=100%(32)
(Worker_TP1 pid=464) [gv2-census] calls=32 rows/call=175 runs/call=351.0 preads/call=351.0 read=3.292ms fadv/call=266.4 pf_hit=93%(30)
(Worker_TP1 pid=464) [gv2-census] calls=32 rows/call=48 runs/call=96.0 preads/call=96.0 read=1.544ms fadv/call=0.0 pf_hit=96%(32)
(Worker_TP1 pid=464) [gv2-census] calls=32 rows/call=48 runs/call=96.0 preads/call=96.0 read=1.282ms fadv/call=0.0 pf_hit=100%(32)
(Worker_TP1 pid=464) [gv2-census] calls=32 rows/call=48 runs/call=96.0 preads/call=96.0 read=0.803ms fadv/call=0.0 pf_hit=100%(32)
(Worker_TP1 pid=464) [gv2-census] calls=32 rows/call=48 runs/call=96.0 preads/call=96.0 read=0.718ms fadv/call=0.0 pf_hit=100%(32)
(Worker_TP1 pid=464) [gv2-census] calls=32 rows/call=211 runs/call=411.5 preads/call=411.5 read=6.200ms fadv/call=326.8 pf_hit=89%(30)
(Worker_TP1 pid=464) [gv2-census] calls=32 rows/call=48 runs/call=96.0 preads/call=96.0 read=0.856ms fadv/call=0.0 pf_hit=100%(32)
(Worker_TP1 pid=464) [gv2-census] calls=32 rows/call=48 runs/call=96.0 preads/call=96.0 read=1.414ms fadv/call=0.0 pf_hit=100%(32)
(Worker_TP1 pid=464) [gv2-census] calls=32 rows/call=48 runs/call=96.0 preads/call=96.0 read=0.764ms fadv/call=0.0 pf_hit=100%(32)
(Worker_TP1 pid=464) [gv2-census] calls=32 rows/call=48 runs/call=96.0 preads/call=96.0 read=0.867ms fadv/call=0.0 pf_hit=100%(32)
(Worker_TP1 pid=464) [gv2-census] calls=32 rows/call=211 runs/call=423.0 preads/call=423.0 read=5.229ms fadv/call=337.8 pf_hit=89%(30)
(Worker_TP1 pid=464) [gv2-census] calls=32 rows/call=48 runs/call=96.0 preads/call=96.0 read=0.769ms fadv/call=0.0 pf_hit=100%(32)
(Worker_TP1 pid=464) [gv2-census] calls=32 rows/call=48 runs/call=96.0 preads/call=96.0 read=0.791ms fadv/call=0.0 pf_hit=100%(32)
(Worker_TP1 pid=464) [gv2-census] calls=32 rows/call=48 runs/call=96.0 preads/call=96.0 read=0.830ms fadv/call=0.0 pf_hit=100%(32)
(Worker_TP1 pid=464) [gv2-census] calls=32 rows/call=48 runs/call=96.0 preads/call=96.0 read=0.734ms fadv/call=0.0 pf_hit=100%(32)
(Worker_TP1 pid=464) [gv2-census] calls=32 rows/call=177 runs/call=355.0 preads/call=355.0 read=3.571ms fadv/call=264.0 pf_hit=94%(32)
(Worker_TP1 pid=464) [gv2-census] calls=32 rows/call=81 runs/call=163.5 preads/call=163.5 read=2.700ms fadv/call=73.4 pf_hit=96%(30)
(Worker_TP1 pid=464) [gv2-census] calls=32 rows/call=48 runs/call=96.0 preads/call=96.0 read=1.292ms fadv/call=0.0 pf_hit=100%(32)
(Worker_TP1 pid=464) [gv2-census] calls=32 rows/call=48 runs/call=96.0 preads/call=96.0 read=0.729ms fadv/call=0.0 pf_hit=100%(32)
(Worker_TP1 pid=464) [gv2-census] calls=32 rows/call=48 runs/call=96.0 preads/call=96.0 read=0.807ms fadv/call=0.0 pf_hit=100%(32)
(Worker_TP1 pid=464) [gv2-census] calls=32 rows/call=48 runs/call=96.0 preads/call=96.0 read=0.701ms fadv/call=0.0 pf_hit=100%(32)
(Worker_TP1 pid=464) [gv2-census] calls=32 rows/call=211 runs/call=416.4 preads/call=416.4 read=5.158ms fadv/call=331.3 pf_hit=89%(30)
(Worker_TP1 pid=464) [gv2-census] calls=32 rows/call=48 runs/call=96.0 preads/call=96.0 read=0.780ms fadv/call=0.0 pf_hit=100%(32)
(Worker_TP1 pid=464) [gv2-census] calls=32 rows/call=48 runs/call=96.0 preads/call=96.0 read=0.680ms fadv/call=0.0 pf_hit=100%(32)
(Worker_TP1 pid=464) [gv2-census] calls=32 rows/call=48 runs/call=96.0 preads/call=96.0 read=0.888ms fadv/call=0.0 pf_hit=100%(32)
(Worker_TP1 pid=464) [gv2-census] calls=32 rows/call=177 runs/call=334.5 preads/call=334.5 read=2.652ms fadv/call=243.7 pf_hit=94%(32)
(Worker_TP1 pid=464) [gv2-census] calls=32 rows/call=81 runs/call=160.0 preads/call=160.0 read=2.553ms fadv/call=69.9 pf_hit=96%(30)
(Worker_TP1 pid=464) [gv2-census] calls=32 rows/call=113 runs/call=223.0 preads/call=223.0 read=2.625ms fadv/call=132.7 pf_hit=94%(32)
(Worker_TP1 pid=464) [gv2-census] calls=32 rows/call=585 runs/call=1049.5 preads/call=1049.5 read=12.461ms fadv/call=881.2 pf_hit=100%(26)
(Worker_TP1 pid=464) [gv2-census] calls=32 rows/call=591 runs/call=959.5 preads/call=959.5 read=9.257ms fadv/call=798.0 pf_hit=92%(28)
(Worker_TP1 pid=464) [gv2-census] calls=32 rows/call=96 runs/call=186.5 preads/call=186.5 read=2.069ms fadv/call=0.0 pf_hit=100%(32)
(Worker_TP1 pid=464) [gv2-census] calls=32 rows/call=419 runs/call=743.0 preads/call=743.0 read=8.483ms fadv/call=590.2 pf_hit=92%(28)
(Worker_TP1 pid=464) [gv2-census] calls=32 rows/call=96 runs/call=171.5 preads/call=171.5 read=3.028ms fadv/call=0.0 pf_hit=100%(32)
(Worker_TP1 pid=464) [gv2-census] calls=32 rows/call=472 runs/call=809.5 preads/call=809.5 read=10.235ms fadv/call=650.1 pf_hit=93%(30)
(Worker_TP1 pid=464) [gv2-census] calls=32 rows/call=235 runs/call=447.5 preads/call=447.5 read=7.401ms fadv/call=272.2 pf_hit=96%(28)
(Worker_TP1 pid=464) [gv2-census] calls=32 rows/call=244 runs/call=455.0 preads/call=455.0 read=7.468ms fadv/call=279.7 pf_hit=97%(30)
(Worker_TP1 pid=464) [gv2-census] calls=32 rows/call=472 runs/call=801.0 preads/call=801.0 read=10.969ms fadv/call=642.1 pf_hit=92%(28)
(Worker_TP1 pid=464) [gv2-census] calls=32 rows/call=285 runs/call=497.0 preads/call=497.0 read=6.685ms fadv/call=324.3 pf_hit=96%(30)
(Worker_TP1 pid=464) [gv2-census] calls=32 rows/call=207 runs/call=401.5 preads/call=401.5 read=5.682ms fadv/call=228.5 pf_hit=97%(30)
(Worker_TP1 pid=464) [gv2-census] calls=32 rows/call=288 runs/call=529.0 preads/call=529.0 read=7.683ms fadv/call=353.1 pf_hit=97%(30)
(Worker_TP1 pid=464) [gv2-census] calls=32 rows/call=235 runs/call=443.5 preads/call=443.5 read=5.540ms fadv/call=268.3 pf_hit=97%(30)
(Worker_TP1 pid=464) [gv2-census] calls=32 rows/call=270 runs/call=485.0 preads/call=485.0 read=2.942ms fadv/call=309.4 pf_hit=97%(32)
(Worker_TP1 pid=464) [gv2-census] calls=32 rows/call=279 runs/call=489.0 preads/call=489.0 read=6.977ms fadv/call=313.6 pf_hit=96%(28)
(Worker_TP1 pid=464) [gv2-census] calls=32 rows/call=231 runs/call=440.5 preads/call=440.5 read=6.816ms fadv/call=265.9 pf_hit=97%(30)
(Worker_TP1 pid=464) [gv2-census] calls=32 rows/call=446 runs/call=793.5 preads/call=793.5 read=9.115ms fadv/call=633.9 pf_hit=92%(28)
(Worker_TP1 pid=464) [gv2-census] calls=32 rows/call=264 runs/call=491.5 preads/call=491.5 read=6.435ms fadv/call=315.5 pf_hit=97%(30)
(Worker_TP1 pid=464) [gv2-census] calls=32 rows/call=213 runs/call=413.5 preads/call=413.5 read=5.411ms fadv/call=238.7 pf_hit=97%(30)
(Worker_TP1 pid=464) [gv2-census] calls=32 rows/call=408 runs/call=722.5 preads/call=722.5 read=10.012ms fadv/call=563.9 pf_hit=92%(28)
(Worker_TP1 pid=464) [gv2-census] calls=32 rows/call=544 runs/call=976.0 preads/call=976.0 read=15.896ms fadv/call=834.5 pf_hit=91%(26)
(Worker_TP1 pid=464) [gv2-census] calls=32 rows/call=366 runs/call=519.5 preads/call=519.5 read=8.025ms fadv/call=338.0 pf_hit=94%(30)
(Worker_TP1 pid=464) INFO 09-25 01:50:45 [exl3.py:1224] EXL3 fat-chunk slicing ACTIVE (tokens=8001)
(Worker_TP1 pid=464) INFO 09-25 01:50:55 [exl3.py:1224] EXL3 fat-chunk slicing ACTIVE (tokens=8142)
(Worker_TP1 pid=464) INFO 09-25 01:51:05 [exl3.py:1224] EXL3 fat-chunk slicing ACTIVE (tokens=8133)
(Worker_TP1 pid=464) [gv2-census] calls=32 rows/call=18261 runs/call=23566.2 preads/call=23566.2 read=205.170ms fadv/call=20749.5 pf_hit=79%(26)
(Worker_TP1 pid=464) INFO 09-25 01:51:45 [exl3.py:1224] EXL3 fat-chunk slicing ACTIVE (tokens=7726)
(Worker_TP1 pid=464) INFO 09-25 01:52:26 [exl3.py:1224] EXL3 fat-chunk slicing ACTIVE (tokens=7603)
(Worker_TP1 pid=464) [gv2-census] calls=32 rows/call=48375 runs/call=62435.6 preads/call=62435.6 read=601.638ms fadv/call=55196.1 pf_hit=75%(16)
(Worker_TP1 pid=464) INFO 09-25 01:53:06 [exl3.py:1224] EXL3 fat-chunk slicing ACTIVE (tokens=8096)
(Worker_TP1 pid=464) [gv2-census] calls=32 rows/call=24545 runs/call=31216.2 preads/call=31216.2 read=282.506ms fadv/call=27545.9 pf_hit=78%(24)
(Worker_TP1 pid=464) [gv2-census] calls=32 rows/call=48 runs/call=96.0 preads/call=96.0 read=0.721ms fadv/call=0.0 pf_hit=100%(32)
(Worker_TP1 pid=464) [gv2-census] calls=32 rows/call=48 runs/call=96.0 preads/call=96.0 read=1.303ms fadv/call=0.0 pf_hit=100%(32)
(Worker_TP1 pid=464) [gv2-census] calls=32 rows/call=57 runs/call=114.0 preads/call=114.0 read=3.562ms fadv/call=0.0 pf_hit=90%(32)
(Worker_TP1 pid=464) [gv2-census] calls=32 rows/call=48 runs/call=96.0 preads/call=96.0 read=0.756ms fadv/call=0.0 pf_hit=100%(32)
(Worker_TP1 pid=464) [gv2-census] calls=32 rows/call=56 runs/call=112.5 preads/call=112.5 read=4.386ms fadv/call=0.0 pf_hit=90%(32)
(Worker_TP1 pid=464) [gv2-census] calls=32 rows/call=48 runs/call=96.0 preads/call=96.0 read=0.751ms fadv/call=0.0 pf_hit=100%(32)
(Worker_TP1 pid=464) [gv2-census] calls=32 rows/call=48 runs/call=96.0 preads/call=96.0 read=0.798ms fadv/call=0.0 pf_hit=100%(32)
(Worker_TP1 pid=464) [gv2-census] calls=32 rows/call=56 runs/call=112.5 preads/call=112.5 read=3.881ms fadv/call=0.0 pf_hit=90%(32)
(Worker_TP1 pid=464) [gv2-census] calls=32 rows/call=74 runs/call=148.5 preads/call=148.5 read=10.222ms fadv/call=0.0 pf_hit=69%(32)
(Worker_TP1 pid=464) [gv2-census] calls=32 rows/call=48 runs/call=96.0 preads/call=96.0 read=0.834ms fadv/call=0.0 pf_hit=100%(32)
(Worker_TP1 pid=464) [gv2-census] calls=32 rows/call=48 runs/call=96.0 preads/call=96.0 read=0.925ms fadv/call=0.0 pf_hit=100%(32)
(Worker_TP1 pid=464) [gv2-census] calls=32 rows/call=48 runs/call=96.0 preads/call=96.0 read=0.839ms fadv/call=0.0 pf_hit=100%(32)
(Worker_TP1 pid=464) [gv2-census] calls=32 rows/call=54 runs/call=109.5 preads/call=109.5 read=1.853ms fadv/call=0.0 pf_hit=90%(32)
(Worker_TP1 pid=464) [gv2-census] calls=32 rows/call=65 runs/call=130.5 preads/call=130.5 read=5.473ms fadv/call=0.0 pf_hit=90%(32)
(Worker_TP1 pid=464) [gv2-census] calls=32 rows/call=48 runs/call=96.0 preads/call=96.0 read=1.222ms fadv/call=0.0 pf_hit=100%(32)
(Worker_TP1 pid=464) [gv2-census] calls=32 rows/call=56 runs/call=112.5 preads/call=112.5 read=4.278ms fadv/call=0.0 pf_hit=94%(32)
(Worker_TP1 pid=464) [gv2-census] calls=32 rows/call=48 runs/call=96.0 preads/call=96.0 read=1.986ms fadv/call=0.0 pf_hit=96%(32)
(Worker_TP1 pid=464) [gv2-census] calls=32 rows/call=48 runs/call=96.0 preads/call=96.0 read=0.735ms fadv/call=0.0 pf_hit=100%(32)
(Worker_TP1 pid=464) [gv2-census] calls=32 rows/call=48 runs/call=96.0 preads/call=96.0 read=0.752ms fadv/call=0.0 pf_hit=100%(32)
(Worker_TP1 pid=464) [gv2-census] calls=32 rows/call=58 runs/call=117.0 preads/call=117.0 read=4.122ms fadv/call=0.0 pf_hit=90%(32)
(Worker_TP1 pid=464) [gv2-census] calls=32 rows/call=48 runs/call=96.0 preads/call=96.0 read=0.777ms fadv/call=0.0 pf_hit=100%(32)
(Worker_TP1 pid=464) [gv2-census] calls=32 rows/call=48 runs/call=96.0 preads/call=96.0 read=0.822ms fadv/call=0.0 pf_hit=100%(32)
(Worker_TP1 pid=464) [gv2-census] calls=32 rows/call=48 runs/call=96.0 preads/call=96.0 read=0.695ms fadv/call=0.0 pf_hit=100%(32)
(Worker_TP1 pid=464) [gv2-census] calls=32 rows/call=48 runs/call=96.0 preads/call=96.0 read=0.744ms fadv/call=0.0 pf_hit=100%(32)
(Worker_TP1 pid=464) [gv2-census] calls=32 rows/call=58 runs/call=117.0 preads/call=117.0 read=3.857ms fadv/call=0.0 pf_hit=90%(32)
(Worker_TP1 pid=464) [gv2-census] calls=32 rows/call=48 runs/call=96.0 preads/call=96.0 read=0.710ms fadv/call=0.0 pf_hit=100%(32)
(Worker_TP1 pid=464) [gv2-census] calls=32 rows/call=48 runs/call=96.0 preads/call=96.0 read=0.802ms fadv/call=0.0 pf_hit=100%(32)
(Worker_TP1 pid=464) [gv2-census] calls=32 rows/call=57 runs/call=115.5 preads/call=115.5 read=2.722ms fadv/call=0.0 pf_hit=90%(32)
(Worker_TP1 pid=464) [gv2-census] calls=32 rows/call=48 runs/call=96.0 preads/call=96.0 read=1.390ms fadv/call=0.0 pf_hit=100%(32)
(Worker_TP1 pid=464) [gv2-census] calls=32 rows/call=57 runs/call=114.0 preads/call=114.0 read=2.558ms fadv/call=0.0 pf_hit=94%(32)
(Worker_TP1 pid=464) [gv2-census] calls=32 rows/call=48 runs/call=96.0 preads/call=96.0 read=1.582ms fadv/call=0.0 pf_hit=96%(32)
(Worker_TP1 pid=464) [gv2-census] calls=32 rows/call=48 runs/call=96.0 preads/call=96.0 read=1.432ms fadv/call=0.0 pf_hit=100%(32)
(Worker_TP1 pid=464) [gv2-census] calls=32 rows/call=56 runs/call=112.5 preads/call=112.5 read=1.914ms fadv/call=0.0 pf_hit=90%(32)
(Worker_TP1 pid=464) [gv2-census] calls=32 rows/call=48 runs/call=96.0 preads/call=96.0 read=1.234ms fadv/call=0.0 pf_hit=100%(32)
(Worker_TP1 pid=464) [gv2-census] calls=32 rows/call=56 runs/call=112.5 preads/call=112.5 read=0.776ms fadv/call=0.0 pf_hit=90%(32)
(Worker_TP1 pid=464) [gv2-census] calls=32 rows/call=58 runs/call=117.0 preads/call=117.0 read=0.848ms fadv/call=0.0 pf_hit=94%(32)
(Worker_TP1 pid=464) [gv2-census] calls=32 rows/call=63 runs/call=127.5 preads/call=127.5 read=3.048ms fadv/call=0.0 pf_hit=75%(32)
(Worker_TP1 pid=464) [gv2-census] calls=32 rows/call=48 runs/call=96.0 preads/call=96.0 read=1.465ms fadv/call=0.0 pf_hit=100%(32)
(Worker_TP1 pid=464) [gv2-census] calls=32 rows/call=48 runs/call=96.0 preads/call=96.0 read=1.465ms fadv/call=0.0 pf_hit=100%(32)
(Worker_TP1 pid=464) [gv2-census] calls=32 rows/call=48 runs/call=96.0 preads/call=96.0 read=0.843ms fadv/call=0.0 pf_hit=100%(32)
(Worker_TP1 pid=464) [gv2-census] calls=32 rows/call=54 runs/call=109.5 preads/call=109.5 read=2.430ms fadv/call=0.0 pf_hit=90%(32)
(Worker_TP1 pid=464) [gv2-census] calls=32 rows/call=65 runs/call=130.5 preads/call=130.5 read=2.025ms fadv/call=0.0 pf_hit=90%(32)
(Worker_TP1 pid=464) [gv2-census] calls=32 rows/call=48 runs/call=96.0 preads/call=96.0 read=1.900ms fadv/call=0.0 pf_hit=100%(32)
(Worker_TP1 pid=464) [gv2-census] calls=32 rows/call=48 runs/call=96.0 preads/call=96.0 read=1.323ms fadv/call=0.0 pf_hit=100%(32)
(Worker_TP1 pid=464) [gv2-census] calls=32 rows/call=56 runs/call=112.5 preads/call=112.5 read=2.244ms fadv/call=0.0 pf_hit=90%(32)
(Worker_TP1 pid=464) [gv2-census] calls=32 rows/call=48 runs/call=96.0 preads/call=96.0 read=1.412ms fadv/call=0.0 pf_hit=100%(32)
(Worker_TP1 pid=464) [gv2-census] calls=32 rows/call=48 runs/call=96.0 preads/call=96.0 read=0.884ms fadv/call=0.0 pf_hit=100%(32)
(Worker_TP1 pid=464) [gv2-census] calls=32 rows/call=58 runs/call=117.0 preads/call=117.0 read=1.041ms fadv/call=0.0 pf_hit=90%(32)
(Worker_TP1 pid=464) [gv2-census] calls=32 rows/call=48 runs/call=96.0 preads/call=96.0 read=2.102ms fadv/call=0.0 pf_hit=100%(32)
(Worker_TP1 pid=464) [gv2-census] calls=32 rows/call=48 runs/call=96.0 preads/call=96.0 read=0.893ms fadv/call=0.0 pf_hit=100%(32)
(Worker_TP1 pid=464) [gv2-census] calls=32 rows/call=48 runs/call=96.0 preads/call=96.0 read=0.830ms fadv/call=0.0 pf_hit=100%(32)
(Worker_TP1 pid=464) [gv2-census] calls=32 rows/call=48 runs/call=96.0 preads/call=96.0 read=0.969ms fadv/call=0.0 pf_hit=100%(32)
(Worker_TP1 pid=464) [gv2-census] calls=32 rows/call=58 runs/call=117.0 preads/call=117.0 read=1.150ms fadv/call=0.0 pf_hit=90%(32)
(Worker_TP1 pid=464) [gv2-census] calls=32 rows/call=48 runs/call=96.0 preads/call=96.0 read=1.923ms fadv/call=0.0 pf_hit=100%(32)
(Worker_TP1 pid=464) [gv2-census] calls=32 rows/call=48 runs/call=96.0 preads/call=96.0 read=0.813ms fadv/call=0.0 pf_hit=100%(32)
(Worker_TP1 pid=464) [gv2-census] calls=32 rows/call=147 runs/call=171.5 preads/call=171.5 read=11.376ms fadv/call=4.5 pf_hit=74%(30)
(Worker_TP1 pid=464) [gv2-census] calls=32 rows/call=96 runs/call=192.0 preads/call=192.0 read=3.110ms fadv/call=0.0 pf_hit=96%(32)
(Worker_TP1 pid=464) [gv2-census] calls=32 rows/call=96 runs/call=192.0 preads/call=192.0 read=1.434ms fadv/call=0.0 pf_hit=100%(32)
(Worker_TP1 pid=464) [gv2-census] calls=32 rows/call=96 runs/call=192.0 preads/call=192.0 read=1.552ms fadv/call=0.0 pf_hit=100%(32)
(Worker_TP1 pid=464) [gv2-census] calls=32 rows/call=96 runs/call=192.0 preads/call=192.0 read=1.592ms fadv/call=0.0 pf_hit=100%(32)
(Worker_TP1 pid=464) [gv2-census] calls=32 rows/call=96 runs/call=192.0 preads/call=192.0 read=1.762ms fadv/call=0.0 pf_hit=100%(32)
(Worker_TP1 pid=464) [gv2-census] calls=32 rows/call=96 runs/call=192.0 preads/call=192.0 read=1.695ms fadv/call=0.0 pf_hit=100%(32)
(Worker_TP1 pid=464) [gv2-census] calls=32 rows/call=84 runs/call=168.0 preads/call=168.0 read=1.232ms fadv/call=0.0 pf_hit=97%(32)
(Worker_TP1 pid=464) [gv2-census] calls=32 rows/call=48 runs/call=96.0 preads/call=96.0 read=0.836ms fadv/call=0.0 pf_hit=100%(32)
(Worker_TP1 pid=464) [gv2-census] calls=32 rows/call=48 runs/call=96.0 preads/call=96.0 read=0.831ms fadv/call=0.0 pf_hit=100%(32)
(Worker_TP1 pid=464) [gv2-census] calls=32 rows/call=105 runs/call=208.0 preads/call=208.0 read=7.393ms fadv/call=0.0 pf_hit=92%(32)
(Worker_TP1 pid=464) [gv2-census] calls=32 rows/call=96 runs/call=192.0 preads/call=192.0 read=1.710ms fadv/call=0.0 pf_hit=100%(32)
(Worker_TP1 pid=464) [gv2-census] calls=32 rows/call=96 runs/call=192.0 preads/call=192.0 read=1.635ms fadv/call=0.0 pf_hit=100%(32)
(Worker_TP1 pid=464) [gv2-census] calls=32 rows/call=96 runs/call=192.0 preads/call=192.0 read=1.739ms fadv/call=0.0 pf_hit=100%(32)
(Worker_TP1 pid=464) [gv2-census] calls=32 rows/call=96 runs/call=192.0 preads/call=192.0 read=1.802ms fadv/call=0.0 pf_hit=100%(32)
(Worker_TP1 pid=464) [gv2-census] calls=32 rows/call=96 runs/call=192.0 preads/call=192.0 read=1.480ms fadv/call=0.0 pf_hit=100%(32)
(Worker_TP1 pid=464) [gv2-census] calls=32 rows/call=90 runs/call=180.0 preads/call=180.0 read=1.498ms fadv/call=0.0 pf_hit=97%(32)
(Worker_TP1 pid=464) [gv2-census] calls=32 rows/call=48 runs/call=96.0 preads/call=96.0 read=0.949ms fadv/call=0.0 pf_hit=100%(32)
(Worker_TP1 pid=464) [gv2-census] calls=32 rows/call=105 runs/call=208.0 preads/call=208.0 read=5.543ms fadv/call=0.0 pf_hit=92%(32)
(Worker_TP1 pid=464) [gv2-census] calls=32 rows/call=96 runs/call=192.0 preads/call=192.0 read=1.426ms fadv/call=0.0 pf_hit=100%(32)
(Worker_TP1 pid=464) [gv2-census] calls=32 rows/call=96 runs/call=192.0 preads/call=192.0 read=1.688ms fadv/call=0.0 pf_hit=100%(32)
(Worker_TP1 pid=464) [gv2-census] calls=32 rows/call=96 runs/call=192.0 preads/call=192.0 read=1.551ms fadv/call=0.0 pf_hit=100%(32)
(Worker_TP1 pid=464) [gv2-census] calls=32 rows/call=96 runs/call=192.0 preads/call=192.0 read=1.542ms fadv/call=0.0 pf_hit=100%(32)
(Worker_TP1 pid=464) [gv2-census] calls=32 rows/call=96 runs/call=192.0 preads/call=192.0 read=1.582ms fadv/call=0.0 pf_hit=100%(32)
(Worker_TP1 pid=464) [gv2-census] calls=32 rows/call=96 runs/call=192.0 preads/call=192.0 read=1.659ms fadv/call=0.0 pf_hit=100%(32)
(Worker_TP1 pid=464) [gv2-census] calls=32 rows/call=93 runs/call=186.0 preads/call=186.0 read=1.649ms fadv/call=0.0 pf_hit=97%(32)
(Worker_TP1 pid=464) [gv2-census] calls=32 rows/call=111 runs/call=220.5 preads/call=220.5 read=6.094ms fadv/call=0.0 pf_hit=92%(32)
(Worker_TP1 pid=464) [gv2-census] calls=32 rows/call=96 runs/call=192.0 preads/call=192.0 read=1.657ms fadv/call=0.0 pf_hit=100%(32)
(Worker_TP1 pid=464) [gv2-census] calls=32 rows/call=75 runs/call=150.0 preads/call=150.0 read=1.215ms fadv/call=0.0 pf_hit=96%(32)
(Worker_TP1 pid=464) [gv2-census] calls=32 rows/call=48 runs/call=96.0 preads/call=96.0 read=1.007ms fadv/call=0.0 pf_hit=100%(32)
(Worker_TP1 pid=464) [gv2-census] calls=32 rows/call=48 runs/call=96.0 preads/call=96.0 read=0.868ms fadv/call=0.0 pf_hit=100%(32)
(Worker_TP1 pid=464) [gv2-census] calls=32 rows/call=48 runs/call=96.0 preads/call=96.0 read=0.897ms fadv/call=0.0 pf_hit=100%(32)
(Worker_TP1 pid=464) [gv2-census] calls=32 rows/call=79 runs/call=154.0 preads/call=154.0 read=6.684ms fadv/call=0.0 pf_hit=88%(32)
(Worker_TP1 pid=464) [gv2-census] calls=32 rows/call=96 runs/call=192.0 preads/call=192.0 read=1.516ms fadv/call=0.0 pf_hit=100%(32)
(Worker_TP1 pid=464) [gv2-census] calls=32 rows/call=96 runs/call=192.0 preads/call=192.0 read=1.480ms fadv/call=0.0 pf_hit=100%(32)
(Worker_TP1 pid=464) [gv2-census] calls=32 rows/call=96 runs/call=192.0 preads/call=192.0 read=1.382ms fadv/call=0.0 pf_hit=100%(32)
(Worker_TP1 pid=464) [gv2-census] calls=32 rows/call=96 runs/call=192.0 preads/call=192.0 read=1.294ms fadv/call=0.0 pf_hit=100%(32)
(Worker_TP1 pid=464) [gv2-census] calls=32 rows/call=96 runs/call=192.0 preads/call=192.0 read=1.443ms fadv/call=0.0 pf_hit=100%(32)
(Worker_TP1 pid=464) [gv2-census] calls=32 rows/call=96 runs/call=192.0 preads/call=192.0 read=1.387ms fadv/call=0.0 pf_hit=100%(32)
(Worker_TP1 pid=464) [gv2-census] calls=32 rows/call=100 runs/call=198.0 preads/call=198.0 read=5.220ms fadv/call=0.0 pf_hit=88%(32)
(Worker_TP1 pid=464) [gv2-census] calls=32 rows/call=96 runs/call=192.0 preads/call=192.0 read=1.367ms fadv/call=0.0 pf_hit=100%(32)
(Worker_TP1 pid=464) [gv2-census] calls=32 rows/call=96 runs/call=192.0 preads/call=192.0 read=1.613ms fadv/call=0.0 pf_hit=100%(32)
(Worker_TP1 pid=464) [gv2-census] calls=32 rows/call=96 runs/call=192.0 preads/call=192.0 read=1.547ms fadv/call=0.0 pf_hit=100%(32)
(Worker_TP1 pid=464) [gv2-census] calls=32 rows/call=96 runs/call=192.0 preads/call=192.0 read=1.444ms fadv/call=0.0 pf_hit=100%(32)
(Worker_TP1 pid=464) [gv2-census] calls=32 rows/call=96 runs/call=192.0 preads/call=192.0 read=1.636ms fadv/call=0.0 pf_hit=100%(32)
(Worker_TP1 pid=464) [gv2-census] calls=32 rows/call=96 runs/call=192.0 preads/call=192.0 read=1.553ms fadv/call=0.0 pf_hit=100%(32)
(Worker_TP1 pid=464) [gv2-census] calls=32 rows/call=93 runs/call=187.5 preads/call=187.5 read=1.966ms fadv/call=91.3 pf_hit=85%(32)
(Worker_TP1 pid=464) [gv2-census] calls=32 rows/call=48 runs/call=96.0 preads/call=96.0 read=1.376ms fadv/call=0.0 pf_hit=100%(32)
(Worker_TP1 pid=464) [gv2-census] calls=32 rows/call=48 runs/call=96.0 preads/call=96.0 read=1.973ms fadv/call=0.0 pf_hit=100%(32)
(Worker_TP1 pid=464) [gv2-census] calls=32 rows/call=48 runs/call=96.0 preads/call=96.0 read=1.313ms fadv/call=0.0 pf_hit=100%(32)
(Worker_TP1 pid=464) [gv2-census] calls=32 rows/call=48 runs/call=96.0 preads/call=96.0 read=1.401ms fadv/call=0.0 pf_hit=100%(32)
(Worker_TP1 pid=464) [gv2-census] calls=32 rows/call=48 runs/call=96.0 preads/call=96.0 read=0.940ms fadv/call=0.0 pf_hit=100%(32)
(Worker_TP1 pid=464) [gv2-census] calls=32 rows/call=48 runs/call=96.0 preads/call=96.0 read=0.853ms fadv/call=0.0 pf_hit=100%(32)
(Worker_TP1 pid=464) [gv2-census] calls=32 rows/call=48 runs/call=96.0 preads/call=96.0 read=0.793ms fadv/call=0.0 pf_hit=100%(32)
(Worker_TP1 pid=464) [gv2-census] calls=32 rows/call=48 runs/call=96.0 preads/call=96.0 read=1.393ms fadv/call=0.0 pf_hit=100%(32)
(Worker_TP1 pid=464) [gv2-census] calls=32 rows/call=48 runs/call=96.0 preads/call=96.0 read=0.893ms fadv/call=0.0 pf_hit=100%(32)
(Worker_TP1 pid=464) [gv2-census] calls=32 rows/call=48 runs/call=96.0 preads/call=96.0 read=0.751ms fadv/call=0.0 pf_hit=100%(32)
(Worker_TP1 pid=464) [gv2-census] calls=32 rows/call=48 runs/call=96.0 preads/call=96.0 read=1.002ms fadv/call=0.0 pf_hit=100%(32)
(Worker_TP1 pid=464) [gv2-census] calls=32 rows/call=48 runs/call=96.0 preads/call=96.0 read=0.954ms fadv/call=0.0 pf_hit=100%(32)
(Worker_TP1 pid=464) [gv2-census] calls=32 rows/call=48 runs/call=96.0 preads/call=96.0 read=0.826ms fadv/call=0.0 pf_hit=100%(32)
(Worker_TP1 pid=464) [gv2-census] calls=32 rows/call=48 runs/call=96.0 preads/call=96.0 read=0.769ms fadv/call=0.0 pf_hit=100%(32)
(Worker_TP1 pid=464) [gv2-census] calls=32 rows/call=90 runs/call=181.5 preads/call=181.5 read=1.724ms fadv/call=91.3 pf_hit=90%(32)
(Worker_TP1 pid=464) [gv2-census] calls=32 rows/call=48 runs/call=96.0 preads/call=96.0 read=1.358ms fadv/call=0.0 pf_hit=100%(32)
(Worker_TP1 pid=464) [gv2-census] calls=32 rows/call=48 runs/call=96.0 preads/call=96.0 read=1.418ms fadv/call=0.0 pf_hit=100%(32)
(Worker_TP1 pid=464) [gv2-census] calls=32 rows/call=48 runs/call=96.0 preads/call=96.0 read=0.787ms fadv/call=0.0 pf_hit=100%(32)
(Worker_TP1 pid=464) [gv2-census] calls=32 rows/call=48 runs/call=96.0 preads/call=96.0 read=0.816ms fadv/call=0.0 pf_hit=100%(32)
(Worker_TP1 pid=464) [gv2-census] calls=32 rows/call=48 runs/call=96.0 preads/call=96.0 read=0.939ms fadv/call=0.0 pf_hit=100%(32)
(Worker_TP1 pid=464) [gv2-census] calls=32 rows/call=48 runs/call=96.0 preads/call=96.0 read=0.822ms fadv/call=0.0 pf_hit=100%(32)
(Worker_TP1 pid=464) [gv2-census] calls=32 rows/call=48 runs/call=96.0 preads/call=96.0 read=0.866ms fadv/call=0.0 pf_hit=100%(32)
(Worker_TP1 pid=464) [gv2-census] calls=32 rows/call=48 runs/call=96.0 preads/call=96.0 read=0.761ms fadv/call=0.0 pf_hit=100%(32)
(Worker_TP1 pid=464) [gv2-census] calls=32 rows/call=48 runs/call=96.0 preads/call=96.0 read=0.896ms fadv/call=0.0 pf_hit=100%(32)
(Worker_TP1 pid=464) [gv2-census] calls=32 rows/call=48 runs/call=96.0 preads/call=96.0 read=0.820ms fadv/call=0.0 pf_hit=100%(32)
(Worker_TP1 pid=464) [gv2-census] calls=32 rows/call=48 runs/call=96.0 preads/call=96.0 read=0.935ms fadv/call=0.0 pf_hit=100%(32)
(Worker_TP1 pid=464) [gv2-census] calls=32 rows/call=48 runs/call=96.0 preads/call=96.0 read=0.775ms fadv/call=0.0 pf_hit=100%(32)
(Worker_TP1 pid=464) [gv2-census] calls=32 rows/call=48 runs/call=96.0 preads/call=96.0 read=0.947ms fadv/call=0.0 pf_hit=100%(32)
(Worker_TP1 pid=464) [gv2-census] calls=32 rows/call=48 runs/call=96.0 preads/call=96.0 read=0.917ms fadv/call=0.0 pf_hit=100%(32)
(Worker_TP1 pid=464) [gv2-census] calls=32 rows/call=90 runs/call=181.5 preads/call=181.5 read=2.446ms fadv/call=91.3 pf_hit=90%(32)
(Worker_TP1 pid=464) [gv2-census] calls=32 rows/call=48 runs/call=96.0 preads/call=96.0 read=1.522ms fadv/call=0.0 pf_hit=100%(32)
(Worker_TP1 pid=464) [gv2-census] calls=32 rows/call=48 runs/call=96.0 preads/call=96.0 read=0.806ms fadv/call=0.0 pf_hit=100%(32)
(Worker_TP1 pid=464) [gv2-census] calls=32 rows/call=48 runs/call=96.0 preads/call=96.0 read=0.813ms fadv/call=0.0 pf_hit=100%(32)
(Worker_TP1 pid=464) [gv2-census] calls=32 rows/call=48 runs/call=96.0 preads/call=96.0 read=0.934ms fadv/call=0.0 pf_hit=100%(32)
(Worker_TP1 pid=464) [gv2-census] calls=32 rows/call=48 runs/call=96.0 preads/call=96.0 read=1.297ms fadv/call=0.0 pf_hit=100%(32)
(Worker_TP1 pid=464) [gv2-census] calls=32 rows/call=48 runs/call=96.0 preads/call=96.0 read=0.844ms fadv/call=0.0 pf_hit=100%(32)
(Worker_TP1 pid=464) [gv2-census] calls=32 rows/call=48 runs/call=96.0 preads/call=96.0 read=0.960ms fadv/call=0.0 pf_hit=100%(32)
(Worker_TP1 pid=464) [gv2-census] calls=32 rows/call=48 runs/call=96.0 preads/call=96.0 read=0.875ms fadv/call=0.0 pf_hit=100%(32)
(Worker_TP1 pid=464) [gv2-census] calls=32 rows/call=48 runs/call=96.0 preads/call=96.0 read=0.956ms fadv/call=0.0 pf_hit=100%(32)
(Worker_TP1 pid=464) [gv2-census] calls=32 rows/call=48 runs/call=96.0 preads/call=96.0 read=1.974ms fadv/call=0.0 pf_hit=100%(32)
(Worker_TP1 pid=464) [gv2-census] calls=32 rows/call=48 runs/call=96.0 preads/call=96.0 read=0.981ms fadv/call=0.0 pf_hit=100%(32)
(Worker_TP1 pid=464) [gv2-census] calls=32 rows/call=48 runs/call=96.0 preads/call=96.0 read=0.976ms fadv/call=0.0 pf_hit=100%(32)
(Worker_TP1 pid=464) [gv2-census] calls=32 rows/call=48 runs/call=96.0 preads/call=96.0 read=0.951ms fadv/call=0.0 pf_hit=100%(32)
(Worker_TP1 pid=464) [gv2-census] calls=32 rows/call=48 runs/call=96.0 preads/call=96.0 read=0.868ms fadv/call=0.0 pf_hit=100%(32)
(Worker_TP1 pid=464) [gv2-census] calls=32 rows/call=90 runs/call=181.5 preads/call=181.5 read=1.949ms fadv/call=91.3 pf_hit=90%(32)
(Worker_TP1 pid=464) [gv2-census] calls=32 rows/call=48 runs/call=96.0 preads/call=96.0 read=1.372ms fadv/call=0.0 pf_hit=100%(32)
(Worker_TP1 pid=464) [gv2-census] calls=32 rows/call=48 runs/call=96.0 preads/call=96.0 read=2.028ms fadv/call=0.0 pf_hit=100%(32)
(Worker_TP1 pid=464) [gv2-census] calls=32 rows/call=48 runs/call=96.0 preads/call=96.0 read=1.031ms fadv/call=0.0 pf_hit=100%(32)
(Worker_TP1 pid=464) [gv2-census] calls=32 rows/call=48 runs/call=96.0 preads/call=96.0 read=1.008ms fadv/call=0.0 pf_hit=100%(32)
(Worker_TP1 pid=464) [gv2-census] calls=32 rows/call=48 runs/call=96.0 preads/call=96.0 read=1.556ms fadv/call=0.0 pf_hit=100%(32)
(Worker_TP1 pid=464) [gv2-census] calls=32 rows/call=48 runs/call=96.0 preads/call=96.0 read=1.014ms fadv/call=0.0 pf_hit=100%(32)
(Worker_TP1 pid=464) [gv2-census] calls=32 rows/call=48 runs/call=96.0 preads/call=96.0 read=0.841ms fadv/call=0.0 pf_hit=100%(32)
(Worker_TP1 pid=464) [gv2-census] calls=32 rows/call=48 runs/call=96.0 preads/call=96.0 read=0.868ms fadv/call=0.0 pf_hit=100%(32)
(Worker_TP1 pid=464) [gv2-census] calls=32 rows/call=48 runs/call=96.0 preads/call=96.0 read=0.900ms fadv/call=0.0 pf_hit=100%(32)
(Worker_TP1 pid=464) [gv2-census] calls=32 rows/call=48 runs/call=96.0 preads/call=96.0 read=0.935ms fadv/call=0.0 pf_hit=100%(32)
(Worker_TP1 pid=464) [gv2-census] calls=32 rows/call=48 runs/call=96.0 preads/call=96.0 read=0.832ms fadv/call=0.0 pf_hit=100%(32)
(Worker_TP1 pid=464) [gv2-census] calls=32 rows/call=48 runs/call=96.0 preads/call=96.0 read=0.924ms fadv/call=0.0 pf_hit=100%(32)
(Worker_TP1 pid=464) [gv2-census] calls=32 rows/call=48 runs/call=96.0 preads/call=96.0 read=0.865ms fadv/call=0.0 pf_hit=100%(32)
(Worker_TP1 pid=464) [gv2-census] calls=32 rows/call=48 runs/call=96.0 preads/call=96.0 read=0.991ms fadv/call=0.0 pf_hit=100%(32)
(Worker_TP1 pid=464) [gv2-census] calls=32 rows/call=90 runs/call=181.5 preads/call=181.5 read=2.849ms fadv/call=91.3 pf_hit=90%(32)
(Worker_TP1 pid=464) [gv2-census] calls=32 rows/call=48 runs/call=96.0 preads/call=96.0 read=1.478ms fadv/call=0.0 pf_hit=100%(32)
(Worker_TP1 pid=464) [gv2-census] calls=32 rows/call=48 runs/call=96.0 preads/call=96.0 read=0.912ms fadv/call=0.0 pf_hit=100%(32)
(Worker_TP1 pid=464) [gv2-census] calls=32 rows/call=48 runs/call=96.0 preads/call=96.0 read=2.049ms fadv/call=0.0 pf_hit=100%(32)
(Worker_TP1 pid=464) [gv2-census] calls=32 rows/call=48 runs/call=96.0 preads/call=96.0 read=0.918ms fadv/call=0.0 pf_hit=100%(32)
(Worker_TP1 pid=464) [gv2-census] calls=32 rows/call=48 runs/call=96.0 preads/call=96.0 read=0.909ms fadv/call=0.0 pf_hit=100%(32)
(Worker_TP1 pid=464) [gv2-census] calls=32 rows/call=48 runs/call=96.0 preads/call=96.0 read=0.903ms fadv/call=0.0 pf_hit=100%(32)
(Worker_TP1 pid=464) [gv2-census] calls=32 rows/call=48 runs/call=96.0 preads/call=96.0 read=1.450ms fadv/call=0.0 pf_hit=100%(32)
(Worker_TP1 pid=464) [gv2-census] calls=32 rows/call=48 runs/call=96.0 preads/call=96.0 read=1.027ms fadv/call=0.0 pf_hit=100%(32)
(Worker_TP1 pid=464) [gv2-census] calls=32 rows/call=48 runs/call=96.0 preads/call=96.0 read=0.992ms fadv/call=0.0 pf_hit=100%(32)
(Worker_TP1 pid=464) [gv2-census] calls=32 rows/call=48 runs/call=96.0 preads/call=96.0 read=1.515ms fadv/call=0.0 pf_hit=100%(32)
(Worker_TP1 pid=464) [gv2-census] calls=32 rows/call=48 runs/call=96.0 preads/call=96.0 read=1.370ms fadv/call=0.0 pf_hit=100%(32)
(Worker_TP1 pid=464) [gv2-census] calls=32 rows/call=48 runs/call=96.0 preads/call=96.0 read=0.978ms fadv/call=0.0 pf_hit=100%(32)
(Worker_TP1 pid=464) [gv2-census] calls=32 rows/call=48 runs/call=96.0 preads/call=96.0 read=0.865ms fadv/call=0.0 pf_hit=100%(32)
(Worker_TP1 pid=464) [gv2-census] calls=32 rows/call=48 runs/call=96.0 preads/call=96.0 read=0.914ms fadv/call=0.0 pf_hit=100%(32)
(Worker_TP1 pid=464) [gv2-census] calls=32 rows/call=48 runs/call=96.0 preads/call=96.0 read=0.846ms fadv/call=0.0 pf_hit=100%(32)
(Worker_TP1 pid=464) [gv2-census] calls=32 rows/call=90 runs/call=181.5 preads/call=181.5 read=1.459ms fadv/call=91.3 pf_hit=90%(32)
(Worker_TP1 pid=464) [gv2-census] calls=32 rows/call=48 runs/call=96.0 preads/call=96.0 read=1.276ms fadv/call=0.0 pf_hit=100%(32)
(Worker_TP1 pid=464) [gv2-census] calls=32 rows/call=48 runs/call=96.0 preads/call=96.0 read=0.638ms fadv/call=0.0 pf_hit=100%(32)
(Worker_TP1 pid=464) [gv2-census] calls=32 rows/call=48 runs/call=96.0 preads/call=96.0 read=0.738ms fadv/call=0.0 pf_hit=100%(32)
(Worker_TP1 pid=464) [gv2-census] calls=32 rows/call=48 runs/call=96.0 preads/call=96.0 read=0.704ms fadv/call=0.0 pf_hit=100%(32)
(Worker_TP1 pid=464) [gv2-census] calls=32 rows/call=48 runs/call=96.0 preads/call=96.0 read=0.886ms fadv/call=0.0 pf_hit=100%(32)
(Worker_TP1 pid=464) [gv2-census] calls=32 rows/call=48 runs/call=96.0 preads/call=96.0 read=0.662ms fadv/call=0.0 pf_hit=100%(32)
(Worker_TP1 pid=464) [gv2-census] calls=32 rows/call=48 runs/call=96.0 preads/call=96.0 read=0.856ms fadv/call=0.0 pf_hit=100%(32)
(Worker_TP1 pid=464) [gv2-census] calls=32 rows/call=48 runs/call=96.0 preads/call=96.0 read=0.767ms fadv/call=0.0 pf_hit=100%(32)
(Worker_TP1 pid=464) [gv2-census] calls=32 rows/call=48 runs/call=96.0 preads/call=96.0 read=0.725ms fadv/call=0.0 pf_hit=100%(32)
(Worker_TP1 pid=464) [gv2-census] calls=32 rows/call=48 runs/call=96.0 preads/call=96.0 read=0.827ms fadv/call=0.0 pf_hit=100%(32)
(Worker_TP1 pid=464) [gv2-census] calls=32 rows/call=48 runs/call=96.0 preads/call=96.0 read=0.847ms fadv/call=0.0 pf_hit=100%(32)
(Worker_TP1 pid=464) [gv2-census] calls=32 rows/call=48 runs/call=96.0 preads/call=96.0 read=0.750ms fadv/call=0.0 pf_hit=100%(32)
(Worker_TP1 pid=464) [gv2-census] calls=32 rows/call=48 runs/call=96.0 preads/call=96.0 read=0.781ms fadv/call=0.0 pf_hit=100%(32)
(Worker_TP1 pid=464) [gv2-census] calls=32 rows/call=48 runs/call=96.0 preads/call=96.0 read=0.837ms fadv/call=0.0 pf_hit=100%(32)
(Worker_TP1 pid=464) [gv2-census] calls=32 rows/call=90 runs/call=181.5 preads/call=181.5 read=1.585ms fadv/call=91.3 pf_hit=90%(32)
(Worker_TP1 pid=464) [gv2-census] calls=32 rows/call=48 runs/call=96.0 preads/call=96.0 read=1.740ms fadv/call=0.0 pf_hit=100%(32)
(Worker_TP1 pid=464) [gv2-census] calls=32 rows/call=48 runs/call=96.0 preads/call=96.0 read=1.286ms fadv/call=0.0 pf_hit=100%(32)
(Worker_TP1 pid=464) [gv2-census] calls=32 rows/call=48 runs/call=96.0 preads/call=96.0 read=1.212ms fadv/call=0.0 pf_hit=100%(32)
(Worker_TP1 pid=464) [gv2-census] calls=32 rows/call=48 runs/call=96.0 preads/call=96.0 read=0.902ms fadv/call=0.0 pf_hit=100%(32)
(Worker_TP1 pid=464) [gv2-census] calls=32 rows/call=48 runs/call=96.0 preads/call=96.0 read=0.735ms fadv/call=0.0 pf_hit=100%(32)
(Worker_TP1 pid=464) [gv2-census] calls=32 rows/call=48 runs/call=96.0 preads/call=96.0 read=0.802ms fadv/call=0.0 pf_hit=100%(32)
(Worker_TP1 pid=464) [gv2-census] calls=32 rows/call=48 runs/call=96.0 preads/call=96.0 read=1.334ms fadv/call=0.0 pf_hit=100%(32)
(Worker_TP1 pid=464) [gv2-census] calls=32 rows/call=48 runs/call=96.0 preads/call=96.0 read=0.771ms fadv/call=0.0 pf_hit=100%(32)
(Worker_TP1 pid=464) [gv2-census] calls=32 rows/call=48 runs/call=96.0 preads/call=96.0 read=0.724ms fadv/call=0.0 pf_hit=100%(32)
(Worker_TP1 pid=464) [gv2-census] calls=32 rows/call=48 runs/call=96.0 preads/call=96.0 read=0.905ms fadv/call=0.0 pf_hit=100%(32)
(Worker_TP1 pid=464) [gv2-census] calls=32 rows/call=48 runs/call=96.0 preads/call=96.0 read=0.746ms fadv/call=0.0 pf_hit=100%(32)
(Worker_TP1 pid=464) [gv2-census] calls=32 rows/call=48 runs/call=96.0 preads/call=96.0 read=1.283ms fadv/call=0.0 pf_hit=100%(32)
(Worker_TP1 pid=464) [gv2-census] calls=32 rows/call=48 runs/call=96.0 preads/call=96.0 read=0.709ms fadv/call=0.0 pf_hit=100%(32)
(Worker_TP1 pid=464) [gv2-census] calls=32 rows/call=48 runs/call=96.0 preads/call=96.0 read=1.317ms fadv/call=0.0 pf_hit=100%(32)
(Worker_TP1 pid=464) [gv2-census] calls=32 rows/call=48 runs/call=96.0 preads/call=96.0 read=0.836ms fadv/call=0.0 pf_hit=100%(32)
(Worker_TP1 pid=464) [gv2-census] calls=32 rows/call=90 runs/call=181.5 preads/call=181.5 read=2.144ms fadv/call=91.3 pf_hit=90%(32)
(Worker_TP1 pid=464) [gv2-census] calls=32 rows/call=48 runs/call=96.0 preads/call=96.0 read=0.678ms fadv/call=0.0 pf_hit=100%(32)
(Worker_TP1 pid=464) [gv2-census] calls=32 rows/call=48 runs/call=96.0 preads/call=96.0 read=0.831ms fadv/call=0.0 pf_hit=100%(32)
(Worker_TP1 pid=464) [gv2-census] calls=32 rows/call=48 runs/call=96.0 preads/call=96.0 read=2.380ms fadv/call=0.0 pf_hit=100%(32)
(Worker_TP1 pid=464) [gv2-census] calls=32 rows/call=48 runs/call=96.0 preads/call=96.0 read=0.819ms fadv/call=0.0 pf_hit=100%(32)
(Worker_TP1 pid=464) [gv2-census] calls=32 rows/call=48 runs/call=96.0 preads/call=96.0 read=0.849ms fadv/call=0.0 pf_hit=100%(32)
(Worker_TP1 pid=464) [gv2-census] calls=32 rows/call=48 runs/call=96.0 preads/call=96.0 read=1.322ms fadv/call=0.0 pf_hit=100%(32)
(Worker_TP1 pid=464) [gv2-census] calls=32 rows/call=48 runs/call=96.0 preads/call=96.0 read=1.344ms fadv/call=0.0 pf_hit=100%(32)
(Worker_TP1 pid=464) [gv2-census] calls=32 rows/call=48 runs/call=96.0 preads/call=96.0 read=1.271ms fadv/call=0.0 pf_hit=100%(32)
(Worker_TP1 pid=464) [gv2-census] calls=32 rows/call=48 runs/call=96.0 preads/call=96.0 read=0.712ms fadv/call=0.0 pf_hit=100%(32)
(Worker_TP1 pid=464) [gv2-census] calls=32 rows/call=48 runs/call=96.0 preads/call=96.0 read=0.791ms fadv/call=0.0 pf_hit=100%(32)
(Worker_TP1 pid=464) [gv2-census] calls=32 rows/call=48 runs/call=96.0 preads/call=96.0 read=1.465ms fadv/call=0.0 pf_hit=100%(32)
(Worker_TP1 pid=464) [gv2-census] calls=32 rows/call=48 runs/call=96.0 preads/call=96.0 read=0.859ms fadv/call=0.0 pf_hit=100%(32)
(Worker_TP1 pid=464) [gv2-census] calls=32 rows/call=48 runs/call=96.0 preads/call=96.0 read=0.699ms fadv/call=0.0 pf_hit=100%(32)
(Worker_TP1 pid=464) [gv2-census] calls=32 rows/call=90 runs/call=181.5 preads/call=181.5 read=1.772ms fadv/call=91.3 pf_hit=94%(32)
(Worker_TP1 pid=464) [gv2-census] calls=32 rows/call=48 runs/call=96.0 preads/call=96.0 read=1.470ms fadv/call=0.0 pf_hit=96%(32)
(Worker_TP1 pid=464) [gv2-census] calls=32 rows/call=48 runs/call=96.0 preads/call=96.0 read=1.449ms fadv/call=0.0 pf_hit=100%(32)
(Worker_TP1 pid=464) [gv2-census] calls=32 rows/call=48 runs/call=96.0 preads/call=96.0 read=0.729ms fadv/call=0.0 pf_hit=100%(32)
(Worker_TP1 pid=464) [gv2-census] calls=32 rows/call=48 runs/call=96.0 preads/call=96.0 read=0.847ms fadv/call=0.0 pf_hit=100%(32)
(Worker_TP1 pid=464) [gv2-census] calls=32 rows/call=48 runs/call=96.0 preads/call=96.0 read=0.914ms fadv/call=0.0 pf_hit=100%(32)
(Worker_TP1 pid=464) [gv2-census] calls=32 rows/call=48 runs/call=96.0 preads/call=96.0 read=0.918ms fadv/call=0.0 pf_hit=100%(32)
(Worker_TP1 pid=464) [gv2-census] calls=32 rows/call=48 runs/call=96.0 preads/call=96.0 read=0.807ms fadv/call=0.0 pf_hit=100%(32)
(Worker_TP1 pid=464) [gv2-census] calls=32 rows/call=48 runs/call=96.0 preads/call=96.0 read=0.896ms fadv/call=0.0 pf_hit=100%(32)
(Worker_TP1 pid=464) [gv2-census] calls=32 rows/call=48 runs/call=96.0 preads/call=96.0 read=1.282ms fadv/call=0.0 pf_hit=100%(32)
(Worker_TP1 pid=464) [gv2-census] calls=32 rows/call=48 runs/call=96.0 preads/call=96.0 read=0.829ms fadv/call=0.0 pf_hit=100%(32)
(Worker_TP1 pid=464) [gv2-census] calls=32 rows/call=48 runs/call=96.0 preads/call=96.0 read=0.927ms fadv/call=0.0 pf_hit=100%(32)
(Worker_TP1 pid=464) [gv2-census] calls=32 rows/call=48 runs/call=96.0 preads/call=96.0 read=0.997ms fadv/call=0.0 pf_hit=100%(32)
(Worker_TP1 pid=464) [gv2-census] calls=32 rows/call=48 runs/call=96.0 preads/call=96.0 read=0.959ms fadv/call=0.0 pf_hit=100%(32)
(Worker_TP1 pid=464) [gv2-census] calls=32 rows/call=48 runs/call=96.0 preads/call=96.0 read=1.549ms fadv/call=0.0 pf_hit=100%(32)
(Worker_TP1 pid=464) [gv2-census] calls=32 rows/call=48 runs/call=96.0 preads/call=96.0 read=0.923ms fadv/call=0.0 pf_hit=100%(32)
(Worker_TP1 pid=464) [gv2-census] calls=32 rows/call=90 runs/call=181.5 preads/call=181.5 read=2.288ms fadv/call=91.3 pf_hit=90%(32)
(Worker_TP1 pid=464) [gv2-census] calls=32 rows/call=48 runs/call=96.0 preads/call=96.0 read=1.474ms fadv/call=0.0 pf_hit=100%(32)
(Worker_TP1 pid=464) [gv2-census] calls=32 rows/call=48 runs/call=96.0 preads/call=96.0 read=1.407ms fadv/call=0.0 pf_hit=100%(32)
(Worker_TP1 pid=464) [gv2-census] calls=32 rows/call=48 runs/call=96.0 preads/call=96.0 read=0.965ms fadv/call=0.0 pf_hit=100%(32)
(Worker_TP1 pid=464) [gv2-census] calls=32 rows/call=48 runs/call=96.0 preads/call=96.0 read=1.547ms fadv/call=0.0 pf_hit=100%(32)
(Worker_TP1 pid=464) [gv2-census] calls=32 rows/call=48 runs/call=96.0 preads/call=96.0 read=1.406ms fadv/call=0.0 pf_hit=100%(32)
(Worker_TP1 pid=464) [gv2-census] calls=32 rows/call=48 runs/call=96.0 preads/call=96.0 read=0.871ms fadv/call=0.0 pf_hit=100%(32)
(Worker_TP1 pid=464) [gv2-census] calls=32 rows/call=48 runs/call=96.0 preads/call=96.0 read=0.846ms fadv/call=0.0 pf_hit=100%(32)
(Worker_TP1 pid=464) [gv2-census] calls=32 rows/call=48 runs/call=96.0 preads/call=96.0 read=0.831ms fadv/call=0.0 pf_hit=100%(32)
(Worker_TP1 pid=464) [gv2-census] calls=32 rows/call=48 runs/call=96.0 preads/call=96.0 read=0.815ms fadv/call=0.0 pf_hit=100%(32)
(Worker_TP1 pid=464) [gv2-census] calls=32 rows/call=48 runs/call=96.0 preads/call=96.0 read=0.658ms fadv/call=0.0 pf_hit=100%(32)
(Worker_TP1 pid=464) [gv2-census] calls=32 rows/call=48 runs/call=96.0 preads/call=96.0 read=0.755ms fadv/call=0.0 pf_hit=100%(32)
(Worker_TP1 pid=464) [gv2-census] calls=32 rows/call=48 runs/call=96.0 preads/call=96.0 read=0.749ms fadv/call=0.0 pf_hit=100%(32)
(Worker_TP1 pid=464) [gv2-census] calls=32 rows/call=48 runs/call=96.0 preads/call=96.0 read=0.931ms fadv/call=0.0 pf_hit=100%(32)
(Worker_TP1 pid=464) [gv2-census] calls=32 rows/call=48 runs/call=96.0 preads/call=96.0 read=0.904ms fadv/call=0.0 pf_hit=100%(32)
(Worker_TP1 pid=464) [gv2-census] calls=32 rows/call=90 runs/call=181.5 preads/call=181.5 read=1.677ms fadv/call=91.3 pf_hit=94%(32)
(Worker_TP1 pid=464) [gv2-census] calls=32 rows/call=48 runs/call=96.0 preads/call=96.0 read=1.930ms fadv/call=0.0 pf_hit=96%(32)
(Worker_TP1 pid=464) [gv2-census] calls=32 rows/call=48 runs/call=96.0 preads/call=96.0 read=0.647ms fadv/call=0.0 pf_hit=100%(32)
(Worker_TP1 pid=464) [gv2-census] calls=32 rows/call=48 runs/call=96.0 preads/call=96.0 read=0.699ms fadv/call=0.0 pf_hit=100%(32)
(Worker_TP1 pid=464) [gv2-census] calls=32 rows/call=48 runs/call=96.0 preads/call=96.0 read=1.454ms fadv/call=0.0 pf_hit=100%(32)
(Worker_TP1 pid=464) [gv2-census] calls=32 rows/call=48 runs/call=96.0 preads/call=96.0 read=0.899ms fadv/call=0.0 pf_hit=100%(32)
(Worker_TP1 pid=464) [gv2-census] calls=32 rows/call=48 runs/call=96.0 preads/call=96.0 read=0.842ms fadv/call=0.0 pf_hit=100%(32)
(Worker_TP1 pid=464) [gv2-census] calls=32 rows/call=48 runs/call=96.0 preads/call=96.0 read=0.843ms fadv/call=0.0 pf_hit=100%(32)
(Worker_TP1 pid=464) [gv2-census] calls=32 rows/call=48 runs/call=96.0 preads/call=96.0 read=0.860ms fadv/call=0.0 pf_hit=100%(32)
(Worker_TP1 pid=464) [gv2-census] calls=32 rows/call=48 runs/call=96.0 preads/call=96.0 read=0.775ms fadv/call=0.0 pf_hit=100%(32)
(Worker_TP1 pid=464) [gv2-census] calls=32 rows/call=48 runs/call=96.0 preads/call=96.0 read=0.710ms fadv/call=0.0 pf_hit=100%(32)
(Worker_TP1 pid=464) [gv2-census] calls=32 rows/call=48 runs/call=96.0 preads/call=96.0 read=0.911ms fadv/call=0.0 pf_hit=100%(32)
(Worker_TP1 pid=464) [gv2-census] calls=32 rows/call=48 runs/call=96.0 preads/call=96.0 read=0.887ms fadv/call=0.0 pf_hit=100%(32)
(Worker_TP1 pid=464) [gv2-census] calls=32 rows/call=48 runs/call=96.0 preads/call=96.0 read=1.377ms fadv/call=0.0 pf_hit=100%(32)
(Worker_TP1 pid=464) [gv2-census] calls=32 rows/call=48 runs/call=96.0 preads/call=96.0 read=1.111ms fadv/call=0.0 pf_hit=100%(32)
(Worker_TP1 pid=464) [gv2-census] calls=32 rows/call=66 runs/call=133.5 preads/call=133.5 read=1.705ms fadv/call=0.0 pf_hit=90%(32)
(Worker_TP1 pid=464) [gv2-census] calls=32 rows/call=48 runs/call=96.0 preads/call=96.0 read=1.552ms fadv/call=0.0 pf_hit=100%(32)
(Worker_TP1 pid=464) [gv2-census] calls=32 rows/call=48 runs/call=96.0 preads/call=96.0 read=2.465ms fadv/call=0.0 pf_hit=100%(32)
(Worker_TP1 pid=464) [gv2-census] calls=32 rows/call=48 runs/call=96.0 preads/call=96.0 read=1.376ms fadv/call=0.0 pf_hit=100%(32)
(Worker_TP1 pid=464) [gv2-census] calls=32 rows/call=48 runs/call=96.0 preads/call=96.0 read=0.737ms fadv/call=0.0 pf_hit=100%(32)
(Worker_TP1 pid=464) [gv2-census] calls=32 rows/call=66 runs/call=133.5 preads/call=133.5 read=0.920ms fadv/call=0.0 pf_hit=96%(32)
(Worker_TP1 pid=464) [gv2-census] calls=32 rows/call=48 runs/call=96.0 preads/call=96.0 read=0.830ms fadv/call=0.0 pf_hit=100%(32)
(Worker_TP1 pid=464) [gv2-census] calls=32 rows/call=48 runs/call=96.0 preads/call=96.0 read=1.422ms fadv/call=0.0 pf_hit=100%(32)
(Worker_TP1 pid=464) [gv2-census] calls=32 rows/call=48 runs/call=96.0 preads/call=96.0 read=0.728ms fadv/call=0.0 pf_hit=100%(32)
(Worker_TP1 pid=464) [gv2-census] calls=32 rows/call=48 runs/call=96.0 preads/call=96.0 read=1.035ms fadv/call=0.0 pf_hit=100%(32)
(Worker_TP1 pid=464) [gv2-census] calls=32 rows/call=66 runs/call=133.5 preads/call=133.5 read=1.491ms fadv/call=0.0 pf_hit=90%(32)
(Worker_TP1 pid=464) [gv2-census] calls=32 rows/call=48 runs/call=96.0 preads/call=96.0 read=0.722ms fadv/call=0.0 pf_hit=100%(32)
(Worker_TP1 pid=464) [gv2-census] calls=32 rows/call=48 runs/call=96.0 preads/call=96.0 read=1.209ms fadv/call=0.0 pf_hit=100%(32)
(Worker_TP1 pid=464) [gv2-census] calls=32 rows/call=48 runs/call=96.0 preads/call=96.0 read=0.855ms fadv/call=0.0 pf_hit=100%(32)
(Worker_TP1 pid=464) [gv2-census] calls=32 rows/call=48 runs/call=96.0 preads/call=96.0 read=1.463ms fadv/call=0.0 pf_hit=100%(32)
(Worker_TP1 pid=464) [gv2-census] calls=32 rows/call=66 runs/call=133.5 preads/call=133.5 read=1.578ms fadv/call=0.0 pf_hit=90%(32)
(Worker_TP1 pid=464) [gv2-census] calls=32 rows/call=48 runs/call=96.0 preads/call=96.0 read=2.365ms fadv/call=0.0 pf_hit=100%(32)
(Worker_TP1 pid=464) [gv2-census] calls=32 rows/call=48 runs/call=96.0 preads/call=96.0 read=2.053ms fadv/call=0.0 pf_hit=100%(32)
(Worker_TP1 pid=464) [gv2-census] calls=32 rows/call=48 runs/call=96.0 preads/call=96.0 read=1.368ms fadv/call=0.0 pf_hit=100%(32)
(Worker_TP1 pid=464) [gv2-census] calls=32 rows/call=48 runs/call=96.0 preads/call=96.0 read=1.992ms fadv/call=0.0 pf_hit=100%(32)
(Worker_TP1 pid=464) [gv2-census] calls=32 rows/call=48 runs/call=96.0 preads/call=96.0 read=1.450ms fadv/call=0.0 pf_hit=100%(32)
(Worker_TP1 pid=464) [gv2-census] calls=32 rows/call=66 runs/call=133.5 preads/call=133.5 read=1.031ms fadv/call=0.0 pf_hit=90%(32)
(Worker_TP1 pid=464) [gv2-census] calls=32 rows/call=48 runs/call=96.0 preads/call=96.0 read=0.766ms fadv/call=0.0 pf_hit=100%(32)
(Worker_TP1 pid=464) [gv2-census] calls=32 rows/call=48 runs/call=96.0 preads/call=96.0 read=1.325ms fadv/call=0.0 pf_hit=100%(32)
(Worker_TP1 pid=464) [gv2-census] calls=32 rows/call=48 runs/call=96.0 preads/call=96.0 read=0.842ms fadv/call=0.0 pf_hit=100%(32)
(Worker_TP1 pid=464) [gv2-census] calls=32 rows/call=48 runs/call=96.0 preads/call=96.0 read=0.846ms fadv/call=0.0 pf_hit=100%(32)
(Worker_TP1 pid=464) [gv2-census] calls=32 rows/call=66 runs/call=133.5 preads/call=133.5 read=0.911ms fadv/call=0.0 pf_hit=90%(32)
(Worker_TP1 pid=464) [gv2-census] calls=32 rows/call=48 runs/call=96.0 preads/call=96.0 read=0.753ms fadv/call=0.0 pf_hit=100%(32)
(Worker_TP1 pid=464) [gv2-census] calls=32 rows/call=48 runs/call=96.0 preads/call=96.0 read=0.697ms fadv/call=0.0 pf_hit=100%(32)
(Worker_TP1 pid=464) [gv2-census] calls=32 rows/call=48 runs/call=96.0 preads/call=96.0 read=2.178ms fadv/call=0.0 pf_hit=100%(32)
(Worker_TP1 pid=464) [gv2-census] calls=32 rows/call=48 runs/call=96.0 preads/call=96.0 read=1.354ms fadv/call=0.0 pf_hit=100%(32)
(Worker_TP1 pid=464) [gv2-census] calls=32 rows/call=66 runs/call=133.5 preads/call=133.5 read=0.962ms fadv/call=0.0 pf_hit=96%(32)
(Worker_TP1 pid=464) [gv2-census] calls=32 rows/call=48 runs/call=96.0 preads/call=96.0 read=0.912ms fadv/call=0.0 pf_hit=100%(32)
(Worker_TP1 pid=464) [gv2-census] calls=32 rows/call=48 runs/call=96.0 preads/call=96.0 read=0.842ms fadv/call=0.0 pf_hit=100%(32)
(Worker_TP1 pid=464) [gv2-census] calls=32 rows/call=48 runs/call=96.0 preads/call=96.0 read=1.381ms fadv/call=0.0 pf_hit=100%(32)
(Worker_TP1 pid=464) [gv2-census] calls=32 rows/call=48 runs/call=96.0 preads/call=96.0 read=0.887ms fadv/call=0.0 pf_hit=100%(32)
(Worker_TP1 pid=464) [gv2-census] calls=32 rows/call=66 runs/call=133.5 preads/call=133.5 read=1.009ms fadv/call=0.0 pf_hit=90%(32)
(Worker_TP1 pid=464) [gv2-census] calls=32 rows/call=48 runs/call=96.0 preads/call=96.0 read=1.424ms fadv/call=0.0 pf_hit=100%(32)
(Worker_TP1 pid=464) [gv2-census] calls=32 rows/call=48 runs/call=96.0 preads/call=96.0 read=0.775ms fadv/call=0.0 pf_hit=100%(32)
(Worker_TP1 pid=464) [gv2-census] calls=32 rows/call=48 runs/call=96.0 preads/call=96.0 read=0.764ms fadv/call=0.0 pf_hit=100%(32)
(Worker_TP1 pid=464) [gv2-census] calls=32 rows/call=48 runs/call=96.0 preads/call=96.0 read=1.285ms fadv/call=0.0 pf_hit=100%(32)
(Worker_TP1 pid=464) [gv2-census] calls=32 rows/call=66 runs/call=133.5 preads/call=133.5 read=1.248ms fadv/call=0.0 pf_hit=90%(32)
(Worker_TP1 pid=464) [gv2-census] calls=32 rows/call=48 runs/call=96.0 preads/call=96.0 read=0.903ms fadv/call=0.0 pf_hit=100%(32)
(Worker_TP1 pid=464) [gv2-census] calls=32 rows/call=48 runs/call=96.0 preads/call=96.0 read=0.903ms fadv/call=0.0 pf_hit=100%(32)
(Worker_TP1 pid=464) [gv2-census] calls=32 rows/call=48 runs/call=96.0 preads/call=96.0 read=0.943ms fadv/call=0.0 pf_hit=100%(32)
(Worker_TP1 pid=464) [gv2-census] calls=32 rows/call=66 runs/call=133.5 preads/call=133.5 read=1.613ms fadv/call=0.0 pf_hit=96%(32)
(Worker_TP1 pid=464) [gv2-census] calls=32 rows/call=48 runs/call=96.0 preads/call=96.0 read=0.961ms fadv/call=0.0 pf_hit=100%(32)
(Worker_TP1 pid=464) INFO 09-25 01:59:55 [exl3.py:1224] EXL3 fat-chunk slicing ACTIVE (tokens=8079)
(Worker_TP1 pid=464) [gv2-census] calls=32 rows/call=12088 runs/call=20560.2 preads/call=20560.2 read=226.668ms fadv/call=17537.7 pf_hit=93%(30)
(Worker_TP1 pid=464) INFO 09-25 02:00:06 [exl3.py:1224] EXL3 fat-chunk slicing ACTIVE (tokens=7983)
(Worker_TP1 pid=464) INFO 09-25 02:00:16 [exl3.py:1224] EXL3 fat-chunk slicing ACTIVE (tokens=8171)
(Worker_TP1 pid=464) INFO 09-25 02:00:27 [exl3.py:1224] EXL3 fat-chunk slicing ACTIVE (tokens=8085)
(Worker_TP1 pid=464) INFO 09-25 02:00:37 [exl3.py:1224] EXL3 fat-chunk slicing ACTIVE (tokens=8080)
(Worker_TP1 pid=464) INFO 09-25 02:00:47 [exl3.py:1224] EXL3 fat-chunk slicing ACTIVE (tokens=8186)
(Worker_TP1 pid=464) [gv2-census] calls=32 rows/call=30565 runs/call=54609.6 preads/call=54609.6 read=534.329ms fadv/call=46238.3 pf_hit=93%(20)
(Worker_TP1 pid=464) INFO 09-25 02:01:09 [exl3.py:1224] EXL3 fat-chunk slicing ACTIVE (tokens=8010)
(Worker_TP1 pid=464) [gv2-census] calls=32 rows/call=6052 runs/call=10276.4 preads/call=10276.4 read=87.841ms fadv/call=8728.8 pf_hit=93%(30)
(Worker_TP1 pid=464) [gv2-census] calls=32 rows/call=6189 runs/call=10291.4 preads/call=10291.4 read=91.062ms fadv/call=8736.2 pf_hit=89%(30)
(Worker_TP1 pid=464) INFO 09-25 02:02:04 [exl3.py:1224] EXL3 fat-chunk slicing ACTIVE (tokens=7771)
(Worker_TP1 pid=464) INFO 09-25 02:02:46 [exl3.py:1224] EXL3 fat-chunk slicing ACTIVE (tokens=7407)
(Worker_TP1 pid=464) [gv2-census] calls=32 rows/call=72139 runs/call=119521.2 preads/call=119521.2 read=1163.587ms fadv/call=102616.2 pf_hit=80%(10)
(Worker_TP1 pid=464) INFO 09-25 02:03:28 [exl3.py:1224] EXL3 fat-chunk slicing ACTIVE (tokens=7282)
(Worker_TP1 pid=464) INFO 09-25 02:04:08 [exl3.py:1224] EXL3 fat-chunk slicing ACTIVE (tokens=8112)
(Worker_TP1 pid=464) INFO 09-25 02:04:49 [exl3.py:1224] EXL3 fat-chunk slicing ACTIVE (tokens=8156)
(Worker_TP1 pid=464) INFO 09-25 02:05:30 [exl3.py:1224] EXL3 fat-chunk slicing ACTIVE (tokens=8044)
(Worker_TP1 pid=464) [gv2-census] calls=32 rows/call=97932 runs/call=181225.9 preads/call=181225.9 read=1791.181ms fadv/call=152783.6
(Worker_TP1 pid=464) INFO 09-25 02:06:13 [exl3.py:1224] EXL3 fat-chunk slicing ACTIVE (tokens=7985)
(Worker_TP1 pid=464) [gv2-census] calls=32 rows/call=12327 runs/call=20908.7 preads/call=20908.7 read=213.739ms fadv/call=17784.1 pf_hit=93%(28)
(Worker_TP1 pid=464) INFO 09-25 02:06:56 [exl3.py:1224] EXL3 fat-chunk slicing ACTIVE (tokens=7267)
(Worker_TP1 pid=464) [gv2-census] calls=32 rows/call=11634 runs/call=18769.8 preads/call=18769.8 read=180.623ms fadv/call=16187.4 pf_hit=100%(26)
(Worker_TP1 pid=464) INFO 09-25 02:07:39 [exl3.py:1224] EXL3 fat-chunk slicing ACTIVE (tokens=7949)
(Worker_TP1 pid=464) [gv2-census] calls=32 rows/call=24425 runs/call=41724.6 preads/call=41724.6 read=424.151ms fadv/call=35577.0 pf_hit=92%(24)
(Worker_TP1 pid=464) [gv2-census] calls=32 rows/call=90 runs/call=181.5 preads/call=181.5 read=2.284ms fadv/call=91.3 pf_hit=90%(32)
(Worker_TP1 pid=464) [gv2-census] calls=32 rows/call=48 runs/call=96.0 preads/call=96.0 read=1.352ms fadv/call=0.0 pf_hit=100%(32)
(Worker_TP1 pid=464) [gv2-census] calls=32 rows/call=48 runs/call=96.0 preads/call=96.0 read=0.735ms fadv/call=0.0 pf_hit=100%(32)
(Worker_TP1 pid=464) [gv2-census] calls=32 rows/call=48 runs/call=96.0 preads/call=96.0 read=0.705ms fadv/call=0.0 pf_hit=100%(32)
(Worker_TP1 pid=464) [gv2-census] calls=32 rows/call=48 runs/call=96.0 preads/call=96.0 read=1.349ms fadv/call=0.0 pf_hit=100%(32)
(Worker_TP1 pid=464) [gv2-census] calls=32 rows/call=48 runs/call=96.0 preads/call=96.0 read=0.843ms fadv/call=0.0 pf_hit=100%(32)
(Worker_TP1 pid=464) [gv2-census] calls=32 rows/call=48 runs/call=96.0 preads/call=96.0 read=1.344ms fadv/call=0.0 pf_hit=100%(32)
(Worker_TP1 pid=464) [gv2-census] calls=32 rows/call=48 runs/call=96.0 preads/call=96.0 read=0.742ms fadv/call=0.0 pf_hit=100%(32)
(Worker_TP1 pid=464) [gv2-census] calls=32 rows/call=48 runs/call=96.0 preads/call=96.0 read=0.632ms fadv/call=0.0 pf_hit=100%(32)
(Worker_TP1 pid=464) [gv2-census] calls=32 rows/call=48 runs/call=96.0 preads/call=96.0 read=0.761ms fadv/call=0.0 pf_hit=100%(32)
(Worker_TP1 pid=464) [gv2-census] calls=32 rows/call=48 runs/call=96.0 preads/call=96.0 read=0.680ms fadv/call=0.0 pf_hit=100%(32)
(Worker_TP1 pid=464) [gv2-census] calls=32 rows/call=48 runs/call=96.0 preads/call=96.0 read=0.773ms fadv/call=0.0 pf_hit=100%(32)
(Worker_TP1 pid=464) [gv2-census] calls=32 rows/call=48 runs/call=96.0 preads/call=96.0 read=0.901ms fadv/call=0.0 pf_hit=100%(32)
(Worker_TP1 pid=464) [gv2-census] calls=32 rows/call=48 runs/call=96.0 preads/call=96.0 read=1.377ms fadv/call=0.0 pf_hit=100%(32)
(Worker_TP1 pid=464) [gv2-census] calls=32 rows/call=48 runs/call=96.0 preads/call=96.0 read=0.780ms fadv/call=0.0 pf_hit=100%(32)
(Worker_TP1 pid=464) [gv2-census] calls=32 rows/call=48 runs/call=96.0 preads/call=96.0 read=0.769ms fadv/call=0.0 pf_hit=100%(32)
(Worker_TP1 pid=464) [gv2-census] calls=32 rows/call=90 runs/call=181.5 preads/call=181.5 read=2.711ms fadv/call=91.3 pf_hit=90%(32)
(Worker_TP1 pid=464) [gv2-census] calls=32 rows/call=48 runs/call=96.0 preads/call=96.0 read=1.695ms fadv/call=0.0 pf_hit=100%(32)
(Worker_TP1 pid=464) [gv2-census] calls=32 rows/call=48 runs/call=96.0 preads/call=96.0 read=0.806ms fadv/call=0.0 pf_hit=100%(32)
(Worker_TP1 pid=464) [gv2-census] calls=32 rows/call=48 runs/call=96.0 preads/call=96.0 read=0.721ms fadv/call=0.0 pf_hit=100%(32)
(Worker_TP1 pid=464) [gv2-census] calls=32 rows/call=48 runs/call=96.0 preads/call=96.0 read=0.825ms fadv/call=0.0 pf_hit=100%(32)
(Worker_TP1 pid=464) [gv2-census] calls=32 rows/call=48 runs/call=96.0 preads/call=96.0 read=0.796ms fadv/call=0.0 pf_hit=100%(32)
(Worker_TP1 pid=464) [gv2-census] calls=32 rows/call=48 runs/call=96.0 preads/call=96.0 read=0.763ms fadv/call=0.0 pf_hit=100%(32)
(Worker_TP1 pid=464) [gv2-census] calls=32 rows/call=48 runs/call=96.0 preads/call=96.0 read=0.653ms fadv/call=0.0 pf_hit=100%(32)
(Worker_TP1 pid=464) [gv2-census] calls=32 rows/call=48 runs/call=96.0 preads/call=96.0 read=1.294ms fadv/call=0.0 pf_hit=100%(32)
(Worker_TP1 pid=464) [gv2-census] calls=32 rows/call=48 runs/call=96.0 preads/call=96.0 read=0.764ms fadv/call=0.0 pf_hit=100%(32)
(Worker_TP1 pid=464) [gv2-census] calls=32 rows/call=48 runs/call=96.0 preads/call=96.0 read=0.757ms fadv/call=0.0 pf_hit=100%(32)
(Worker_TP1 pid=464) [gv2-census] calls=32 rows/call=48 runs/call=96.0 preads/call=96.0 read=0.776ms fadv/call=0.0 pf_hit=100%(32)
(Worker_TP1 pid=464) [gv2-census] calls=32 rows/call=48 runs/call=96.0 preads/call=96.0 read=0.879ms fadv/call=0.0 pf_hit=100%(32)
(Worker_TP1 pid=464) [gv2-census] calls=32 rows/call=48 runs/call=96.0 preads/call=96.0 read=0.803ms fadv/call=0.0 pf_hit=100%(32)
(Worker_TP1 pid=464) [gv2-census] calls=32 rows/call=90 runs/call=181.5 preads/call=181.5 read=1.653ms fadv/call=91.3 pf_hit=90%(32)
(Worker_TP1 pid=464) [gv2-census] calls=32 rows/call=48 runs/call=96.0 preads/call=96.0 read=1.656ms fadv/call=0.0 pf_hit=100%(32)
(Worker_TP1 pid=464) [gv2-census] calls=32 rows/call=48 runs/call=96.0 preads/call=96.0 read=1.499ms fadv/call=0.0 pf_hit=100%(32)
(Worker_TP1 pid=464) [gv2-census] calls=32 rows/call=48 runs/call=96.0 preads/call=96.0 read=0.942ms fadv/call=0.0 pf_hit=100%(32)
(Worker_TP1 pid=464) [gv2-census] calls=32 rows/call=48 runs/call=96.0 preads/call=96.0 read=0.762ms fadv/call=0.0 pf_hit=100%(32)
(Worker_TP1 pid=464) [gv2-census] calls=32 rows/call=48 runs/call=96.0 preads/call=96.0 read=1.366ms fadv/call=0.0 pf_hit=100%(32)
(Worker_TP1 pid=464) [gv2-census] calls=32 rows/call=48 runs/call=96.0 preads/call=96.0 read=0.870ms fadv/call=0.0 pf_hit=100%(32)
(Worker_TP1 pid=464) [gv2-census] calls=32 rows/call=48 runs/call=96.0 preads/call=96.0 read=0.800ms fadv/call=0.0 pf_hit=100%(32)
(Worker_TP1 pid=464) [gv2-census] calls=32 rows/call=48 runs/call=96.0 preads/call=96.0 read=0.925ms fadv/call=0.0 pf_hit=100%(32)
(Worker_TP1 pid=464) [gv2-census] calls=32 rows/call=48 runs/call=96.0 preads/call=96.0 read=0.815ms fadv/call=0.0 pf_hit=100%(32)
(Worker_TP1 pid=464) [gv2-census] calls=32 rows/call=48 runs/call=96.0 preads/call=96.0 read=0.818ms fadv/call=0.0 pf_hit=100%(32)
(Worker_TP1 pid=464) [gv2-census] calls=32 rows/call=48 runs/call=96.0 preads/call=96.0 read=0.843ms fadv/call=0.0 pf_hit=100%(32)
(Worker_TP1 pid=464) [gv2-census] calls=32 rows/call=48 runs/call=96.0 preads/call=96.0 read=0.915ms fadv/call=0.0 pf_hit=100%(32)
(Worker_TP1 pid=464) [gv2-census] calls=32 rows/call=48 runs/call=96.0 preads/call=96.0 read=0.906ms fadv/call=0.0 pf_hit=100%(32)
(Worker_TP1 pid=464) [gv2-census] calls=32 rows/call=48 runs/call=96.0 preads/call=96.0 read=0.867ms fadv/call=0.0 pf_hit=100%(32)
(Worker_TP1 pid=464) [gv2-census] calls=32 rows/call=90 runs/call=181.5 preads/call=181.5 read=1.580ms fadv/call=91.3 pf_hit=90%(32)
(Worker_TP1 pid=464) [gv2-census] calls=32 rows/call=48 runs/call=96.0 preads/call=96.0 read=1.624ms fadv/call=0.0 pf_hit=100%(32)
(Worker_TP1 pid=464) [gv2-census] calls=32 rows/call=48 runs/call=96.0 preads/call=96.0 read=0.888ms fadv/call=0.0 pf_hit=100%(32)
(Worker_TP1 pid=464) [gv2-census] calls=32 rows/call=48 runs/call=96.0 preads/call=96.0 read=0.997ms fadv/call=0.0 pf_hit=100%(32)
(Worker_TP1 pid=464) [gv2-census] calls=32 rows/call=48 runs/call=96.0 preads/call=96.0 read=0.989ms fadv/call=0.0 pf_hit=100%(32)
(Worker_TP1 pid=464) [gv2-census] calls=32 rows/call=48 runs/call=96.0 preads/call=96.0 read=0.930ms fadv/call=0.0 pf_hit=100%(32)
(Worker_TP1 pid=464) [gv2-census] calls=32 rows/call=48 runs/call=96.0 preads/call=96.0 read=0.878ms fadv/call=0.0 pf_hit=100%(32)
(Worker_TP1 pid=464) [gv2-census] calls=32 rows/call=48 runs/call=96.0 preads/call=96.0 read=1.444ms fadv/call=0.0 pf_hit=100%(32)
(Worker_TP1 pid=464) [gv2-census] calls=32 rows/call=48 runs/call=96.0 preads/call=96.0 read=0.951ms fadv/call=0.0 pf_hit=100%(32)
(Worker_TP1 pid=464) [gv2-census] calls=32 rows/call=48 runs/call=96.0 preads/call=96.0 read=0.873ms fadv/call=0.0 pf_hit=100%(32)
(Worker_TP1 pid=464) [gv2-census] calls=32 rows/call=48 runs/call=96.0 preads/call=96.0 read=0.744ms fadv/call=0.0 pf_hit=100%(32)
(Worker_TP1 pid=464) [gv2-census] calls=32 rows/call=48 runs/call=96.0 preads/call=96.0 read=0.819ms fadv/call=0.0 pf_hit=100%(32)
(Worker_TP1 pid=464) [gv2-census] calls=32 rows/call=48 runs/call=96.0 preads/call=96.0 read=0.939ms fadv/call=0.0 pf_hit=100%(32)
(Worker_TP1 pid=464) [gv2-census] calls=32 rows/call=48 runs/call=96.0 preads/call=96.0 read=0.847ms fadv/call=0.0 pf_hit=100%(32)
(Worker_TP1 pid=464) [gv2-census] calls=32 rows/call=48 runs/call=96.0 preads/call=96.0 read=0.776ms fadv/call=0.0 pf_hit=100%(32)
(Worker_TP1 pid=464) [gv2-census] calls=32 rows/call=48 runs/call=96.0 preads/call=96.0 read=0.892ms fadv/call=0.0 pf_hit=100%(32)
(Worker_TP1 pid=464) [gv2-census] calls=32 rows/call=76 runs/call=153.0 preads/call=153.0 read=3.187ms fadv/call=0.0 pf_hit=90%(32)
(Worker_TP1 pid=464) [gv2-census] calls=32 rows/call=48 runs/call=96.0 preads/call=96.0 read=0.855ms fadv/call=0.0 pf_hit=100%(32)
(Worker_TP1 pid=464) [gv2-census] calls=32 rows/call=48 runs/call=96.0 preads/call=96.0 read=0.888ms fadv/call=0.0 pf_hit=100%(32)
(Worker_TP1 pid=464) [gv2-census] calls=32 rows/call=48 runs/call=96.0 preads/call=96.0 read=0.799ms fadv/call=0.0 pf_hit=100%(32)
(Worker_TP1 pid=464) [gv2-census] calls=32 rows/call=48 runs/call=96.0 preads/call=96.0 read=0.822ms fadv/call=0.0 pf_hit=100%(32)
(Worker_TP1 pid=464) [gv2-census] calls=32 rows/call=48 runs/call=96.0 preads/call=96.0 read=0.802ms fadv/call=0.0 pf_hit=100%(32)
(Worker_TP1 pid=464) [gv2-census] calls=32 rows/call=76 runs/call=153.0 preads/call=153.0 read=1.540ms fadv/call=0.0 pf_hit=90%(32)
(Worker_TP1 pid=464) [gv2-census] calls=32 rows/call=48 runs/call=96.0 preads/call=96.0 read=1.412ms fadv/call=0.0 pf_hit=100%(32)
(Worker_TP1 pid=464) [gv2-census] calls=32 rows/call=48 runs/call=96.0 preads/call=96.0 read=0.822ms fadv/call=0.0 pf_hit=100%(32)
(Worker_TP1 pid=464) [gv2-census] calls=32 rows/call=48 runs/call=96.0 preads/call=96.0 read=0.924ms fadv/call=0.0 pf_hit=100%(32)
(Worker_TP1 pid=464) [gv2-census] calls=32 rows/call=48 runs/call=96.0 preads/call=96.0 read=0.779ms fadv/call=0.0 pf_hit=100%(32)
(Worker_TP1 pid=464) [gv2-census] calls=32 rows/call=48 runs/call=96.0 preads/call=96.0 read=0.847ms fadv/call=0.0 pf_hit=100%(32)
(Worker_TP1 pid=464) [gv2-census] calls=32 rows/call=76 runs/call=153.0 preads/call=153.0 read=1.334ms fadv/call=0.0 pf_hit=90%(32)
(Worker_TP1 pid=464) [gv2-census] calls=32 rows/call=48 runs/call=96.0 preads/call=96.0 read=1.430ms fadv/call=0.0 pf_hit=100%(32)
(Worker_TP1 pid=464) [gv2-census] calls=32 rows/call=48 runs/call=96.0 preads/call=96.0 read=0.852ms fadv/call=0.0 pf_hit=100%(32)
(Worker_TP1 pid=464) [gv2-census] calls=32 rows/call=48 runs/call=96.0 preads/call=96.0 read=0.867ms fadv/call=0.0 pf_hit=100%(32)
(Worker_TP1 pid=464) [gv2-census] calls=32 rows/call=48 runs/call=96.0 preads/call=96.0 read=0.840ms fadv/call=0.0 pf_hit=100%(32)
(Worker_TP1 pid=464) [gv2-census] calls=32 rows/call=48 runs/call=96.0 preads/call=96.0 read=0.863ms fadv/call=0.0 pf_hit=100%(32)
(Worker_TP1 pid=464) [gv2-census] calls=32 rows/call=76 runs/call=153.0 preads/call=153.0 read=2.036ms fadv/call=0.0 pf_hit=90%(32)
(Worker_TP1 pid=464) [gv2-census] calls=32 rows/call=48 runs/call=96.0 preads/call=96.0 read=1.306ms fadv/call=0.0 pf_hit=100%(32)
(Worker_TP1 pid=464) [gv2-census] calls=32 rows/call=48 runs/call=96.0 preads/call=96.0 read=3.178ms fadv/call=0.0 pf_hit=100%(32)
(Worker_TP1 pid=464) [gv2-census] calls=32 rows/call=48 runs/call=96.0 preads/call=96.0 read=1.330ms fadv/call=0.0 pf_hit=100%(32)
(Worker_TP1 pid=464) [gv2-census] calls=32 rows/call=48 runs/call=96.0 preads/call=96.0 read=0.715ms fadv/call=0.0 pf_hit=100%(32)
(Worker_TP1 pid=464) [gv2-census] calls=32 rows/call=48 runs/call=96.0 preads/call=96.0 read=0.916ms fadv/call=0.0 pf_hit=100%(32)
(Worker_TP1 pid=464) [gv2-census] calls=32 rows/call=76 runs/call=153.0 preads/call=153.0 read=1.006ms fadv/call=0.0 pf_hit=90%(32)
(Worker_TP1 pid=464) [gv2-census] calls=32 rows/call=48 runs/call=96.0 preads/call=96.0 read=1.236ms fadv/call=0.0 pf_hit=100%(32)
(Worker_TP1 pid=464) [gv2-census] calls=32 rows/call=48 runs/call=96.0 preads/call=96.0 read=1.851ms fadv/call=0.0 pf_hit=100%(32)
(Worker_TP1 pid=464) [gv2-census] calls=32 rows/call=48 runs/call=96.0 preads/call=96.0 read=0.675ms fadv/call=0.0 pf_hit=100%(32)
(Worker_TP1 pid=464) [gv2-census] calls=32 rows/call=48 runs/call=96.0 preads/call=96.0 read=0.782ms fadv/call=0.0 pf_hit=100%(32)
(Worker_TP1 pid=464) [gv2-census] calls=32 rows/call=48 runs/call=96.0 preads/call=96.0 read=0.638ms fadv/call=0.0 pf_hit=100%(32)
(Worker_TP1 pid=464) [gv2-census] calls=32 rows/call=126 runs/call=168.0 preads/call=168.0 read=1.575ms fadv/call=62.9 pf_hit=94%(30)
(Worker_TP1 pid=464) [gv2-census] calls=32 rows/call=96 runs/call=160.5 preads/call=160.5 read=2.678ms fadv/call=0.0 pf_hit=100%(32)
(Worker_TP1 pid=464) [gv2-census] calls=32 rows/call=96 runs/call=192.0 preads/call=192.0 read=1.259ms fadv/call=0.0 pf_hit=100%(32)
(Worker_TP1 pid=464) [gv2-census] calls=32 rows/call=96 runs/call=192.0 preads/call=192.0 read=1.759ms fadv/call=0.0 pf_hit=100%(32)
(Worker_TP1 pid=464) [gv2-census] calls=32 rows/call=96 runs/call=192.0 preads/call=192.0 read=1.548ms fadv/call=0.0 pf_hit=100%(32)
(Worker_TP1 pid=464) [gv2-census] calls=32 rows/call=96 runs/call=192.0 preads/call=192.0 read=1.409ms fadv/call=0.0 pf_hit=100%(32)
(Worker_TP1 pid=464) [gv2-census] calls=32 rows/call=147 runs/call=294.0 preads/call=294.0 read=2.513ms fadv/call=68.9 pf_hit=89%(32)
(Worker_TP1 pid=464) [gv2-census] calls=32 rows/call=96 runs/call=192.0 preads/call=192.0 read=2.304ms fadv/call=0.0 pf_hit=100%(32)
(Worker_TP1 pid=464) [gv2-census] calls=32 rows/call=96 runs/call=176.5 preads/call=176.5 read=1.890ms fadv/call=0.0 pf_hit=100%(32)
(Worker_TP1 pid=464) [gv2-census] calls=32 rows/call=96 runs/call=192.0 preads/call=192.0 read=1.843ms fadv/call=0.0 pf_hit=100%(32)
(Worker_TP1 pid=464) [gv2-census] calls=32 rows/call=96 runs/call=192.0 preads/call=192.0 read=1.908ms fadv/call=0.0 pf_hit=100%(32)
(Worker_TP1 pid=464) [gv2-census] calls=32 rows/call=96 runs/call=192.0 preads/call=192.0 read=1.352ms fadv/call=0.0 pf_hit=100%(32)
(Worker_TP1 pid=464) [gv2-census] calls=32 rows/call=147 runs/call=219.0 preads/call=219.0 read=1.953ms fadv/call=62.9 pf_hit=93%(30)
(Worker_TP1 pid=464) [gv2-census] calls=32 rows/call=96 runs/call=121.5 preads/call=121.5 read=3.133ms fadv/call=0.0 pf_hit=100%(32)
(Worker_TP1 pid=464) [gv2-census] calls=32 rows/call=96 runs/call=128.5 preads/call=128.5 read=2.235ms fadv/call=0.0 pf_hit=100%(32)
(Worker_TP1 pid=464) [gv2-census] calls=32 rows/call=96 runs/call=192.0 preads/call=192.0 read=1.542ms fadv/call=0.0 pf_hit=100%(32)
(Worker_TP1 pid=464) [gv2-census] calls=32 rows/call=96 runs/call=192.0 preads/call=192.0 read=2.119ms fadv/call=0.0 pf_hit=100%(32)
(Worker_TP1 pid=464) [gv2-census] calls=32 rows/call=96 runs/call=192.0 preads/call=192.0 read=2.037ms fadv/call=0.0 pf_hit=100%(32)
(Worker_TP1 pid=464) [gv2-census] calls=32 rows/call=78 runs/call=156.0 preads/call=156.0 read=0.982ms fadv/call=0.0 pf_hit=96%(32)
(Worker_TP1 pid=464) [gv2-census] calls=32 rows/call=129 runs/call=258.0 preads/call=258.0 read=1.901ms fadv/call=68.9 pf_hit=90%(32)
(Worker_TP1 pid=464) [gv2-census] calls=32 rows/call=96 runs/call=192.0 preads/call=192.0 read=2.412ms fadv/call=0.0 pf_hit=100%(32)
(Worker_TP1 pid=464) [gv2-census] calls=32 rows/call=96 runs/call=192.0 preads/call=192.0 read=1.722ms fadv/call=0.0 pf_hit=100%(32)
(Worker_TP1 pid=464) [gv2-census] calls=32 rows/call=96 runs/call=192.0 preads/call=192.0 read=1.201ms fadv/call=0.0 pf_hit=100%(32)
(Worker_TP1 pid=464) [gv2-census] calls=32 rows/call=96 runs/call=192.0 preads/call=192.0 read=1.192ms fadv/call=0.0 pf_hit=100%(32)
(Worker_TP1 pid=464) [gv2-census] calls=32 rows/call=96 runs/call=192.0 preads/call=192.0 read=1.049ms fadv/call=0.0 pf_hit=100%(32)
(Worker_TP1 pid=464) [gv2-census] calls=32 rows/call=153 runs/call=225.0 preads/call=225.0 read=1.506ms fadv/call=62.9 pf_hit=93%(30)
(Worker_TP1 pid=464) [gv2-census] calls=32 rows/call=96 runs/call=151.5 preads/call=151.5 read=2.108ms fadv/call=0.0 pf_hit=100%(32)
(Worker_TP1 pid=464) [gv2-census] calls=32 rows/call=96 runs/call=192.0 preads/call=192.0 read=1.953ms fadv/call=0.0 pf_hit=100%(32)
(Worker_TP1 pid=464) [gv2-census] calls=32 rows/call=96 runs/call=192.0 preads/call=192.0 read=1.747ms fadv/call=0.0 pf_hit=100%(32)
(Worker_TP1 pid=464) [gv2-census] calls=32 rows/call=96 runs/call=192.0 preads/call=192.0 read=1.252ms fadv/call=0.0 pf_hit=100%(32)
(Worker_TP1 pid=464) [gv2-census] calls=32 rows/call=96 runs/call=192.0 preads/call=192.0 read=1.292ms fadv/call=0.0 pf_hit=100%(32)
(Worker_TP1 pid=464) [gv2-census] calls=32 rows/call=69 runs/call=138.0 preads/call=138.0 read=0.966ms fadv/call=0.0 pf_hit=96%(32)
(Worker_TP1 pid=464) [gv2-census] calls=32 rows/call=76 runs/call=153.0 preads/call=153.0 read=1.168ms fadv/call=0.0 pf_hit=90%(32)
(Worker_TP1 pid=464) [gv2-census] calls=32 rows/call=48 runs/call=96.0 preads/call=96.0 read=1.293ms fadv/call=0.0 pf_hit=100%(32)
(Worker_TP1 pid=464) [gv2-census] calls=32 rows/call=48 runs/call=96.0 preads/call=96.0 read=2.508ms fadv/call=0.0 pf_hit=100%(32)
(Worker_TP1 pid=464) [gv2-census] calls=32 rows/call=48 runs/call=96.0 preads/call=96.0 read=3.084ms fadv/call=0.0 pf_hit=100%(32)
(Worker_TP1 pid=464) [gv2-census] calls=32 rows/call=48 runs/call=96.0 preads/call=96.0 read=3.173ms fadv/call=0.0 pf_hit=100%(32)
(Worker_TP1 pid=464) [gv2-census] calls=32 rows/call=48 runs/call=96.0 preads/call=96.0 read=1.850ms fadv/call=0.0 pf_hit=100%(32)
(Worker_TP1 pid=464) INFO 09-25 02:12:10 [exl3.py:1224] EXL3 fat-chunk slicing ACTIVE (tokens=8035)
(Worker_TP1 pid=464) [gv2-census] calls=32 rows/call=18793 runs/call=32333.8 preads/call=32333.8 read=296.026ms fadv/call=30098.5 pf_hit=80%(10)
(Worker_TP1 pid=464) INFO 09-25 02:12:40 [exl3.py:1224] EXL3 fat-chunk slicing ACTIVE (tokens=3002)
(Worker_TP1 pid=464) INFO 09-25 02:12:47 [exl3.py:1224] EXL3 fat-chunk slicing ACTIVE (tokens=4086)
(Worker_TP1 pid=464) INFO 09-25 02:12:53 [exl3.py:1224] EXL3 fat-chunk slicing ACTIVE (tokens=5943)
(Worker_TP1 pid=464) [gv2-census] calls=32 rows/call=22146 runs/call=38414.9 preads/call=38414.9 read=310.857ms fadv/call=35596.0
(Worker_TP1 pid=464) [gv2-census] calls=32 rows/call=6153 runs/call=12189.0 preads/call=12189.0 read=110.023ms fadv/call=12038.0
(Worker_TP1 pid=464) [gv2-census] calls=32 rows/call=6151 runs/call=12028.0 preads/call=12028.0 read=115.794ms fadv/call=11884.9
(Worker_TP1 pid=464) [gv2-census] calls=32 rows/call=6153 runs/call=12203.1 preads/call=12203.1 read=115.085ms fadv/call=12047.9
(Worker_TP1 pid=464) [gv2-census] calls=32 rows/call=6153 runs/call=12083.9 preads/call=12083.9 read=101.051ms fadv/call=11937.9
(Worker_TP1 pid=464) [gv2-census] calls=32 rows/call=3894 runs/call=7646.6 preads/call=7646.6 read=63.339ms fadv/call=7525.9 pf_hit=87%(10)
(Worker_TP1 pid=464) [gv2-census] calls=32 rows/call=48 runs/call=96.0 preads/call=96.0 read=0.645ms fadv/call=0.0 pf_hit=100%(32)
(Worker_TP1 pid=464) [gv2-census] calls=32 rows/call=48 runs/call=96.0 preads/call=96.0 read=0.735ms fadv/call=0.0 pf_hit=100%(32)
(Worker_TP1 pid=464) [gv2-census] calls=32 rows/call=48 runs/call=96.0 preads/call=96.0 read=0.811ms fadv/call=0.0 pf_hit=100%(32)
(Worker_TP1 pid=464) [gv2-census] calls=32 rows/call=48 runs/call=96.0 preads/call=96.0 read=0.796ms fadv/call=0.0 pf_hit=100%(32)
(Worker_TP1 pid=464) [gv2-census] calls=32 rows/call=194 runs/call=387.5 preads/call=387.5 read=4.214ms fadv/call=302.4 pf_hit=89%(30)
(Worker_TP1 pid=464) [gv2-census] calls=32 rows/call=48 runs/call=96.0 preads/call=96.0 read=0.859ms fadv/call=0.0 pf_hit=100%(32)
(Worker_TP1 pid=464) [gv2-census] calls=32 rows/call=48 runs/call=96.0 preads/call=96.0 read=0.956ms fadv/call=0.0 pf_hit=100%(32)
(Worker_TP1 pid=464) [gv2-census] calls=32 rows/call=48 runs/call=96.0 preads/call=96.0 read=0.868ms fadv/call=0.0 pf_hit=100%(32)
(Worker_TP1 pid=464) [gv2-census] calls=32 rows/call=48 runs/call=96.0 preads/call=96.0 read=0.881ms fadv/call=0.0 pf_hit=100%(32)
(Worker_TP1 pid=464) [gv2-census] calls=32 rows/call=211 runs/call=420.5 preads/call=420.5 read=5.108ms fadv/call=335.3 pf_hit=89%(30)
(Worker_TP1 pid=464) [gv2-census] calls=32 rows/call=48 runs/call=96.0 preads/call=96.0 read=0.927ms fadv/call=0.0 pf_hit=100%(32)
(Worker_TP1 pid=464) [gv2-census] calls=32 rows/call=48 runs/call=96.0 preads/call=96.0 read=0.895ms fadv/call=0.0 pf_hit=100%(32)
(Worker_TP1 pid=464) [gv2-census] calls=32 rows/call=48 runs/call=96.0 preads/call=96.0 read=0.856ms fadv/call=0.0 pf_hit=100%(32)
(Worker_TP1 pid=464) [gv2-census] calls=32 rows/call=48 runs/call=96.0 preads/call=96.0 read=0.824ms fadv/call=0.0 pf_hit=100%(32)
(Worker_TP1 pid=464) [gv2-census] calls=32 rows/call=211 runs/call=402.0 preads/call=402.0 read=5.558ms fadv/call=317.4 pf_hit=89%(30)
(Worker_TP1 pid=464) [gv2-census] calls=32 rows/call=48 runs/call=96.0 preads/call=96.0 read=0.933ms fadv/call=0.0 pf_hit=100%(32)
(Worker_TP1 pid=464) [gv2-census] calls=32 rows/call=48 runs/call=96.0 preads/call=96.0 read=1.989ms fadv/call=0.0 pf_hit=100%(32)
(Worker_TP1 pid=464) [gv2-census] calls=32 rows/call=48 runs/call=96.0 preads/call=96.0 read=0.785ms fadv/call=0.0 pf_hit=100%(32)
(Worker_TP1 pid=464) [gv2-census] calls=32 rows/call=48 runs/call=96.0 preads/call=96.0 read=0.904ms fadv/call=0.0 pf_hit=100%(32)
(Worker_TP1 pid=464) [gv2-census] calls=32 rows/call=211 runs/call=423.0 preads/call=423.0 read=4.957ms fadv/call=337.8 pf_hit=91%(30)
(Worker_TP1 pid=464) [gv2-census] calls=32 rows/call=48 runs/call=96.0 preads/call=96.0 read=0.796ms fadv/call=0.0 pf_hit=100%(32)
(Worker_TP1 pid=464) [gv2-census] calls=32 rows/call=48 runs/call=96.0 preads/call=96.0 read=0.950ms fadv/call=0.0 pf_hit=100%(32)
(Worker_TP1 pid=464) [gv2-census] calls=32 rows/call=48 runs/call=96.0 preads/call=96.0 read=0.852ms fadv/call=0.0 pf_hit=100%(32)
(Worker_TP1 pid=464) [gv2-census] calls=32 rows/call=48 runs/call=96.0 preads/call=96.0 read=0.835ms fadv/call=0.0 pf_hit=100%(32)
(Worker_TP1 pid=464) [gv2-census] calls=32 rows/call=211 runs/call=417.5 preads/call=417.5 read=5.222ms fadv/call=332.3 pf_hit=89%(30)
(Worker_TP1 pid=464) [gv2-census] calls=32 rows/call=48 runs/call=96.0 preads/call=96.0 read=0.866ms fadv/call=0.0 pf_hit=100%(32)
(Worker_TP1 pid=464) [gv2-census] calls=32 rows/call=48 runs/call=96.0 preads/call=96.0 read=0.849ms fadv/call=0.0 pf_hit=100%(32)
(Worker_TP1 pid=464) [gv2-census] calls=32 rows/call=48 runs/call=96.0 preads/call=96.0 read=0.863ms fadv/call=0.0 pf_hit=100%(32)
(Worker_TP1 pid=464) [gv2-census] calls=32 rows/call=48 runs/call=96.0 preads/call=96.0 read=0.848ms fadv/call=0.0 pf_hit=100%(32)
(Worker_TP1 pid=464) [gv2-census] calls=32 rows/call=48 runs/call=96.0 preads/call=96.0 read=0.864ms fadv/call=0.0 pf_hit=100%(32)
(Worker_TP1 pid=464) [gv2-census] calls=32 rows/call=211 runs/call=411.0 preads/call=411.0 read=5.263ms fadv/call=325.8 pf_hit=91%(30)
(Worker_TP1 pid=464) [gv2-census] calls=32 rows/call=48 runs/call=96.0 preads/call=96.0 read=1.572ms fadv/call=0.0 pf_hit=100%(32)
(Worker_TP1 pid=464) [gv2-census] calls=32 rows/call=48 runs/call=96.0 preads/call=96.0 read=1.010ms fadv/call=0.0 pf_hit=100%(32)
(Worker_TP1 pid=464) [gv2-census] calls=32 rows/call=48 runs/call=96.0 preads/call=96.0 read=1.025ms fadv/call=0.0 pf_hit=100%(32)
(Worker_TP1 pid=464) [gv2-census] calls=32 rows/call=48 runs/call=96.0 preads/call=96.0 read=1.585ms fadv/call=0.0 pf_hit=100%(32)
(Worker_TP1 pid=464) [gv2-census] calls=32 rows/call=211 runs/call=405.5 preads/call=405.5 read=5.306ms fadv/call=320.4 pf_hit=89%(30)
(Worker_TP1 pid=464) [gv2-census] calls=32 rows/call=48 runs/call=96.0 preads/call=96.0 read=1.421ms fadv/call=0.0 pf_hit=100%(32)
(Worker_TP1 pid=464) [gv2-census] calls=32 rows/call=48 runs/call=96.0 preads/call=96.0 read=0.842ms fadv/call=0.0 pf_hit=100%(32)
(Worker_TP1 pid=464) [gv2-census] calls=32 rows/call=48 runs/call=96.0 preads/call=96.0 read=0.940ms fadv/call=0.0 pf_hit=100%(32)
(Worker_TP1 pid=464) [gv2-census] calls=32 rows/call=48 runs/call=96.0 preads/call=96.0 read=0.934ms fadv/call=0.0 pf_hit=100%(32)
(Worker_TP1 pid=464) [gv2-census] calls=32 rows/call=321 runs/call=589.5 preads/call=589.5 read=8.225ms fadv/call=469.3 pf_hit=95%(26)
(Worker_TP1 pid=464) [gv2-census] calls=32 rows/call=207 runs/call=413.5 preads/call=413.5 read=5.069ms fadv/call=258.5 pf_hit=92%(28)
(Worker_TP1 pid=464) [gv2-census] calls=32 rows/call=96 runs/call=191.5 preads/call=191.5 read=3.040ms fadv/call=0.0 pf_hit=100%(32)
(Worker_TP1 pid=464) [gv2-census] calls=32 rows/call=96 runs/call=184.0 preads/call=184.0 read=2.630ms fadv/call=0.0 pf_hit=100%(32)
(Worker_TP1 pid=464) [gv2-census] calls=32 rows/call=329 runs/call=549.5 preads/call=549.5 read=8.218ms fadv/call=385.8 pf_hit=94%(30)
(Worker_TP1 pid=464) [gv2-census] calls=32 rows/call=141 runs/call=280.0 preads/call=280.0 read=3.475ms fadv/call=105.8 pf_hit=97%(30)
(Worker_TP1 pid=464) [gv2-census] calls=32 rows/call=138 runs/call=277.5 preads/call=277.5 read=3.772ms fadv/call=103.4 pf_hit=97%(30)
(Worker_TP1 pid=464) [gv2-census] calls=32 rows/call=192 runs/call=382.0 preads/call=382.0 read=6.981ms fadv/call=225.5 pf_hit=92%(28)
(Worker_TP1 pid=464) [gv2-census] calls=32 rows/call=216 runs/call=413.0 preads/call=413.0 read=5.157ms fadv/call=244.7 pf_hit=93%(30)
(Worker_TP1 pid=464) [gv2-census] calls=32 rows/call=159 runs/call=319.0 preads/call=319.0 read=3.928ms fadv/call=138.8 pf_hit=100%(30)
(Worker_TP1 pid=464) [gv2-census] calls=32 rows/call=189 runs/call=362.5 preads/call=362.5 read=3.683ms fadv/call=189.4 pf_hit=97%(30)
(Worker_TP1 pid=464) [gv2-census] calls=32 rows/call=304 runs/call=582.0 preads/call=582.0 read=7.343ms fadv/call=424.4 pf_hit=92%(28)
(Worker_TP1 pid=464) [gv2-census] calls=32 rows/call=139 runs/call=277.5 preads/call=277.5 read=2.976ms fadv/call=103.2 pf_hit=97%(30)
(Worker_TP1 pid=464) [gv2-census] calls=32 rows/call=96 runs/call=188.5 preads/call=188.5 read=2.110ms fadv/call=0.0 pf_hit=100%(32)
(Worker_TP1 pid=464) [gv2-census] calls=32 rows/call=261 runs/call=490.0 preads/call=490.0 read=7.083ms fadv/call=333.4 pf_hit=92%(28)
(Worker_TP1 pid=464) [gv2-census] calls=32 rows/call=231 runs/call=437.5 preads/call=437.5 read=6.552ms fadv/call=265.3 pf_hit=96%(30)
(Worker_TP1 pid=464) [gv2-census] calls=32 rows/call=254 runs/call=471.5 preads/call=471.5 read=6.743ms fadv/call=319.0 pf_hit=92%(28)
(Worker_TP1 pid=464) [gv2-census] calls=32 rows/call=168 runs/call=329.5 preads/call=329.5 read=5.383ms fadv/call=157.0 pf_hit=97%(30)
(Worker_TP1 pid=464) [gv2-census] calls=32 rows/call=96 runs/call=186.5 preads/call=186.5 read=2.940ms fadv/call=0.0 pf_hit=100%(32)
(Worker_TP1 pid=464) [gv2-census] calls=32 rows/call=302 runs/call=572.5 preads/call=572.5 read=8.581ms fadv/call=415.1 pf_hit=92%(28)
(Worker_TP1 pid=464) [gv2-census] calls=32 rows/call=416 runs/call=782.0 preads/call=782.0 read=9.792ms fadv/call=635.9 pf_hit=89%(26)
(Worker_TP1 pid=464) [gv2-census] calls=32 rows/call=423 runs/call=798.5 preads/call=798.5 read=12.991ms fadv/call=657.9 pf_hit=91%(26)
(Worker_TP1 pid=464) [gv2-census] calls=32 rows/call=6069 runs/call=7917.7 preads/call=7917.7 read=73.257ms fadv/call=6882.8 pf_hit=92%(30)
(Worker_TP1 pid=464) [gv2-census] calls=32 rows/call=36458 runs/call=46986.0 preads/call=46986.0 read=405.399ms fadv/call=41506.0 pf_hit=70%(20)
(Worker_TP1 pid=464) [gv2-census] calls=32 rows/call=60932 runs/call=78042.8 preads/call=78042.8 read=670.349ms fadv/call=69013.2 pf_hit=57%(14)
(Worker_TP1 pid=464) INFO 09-25 02:21:25 [exl3.py:1224] EXL3 fat-chunk slicing ACTIVE (tokens=7898)
(Worker_TP1 pid=464) [gv2-census] calls=32 rows/call=85782 runs/call=110613.8 preads/call=110613.8 read=1112.089ms fadv/call=97733.5 pf_hit=100%(2)
(Worker_TP1 pid=464) [gv2-census] calls=32 rows/call=92140 runs/call=118555.3 preads/call=118555.3 read=1200.477ms fadv/call=104719.8 pf_hit=50%(4)
(Worker_TP1 pid=464) INFO 09-25 02:24:16 [exl3.py:1224] EXL3 fat-chunk slicing ACTIVE (tokens=6232)
(Worker_TP1 pid=464) [dsv41-prefill-empty-cache] skipped #100 (longest seq 65520, MemAvailable 22.82 GiB >= 2.5 GiB)
(Worker_TP1 pid=464) [gv2-census] calls=32 rows/call=72253 runs/call=93430.8 preads/call=93430.8 read=1019.009ms fadv/call=82648.6 pf_hit=75%(8)
(Worker_TP1 pid=464) INFO 09-25 02:27:06 [exl3.py:1224] EXL3 fat-chunk slicing ACTIVE (tokens=6186)
(Worker_TP1 pid=464) [gv2-census] calls=32 rows/call=29252 runs/call=38343.8 preads/call=38343.8 read=341.743ms fadv/call=33914.8 pf_hit=83%(20)
(Worker_TP1 pid=464) [gv2-census] calls=32 rows/call=48 runs/call=96.0 preads/call=96.0 read=1.559ms fadv/call=0.0 pf_hit=100%(32)
(Worker_TP1 pid=464) [gv2-census] calls=32 rows/call=48 runs/call=96.0 preads/call=96.0 read=1.091ms fadv/call=0.0 pf_hit=100%(32)
(Worker_TP1 pid=464) [gv2-census] calls=32 rows/call=57 runs/call=114.0 preads/call=114.0 read=1.648ms fadv/call=0.0 pf_hit=90%(32)
(Worker_TP1 pid=464) [gv2-census] calls=32 rows/call=48 runs/call=96.0 preads/call=96.0 read=2.329ms fadv/call=0.0 pf_hit=100%(32)
(Worker_TP1 pid=464) [gv2-census] calls=32 rows/call=48 runs/call=96.0 preads/call=96.0 read=1.943ms fadv/call=0.0 pf_hit=100%(32)
(Worker_TP1 pid=464) [gv2-census] calls=32 rows/call=56 runs/call=112.5 preads/call=112.5 read=2.029ms fadv/call=0.0 pf_hit=90%(32)
(Worker_TP1 pid=464) [gv2-census] calls=32 rows/call=48 runs/call=96.0 preads/call=96.0 read=0.819ms fadv/call=0.0 pf_hit=100%(32)
(Worker_TP1 pid=464) [gv2-census] calls=32 rows/call=56 runs/call=112.5 preads/call=112.5 read=1.060ms fadv/call=0.0 pf_hit=90%(32)
(Worker_TP1 pid=464) [gv2-census] calls=32 rows/call=74 runs/call=148.5 preads/call=148.5 read=1.993ms fadv/call=0.0 pf_hit=69%(32)
(Worker_TP1 pid=464) [gv2-census] calls=32 rows/call=48 runs/call=96.0 preads/call=96.0 read=1.577ms fadv/call=0.0 pf_hit=100%(32)
(Worker_TP1 pid=464) [gv2-census] calls=32 rows/call=48 runs/call=96.0 preads/call=96.0 read=0.735ms fadv/call=0.0 pf_hit=100%(32)
(Worker_TP1 pid=464) [gv2-census] calls=32 rows/call=48 runs/call=96.0 preads/call=96.0 read=0.805ms fadv/call=0.0 pf_hit=100%(32)
(Worker_TP1 pid=464) [gv2-census] calls=32 rows/call=54 runs/call=109.5 preads/call=109.5 read=1.875ms fadv/call=0.0 pf_hit=90%(32)
(Worker_TP1 pid=464) [gv2-census] calls=32 rows/call=65 runs/call=130.5 preads/call=130.5 read=1.752ms fadv/call=0.0 pf_hit=90%(32)
(Worker_TP1 pid=464) [gv2-census] calls=32 rows/call=48 runs/call=96.0 preads/call=96.0 read=1.856ms fadv/call=0.0 pf_hit=100%(32)
(Worker_TP1 pid=464) [gv2-census] calls=32 rows/call=48 runs/call=96.0 preads/call=96.0 read=0.740ms fadv/call=0.0 pf_hit=100%(32)
(Worker_TP1 pid=464) [gv2-census] calls=32 rows/call=56 runs/call=112.5 preads/call=112.5 read=3.113ms fadv/call=0.0 pf_hit=90%(32)
(Worker_TP1 pid=464) [gv2-census] calls=32 rows/call=48 runs/call=96.0 preads/call=96.0 read=0.763ms fadv/call=0.0 pf_hit=100%(32)
(Worker_TP1 pid=464) [gv2-census] calls=32 rows/call=48 runs/call=96.0 preads/call=96.0 read=0.736ms fadv/call=0.0 pf_hit=100%(32)
(Worker_TP1 pid=464) [gv2-census] calls=32 rows/call=48 runs/call=96.0 preads/call=96.0 read=0.733ms fadv/call=0.0 pf_hit=100%(32)
(Worker_TP1 pid=464) [gv2-census] calls=32 rows/call=58 runs/call=117.0 preads/call=117.0 read=1.036ms fadv/call=0.0 pf_hit=90%(32)
(Worker_TP1 pid=464) [gv2-census] calls=32 rows/call=48 runs/call=96.0 preads/call=96.0 read=0.555ms fadv/call=0.0 pf_hit=100%(32)
(Worker_TP1 pid=464) [gv2-census] calls=32 rows/call=48 runs/call=96.0 preads/call=96.0 read=0.670ms fadv/call=0.0 pf_hit=100%(32)
(Worker_TP1 pid=464) [gv2-census] calls=32 rows/call=48 runs/call=96.0 preads/call=96.0 read=0.556ms fadv/call=0.0 pf_hit=100%(32)
(Worker_TP1 pid=464) [gv2-census] calls=32 rows/call=48 runs/call=96.0 preads/call=96.0 read=0.664ms fadv/call=0.0 pf_hit=100%(32)
(Worker_TP1 pid=464) [gv2-census] calls=32 rows/call=58 runs/call=117.0 preads/call=117.0 read=2.071ms fadv/call=0.0 pf_hit=90%(32)
(Worker_TP1 pid=464) [gv2-census] calls=32 rows/call=48 runs/call=96.0 preads/call=96.0 read=1.201ms fadv/call=0.0 pf_hit=100%(32)
(Worker_TP1 pid=464) [gv2-census] calls=32 rows/call=57 runs/call=115.5 preads/call=115.5 read=0.826ms fadv/call=0.0 pf_hit=90%(32)
(Worker_TP1 pid=464) [gv2-census] calls=32 rows/call=48 runs/call=96.0 preads/call=96.0 read=1.809ms fadv/call=0.0 pf_hit=100%(32)
(Worker_TP1 pid=464) [gv2-census] calls=32 rows/call=48 runs/call=96.0 preads/call=96.0 read=0.735ms fadv/call=0.0 pf_hit=100%(32)
(Worker_TP1 pid=464) [gv2-census] calls=32 rows/call=57 runs/call=114.0 preads/call=114.0 read=2.050ms fadv/call=0.0 pf_hit=90%(32)
(Worker_TP1 pid=464) [gv2-census] calls=32 rows/call=48 runs/call=96.0 preads/call=96.0 read=2.836ms fadv/call=0.0 pf_hit=100%(32)
(Worker_TP1 pid=464) [gv2-census] calls=32 rows/call=48 runs/call=96.0 preads/call=96.0 read=2.072ms fadv/call=0.0 pf_hit=100%(32)
(Worker_TP1 pid=464) [gv2-census] calls=32 rows/call=56 runs/call=112.5 preads/call=112.5 read=1.983ms fadv/call=0.0 pf_hit=90%(32)
(Worker_TP1 pid=464) [gv2-census] calls=32 rows/call=48 runs/call=96.0 preads/call=96.0 read=0.900ms fadv/call=0.0 pf_hit=100%(32)
(Worker_TP1 pid=464) [gv2-census] calls=32 rows/call=56 runs/call=112.5 preads/call=112.5 read=1.082ms fadv/call=0.0 pf_hit=90%(32)
(Worker_TP1 pid=464) [gv2-census] calls=32 rows/call=74 runs/call=148.5 preads/call=148.5 read=2.236ms fadv/call=0.0 pf_hit=69%(32)
(Worker_TP1 pid=464) [gv2-census] calls=32 rows/call=48 runs/call=96.0 preads/call=96.0 read=2.541ms fadv/call=0.0 pf_hit=100%(32)
(Worker_TP1 pid=464) [gv2-census] calls=32 rows/call=48 runs/call=96.0 preads/call=96.0 read=1.270ms fadv/call=0.0 pf_hit=100%(32)
(Worker_TP1 pid=464) [gv2-census] calls=32 rows/call=48 runs/call=96.0 preads/call=96.0 read=0.773ms fadv/call=0.0 pf_hit=100%(32)
(Worker_TP1 pid=464) [gv2-census] calls=32 rows/call=54 runs/call=109.5 preads/call=109.5 read=1.562ms fadv/call=0.0 pf_hit=90%(32)
(Worker_TP1 pid=464) [gv2-census] calls=32 rows/call=65 runs/call=130.5 preads/call=130.5 read=2.579ms fadv/call=0.0 pf_hit=90%(32)
(Worker_TP1 pid=464) [gv2-census] calls=32 rows/call=48 runs/call=96.0 preads/call=96.0 read=0.878ms fadv/call=0.0 pf_hit=100%(32)
(Worker_TP1 pid=464) [gv2-census] calls=32 rows/call=48 runs/call=96.0 preads/call=96.0 read=0.927ms fadv/call=0.0 pf_hit=100%(32)
(Worker_TP1 pid=464) [gv2-census] calls=32 rows/call=56 runs/call=112.5 preads/call=112.5 read=1.806ms fadv/call=0.0 pf_hit=90%(32)
(Worker_TP1 pid=464) [gv2-census] calls=32 rows/call=48 runs/call=96.0 preads/call=96.0 read=3.003ms fadv/call=0.0 pf_hit=100%(32)
(Worker_TP1 pid=464) [gv2-census] calls=32 rows/call=48 runs/call=96.0 preads/call=96.0 read=1.446ms fadv/call=0.0 pf_hit=100%(32)
(Worker_TP1 pid=464) [gv2-census] calls=32 rows/call=58 runs/call=117.0 preads/call=117.0 read=2.688ms fadv/call=0.0 pf_hit=90%(32)
(Worker_TP1 pid=464) [gv2-census] calls=32 rows/call=48 runs/call=96.0 preads/call=96.0 read=2.089ms fadv/call=0.0 pf_hit=100%(32)
(Worker_TP1 pid=464) [gv2-census] calls=32 rows/call=48 runs/call=96.0 preads/call=96.0 read=0.945ms fadv/call=0.0 pf_hit=100%(32)
(Worker_TP1 pid=464) [gv2-census] calls=32 rows/call=48 runs/call=96.0 preads/call=96.0 read=0.798ms fadv/call=0.0 pf_hit=100%(32)
(Worker_TP1 pid=464) [gv2-census] calls=32 rows/call=48 runs/call=96.0 preads/call=96.0 read=0.892ms fadv/call=0.0 pf_hit=100%(32)
(Worker_TP1 pid=464) [gv2-census] calls=32 rows/call=58 runs/call=117.0 preads/call=117.0 read=0.952ms fadv/call=0.0 pf_hit=90%(32)
(Worker_TP1 pid=464) [gv2-census] calls=32 rows/call=48 runs/call=96.0 preads/call=96.0 read=2.615ms fadv/call=0.0 pf_hit=100%(32)
(Worker_TP1 pid=464) [gv2-census] calls=32 rows/call=48 runs/call=96.0 preads/call=96.0 read=3.055ms fadv/call=0.0 pf_hit=100%(32)
(Worker_TP1 pid=464) [gv2-census] calls=32 rows/call=126 runs/call=131.5 preads/call=131.5 read=3.530ms fadv/call=4.5 pf_hit=79%(32)
(Worker_TP1 pid=464) [gv2-census] calls=32 rows/call=214 runs/call=386.0 preads/call=386.0 read=5.929ms fadv/call=220.2 pf_hit=96%(28)
(Worker_TP1 pid=464) [gv2-census] calls=32 rows/call=96 runs/call=192.0 preads/call=192.0 read=1.579ms fadv/call=0.0 pf_hit=100%(32)
(Worker_TP1 pid=464) [gv2-census] calls=32 rows/call=157 runs/call=308.5 preads/call=308.5 read=3.952ms fadv/call=134.3 pf_hit=97%(30)
(Worker_TP1 pid=464) [gv2-census] calls=32 rows/call=96 runs/call=192.0 preads/call=192.0 read=1.615ms fadv/call=0.0 pf_hit=100%(32)
(Worker_TP1 pid=464) [gv2-census] calls=32 rows/call=96 runs/call=192.0 preads/call=192.0 read=2.278ms fadv/call=0.0 pf_hit=100%(32)
(Worker_TP1 pid=464) [gv2-census] calls=32 rows/call=96 runs/call=192.0 preads/call=192.0 read=2.178ms fadv/call=0.0 pf_hit=100%(32)
(Worker_TP1 pid=464) [gv2-census] calls=32 rows/call=164 runs/call=322.5 preads/call=322.5 read=4.241ms fadv/call=148.1 pf_hit=97%(30)
(Worker_TP1 pid=464) [gv2-census] calls=32 rows/call=96 runs/call=192.0 preads/call=192.0 read=1.757ms fadv/call=0.0 pf_hit=100%(32)
(Worker_TP1 pid=464) [gv2-census] calls=32 rows/call=154 runs/call=306.5 preads/call=306.5 read=4.957ms fadv/call=132.6 pf_hit=97%(30)
(Worker_TP1 pid=464) [gv2-census] calls=32 rows/call=96 runs/call=192.0 preads/call=192.0 read=1.758ms fadv/call=0.0 pf_hit=100%(32)
(Worker_TP1 pid=464) [gv2-census] calls=32 rows/call=144 runs/call=289.5 preads/call=289.5 read=3.419ms fadv/call=115.3 pf_hit=97%(32)
(Worker_TP1 pid=464) [gv2-census] calls=32 rows/call=96 runs/call=192.0 preads/call=192.0 read=3.064ms fadv/call=0.0 pf_hit=100%(30)
(Worker_TP1 pid=464) [gv2-census] calls=32 rows/call=96 runs/call=192.0 preads/call=192.0 read=1.853ms fadv/call=0.0 pf_hit=100%(32)
(Worker_TP1 pid=464) [gv2-census] calls=32 rows/call=140 runs/call=278.5 preads/call=278.5 read=3.542ms fadv/call=104.3 pf_hit=97%(30)
(Worker_TP1 pid=464) [gv2-census] calls=32 rows/call=136 runs/call=272.5 preads/call=272.5 read=5.480ms fadv/call=98.9 pf_hit=97%(30)
(Worker_TP1 pid=464) [gv2-census] calls=32 rows/call=96 runs/call=192.0 preads/call=192.0 read=1.807ms fadv/call=0.0 pf_hit=100%(32)
(Worker_TP1 pid=464) [gv2-census] calls=32 rows/call=144 runs/call=288.0 preads/call=288.0 read=2.814ms fadv/call=113.8 pf_hit=97%(32)
(Worker_TP1 pid=464) [gv2-census] calls=32 rows/call=96 runs/call=192.0 preads/call=192.0 read=2.118ms fadv/call=0.0 pf_hit=100%(30)
(Worker_TP1 pid=464) [gv2-census] calls=32 rows/call=93 runs/call=185.5 preads/call=185.5 read=1.658ms fadv/call=0.0 pf_hit=97%(32)
(Worker_TP1 pid=464) [gv2-census] calls=32 rows/call=134 runs/call=268.5 preads/call=268.5 read=3.667ms fadv/call=88.3 pf_hit=98%(32)
(Worker_TP1 pid=464) [gv2-census] calls=32 rows/call=204 runs/call=400.5 preads/call=400.5 read=7.868ms fadv/call=244.1 pf_hit=92%(28)
(Worker_TP1 pid=464) [gv2-census] calls=32 rows/call=96 runs/call=192.0 preads/call=192.0 read=2.147ms fadv/call=0.0 pf_hit=100%(32)
(Worker_TP1 pid=464) [gv2-census] calls=32 rows/call=96 runs/call=192.0 preads/call=192.0 read=1.799ms fadv/call=0.0 pf_hit=100%(32)
(Worker_TP1 pid=464) [gv2-census] calls=32 rows/call=161 runs/call=322.0 preads/call=322.0 read=3.264ms fadv/call=147.5 pf_hit=97%(30)
(Worker_TP1 pid=464) [gv2-census] calls=32 rows/call=131 runs/call=262.0 preads/call=262.0 read=3.804ms fadv/call=88.3 pf_hit=95%(32)
(Worker_TP1 pid=464) [gv2-census] calls=32 rows/call=96 runs/call=192.0 preads/call=192.0 read=1.679ms fadv/call=0.0 pf_hit=100%(32)
(Worker_TP1 pid=464) [gv2-census] calls=32 rows/call=135 runs/call=271.0 preads/call=271.0 read=3.649ms fadv/call=96.9 pf_hit=97%(30)
(Worker_TP1 pid=464) [gv2-census] calls=32 rows/call=138 runs/call=276.0 preads/call=276.0 read=4.250ms fadv/call=101.8 pf_hit=97%(30)
(Worker_TP1 pid=464) [gv2-census] calls=32 rows/call=96 runs/call=192.0 preads/call=192.0 read=1.583ms fadv/call=0.0 pf_hit=100%(32)
(Worker_TP1 pid=464) [gv2-census] calls=32 rows/call=93 runs/call=186.0 preads/call=186.0 read=1.516ms fadv/call=0.0 pf_hit=97%(32)
(Worker_TP1 pid=464) [gv2-census] calls=32 rows/call=158 runs/call=314.5 preads/call=314.5 read=4.163ms fadv/call=134.2 pf_hit=100%(30)
(Worker_TP1 pid=464) [gv2-census] calls=32 rows/call=96 runs/call=192.0 preads/call=192.0 read=1.541ms fadv/call=0.0 pf_hit=100%(32)
(Worker_TP1 pid=464) [gv2-census] calls=32 rows/call=152 runs/call=303.5 preads/call=303.5 read=4.594ms fadv/call=129.2 pf_hit=97%(30)
(Worker_TP1 pid=464) [gv2-census] calls=32 rows/call=96 runs/call=192.0 preads/call=192.0 read=1.608ms fadv/call=0.0 pf_hit=100%(32)
(Worker_TP1 pid=464) [gv2-census] calls=32 rows/call=148 runs/call=295.0 preads/call=295.0 read=4.311ms fadv/call=120.8 pf_hit=97%(30)
(Worker_TP1 pid=464) [gv2-census] calls=32 rows/call=163 runs/call=326.9 preads/call=326.9 read=5.079ms fadv/call=152.6 pf_hit=97%(30)
(Worker_TP1 pid=464) [gv2-census] calls=32 rows/call=96 runs/call=192.0 preads/call=192.0 read=1.697ms fadv/call=0.0 pf_hit=100%(32)
(Worker_TP1 pid=464) [gv2-census] calls=32 rows/call=140 runs/call=277.5 preads/call=277.5 read=3.778ms fadv/call=105.2 pf_hit=97%(30)
(Worker_TP1 pid=464) [gv2-census] calls=32 rows/call=167 runs/call=334.0 preads/call=334.0 read=5.193ms fadv/call=159.5 pf_hit=97%(30)
(Worker_TP1 pid=464) [gv2-census] calls=32 rows/call=96 runs/call=192.0 preads/call=192.0 read=1.527ms fadv/call=0.0 pf_hit=100%(32)
(Worker_TP1 pid=464) [gv2-census] calls=32 rows/call=132 runs/call=265.5 preads/call=265.5 read=3.196ms fadv/call=91.4 pf_hit=95%(32)
(Worker_TP1 pid=464) [gv2-census] calls=32 rows/call=96 runs/call=192.0 preads/call=192.0 read=1.429ms fadv/call=0.0 pf_hit=100%(32)
(Worker_TP1 pid=464) [gv2-census] calls=32 rows/call=171 runs/call=339.0 preads/call=339.0 read=5.836ms fadv/call=165.1 pf_hit=97%(30)
(Worker_TP1 pid=464) [gv2-census] calls=32 rows/call=132 runs/call=265.0 preads/call=265.0 read=3.177ms fadv/call=91.3 pf_hit=95%(32)
(Worker_TP1 pid=464) [gv2-census] calls=32 rows/call=164 runs/call=328.5 preads/call=328.5 read=3.882ms fadv/call=154.0 pf_hit=97%(30)
(Worker_TP1 pid=464) [gv2-census] calls=32 rows/call=96 runs/call=192.0 preads/call=192.0 read=1.604ms fadv/call=0.0 pf_hit=100%(32)
(Worker_TP1 pid=464) [gv2-census] calls=32 rows/call=96 runs/call=191.5 preads/call=191.5 read=1.689ms fadv/call=0.0 pf_hit=100%(32)
(Worker_TP1 pid=464) [gv2-census] calls=32 rows/call=150 runs/call=301.5 preads/call=301.5 read=4.158ms fadv/call=127.2 pf_hit=97%(30)
(Worker_TP1 pid=464) [gv2-census] calls=32 rows/call=96 runs/call=192.0 preads/call=192.0 read=1.731ms fadv/call=0.0 pf_hit=100%(32)
(Worker_TP1 pid=464) [gv2-census] calls=32 rows/call=210 runs/call=418.0 preads/call=418.0 read=6.419ms fadv/call=255.5 pf_hit=93%(28)
(Worker_TP1 pid=464) [gv2-census] calls=32 rows/call=96 runs/call=192.0 preads/call=192.0 read=1.561ms fadv/call=0.0 pf_hit=100%(32)
(Worker_TP1 pid=464) [gv2-census] calls=32 rows/call=227 runs/call=443.5 preads/call=443.5 read=7.753ms fadv/call=286.8 pf_hit=92%(28)
(Worker_TP1 pid=464) [gv2-census] calls=32 rows/call=96 runs/call=192.0 preads/call=192.0 read=1.646ms fadv/call=0.0 pf_hit=100%(32)
(Worker_TP1 pid=464) [gv2-census] calls=32 rows/call=96 runs/call=192.0 preads/call=192.0 read=3.068ms fadv/call=0.0 pf_hit=100%(32)
(Worker_TP1 pid=464) [gv2-census] calls=32 rows/call=156 runs/call=313.0 preads/call=313.0 read=5.140ms fadv/call=138.7 pf_hit=97%(30)
(Worker_TP1 pid=464) [gv2-census] calls=32 rows/call=146 runs/call=286.5 preads/call=286.5 read=4.711ms fadv/call=112.8 pf_hit=97%(30)
(Worker_TP1 pid=464) [gv2-census] calls=32 rows/call=96 runs/call=192.0 preads/call=192.0 read=1.677ms fadv/call=0.0 pf_hit=100%(32)
(Worker_TP1 pid=464) [gv2-census] calls=32 rows/call=96 runs/call=192.0 preads/call=192.0 read=1.600ms fadv/call=0.0 pf_hit=100%(32)
(Worker_TP1 pid=464) [gv2-census] calls=32 rows/call=141 runs/call=282.5 preads/call=282.5 read=3.417ms fadv/call=108.2 pf_hit=97%(30)
(Worker_TP1 pid=464) [gv2-census] calls=32 rows/call=164 runs/call=328.0 preads/call=328.0 read=4.978ms fadv/call=153.4 pf_hit=97%(30)
(Worker_TP1 pid=464) [gv2-census] calls=32 rows/call=96 runs/call=192.0 preads/call=192.0 read=2.055ms fadv/call=0.0 pf_hit=100%(32)
(Worker_TP1 pid=464) [gv2-census] calls=32 rows/call=160 runs/call=320.5 preads/call=320.5 read=4.811ms fadv/call=146.2 pf_hit=97%(30)
(Worker_TP1 pid=464) [gv2-census] calls=32 rows/call=148 runs/call=296.5 preads/call=296.5 read=3.106ms fadv/call=122.1 pf_hit=97%(30)
(Worker_TP1 pid=464) [gv2-census] calls=32 rows/call=96 runs/call=192.0 preads/call=192.0 read=1.352ms fadv/call=0.0 pf_hit=100%(32)
(Worker_TP1 pid=464) [gv2-census] calls=32 rows/call=153 runs/call=298.0 preads/call=298.0 read=4.455ms fadv/call=123.7 pf_hit=97%(30)
(Worker_TP1 pid=464) [gv2-census] calls=32 rows/call=96 runs/call=192.0 preads/call=192.0 read=1.255ms fadv/call=0.0 pf_hit=100%(32)
(Worker_TP1 pid=464) [gv2-census] calls=32 rows/call=170 runs/call=333.5 preads/call=333.5 read=2.716ms fadv/call=159.2 pf_hit=97%(32)
(Worker_TP1 pid=464) [gv2-census] calls=32 rows/call=137 runs/call=274.5 preads/call=274.5 read=5.054ms fadv/call=100.4 pf_hit=96%(28)
(Worker_TP1 pid=464) [gv2-census] calls=32 rows/call=96 runs/call=192.0 preads/call=192.0 read=1.699ms fadv/call=0.0 pf_hit=100%(32)
(Worker_TP1 pid=464) [gv2-census] calls=32 rows/call=96 runs/call=192.0 preads/call=192.0 read=1.449ms fadv/call=0.0 pf_hit=100%(32)
(Worker_TP1 pid=464) [gv2-census] calls=32 rows/call=185 runs/call=361.0 preads/call=361.0 read=5.499ms fadv/call=186.4 pf_hit=97%(30)
(Worker_TP1 pid=464) [gv2-census] calls=32 rows/call=96 runs/call=192.0 preads/call=192.0 read=1.372ms fadv/call=0.0 pf_hit=100%(32)
(Worker_TP1 pid=464) [gv2-census] calls=32 rows/call=96 runs/call=192.0 preads/call=192.0 read=1.507ms fadv/call=0.0 pf_hit=100%(32)
(Worker_TP1 pid=464) [gv2-census] calls=32 rows/call=147 runs/call=294.0 preads/call=294.0 read=4.245ms fadv/call=119.7 pf_hit=97%(30)
(Worker_TP1 pid=464) [gv2-census] calls=32 rows/call=96 runs/call=192.0 preads/call=192.0 read=1.639ms fadv/call=0.0 pf_hit=100%(32)
(Worker_TP1 pid=464) [gv2-census] calls=32 rows/call=96 runs/call=192.0 preads/call=192.0 read=1.445ms fadv/call=0.0 pf_hit=100%(32)
(Worker_TP1 pid=464) [gv2-census] calls=32 rows/call=147 runs/call=295.5 preads/call=295.5 read=3.792ms fadv/call=121.3 pf_hit=97%(30)
(Worker_TP1 pid=464) [gv2-census] calls=32 rows/call=96 runs/call=192.0 preads/call=192.0 read=1.659ms fadv/call=0.0 pf_hit=100%(32)
(Worker_TP1 pid=464) [gv2-census] calls=32 rows/call=96 runs/call=192.0 preads/call=192.0 read=1.153ms fadv/call=0.0 pf_hit=100%(32)
(Worker_TP1 pid=464) [gv2-census] calls=32 rows/call=96 runs/call=192.0 preads/call=192.0 read=1.570ms fadv/call=0.0 pf_hit=100%(32)
(Worker_TP1 pid=464) [gv2-census] calls=32 rows/call=162 runs/call=322.0 preads/call=322.0 read=3.840ms fadv/call=149.0 pf_hit=97%(30)
(Worker_TP1 pid=464) [gv2-census] calls=32 rows/call=96 runs/call=192.0 preads/call=192.0 read=1.512ms fadv/call=0.0 pf_hit=100%(32)
(Worker_TP1 pid=464) [gv2-census] calls=32 rows/call=96 runs/call=192.0 preads/call=192.0 read=1.656ms fadv/call=0.0 pf_hit=100%(32)
(Worker_TP1 pid=464) [gv2-census] calls=32 rows/call=224 runs/call=438.0 preads/call=438.0 read=5.705ms fadv/call=282.1 pf_hit=92%(28)
(Worker_TP1 pid=464) [gv2-census] calls=32 rows/call=96 runs/call=192.0 preads/call=192.0 read=1.463ms fadv/call=0.0 pf_hit=100%(32)
(Worker_TP1 pid=464) [gv2-census] calls=32 rows/call=96 runs/call=192.0 preads/call=192.0 read=1.402ms fadv/call=0.0 pf_hit=100%(32)
(Worker_TP1 pid=464) [gv2-census] calls=32 rows/call=96 runs/call=185.5 preads/call=185.5 read=2.097ms fadv/call=0.0 pf_hit=100%(32)
(Worker_TP1 pid=464) [gv2-census] calls=32 rows/call=211 runs/call=372.5 preads/call=372.5 read=3.941ms fadv/call=205.4 pf_hit=93%(30)
(Worker_TP1 pid=464) [gv2-census] calls=32 rows/call=96 runs/call=192.0 preads/call=192.0 read=1.290ms fadv/call=0.0 pf_hit=100%(32)
(Worker_TP1 pid=464) [gv2-census] calls=32 rows/call=96 runs/call=192.0 preads/call=192.0 read=1.586ms fadv/call=0.0 pf_hit=100%(32)
(Worker_TP1 pid=464) [gv2-census] calls=32 rows/call=96 runs/call=192.0 preads/call=192.0 read=1.443ms fadv/call=0.0 pf_hit=100%(32)
(Worker_TP1 pid=464) [gv2-census] calls=32 rows/call=145 runs/call=288.5 preads/call=288.5 read=3.974ms fadv/call=114.7 pf_hit=97%(30)
(Worker_TP1 pid=464) [gv2-census] calls=32 rows/call=96 runs/call=192.0 preads/call=192.0 read=1.982ms fadv/call=0.0 pf_hit=100%(32)
(Worker_TP1 pid=464) [gv2-census] calls=32 rows/call=144 runs/call=284.0 preads/call=284.0 read=4.076ms fadv/call=109.9 pf_hit=97%(30)
(Worker_TP1 pid=464) [gv2-census] calls=32 rows/call=96 runs/call=192.0 preads/call=192.0 read=1.503ms fadv/call=0.0 pf_hit=100%(32)
(Worker_TP1 pid=464) [gv2-census] calls=32 rows/call=96 runs/call=192.0 preads/call=192.0 read=1.272ms fadv/call=0.0 pf_hit=100%(32)
(Worker_TP1 pid=464) [gv2-census] calls=32 rows/call=177 runs/call=348.5 preads/call=348.5 read=4.482ms fadv/call=174.1 pf_hit=97%(30)
(Worker_TP1 pid=464) [gv2-census] calls=32 rows/call=96 runs/call=192.0 preads/call=192.0 read=1.404ms fadv/call=0.0 pf_hit=100%(32)
(Worker_TP1 pid=464) [gv2-census] calls=32 rows/call=96 runs/call=192.0 preads/call=192.0 read=1.797ms fadv/call=0.0 pf_hit=100%(32)
(Worker_TP1 pid=464) [gv2-census] calls=32 rows/call=96 runs/call=192.0 preads/call=192.0 read=1.475ms fadv/call=0.0 pf_hit=100%(32)
(Worker_TP1 pid=464) [gv2-census] calls=32 rows/call=139 runs/call=278.0 preads/call=278.0 read=3.780ms fadv/call=103.9 pf_hit=97%(30)
(Worker_TP1 pid=464) [gv2-census] calls=32 rows/call=96 runs/call=192.0 preads/call=192.0 read=1.482ms fadv/call=0.0 pf_hit=100%(32)
(Worker_TP1 pid=464) [gv2-census] calls=32 rows/call=152 runs/call=302.0 preads/call=302.0 read=3.267ms fadv/call=127.7 pf_hit=97%(30)
(Worker_TP1 pid=464) [gv2-census] calls=32 rows/call=96 runs/call=192.0 preads/call=192.0 read=1.639ms fadv/call=0.0 pf_hit=100%(32)
(Worker_TP1 pid=464) [gv2-census] calls=32 rows/call=96 runs/call=192.0 preads/call=192.0 read=1.492ms fadv/call=0.0 pf_hit=100%(32)
(Worker_TP1 pid=464) [gv2-census] calls=32 rows/call=145 runs/call=286.9 preads/call=286.9 read=3.287ms fadv/call=112.7 pf_hit=97%(30)
(Worker_TP1 pid=464) [gv2-census] calls=32 rows/call=96 runs/call=192.0 preads/call=192.0 read=1.537ms fadv/call=0.0 pf_hit=100%(32)
(Worker_TP1 pid=464) [gv2-census] calls=32 rows/call=96 runs/call=192.0 preads/call=192.0 read=1.302ms fadv/call=0.0 pf_hit=100%(32)
(Worker_TP1 pid=464) [gv2-census] calls=32 rows/call=96 runs/call=192.0 preads/call=192.0 read=1.563ms fadv/call=0.0 pf_hit=100%(32)
(Worker_TP1 pid=464) [gv2-census] calls=32 rows/call=96 runs/call=192.0 preads/call=192.0 read=1.423ms fadv/call=0.0 pf_hit=100%(32)
(Worker_TP1 pid=464) [gv2-census] calls=32 rows/call=176 runs/call=348.0 preads/call=348.0 read=5.686ms fadv/call=179.3 pf_hit=96%(30)
(Worker_TP1 pid=464) [gv2-census] calls=32 rows/call=96 runs/call=192.0 preads/call=192.0 read=1.433ms fadv/call=0.0 pf_hit=100%(32)
(Worker_TP1 pid=464) [gv2-census] calls=32 rows/call=153 runs/call=307.5 preads/call=307.5 read=4.088ms fadv/call=133.1 pf_hit=97%(30)
(Worker_TP1 pid=464) [gv2-census] calls=32 rows/call=146 runs/call=279.0 preads/call=279.0 read=3.174ms fadv/call=104.8 pf_hit=97%(30)
(Worker_TP1 pid=464) [gv2-census] calls=32 rows/call=96 runs/call=192.0 preads/call=192.0 read=1.280ms fadv/call=0.0 pf_hit=100%(32)
(Worker_TP1 pid=464) [gv2-census] calls=32 rows/call=147 runs/call=294.0 preads/call=294.0 read=3.470ms fadv/call=119.7 pf_hit=97%(30)
(Worker_TP1 pid=464) [gv2-census] calls=32 rows/call=96 runs/call=192.0 preads/call=192.0 read=1.261ms fadv/call=0.0 pf_hit=100%(32)
(Worker_TP1 pid=464) [gv2-census] calls=32 rows/call=185 runs/call=363.9 preads/call=363.9 read=5.604ms fadv/call=189.8 pf_hit=97%(30)
(Worker_TP1 pid=464) [gv2-census] calls=32 rows/call=93 runs/call=186.0 preads/call=186.0 read=1.234ms fadv/call=0.0 pf_hit=97%(32)
(Worker_TP1 pid=464) [gv2-census] calls=32 rows/call=142 runs/call=284.5 preads/call=284.5 read=4.379ms fadv/call=104.4 pf_hit=100%(30)
(Worker_TP1 pid=464) [gv2-census] calls=32 rows/call=96 runs/call=189.0 preads/call=189.0 read=1.389ms fadv/call=0.0 pf_hit=100%(32)
(Worker_TP1 pid=464) [gv2-census] calls=32 rows/call=192 runs/call=383.4 preads/call=383.4 read=4.013ms fadv/call=208.8 pf_hit=97%(30)
(Worker_TP1 pid=464) [gv2-census] calls=32 rows/call=96 runs/call=192.0 preads/call=192.0 read=1.377ms fadv/call=0.0 pf_hit=100%(32)
(Worker_TP1 pid=464) [gv2-census] calls=32 rows/call=96 runs/call=192.0 preads/call=192.0 read=1.410ms fadv/call=0.0 pf_hit=100%(32)
(Worker_TP1 pid=464) [gv2-census] calls=32 rows/call=96 runs/call=192.0 preads/call=192.0 read=1.394ms fadv/call=0.0 pf_hit=100%(32)
(Worker_TP1 pid=464) [gv2-census] calls=32 rows/call=96 runs/call=192.0 preads/call=192.0 read=1.297ms fadv/call=0.0 pf_hit=100%(32)
(Worker_TP1 pid=464) [gv2-census] calls=32 rows/call=96 runs/call=192.0 preads/call=192.0 read=1.452ms fadv/call=0.0 pf_hit=100%(32)
(Worker_TP1 pid=464) [gv2-census] calls=32 rows/call=96 runs/call=192.0 preads/call=192.0 read=1.611ms fadv/call=0.0 pf_hit=100%(32)
(Worker_TP1 pid=464) [gv2-census] calls=32 rows/call=96 runs/call=192.0 preads/call=192.0 read=1.421ms fadv/call=0.0 pf_hit=100%(32)
(Worker_TP1 pid=464) [gv2-census] calls=32 rows/call=159 runs/call=318.0 preads/call=318.0 read=3.420ms fadv/call=143.7 pf_hit=97%(30)
(Worker_TP1 pid=464) [gv2-census] calls=32 rows/call=159 runs/call=319.0 preads/call=319.0 read=4.244ms fadv/call=144.6 pf_hit=97%(30)
(Worker_TP1 pid=464) [gv2-census] calls=32 rows/call=96 runs/call=192.0 preads/call=192.0 read=1.451ms fadv/call=0.0 pf_hit=100%(32)
(Worker_TP1 pid=464) [gv2-census] calls=32 rows/call=96 runs/call=192.0 preads/call=192.0 read=1.290ms fadv/call=0.0 pf_hit=100%(32)
(Worker_TP1 pid=464) [gv2-census] calls=32 rows/call=147 runs/call=293.5 preads/call=293.5 read=2.713ms fadv/call=119.8 pf_hit=97%(30)
(Worker_TP1 pid=464) [gv2-census] calls=32 rows/call=93 runs/call=186.0 preads/call=186.0 read=1.300ms fadv/call=0.0 pf_hit=97%(32)
(Worker_TP1 pid=464) [gv2-census] calls=32 rows/call=198 runs/call=394.5 preads/call=394.5 read=6.162ms fadv/call=232.0 pf_hit=96%(28)
(Worker_TP1 pid=464) [gv2-census] calls=32 rows/call=96 runs/call=192.0 preads/call=192.0 read=1.410ms fadv/call=0.0 pf_hit=100%(32)
(Worker_TP1 pid=464) [gv2-census] calls=32 rows/call=186 runs/call=372.0 preads/call=372.0 read=4.625ms fadv/call=216.1 pf_hit=91%(32)
(Worker_TP1 pid=464) [gv2-census] calls=32 rows/call=96 runs/call=192.0 preads/call=192.0 read=2.714ms fadv/call=0.0 pf_hit=100%(30)
(Worker_TP1 pid=464) [gv2-census] calls=32 rows/call=96 runs/call=192.0 preads/call=192.0 read=1.612ms fadv/call=0.0 pf_hit=100%(32)
(Worker_TP1 pid=464) [gv2-census] calls=32 rows/call=96 runs/call=192.0 preads/call=192.0 read=1.633ms fadv/call=0.0 pf_hit=100%(32)
(Worker_TP1 pid=464) [gv2-census] calls=32 rows/call=135 runs/call=270.0 preads/call=270.0 read=2.709ms fadv/call=101.8 pf_hit=93%(30)
(Worker_TP1 pid=464) [gv2-census] calls=32 rows/call=143 runs/call=286.5 preads/call=286.5 read=3.515ms fadv/call=106.3 pf_hit=100%(30)
(Worker_TP1 pid=464) [gv2-census] calls=32 rows/call=135 runs/call=269.5 preads/call=269.5 read=3.957ms fadv/call=95.3 pf_hit=97%(30)
(Worker_TP1 pid=464) [gv2-census] calls=32 rows/call=96 runs/call=192.0 preads/call=192.0 read=1.227ms fadv/call=0.0 pf_hit=100%(32)
(Worker_TP1 pid=464) [gv2-census] calls=32 rows/call=255 runs/call=503.5 preads/call=503.5 read=7.652ms fadv/call=346.1 pf_hit=92%(28)
(Worker_TP1 pid=464) [gv2-census] calls=32 rows/call=96 runs/call=192.0 preads/call=192.0 read=1.336ms fadv/call=0.0 pf_hit=100%(32)
(Worker_TP1 pid=464) [gv2-census] calls=32 rows/call=96 runs/call=192.0 preads/call=192.0 read=1.487ms fadv/call=0.0 pf_hit=100%(32)
(Worker_TP1 pid=464) [gv2-census] calls=32 rows/call=96 runs/call=192.0 preads/call=192.0 read=1.369ms fadv/call=0.0 pf_hit=100%(32)
(Worker_TP1 pid=464) [gv2-census] calls=32 rows/call=96 runs/call=192.0 preads/call=192.0 read=1.625ms fadv/call=0.0 pf_hit=100%(32)
(Worker_TP1 pid=464) [gv2-census] calls=32 rows/call=129 runs/call=259.5 preads/call=259.5 read=2.742ms fadv/call=85.4 pf_hit=95%(32)
(Worker_TP1 pid=464) [gv2-census] calls=32 rows/call=96 runs/call=192.0 preads/call=192.0 read=1.463ms fadv/call=0.0 pf_hit=100%(32)
(Worker_TP1 pid=464) [gv2-census] calls=32 rows/call=190 runs/call=380.5 preads/call=380.5 read=6.440ms fadv/call=223.9 pf_hit=92%(28)
(Worker_TP1 pid=464) [gv2-census] calls=32 rows/call=96 runs/call=187.0 preads/call=187.0 read=1.591ms fadv/call=0.0 pf_hit=100%(32)
(Worker_TP1 pid=464) [gv2-census] calls=32 rows/call=96 runs/call=192.0 preads/call=192.0 read=1.687ms fadv/call=0.0 pf_hit=100%(32)
(Worker_TP1 pid=464) [gv2-census] calls=32 rows/call=149 runs/call=296.0 preads/call=296.0 read=5.275ms fadv/call=122.4 pf_hit=97%(30)
(Worker_TP1 pid=464) [gv2-census] calls=32 rows/call=186 runs/call=367.5 preads/call=367.5 read=4.045ms fadv/call=193.1 pf_hit=97%(30)
(Worker_TP1 pid=464) [gv2-census] calls=32 rows/call=96 runs/call=192.0 preads/call=192.0 read=1.706ms fadv/call=0.0 pf_hit=100%(32)
(Worker_TP1 pid=464) [gv2-census] calls=32 rows/call=174 runs/call=349.0 preads/call=349.0 read=4.308ms fadv/call=174.6 pf_hit=97%(30)
(Worker_TP1 pid=464) [gv2-census] calls=32 rows/call=158 runs/call=313.5 preads/call=313.5 read=3.892ms fadv/call=139.2 pf_hit=97%(30)
(Worker_TP1 pid=464) [gv2-census] calls=32 rows/call=96 runs/call=192.0 preads/call=192.0 read=1.620ms fadv/call=0.0 pf_hit=100%(32)
(Worker_TP1 pid=464) [gv2-census] calls=32 rows/call=96 runs/call=192.0 preads/call=192.0 read=1.540ms fadv/call=0.0 pf_hit=100%(32)
(Worker_TP1 pid=464) [gv2-census] calls=32 rows/call=96 runs/call=191.5 preads/call=191.5 read=1.612ms fadv/call=0.0 pf_hit=100%(32)
(Worker_TP1 pid=464) [gv2-census] calls=32 rows/call=150 runs/call=298.5 preads/call=298.5 read=4.232ms fadv/call=123.9 pf_hit=97%(30)
(Worker_TP1 pid=464) [gv2-census] calls=32 rows/call=177 runs/call=355.0 preads/call=355.0 read=5.675ms fadv/call=180.5 pf_hit=97%(30)
(Worker_TP1 pid=464) [gv2-census] calls=32 rows/call=96 runs/call=192.0 preads/call=192.0 read=1.565ms fadv/call=0.0 pf_hit=100%(32)
(Worker_TP1 pid=464) [gv2-census] calls=32 rows/call=140 runs/call=274.5 preads/call=274.5 read=4.296ms fadv/call=100.4 pf_hit=97%(30)
(Worker_TP1 pid=464) [gv2-census] calls=32 rows/call=156 runs/call=312.0 preads/call=312.0 read=3.807ms fadv/call=137.8 pf_hit=97%(30)
(Worker_TP1 pid=464) [gv2-census] calls=32 rows/call=96 runs/call=190.0 preads/call=190.0 read=1.554ms fadv/call=0.0 pf_hit=100%(32)
(Worker_TP1 pid=464) [gv2-census] calls=32 rows/call=165 runs/call=329.0 preads/call=329.0 read=4.938ms fadv/call=154.5 pf_hit=97%(30)
(Worker_TP1 pid=464) [gv2-census] calls=32 rows/call=96 runs/call=192.0 preads/call=192.0 read=1.391ms fadv/call=0.0 pf_hit=100%(32)
(Worker_TP1 pid=464) [gv2-census] calls=32 rows/call=150 runs/call=301.5 preads/call=301.5 read=3.839ms fadv/call=127.3 pf_hit=97%(30)
(Worker_TP1 pid=464) [gv2-census] calls=32 rows/call=171 runs/call=321.0 preads/call=321.0 read=4.206ms fadv/call=146.7 pf_hit=97%(30)
(Worker_TP1 pid=464) [gv2-census] calls=32 rows/call=96 runs/call=192.0 preads/call=192.0 read=1.425ms fadv/call=0.0 pf_hit=100%(32)
(Worker_TP1 pid=464) [gv2-census] calls=32 rows/call=96 runs/call=192.0 preads/call=192.0 read=1.449ms fadv/call=0.0 pf_hit=100%(32)
(Worker_TP1 pid=464) [gv2-census] calls=32 rows/call=96 runs/call=192.0 preads/call=192.0 read=1.337ms fadv/call=0.0 pf_hit=100%(32)
(Worker_TP1 pid=464) [gv2-census] calls=32 rows/call=157 runs/call=314.5 preads/call=314.5 read=3.556ms fadv/call=140.1 pf_hit=97%(30)
(Worker_TP1 pid=464) [gv2-census] calls=32 rows/call=96 runs/call=192.0 preads/call=192.0 read=1.475ms fadv/call=0.0 pf_hit=100%(32)
(Worker_TP1 pid=464) [gv2-census] calls=32 rows/call=96 runs/call=192.0 preads/call=192.0 read=1.517ms fadv/call=0.0 pf_hit=100%(32)
(Worker_TP1 pid=464) [gv2-census] calls=32 rows/call=147 runs/call=294.5 preads/call=294.5 read=3.848ms fadv/call=120.3 pf_hit=97%(30)
(Worker_TP1 pid=464) [gv2-census] calls=32 rows/call=96 runs/call=192.0 preads/call=192.0 read=1.464ms fadv/call=0.0 pf_hit=100%(32)
(Worker_TP1 pid=464) [gv2-census] calls=32 rows/call=96 runs/call=192.0 preads/call=192.0 read=1.365ms fadv/call=0.0 pf_hit=100%(32)
(Worker_TP1 pid=464) [gv2-census] calls=32 rows/call=153 runs/call=306.0 preads/call=306.0 read=3.471ms fadv/call=131.7 pf_hit=97%(30)
(Worker_TP1 pid=464) [gv2-census] calls=32 rows/call=96 runs/call=192.0 preads/call=192.0 read=1.424ms fadv/call=0.0 pf_hit=100%(32)
(Worker_TP1 pid=464) [gv2-census] calls=32 rows/call=158 runs/call=314.0 preads/call=314.0 read=2.207ms fadv/call=139.7 pf_hit=97%(32)
(Worker_TP1 pid=464) [gv2-census] calls=32 rows/call=96 runs/call=192.0 preads/call=192.0 read=2.542ms fadv/call=0.0 pf_hit=100%(30)
(Worker_TP1 pid=464) [gv2-census] calls=32 rows/call=96 runs/call=192.0 preads/call=192.0 read=1.307ms fadv/call=0.0 pf_hit=100%(32)
(Worker_TP1 pid=464) [gv2-census] calls=32 rows/call=96 runs/call=192.0 preads/call=192.0 read=1.549ms fadv/call=0.0 pf_hit=100%(32)
(Worker_TP1 pid=464) [gv2-census] calls=32 rows/call=195 runs/call=362.0 preads/call=362.0 read=4.664ms fadv/call=188.1 pf_hit=97%(30)
(Worker_TP1 pid=464) [gv2-census] calls=32 rows/call=96 runs/call=192.0 preads/call=192.0 read=1.318ms fadv/call=0.0 pf_hit=100%(32)
(Worker_TP1 pid=464) [gv2-census] calls=32 rows/call=96 runs/call=192.0 preads/call=192.0 read=1.626ms fadv/call=0.0 pf_hit=100%(32)
(Worker_TP1 pid=464) [gv2-census] calls=32 rows/call=96 runs/call=192.0 preads/call=192.0 read=1.978ms fadv/call=0.0 pf_hit=100%(32)
(Worker_TP1 pid=464) [gv2-census] calls=32 rows/call=96 runs/call=192.0 preads/call=192.0 read=1.402ms fadv/call=0.0 pf_hit=100%(32)
(Worker_TP1 pid=464) [gv2-census] calls=32 rows/call=138 runs/call=277.0 preads/call=277.0 read=2.793ms fadv/call=103.3 pf_hit=97%(30)
(Worker_TP1 pid=464) [gv2-census] calls=32 rows/call=96 runs/call=192.0 preads/call=192.0 read=1.448ms fadv/call=0.0 pf_hit=100%(32)
(Worker_TP1 pid=464) [gv2-census] calls=32 rows/call=96 runs/call=192.0 preads/call=192.0 read=1.695ms fadv/call=0.0 pf_hit=100%(32)
(Worker_TP1 pid=464) [gv2-census] calls=32 rows/call=228 runs/call=431.0 preads/call=431.0 read=5.460ms fadv/call=256.4 pf_hit=97%(30)
(Worker_TP1 pid=464) [gv2-census] calls=32 rows/call=140 runs/call=280.5 preads/call=280.5 read=3.679ms fadv/call=112.4 pf_hit=96%(30)
(Worker_TP1 pid=464) [gv2-census] calls=32 rows/call=96 runs/call=192.0 preads/call=192.0 read=2.049ms fadv/call=0.0 pf_hit=100%(32)
(Worker_TP1 pid=464) [gv2-census] calls=32 rows/call=156 runs/call=313.5 preads/call=313.5 read=3.750ms fadv/call=139.2 pf_hit=97%(30)
(Worker_TP1 pid=464) [gv2-census] calls=32 rows/call=191 runs/call=375.0 preads/call=375.0 read=3.636ms fadv/call=200.5 pf_hit=97%(30)
(Worker_TP1 pid=464) [gv2-census] calls=32 rows/call=96 runs/call=192.0 preads/call=192.0 read=1.497ms fadv/call=0.0 pf_hit=100%(32)
(Worker_TP1 pid=464) [gv2-census] calls=32 rows/call=96 runs/call=192.0 preads/call=192.0 read=1.491ms fadv/call=0.0 pf_hit=100%(32)
(Worker_TP1 pid=464) [gv2-census] calls=32 rows/call=167 runs/call=333.5 preads/call=333.5 read=4.211ms fadv/call=159.0 pf_hit=97%(30)
(Worker_TP1 pid=464) [gv2-census] calls=32 rows/call=147 runs/call=294.5 preads/call=294.5 read=3.970ms fadv/call=120.3 pf_hit=97%(30)
(Worker_TP1 pid=464) [gv2-census] calls=32 rows/call=96 runs/call=192.0 preads/call=192.0 read=2.081ms fadv/call=0.0 pf_hit=100%(32)
(Worker_TP1 pid=464) [gv2-census] calls=32 rows/call=151 runs/call=302.5 preads/call=302.5 read=3.532ms fadv/call=128.3 pf_hit=97%(30)
(Worker_TP1 pid=464) [gv2-census] calls=32 rows/call=75 runs/call=150.0 preads/call=150.0 read=1.303ms fadv/call=0.0 pf_hit=96%(32)
(Worker_TP1 pid=464) [gv2-census] calls=32 rows/call=48 runs/call=96.0 preads/call=96.0 read=0.771ms fadv/call=0.0 pf_hit=100%(32)
(Worker_TP1 pid=464) [gv2-census] calls=32 rows/call=229 runs/call=374.0 preads/call=374.0 read=4.984ms fadv/call=258.8 pf_hit=95%(30)
(Worker_TP1 pid=464) [gv2-census] calls=32 rows/call=96 runs/call=192.0 preads/call=192.0 read=1.581ms fadv/call=0.0 pf_hit=100%(32)
(Worker_TP1 pid=464) [gv2-census] calls=32 rows/call=96 runs/call=192.0 preads/call=192.0 read=1.431ms fadv/call=0.0 pf_hit=100%(32)
(Worker_TP1 pid=464) [gv2-census] calls=32 rows/call=96 runs/call=192.0 preads/call=192.0 read=1.582ms fadv/call=0.0 pf_hit=100%(32)
(Worker_TP1 pid=464) [gv2-census] calls=32 rows/call=177 runs/call=347.5 preads/call=347.5 read=4.829ms fadv/call=173.2 pf_hit=97%(30)
(Worker_TP1 pid=464) [gv2-census] calls=32 rows/call=96 runs/call=192.0 preads/call=192.0 read=1.856ms fadv/call=0.0 pf_hit=100%(32)
(Worker_TP1 pid=464) [gv2-census] calls=32 rows/call=96 runs/call=192.0 preads/call=192.0 read=1.583ms fadv/call=0.0 pf_hit=100%(32)
(Worker_TP1 pid=464) [gv2-census] calls=32 rows/call=96 runs/call=192.0 preads/call=192.0 read=1.704ms fadv/call=0.0 pf_hit=100%(32)
(Worker_TP1 pid=464) [gv2-census] calls=32 rows/call=96 runs/call=192.0 preads/call=192.0 read=1.634ms fadv/call=0.0 pf_hit=100%(32)
(Worker_TP1 pid=464) [gv2-census] calls=32 rows/call=261 runs/call=515.5 preads/call=515.5 read=7.103ms fadv/call=352.4 pf_hit=93%(28)
(Worker_TP1 pid=464) [gv2-census] calls=32 rows/call=96 runs/call=192.0 preads/call=192.0 read=1.592ms fadv/call=0.0 pf_hit=100%(32)
(Worker_TP1 pid=464) [gv2-census] calls=32 rows/call=96 runs/call=192.0 preads/call=192.0 read=1.485ms fadv/call=0.0 pf_hit=100%(32)
(Worker_TP1 pid=464) [gv2-census] calls=32 rows/call=96 runs/call=192.0 preads/call=192.0 read=1.988ms fadv/call=0.0 pf_hit=100%(32)
(Worker_TP1 pid=464) [gv2-census] calls=32 rows/call=96 runs/call=192.0 preads/call=192.0 read=1.282ms fadv/call=0.0 pf_hit=100%(32)
(Worker_TP1 pid=464) [gv2-census] calls=32 rows/call=164 runs/call=328.5 preads/call=328.5 read=3.705ms fadv/call=154.0 pf_hit=97%(30)
(Worker_TP1 pid=464) [gv2-census] calls=32 rows/call=96 runs/call=192.0 preads/call=192.0 read=1.723ms fadv/call=0.0 pf_hit=100%(32)
(Worker_TP1 pid=464) [gv2-census] calls=32 rows/call=159 runs/call=317.5 preads/call=317.5 read=4.478ms fadv/call=143.1 pf_hit=97%(30)
(Worker_TP1 pid=464) [gv2-census] calls=32 rows/call=96 runs/call=192.0 preads/call=192.0 read=1.908ms fadv/call=0.0 pf_hit=100%(32)
(Worker_TP1 pid=464) [gv2-census] calls=32 rows/call=156 runs/call=312.0 preads/call=312.0 read=4.201ms fadv/call=137.6 pf_hit=97%(30)
(Worker_TP1 pid=464) [gv2-census] calls=32 rows/call=96 runs/call=192.0 preads/call=192.0 read=1.561ms fadv/call=0.0 pf_hit=100%(32)
(Worker_TP1 pid=464) [gv2-census] calls=32 rows/call=96 runs/call=192.0 preads/call=192.0 read=1.144ms fadv/call=0.0 pf_hit=100%(32)
(Worker_TP1 pid=464) [gv2-census] calls=32 rows/call=163 runs/call=327.0 preads/call=327.0 read=3.232ms fadv/call=152.6 pf_hit=97%(32)
(Worker_TP1 pid=464) [gv2-census] calls=32 rows/call=96 runs/call=192.0 preads/call=192.0 read=2.849ms fadv/call=0.0 pf_hit=100%(30)
(Worker_TP1 pid=464) [gv2-census] calls=32 rows/call=150 runs/call=301.5 preads/call=301.5 read=3.290ms fadv/call=127.1 pf_hit=97%(30)
(Worker_TP1 pid=464) [gv2-census] calls=32 rows/call=96 runs/call=192.0 preads/call=192.0 read=1.387ms fadv/call=0.0 pf_hit=100%(32)
(Worker_TP1 pid=464) [gv2-census] calls=32 rows/call=168 runs/call=335.5 preads/call=335.5 read=5.596ms fadv/call=161.0 pf_hit=97%(30)
(Worker_TP1 pid=464) [gv2-census] calls=32 rows/call=171 runs/call=335.0 preads/call=335.0 read=3.253ms fadv/call=160.6 pf_hit=97%(30)
(Worker_TP1 pid=464) [gv2-census] calls=32 rows/call=96 runs/call=192.0 preads/call=192.0 read=1.961ms fadv/call=0.0 pf_hit=100%(32)
(Worker_TP1 pid=464) [gv2-census] calls=32 rows/call=96 runs/call=189.0 preads/call=189.0 read=1.414ms fadv/call=0.0 pf_hit=100%(32)
(Worker_TP1 pid=464) [gv2-census] calls=32 rows/call=180 runs/call=361.0 preads/call=361.0 read=4.807ms fadv/call=186.2 pf_hit=97%(30)
(Worker_TP1 pid=464) [gv2-census] calls=32 rows/call=96 runs/call=192.0 preads/call=192.0 read=1.550ms fadv/call=0.0 pf_hit=100%(32)
(Worker_TP1 pid=464) [gv2-census] calls=32 rows/call=96 runs/call=190.5 preads/call=190.5 read=1.517ms fadv/call=0.0 pf_hit=100%(32)
(Worker_TP1 pid=464) [gv2-census] calls=32 rows/call=150 runs/call=301.5 preads/call=301.5 read=4.062ms fadv/call=127.2 pf_hit=97%(30)
(Worker_TP1 pid=464) [gv2-census] calls=32 rows/call=155 runs/call=310.0 preads/call=310.0 read=4.941ms fadv/call=135.7 pf_hit=97%(30)
(Worker_TP1 pid=464) [gv2-census] calls=32 rows/call=96 runs/call=192.0 preads/call=192.0 read=1.544ms fadv/call=0.0 pf_hit=100%(32)
(Worker_TP1 pid=464) [gv2-census] calls=32 rows/call=157 runs/call=315.0 preads/call=315.0 read=3.786ms fadv/call=140.7 pf_hit=97%(30)
(Worker_TP1 pid=464) [gv2-census] calls=32 rows/call=96 runs/call=192.0 preads/call=192.0 read=1.433ms fadv/call=0.0 pf_hit=100%(32)
(Worker_TP1 pid=464) [gv2-census] calls=32 rows/call=96 runs/call=192.0 preads/call=192.0 read=1.373ms fadv/call=0.0 pf_hit=100%(32)
(Worker_TP1 pid=464) [gv2-census] calls=32 rows/call=96 runs/call=192.0 preads/call=192.0 read=1.333ms fadv/call=0.0 pf_hit=100%(32)
(Worker_TP1 pid=464) [gv2-census] calls=32 rows/call=174 runs/call=347.0 preads/call=347.0 read=5.094ms fadv/call=172.9 pf_hit=97%(30)
(Worker_TP1 pid=464) [gv2-census] calls=32 rows/call=96 runs/call=192.0 preads/call=192.0 read=2.153ms fadv/call=0.0 pf_hit=100%(32)
(Worker_TP1 pid=464) [gv2-census] calls=32 rows/call=96 runs/call=192.0 preads/call=192.0 read=1.414ms fadv/call=0.0 pf_hit=100%(32)
(Worker_TP1 pid=464) [gv2-census] calls=32 rows/call=171 runs/call=342.0 preads/call=342.0 read=5.062ms fadv/call=167.9 pf_hit=97%(30)
(Worker_TP1 pid=464) [gv2-census] calls=32 rows/call=96 runs/call=192.0 preads/call=192.0 read=1.609ms fadv/call=0.0 pf_hit=100%(32)
(Worker_TP1 pid=464) [gv2-census] calls=32 rows/call=96 runs/call=192.0 preads/call=192.0 read=1.492ms fadv/call=0.0 pf_hit=100%(32)
(Worker_TP1 pid=464) [gv2-census] calls=32 rows/call=96 runs/call=192.0 preads/call=192.0 read=1.666ms fadv/call=0.0 pf_hit=100%(32)
(Worker_TP1 pid=464) [gv2-census] calls=32 rows/call=168 runs/call=334.0 preads/call=334.0 read=5.200ms fadv/call=159.6 pf_hit=97%(30)
(Worker_TP1 pid=464) [gv2-census] calls=32 rows/call=96 runs/call=192.0 preads/call=192.0 read=2.373ms fadv/call=0.0 pf_hit=100%(32)
(Worker_TP1 pid=464) [gv2-census] calls=32 rows/call=96 runs/call=192.0 preads/call=192.0 read=1.595ms fadv/call=0.0 pf_hit=100%(32)
(Worker_TP1 pid=464) [gv2-census] calls=32 rows/call=183 runs/call=366.0 preads/call=366.0 read=5.296ms fadv/call=191.5 pf_hit=97%(30)
(Worker_TP1 pid=464) [gv2-census] calls=32 rows/call=96 runs/call=192.0 preads/call=192.0 read=1.630ms fadv/call=0.0 pf_hit=100%(32)
(Worker_TP1 pid=464) [gv2-census] calls=32 rows/call=96 runs/call=192.0 preads/call=192.0 read=2.148ms fadv/call=0.0 pf_hit=100%(32)
(Worker_TP1 pid=464) [gv2-census] calls=32 rows/call=96 runs/call=192.0 preads/call=192.0 read=1.401ms fadv/call=0.0 pf_hit=100%(32)
(Worker_TP1 pid=464) [gv2-census] calls=32 rows/call=159 runs/call=318.5 preads/call=318.5 read=4.095ms fadv/call=144.0 pf_hit=97%(30)
(Worker_TP1 pid=464) [gv2-census] calls=32 rows/call=96 runs/call=192.0 preads/call=192.0 read=1.472ms fadv/call=0.0 pf_hit=100%(32)
(Worker_TP1 pid=464) [gv2-census] calls=32 rows/call=96 runs/call=192.0 preads/call=192.0 read=2.117ms fadv/call=0.0 pf_hit=100%(32)
(Worker_TP1 pid=464) [gv2-census] calls=32 rows/call=96 runs/call=192.0 preads/call=192.0 read=1.731ms fadv/call=0.0 pf_hit=100%(32)
(Worker_TP1 pid=464) [gv2-census] calls=32 rows/call=93 runs/call=186.0 preads/call=186.0 read=3.839ms fadv/call=0.0 pf_hit=97%(32)
(Worker_TP1 pid=464) [gv2-census] calls=32 rows/call=189 runs/call=379.0 preads/call=379.0 read=5.344ms fadv/call=198.2 pf_hit=100%(30)
(Worker_TP1 pid=464) [gv2-census] calls=32 rows/call=96 runs/call=192.0 preads/call=192.0 read=1.485ms fadv/call=0.0 pf_hit=100%(32)
(Worker_TP1 pid=464) [gv2-census] calls=32 rows/call=96 runs/call=192.0 preads/call=192.0 read=1.758ms fadv/call=0.0 pf_hit=100%(32)
(Worker_TP1 pid=464) [gv2-census] calls=32 rows/call=96 runs/call=192.0 preads/call=192.0 read=1.644ms fadv/call=0.0 pf_hit=100%(32)
(Worker_TP1 pid=464) [gv2-census] calls=32 rows/call=96 runs/call=192.0 preads/call=192.0 read=1.349ms fadv/call=0.0 pf_hit=100%(32)
(Worker_TP1 pid=464) [gv2-census] calls=32 rows/call=152 runs/call=304.5 preads/call=304.5 read=4.135ms fadv/call=130.2 pf_hit=97%(30)
(Worker_TP1 pid=464) [gv2-census] calls=32 rows/call=96 runs/call=192.0 preads/call=192.0 read=1.608ms fadv/call=0.0 pf_hit=100%(32)
(Worker_TP1 pid=464) [gv2-census] calls=32 rows/call=190 runs/call=378.5 preads/call=378.5 read=5.050ms fadv/call=203.8 pf_hit=97%(30)
(Worker_TP1 pid=464) [gv2-census] calls=32 rows/call=152 runs/call=304.5 preads/call=304.5 read=4.717ms fadv/call=130.2 pf_hit=97%(30)
(Worker_TP1 pid=464) [gv2-census] calls=32 rows/call=96 runs/call=192.0 preads/call=192.0 read=1.579ms fadv/call=0.0 pf_hit=100%(32)
(Worker_TP1 pid=464) [gv2-census] calls=32 rows/call=96 runs/call=192.0 preads/call=192.0 read=1.585ms fadv/call=0.0 pf_hit=100%(32)
(Worker_TP1 pid=464) [gv2-census] calls=32 rows/call=183 runs/call=367.5 preads/call=367.5 read=4.943ms fadv/call=192.7 pf_hit=97%(30)
(Worker_TP1 pid=464) [gv2-census] calls=32 rows/call=96 runs/call=192.0 preads/call=192.0 read=1.540ms fadv/call=0.0 pf_hit=100%(32)
(Worker_TP1 pid=464) [gv2-census] calls=32 rows/call=96 runs/call=192.0 preads/call=192.0 read=1.491ms fadv/call=0.0 pf_hit=100%(32)
(Worker_TP1 pid=464) [gv2-census] calls=32 rows/call=93 runs/call=185.5 preads/call=185.5 read=1.964ms fadv/call=0.0 pf_hit=97%(32)
(Worker_TP1 pid=464) [gv2-census] calls=32 rows/call=173 runs/call=346.5 preads/call=346.5 read=4.899ms fadv/call=166.0 pf_hit=100%(30)
(Worker_TP1 pid=464) [gv2-census] calls=32 rows/call=96 runs/call=192.0 preads/call=192.0 read=1.449ms fadv/call=0.0 pf_hit=100%(32)
(Worker_TP1 pid=464) [gv2-census] calls=32 rows/call=96 runs/call=192.0 preads/call=192.0 read=1.305ms fadv/call=0.0 pf_hit=100%(32)
(Worker_TP1 pid=464) [gv2-census] calls=32 rows/call=96 runs/call=192.0 preads/call=192.0 read=1.577ms fadv/call=0.0 pf_hit=100%(32)
(Worker_TP1 pid=464) [gv2-census] calls=32 rows/call=174 runs/call=349.5 preads/call=349.5 read=3.857ms fadv/call=180.9 pf_hit=93%(30)
(Worker_TP1 pid=464) [gv2-census] calls=32 rows/call=171 runs/call=338.5 preads/call=338.5 read=3.840ms fadv/call=158.0 pf_hit=100%(30)
(Worker_TP1 pid=464) [gv2-census] calls=32 rows/call=96 runs/call=192.0 preads/call=192.0 read=1.545ms fadv/call=0.0 pf_hit=100%(32)
(Worker_TP1 pid=464) [gv2-census] calls=32 rows/call=96 runs/call=192.0 preads/call=192.0 read=1.415ms fadv/call=0.0 pf_hit=100%(32)
(Worker_TP1 pid=464) [gv2-census] calls=32 rows/call=266 runs/call=521.0 preads/call=521.0 read=6.720ms fadv/call=364.0 pf_hit=92%(28)
(Worker_TP1 pid=464) [gv2-census] calls=32 rows/call=96 runs/call=192.0 preads/call=192.0 read=2.153ms fadv/call=0.0 pf_hit=100%(32)
(Worker_TP1 pid=464) [gv2-census] calls=32 rows/call=96 runs/call=192.0 preads/call=192.0 read=1.589ms fadv/call=0.0 pf_hit=100%(32)
(Worker_TP1 pid=464) [gv2-census] calls=32 rows/call=96 runs/call=192.0 preads/call=192.0 read=2.103ms fadv/call=0.0 pf_hit=100%(32)
(Worker_TP1 pid=464) [gv2-census] calls=32 rows/call=176 runs/call=352.0 preads/call=352.0 read=4.633ms fadv/call=177.4 pf_hit=97%(30)
(Worker_TP1 pid=464) [gv2-census] calls=32 rows/call=96 runs/call=192.0 preads/call=192.0 read=1.748ms fadv/call=0.0 pf_hit=100%(32)
(Worker_TP1 pid=464) [gv2-census] calls=32 rows/call=165 runs/call=326.0 preads/call=326.0 read=3.712ms fadv/call=151.6 pf_hit=97%(30)
(Worker_TP1 pid=464) [gv2-census] calls=32 rows/call=96 runs/call=192.0 preads/call=192.0 read=2.742ms fadv/call=0.0 pf_hit=100%(32)
(Worker_TP1 pid=464) [gv2-census] calls=32 rows/call=96 runs/call=192.0 preads/call=192.0 read=1.574ms fadv/call=0.0 pf_hit=100%(32)
(Worker_TP1 pid=464) [gv2-census] calls=32 rows/call=96 runs/call=192.0 preads/call=192.0 read=1.662ms fadv/call=0.0 pf_hit=100%(32)
(Worker_TP1 pid=464) [gv2-census] calls=32 rows/call=161 runs/call=321.5 preads/call=321.5 read=4.791ms fadv/call=146.8 pf_hit=97%(30)
(Worker_TP1 pid=464) [gv2-census] calls=32 rows/call=183 runs/call=367.0 preads/call=367.0 read=4.067ms fadv/call=192.1 pf_hit=97%(32)
(Worker_TP1 pid=464) [gv2-census] calls=32 rows/call=96 runs/call=192.0 preads/call=192.0 read=2.406ms fadv/call=0.0 pf_hit=100%(30)
(Worker_TP1 pid=464) [gv2-census] calls=32 rows/call=180 runs/call=359.5 preads/call=359.5 read=3.975ms fadv/call=184.9 pf_hit=97%(30)
(Worker_TP1 pid=464) [gv2-census] calls=32 rows/call=96 runs/call=192.0 preads/call=192.0 read=1.651ms fadv/call=0.0 pf_hit=100%(32)
(Worker_TP1 pid=464) [gv2-census] calls=32 rows/call=96 runs/call=192.0 preads/call=192.0 read=1.495ms fadv/call=0.0 pf_hit=100%(32)
(Worker_TP1 pid=464) [gv2-census] calls=32 rows/call=168 runs/call=335.5 preads/call=335.5 read=3.888ms fadv/call=160.9 pf_hit=97%(30)
(Worker_TP1 pid=464) [gv2-census] calls=32 rows/call=173 runs/call=337.0 preads/call=337.0 read=4.220ms fadv/call=162.4 pf_hit=97%(30)
(Worker_TP1 pid=464) [gv2-census] calls=32 rows/call=96 runs/call=192.0 preads/call=192.0 read=1.625ms fadv/call=0.0 pf_hit=100%(32)
(Worker_TP1 pid=464) [gv2-census] calls=32 rows/call=96 runs/call=192.0 preads/call=192.0 read=2.373ms fadv/call=0.0 pf_hit=100%(32)
(Worker_TP1 pid=464) [gv2-census] calls=32 rows/call=189 runs/call=372.5 preads/call=372.5 read=5.309ms fadv/call=197.9 pf_hit=97%(30)
(Worker_TP1 pid=464) [gv2-census] calls=32 rows/call=96 runs/call=192.0 preads/call=192.0 read=2.476ms fadv/call=0.0 pf_hit=100%(32)
(Worker_TP1 pid=464) [gv2-census] calls=32 rows/call=156 runs/call=313.5 preads/call=313.5 read=4.337ms fadv/call=139.2 pf_hit=97%(30)
(Worker_TP1 pid=464) [gv2-census] calls=32 rows/call=96 runs/call=192.0 preads/call=192.0 read=1.455ms fadv/call=0.0 pf_hit=100%(32)
(Worker_TP1 pid=464) [gv2-census] calls=32 rows/call=96 runs/call=192.0 preads/call=192.0 read=1.507ms fadv/call=0.0 pf_hit=100%(32)
(Worker_TP1 pid=464) [gv2-census] calls=32 rows/call=96 runs/call=192.0 preads/call=192.0 read=2.084ms fadv/call=0.0 pf_hit=100%(32)
(Worker_TP1 pid=464) [gv2-census] calls=32 rows/call=72 runs/call=144.0 preads/call=144.0 read=1.247ms fadv/call=0.0 pf_hit=96%(32)
(Worker_TP1 pid=464) [gv2-census] calls=32 rows/call=48 runs/call=96.0 preads/call=96.0 read=0.900ms fadv/call=0.0 pf_hit=100%(32)
(Worker_TP1 pid=464) [gv2-census] calls=32 rows/call=48 runs/call=96.0 preads/call=96.0 read=0.878ms fadv/call=0.0 pf_hit=100%(32)
(Worker_TP1 pid=464) [gv2-census] calls=32 rows/call=48 runs/call=96.0 preads/call=96.0 read=0.828ms fadv/call=0.0 pf_hit=100%(32)
(Worker_TP1 pid=464) [gv2-census] calls=32 rows/call=48 runs/call=96.0 preads/call=96.0 read=1.480ms fadv/call=0.0 pf_hit=100%(32)
(Worker_TP1 pid=464) [gv2-census] calls=32 rows/call=48 runs/call=96.0 preads/call=96.0 read=0.823ms fadv/call=0.0 pf_hit=100%(32)
(Worker_TP1 pid=464) [gv2-census] calls=32 rows/call=48 runs/call=96.0 preads/call=96.0 read=0.839ms fadv/call=0.0 pf_hit=100%(32)
(Worker_TP1 pid=464) [gv2-census] calls=32 rows/call=48 runs/call=96.0 preads/call=96.0 read=0.826ms fadv/call=0.0 pf_hit=100%(32)
(Worker_TP1 pid=464) [gv2-census] calls=32 rows/call=48 runs/call=96.0 preads/call=96.0 read=0.791ms fadv/call=0.0 pf_hit=100%(32)
(Worker_TP1 pid=464) [gv2-census] calls=32 rows/call=48 runs/call=96.0 preads/call=96.0 read=2.454ms fadv/call=0.0 pf_hit=100%(32)
(Worker_TP1 pid=464) [gv2-census] calls=32 rows/call=48 runs/call=96.0 preads/call=96.0 read=0.816ms fadv/call=0.0 pf_hit=100%(32)
(Worker_TP1 pid=464) [gv2-census] calls=32 rows/call=48 runs/call=96.0 preads/call=96.0 read=1.459ms fadv/call=0.0 pf_hit=100%(32)
(Worker_TP1 pid=464) [gv2-census] calls=32 rows/call=48 runs/call=96.0 preads/call=96.0 read=1.403ms fadv/call=0.0 pf_hit=100%(32)
(Worker_TP1 pid=464) [gv2-census] calls=32 rows/call=48 runs/call=96.0 preads/call=96.0 read=0.957ms fadv/call=0.0 pf_hit=100%(32)
(Worker_TP1 pid=464) [gv2-census] calls=32 rows/call=48 runs/call=96.0 preads/call=96.0 read=0.698ms fadv/call=0.0 pf_hit=100%(32)
(Worker_TP1 pid=464) [gv2-census] calls=32 rows/call=48 runs/call=96.0 preads/call=96.0 read=1.412ms fadv/call=0.0 pf_hit=100%(32)
(Worker_TP1 pid=464) [gv2-census] calls=32 rows/call=48 runs/call=96.0 preads/call=96.0 read=1.364ms fadv/call=0.0 pf_hit=100%(32)
(Worker_TP1 pid=464) [gv2-census] calls=32 rows/call=48 runs/call=96.0 preads/call=96.0 read=1.931ms fadv/call=0.0 pf_hit=100%(32)
(Worker_TP1 pid=464) [gv2-census] calls=32 rows/call=48 runs/call=96.0 preads/call=96.0 read=0.902ms fadv/call=0.0 pf_hit=100%(32)
(Worker_TP1 pid=464) [gv2-census] calls=32 rows/call=48 runs/call=96.0 preads/call=96.0 read=1.396ms fadv/call=0.0 pf_hit=100%(32)
(Worker_TP1 pid=464) [gv2-census] calls=32 rows/call=48 runs/call=96.0 preads/call=96.0 read=0.836ms fadv/call=0.0 pf_hit=100%(32)
(Worker_TP1 pid=464) [gv2-census] calls=32 rows/call=48 runs/call=96.0 preads/call=96.0 read=1.363ms fadv/call=0.0 pf_hit=100%(32)
(Worker_TP1 pid=464) [gv2-census] calls=32 rows/call=48 runs/call=96.0 preads/call=96.0 read=0.871ms fadv/call=0.0 pf_hit=100%(32)
(Worker_TP1 pid=464) [gv2-census] calls=32 rows/call=48 runs/call=96.0 preads/call=96.0 read=0.888ms fadv/call=0.0 pf_hit=100%(32)
(Worker_TP1 pid=464) [gv2-census] calls=32 rows/call=48 runs/call=94.0 preads/call=94.0 read=1.493ms fadv/call=0.0 pf_hit=100%(32)
(Worker_TP1 pid=464) [gv2-census] calls=32 rows/call=48 runs/call=95.5 preads/call=95.5 read=1.380ms fadv/call=0.0 pf_hit=100%(32)
(Worker_TP1 pid=464) [gv2-census] calls=32 rows/call=48 runs/call=96.0 preads/call=96.0 read=0.841ms fadv/call=0.0 pf_hit=100%(32)
(Worker_TP1 pid=464) [gv2-census] calls=32 rows/call=48 runs/call=96.0 preads/call=96.0 read=1.373ms fadv/call=0.0 pf_hit=100%(32)
(Worker_TP1 pid=464) [gv2-census] calls=32 rows/call=48 runs/call=96.0 preads/call=96.0 read=1.370ms fadv/call=0.0 pf_hit=100%(32)
(Worker_TP1 pid=464) [gv2-census] calls=32 rows/call=48 runs/call=95.5 preads/call=95.5 read=1.989ms fadv/call=0.0 pf_hit=100%(32)
(Worker_TP1 pid=464) [gv2-census] calls=32 rows/call=48 runs/call=95.5 preads/call=95.5 read=2.586ms fadv/call=0.0 pf_hit=100%(32)
(Worker_TP1 pid=464) [gv2-census] calls=32 rows/call=48 runs/call=96.0 preads/call=96.0 read=0.917ms fadv/call=0.0 pf_hit=100%(32)
(Worker_TP1 pid=464) [gv2-census] calls=32 rows/call=48 runs/call=96.0 preads/call=96.0 read=1.457ms fadv/call=0.0 pf_hit=100%(32)
(Worker_TP1 pid=464) [gv2-census] calls=32 rows/call=48 runs/call=96.0 preads/call=96.0 read=0.822ms fadv/call=0.0 pf_hit=100%(32)
(Worker_TP1 pid=464) [gv2-census] calls=32 rows/call=48 runs/call=96.0 preads/call=96.0 read=1.425ms fadv/call=0.0 pf_hit=100%(32)
(Worker_TP1 pid=464) [gv2-census] calls=32 rows/call=48 runs/call=96.0 preads/call=96.0 read=1.448ms fadv/call=0.0 pf_hit=100%(32)
(Worker_TP1 pid=464) [gv2-census] calls=32 rows/call=48 runs/call=96.0 preads/call=96.0 read=0.919ms fadv/call=0.0 pf_hit=100%(32)
(Worker_TP1 pid=464) [gv2-census] calls=32 rows/call=48 runs/call=96.0 preads/call=96.0 read=1.426ms fadv/call=0.0 pf_hit=100%(32)
(Worker_TP1 pid=464) [gv2-census] calls=32 rows/call=48 runs/call=96.0 preads/call=96.0 read=2.050ms fadv/call=0.0 pf_hit=100%(32)
(Worker_TP1 pid=464) [gv2-census] calls=32 rows/call=48 runs/call=94.0 preads/call=94.0 read=1.347ms fadv/call=0.0 pf_hit=100%(32)
(Worker_TP1 pid=464) [gv2-census] calls=32 rows/call=48 runs/call=96.0 preads/call=96.0 read=1.345ms fadv/call=0.0 pf_hit=100%(32)
(Worker_TP1 pid=464) [gv2-census] calls=32 rows/call=48 runs/call=96.0 preads/call=96.0 read=1.339ms fadv/call=0.0 pf_hit=100%(32)
(Worker_TP1 pid=464) [gv2-census] calls=32 rows/call=48 runs/call=96.0 preads/call=96.0 read=1.400ms fadv/call=0.0 pf_hit=100%(32)
(Worker_TP1 pid=464) [gv2-census] calls=32 rows/call=48 runs/call=96.0 preads/call=96.0 read=2.539ms fadv/call=0.0 pf_hit=100%(32)
(Worker_TP1 pid=464) [gv2-census] calls=32 rows/call=48 runs/call=95.5 preads/call=95.5 read=1.978ms fadv/call=0.0 pf_hit=100%(32)
(Worker_TP1 pid=464) [gv2-census] calls=32 rows/call=48 runs/call=96.0 preads/call=96.0 read=0.750ms fadv/call=0.0 pf_hit=100%(32)
(Worker_TP1 pid=464) [gv2-census] calls=32 rows/call=48 runs/call=96.0 preads/call=96.0 read=1.301ms fadv/call=0.0 pf_hit=100%(32)
(Worker_TP1 pid=464) [gv2-census] calls=32 rows/call=48 runs/call=96.0 preads/call=96.0 read=1.317ms fadv/call=0.0 pf_hit=100%(32)
(Worker_TP1 pid=464) [gv2-census] calls=32 rows/call=48 runs/call=96.0 preads/call=96.0 read=1.349ms fadv/call=0.0 pf_hit=100%(32)
(Worker_TP1 pid=464) [gv2-census] calls=32 rows/call=48 runs/call=96.0 preads/call=96.0 read=1.111ms fadv/call=0.0 pf_hit=100%(32)
(Worker_TP1 pid=464) [gv2-census] calls=32 rows/call=48 runs/call=96.0 preads/call=96.0 read=1.291ms fadv/call=0.0 pf_hit=100%(32)
(Worker_TP1 pid=464) [gv2-census] calls=32 rows/call=48 runs/call=96.0 preads/call=96.0 read=0.824ms fadv/call=0.0 pf_hit=100%(32)
(Worker_TP1 pid=464) [gv2-census] calls=32 rows/call=48 runs/call=94.5 preads/call=94.5 read=1.941ms fadv/call=0.0 pf_hit=100%(32)
(Worker_TP1 pid=464) [gv2-census] calls=32 rows/call=48 runs/call=96.0 preads/call=96.0 read=2.182ms fadv/call=0.0 pf_hit=100%(32)
(Worker_TP1 pid=464) [gv2-census] calls=32 rows/call=48 runs/call=96.0 preads/call=96.0 read=1.807ms fadv/call=0.0 pf_hit=100%(32)
(Worker_TP1 pid=464) [gv2-census] calls=32 rows/call=48 runs/call=96.0 preads/call=96.0 read=1.412ms fadv/call=0.0 pf_hit=100%(32)
(Worker_TP1 pid=464) [gv2-census] calls=32 rows/call=48 runs/call=96.0 preads/call=96.0 read=1.981ms fadv/call=0.0 pf_hit=100%(32)
(Worker_TP1 pid=464) [gv2-census] calls=32 rows/call=48 runs/call=96.0 preads/call=96.0 read=2.454ms fadv/call=0.0 pf_hit=100%(32)
(Worker_TP1 pid=464) [gv2-census] calls=32 rows/call=48 runs/call=96.0 preads/call=96.0 read=1.253ms fadv/call=0.0 pf_hit=100%(32)
(Worker_TP1 pid=464) [gv2-census] calls=32 rows/call=48 runs/call=96.0 preads/call=96.0 read=1.784ms fadv/call=0.0 pf_hit=100%(32)
(Worker_TP1 pid=464) [gv2-census] calls=32 rows/call=48 runs/call=94.0 preads/call=94.0 read=2.653ms fadv/call=0.0 pf_hit=100%(32)
(Worker_TP1 pid=464) [gv2-census] calls=32 rows/call=48 runs/call=96.0 preads/call=96.0 read=1.373ms fadv/call=0.0 pf_hit=100%(32)
(Worker_TP1 pid=464) [gv2-census] calls=32 rows/call=48 runs/call=94.0 preads/call=94.0 read=1.115ms fadv/call=0.0 pf_hit=100%(32)
(Worker_TP1 pid=464) [gv2-census] calls=32 rows/call=48 runs/call=96.0 preads/call=96.0 read=1.873ms fadv/call=0.0 pf_hit=100%(32)
(Worker_TP1 pid=464) [gv2-census] calls=32 rows/call=48 runs/call=96.0 preads/call=96.0 read=1.932ms fadv/call=0.0 pf_hit=100%(32)
(Worker_TP1 pid=464) [gv2-census] calls=32 rows/call=48 runs/call=96.0 preads/call=96.0 read=1.287ms fadv/call=0.0 pf_hit=100%(32)
(Worker_TP1 pid=464) [gv2-census] calls=32 rows/call=48 runs/call=96.0 preads/call=96.0 read=2.041ms fadv/call=0.0 pf_hit=100%(32)
(Worker_TP1 pid=464) [gv2-census] calls=32 rows/call=48 runs/call=96.0 preads/call=96.0 read=1.256ms fadv/call=0.0 pf_hit=100%(32)
(Worker_TP1 pid=464) [gv2-census] calls=32 rows/call=48 runs/call=96.0 preads/call=96.0 read=0.809ms fadv/call=0.0 pf_hit=100%(32)
(Worker_TP1 pid=464) [gv2-census] calls=32 rows/call=48 runs/call=94.5 preads/call=94.5 read=1.354ms fadv/call=0.0 pf_hit=100%(32)
(Worker_TP1 pid=464) [gv2-census] calls=32 rows/call=48 runs/call=96.0 preads/call=96.0 read=2.501ms fadv/call=0.0 pf_hit=100%(32)
(Worker_TP1 pid=464) [gv2-census] calls=32 rows/call=48 runs/call=96.0 preads/call=96.0 read=1.309ms fadv/call=0.0 pf_hit=100%(32)
(Worker_TP1 pid=464) [gv2-census] calls=32 rows/call=48 runs/call=96.0 preads/call=96.0 read=0.796ms fadv/call=0.0 pf_hit=100%(32)
(Worker_TP1 pid=464) [gv2-census] calls=32 rows/call=48 runs/call=96.0 preads/call=96.0 read=1.309ms fadv/call=0.0 pf_hit=100%(32)
(Worker_TP1 pid=464) [gv2-census] calls=32 rows/call=48 runs/call=96.0 preads/call=96.0 read=1.798ms fadv/call=0.0 pf_hit=100%(32)
(Worker_TP1 pid=464) [gv2-census] calls=32 rows/call=48 runs/call=96.0 preads/call=96.0 read=1.777ms fadv/call=0.0 pf_hit=100%(32)
(Worker_TP1 pid=464) [gv2-census] calls=32 rows/call=48 runs/call=96.0 preads/call=96.0 read=1.425ms fadv/call=0.0 pf_hit=100%(32)
(Worker_TP1 pid=464) [gv2-census] calls=32 rows/call=48 runs/call=96.0 preads/call=96.0 read=1.295ms fadv/call=0.0 pf_hit=100%(32)
(Worker_TP1 pid=464) [gv2-census] calls=32 rows/call=48 runs/call=96.0 preads/call=96.0 read=1.345ms fadv/call=0.0 pf_hit=100%(32)
(Worker_TP1 pid=464) [gv2-census] calls=32 rows/call=48 runs/call=96.0 preads/call=96.0 read=1.824ms fadv/call=0.0 pf_hit=100%(32)
(Worker_TP1 pid=464) [gv2-census] calls=32 rows/call=48 runs/call=94.0 preads/call=94.0 read=2.329ms fadv/call=0.0 pf_hit=100%(32)
(Worker_TP1 pid=464) [gv2-census] calls=32 rows/call=48 runs/call=96.0 preads/call=96.0 read=1.904ms fadv/call=0.0 pf_hit=100%(32)
(Worker_TP1 pid=464) [gv2-census] calls=32 rows/call=48 runs/call=96.0 preads/call=96.0 read=2.365ms fadv/call=0.0 pf_hit=100%(32)
(Worker_TP1 pid=464) [gv2-census] calls=32 rows/call=48 runs/call=96.0 preads/call=96.0 read=1.883ms fadv/call=0.0 pf_hit=100%(32)
(Worker_TP1 pid=464) [gv2-census] calls=32 rows/call=48 runs/call=96.0 preads/call=96.0 read=1.293ms fadv/call=0.0 pf_hit=100%(32)
(Worker_TP1 pid=464) [gv2-census] calls=32 rows/call=48 runs/call=96.0 preads/call=96.0 read=1.304ms fadv/call=0.0 pf_hit=100%(32)
(Worker_TP1 pid=464) [gv2-census] calls=32 rows/call=48 runs/call=96.0 preads/call=96.0 read=1.264ms fadv/call=0.0 pf_hit=100%(32)
(Worker_TP1 pid=464) [gv2-census] calls=32 rows/call=48 runs/call=96.0 preads/call=96.0 read=2.472ms fadv/call=0.0 pf_hit=100%(32)
(Worker_TP1 pid=464) [gv2-census] calls=32 rows/call=166 runs/call=277.5 preads/call=277.5 read=4.727ms fadv/call=181.8 pf_hit=93%(30)
(Worker_TP1 pid=464) [gv2-census] calls=32 rows/call=643 runs/call=1086.0 preads/call=1086.0 read=16.256ms fadv/call=960.9 pf_hit=61%(22)
(Worker_TP1 pid=464) [gv2-census] calls=32 rows/call=735 runs/call=1229.4 preads/call=1229.4 read=17.792ms fadv/call=1106.0 pf_hit=59%(22)
(Worker_TP1 pid=464) [gv2-census] calls=32 rows/call=911 runs/call=1506.5 preads/call=1506.5 read=19.734ms fadv/call=1395.3 pf_hit=54%(22)
(Worker_TP1 pid=464) [gv2-census] calls=32 rows/call=789 runs/call=1455.0 preads/call=1455.0 read=16.392ms fadv/call=1402.3 pf_hit=100%(16)
(Worker_TP1 pid=464) [gv2-census] calls=32 rows/call=759 runs/call=1390.0 preads/call=1390.0 read=18.173ms fadv/call=1338.4 pf_hit=100%(16)
(Worker_TP1 pid=464) [gv2-census] calls=32 rows/call=592 runs/call=1104.0 preads/call=1104.0 read=17.152ms fadv/call=1053.8 pf_hit=100%(16)
(Worker_TP1 pid=464) [gv2-census] calls=32 rows/call=579 runs/call=1119.0 preads/call=1119.0 read=14.302ms fadv/call=1068.4 pf_hit=100%(16)
(Worker_TP1 pid=464) [gv2-census] calls=32 rows/call=656 runs/call=1155.5 preads/call=1155.5 read=15.517ms fadv/call=1086.4 pf_hit=82%(18)
(Worker_TP1 pid=464) [gv2-census] calls=32 rows/call=546 runs/call=1072.5 preads/call=1072.5 read=14.158ms fadv/call=1022.4 pf_hit=100%(16)
(Worker_TP1 pid=464) [gv2-census] calls=32 rows/call=987 runs/call=1863.4 preads/call=1863.4 read=25.742ms fadv/call=1807.3 pf_hit=100%(16)
(Worker_TP1 pid=464) [gv2-census] calls=32 rows/call=1138 runs/call=2223.8 preads/call=2223.8 read=24.295ms fadv/call=2158.2 pf_hit=83%(18)
(Worker_TP1 pid=464) [gv2-census] calls=32 rows/call=651 runs/call=1233.5 preads/call=1233.5 read=17.602ms fadv/call=1183.2 pf_hit=100%(16)
(Worker_TP1 pid=464) [gv2-census] calls=32 rows/call=672 runs/call=1205.0 preads/call=1205.0 read=15.793ms fadv/call=1136.2 pf_hit=46%(16)
(Worker_TP1 pid=464) [gv2-census] calls=32 rows/call=755 runs/call=1306.0 preads/call=1306.0 read=15.902ms fadv/call=1230.2 pf_hit=38%(18)
(Worker_TP1 pid=464) [gv2-census] calls=32 rows/call=1494 runs/call=2955.4 preads/call=2955.4 read=35.195ms fadv/call=2864.0 pf_hit=33%(16)
(Worker_TP1 pid=464) [gv2-census] calls=32 rows/call=926 runs/call=1817.9 preads/call=1817.9 read=24.311ms fadv/call=1734.3 pf_hit=38%(22)
(Worker_TP1 pid=464) [gv2-census] calls=32 rows/call=703 runs/call=1344.4 preads/call=1344.4 read=17.249ms fadv/call=1269.4 pf_hit=33%(16)
(Worker_TP1 pid=464) [gv2-census] calls=32 rows/call=633 runs/call=1260.9 preads/call=1260.9 read=14.277ms fadv/call=1186.3 pf_hit=33%(16)
(Worker_TP1 pid=464) [gv2-census] calls=32 rows/call=513 runs/call=1014.5 preads/call=1014.5 read=12.828ms fadv/call=941.9 pf_hit=33%(18)
(Worker_TP1 pid=464) [gv2-census] calls=32 rows/call=520 runs/call=1031.5 preads/call=1031.5 read=14.220ms fadv/call=958.6 pf_hit=37%(20)
(Worker_TP1 pid=464) [gv2-census] calls=32 rows/call=594 runs/call=1156.0 preads/call=1156.0 read=17.378ms fadv/call=1081.6 pf_hit=33%(18)
(Worker_TP1 pid=464) [gv2-census] calls=32 rows/call=598 runs/call=1175.5 preads/call=1175.5 read=15.148ms fadv/call=1101.2 pf_hit=33%(18)
(Worker_TP1 pid=464) [gv2-census] calls=32 rows/call=612 runs/call=1202.0 preads/call=1202.0 read=16.377ms fadv/call=1127.2 pf_hit=33%(18)
(Worker_TP1 pid=464) [gv2-census] calls=32 rows/call=1232 runs/call=2367.9 preads/call=2367.9 read=30.379ms fadv/call=2271.4 pf_hit=43%(18)
(Worker_TP1 pid=464) [gv2-census] calls=32 rows/call=876 runs/call=1715.9 preads/call=1715.9 read=23.846ms fadv/call=1637.5 pf_hit=33%(16)
(Worker_TP1 pid=464) [gv2-census] calls=32 rows/call=810 runs/call=1580.5 preads/call=1580.5 read=21.918ms fadv/call=1502.5 pf_hit=33%(16)
(Worker_TP1 pid=464) [gv2-census] calls=32 rows/call=541 runs/call=1063.0 preads/call=1063.0 read=15.562ms fadv/call=989.2 pf_hit=33%(16)
