dsv41-indexer-workspace: already applied
[dsv41-drop-page-cache] armed (fadvise DONTNEED on shards after weight load)
[dsv41-prefill-empty-cache] armed (threshold 8192 tokens, release when MemAvailable < 2.5 GiB)
dsv41: g8 stream feed installed
dsv41: DSpark sparse Markov (gathered top-k) k=256
WARNING 09-25 01:25:11 [envs.py:2282] Unknown vLLM environment variable detected: VLLM_EXL3_MOE_KERNEL
INFO 09-25 01:25:18 [model.py:692] Resolved architecture: DeepseekV41ForCausalLM
INFO 09-25 01:25:18 [model.py:2034] Using max model len 1048576
INFO 09-25 01:25:19 [cache.py:348] Using fp8 data type to store kv cache. It reduces the GPU memory footprint and boosts the performance. Meanwhile, it may cause accuracy drop without a proper scaling factor
INFO 09-25 01:25:19 [arg_utils.py:2232] Inferred data_parallel_rank 0 from node_rank 1
INFO 09-25 01:25:19 [model.py:692] Resolved architecture: DeepseekV41ForCausalLM
INFO 09-25 01:25:19 [model.py:2034] Using max model len 1048576
INFO 09-25 01:25:26 [scheduler.py:277] Chunked prefill is enabled with max_num_batched_tokens=8192.
INFO 09-25 01:25:26 [kernel.py:373] Final IR op priority after setting platform defaults: IrOpPriorityConfig(rms_norm=['vllm_c', 'native'], fused_add_rms_norm=['vllm_c', 'native'])
WARNING 09-25 01:25:26 [cuda.py:336] Forcing --disable_chunked_mm_input for models with multimodal-bidirectional attention.
INFO 09-25 01:25:26 [compilation.py:329] Enabled custom fusions: norm_quant, act_quant
INFO 09-25 01:25:26 [serve.py:217] Launching vLLM (v0.1.dev20904+g179dd0fa9) headless multiproc executor, with head node address 10.100.8.1:29524 for torch.distributed process group.
dsv41-indexer-workspace: already applied
dsv41-indexer-workspace: already applied
[dsv41-drop-page-cache] armed (fadvise DONTNEED on shards after weight load)
[dsv41-prefill-empty-cache] armed (threshold 8192 tokens, release when MemAvailable < 2.5 GiB)
dsv41: g8 stream feed already present
dsv41: DSpark sparse Markov (gathered top-k) k=256
[dsv41-drop-page-cache] armed (fadvise DONTNEED on shards after weight load)
[dsv41-prefill-empty-cache] armed (threshold 8192 tokens, release when MemAvailable < 2.5 GiB)
dsv41: g8 stream feed already present
dsv41: DSpark sparse Markov (gathered top-k) k=256
(Worker pid=464) INFO 09-25 01:25:32 [parallel_state.py:1817] world_size=2 rank=1 local_rank=0 distributed_init_method=tcp://10.100.8.1:29524 backend=nccl
(Worker pid=464) WARNING 09-25 01:26:12 [symm_mem.py:67] SymmMemCommunicator: Device capability 12.1 not supported, communicator is not available.
(Worker pid=464) WARNING 09-25 01:26:12 [flashinfer_all_reduce.py:383] FlashInfer All Reduce is disabled because it is not supported for world_size=2.
(Worker pid=464) WARNING 09-25 01:26:12 [custom_all_reduce.py:201] Custom collectives are disabled because this multi-node group does not have MNNVL-capable GPUs on every rank.
(Worker pid=464) INFO 09-25 01:26:12 [parallel_state.py:2234] rank 1 in world size 2 is assigned as DP rank 0, PP rank 0, PCP rank 0, TP rank 1, EP rank 1, EPLB rank N/A
(Worker pid=464) INFO 09-25 01:26:12 [gpu_worker.py:436] Using V2 Model Runner
(Worker_TP1 pid=464) INFO 09-25 01:26:12 [model_runner.py:383] Loading model from scratch...
(Worker_TP1 pid=464) INFO 09-25 01:26:12 [cuda.py:581] Using backend AttentionBackendEnum.FLASH_ATTN for vit attention
(Worker_TP1 pid=464) INFO 09-25 01:26:12 [mm_encoder_attention.py:372] Using AttentionBackendEnum.FLASH_ATTN for MMEncoderAttention.
(Worker_TP1 pid=464) INFO 09-25 01:26:13 [quant_config.py:79] DeepSeek V4 expert_dtype resolved to 'fp4'
(Worker_TP1 pid=464) INFO 09-25 01:26:13 [__init__.py:889] Using FlashInferCutlassMxfp8LinearKernel for MXFP8 GEMM
(Worker_TP1 pid=464) INFO 09-25 01:26:13 [attention.py:140] Using DeepSeek's fp8_ds_mla KV cache format.
dsv41-patch skip g8_load_tracer: DSV41_LOAD_PF_G8 is not 1
dsv41-patch ok prefer_b12x_mxfp8
dsv41-patch skip mla_tile32_workspace: image kernel has no DSV4_CAND_WINDOW = 32
dsv41-patch ok persistent_topk: already applied
dsv41-patch ok kpool_persistent_topk: already applied
dsv41-patch ok load_general_plugins
dsv41-patch ok exl3_weight_block_size
dsv41-patch ok warmup_stubs
dsv41-patch skip cudagraph_worker_stub: DSV41_ALLOW_CUDA_GRAPHS=1
dsv41-patch ok swa_page_coerce
dsv41-patch ok kernel_block_sizes
dsv41-patch ok extra_page_bump
dsv41-patch ok v41_config_vision
dsv41-patch ok swa_image_width: already applied
dsv41-patch ok attention_image_width: already applied
dsv41-patch ok native_indexer_decode: already applied
dsv41-patch ok indexer_adaptive: already applied
dsv41-patch ok indexer_short_context: already applied
dsv41-patch skip dspark_markov_scale: DSV41_DSPARK_MARKOV_SCALE=1
dsv41-patch skip step_census: DSV41_STEP_CENSUS is not 1
dsv41-patch skip mhc_decode_splits: DSV41_MHC_DECODE_SPLITS=0: this block only collapses at =1 (N >= 2 is decode_levers)
dsv41-patch skip engram_row_cache: DSV41_ENGRAM_CACHE is not 1
dsv41-patch skip mhc_no_deepgemm: DSV41_MHC_NO_DEEPGEMM is not 1
dsv41-patch ok decode_levers
dsv41-patch skip g8_load_tracer: DSV41_LOAD_PF_G8 is not 1
dsv41-patch skip g8_load_tracer: DSV41_LOAD_PF_G8 is not 1
dsv41-patch ok prefer_b12x_mxfp8
dsv41-patch ok prefer_b12x_mxfp8
dsv41-patch skip mla_tile32_workspace: image kernel has no DSV4_CAND_WINDOW = 32
dsv41-patch skip mla_tile32_workspace: image kernel has no DSV4_CAND_WINDOW = 32
dsv41-patch ok persistent_topk: already applied
dsv41-patch ok kpool_persistent_topk: already applied
dsv41-patch ok persistent_topk: already applied
dsv41-patch ok kpool_persistent_topk: already applied
dsv41-patch ok load_general_plugins
dsv41-patch ok exl3_weight_block_size
dsv41-patch ok load_general_plugins
dsv41-patch ok exl3_weight_block_size
dsv41-patch ok warmup_stubs
dsv41-patch skip cudagraph_worker_stub: DSV41_ALLOW_CUDA_GRAPHS=1
dsv41-patch ok swa_page_coerce
dsv41-patch ok kernel_block_sizes
dsv41-patch ok extra_page_bump
dsv41-patch ok v41_config_vision
dsv41-patch ok swa_image_width: already applied
dsv41-patch ok attention_image_width: already applied
dsv41-patch ok native_indexer_decode: already applied
dsv41-patch ok indexer_adaptive: already applied
dsv41-patch ok indexer_short_context: already applied
dsv41-patch skip dspark_markov_scale: DSV41_DSPARK_MARKOV_SCALE=1
dsv41-patch skip step_census: DSV41_STEP_CENSUS is not 1
dsv41-patch skip mhc_decode_splits: DSV41_MHC_DECODE_SPLITS=0: this block only collapses at =1 (N >= 2 is decode_levers)
dsv41-patch skip engram_row_cache: DSV41_ENGRAM_CACHE is not 1
dsv41-patch skip mhc_no_deepgemm: DSV41_MHC_NO_DEEPGEMM is not 1
dsv41-patch ok warmup_stubs
dsv41-patch ok decode_levers
dsv41-patch skip cudagraph_worker_stub: DSV41_ALLOW_CUDA_GRAPHS=1
dsv41-patch ok swa_page_coerce
dsv41-patch ok kernel_block_sizes
dsv41-patch ok extra_page_bump
dsv41-patch ok v41_config_vision
dsv41-patch ok swa_image_width: already applied
dsv41-patch ok attention_image_width: already applied
dsv41-patch ok native_indexer_decode: already applied
dsv41-patch ok indexer_adaptive: already applied
dsv41-patch ok indexer_short_context: already applied
dsv41-patch skip dspark_markov_scale: DSV41_DSPARK_MARKOV_SCALE=1
dsv41-patch skip step_census: DSV41_STEP_CENSUS is not 1
dsv41-patch skip mhc_decode_splits: DSV41_MHC_DECODE_SPLITS=0: this block only collapses at =1 (N >= 2 is decode_levers)
dsv41-patch skip engram_row_cache: DSV41_ENGRAM_CACHE is not 1
dsv41-patch skip mhc_no_deepgemm: DSV41_MHC_NO_DEEPGEMM is not 1
dsv41-patch ok decode_levers
[W925 01:25:42.153409368 socket.cpp:207] [c10d] The hostname of the client socket cannot be retrieved. err=-3
(Worker_TP1 pid=464) INFO 09-25 01:26:13 [attention.py:1062] Using FP8 indexer cache for Lightning Indexer.
(Worker_TP1 pid=464) INFO 09-25 01:26:17 [engram.py:442] Built engram token map (129280 -> 99092 ids) for layers (1, 14)
(Worker_TP1 pid=464) dsv41: lm_head mxfp8 enabled (b12x, (64640, 5120))
(Worker_TP1 pid=464) WARNING 09-25 01:26:17 [compilation.py:1354] Op 'quant_fp8' not present in model, enabling with '+quant_fp8' has no effect
(Worker_TP1 pid=464) INFO 09-25 01:26:17 [weight_utils.py:863] Filesystem type for checkpoints: EXT4. Checkpoint size: 332.92 GiB. Available RAM: 39.88 GiB.
(Worker_TP1 pid=464) INFO 09-25 01:26:17 [weight_utils.py:893] Auto-prefetch is disabled because the filesystem (EXT4) is not a recognized network FS (NFS/Lustre) and the checkpoint size (332.92 GiB) exceeds 90% of available RAM (39.88 GiB).
(Worker_TP1 pid=464) INFO 09-25 01:28:45 [default_loader.py:430] Loading weights took 148.03 seconds
(Worker_TP1 pid=464) INFO 09-25 01:28:46 [__init__.py:889] Using EmulationMxfp8LinearKernel for MXFP8 GEMM
(Worker_TP1 pid=464) INFO 09-25 01:28:49 [exl3.py:2087] EXL3 MCG trellis engaged for routed experts: bits=2 experts_local=384 hidden=5120 intermediate_local=1152 fused_moe=exl3_moe concurrency=6 (no BF16 expert reconstruct at load)
(Worker_TP1 pid=464) INFO 09-25 01:28:49 [exl3.py:2087] EXL3 MCG trellis engaged for routed experts: bits=2 experts_local=384 hidden=5120 intermediate_local=1152 fused_moe=exl3_moe concurrency=6 (no BF16 expert reconstruct at load)
(Worker_TP1 pid=464) INFO 09-25 01:28:49 [exl3.py:2087] EXL3 MCG trellis engaged for routed experts: bits=2 experts_local=384 hidden=5120 intermediate_local=1152 fused_moe=exl3_moe concurrency=6 (no BF16 expert reconstruct at load)
(Worker_TP1 pid=464) INFO 09-25 01:28:49 [exl3.py:2087] EXL3 MCG trellis engaged for routed experts: bits=2 experts_local=384 hidden=5120 intermediate_local=1152 fused_moe=exl3_moe concurrency=6 (no BF16 expert reconstruct at load)
(Worker_TP1 pid=464) INFO 09-25 01:28:49 [exl3.py:2087] EXL3 MCG trellis engaged for routed experts: bits=2 experts_local=384 hidden=5120 intermediate_local=1152 fused_moe=exl3_moe concurrency=6 (no BF16 expert reconstruct at load)
(Worker_TP1 pid=464) INFO 09-25 01:28:49 [exl3.py:2087] EXL3 MCG trellis engaged for routed experts: bits=2 experts_local=384 hidden=5120 intermediate_local=1152 fused_moe=exl3_moe concurrency=6 (no BF16 expert reconstruct at load)
(Worker_TP1 pid=464) INFO 09-25 01:28:49 [exl3.py:2087] EXL3 MCG trellis engaged for routed experts: bits=2 experts_local=384 hidden=5120 intermediate_local=1152 fused_moe=exl3_moe concurrency=6 (no BF16 expert reconstruct at load)
(Worker_TP1 pid=464) INFO 09-25 01:28:49 [exl3.py:2087] EXL3 MCG trellis engaged for routed experts: bits=2 experts_local=384 hidden=5120 intermediate_local=1152 fused_moe=exl3_moe concurrency=6 (no BF16 expert reconstruct at load)
(Worker_TP1 pid=464) INFO 09-25 01:28:50 [exl3.py:2087] EXL3 MCG trellis engaged for routed experts: bits=2 experts_local=384 hidden=5120 intermediate_local=1152 fused_moe=exl3_moe concurrency=6 (no BF16 expert reconstruct at load)
(Worker_TP1 pid=464) INFO 09-25 01:28:58 [exl3.py:2087] EXL3 MCG trellis engaged for routed experts: bits=2 experts_local=384 hidden=5120 intermediate_local=1152 fused_moe=exl3_moe concurrency=6 (no BF16 expert reconstruct at load)
(Worker_TP1 pid=464) INFO 09-25 01:28:58 [exl3.py:2087] EXL3 MCG trellis engaged for routed experts: bits=2 experts_local=384 hidden=5120 intermediate_local=1152 fused_moe=exl3_moe concurrency=6 (no BF16 expert reconstruct at load)
(Worker_TP1 pid=464) INFO 09-25 01:28:58 [exl3.py:2087] EXL3 MCG trellis engaged for routed experts: bits=2 experts_local=384 hidden=5120 intermediate_local=1152 fused_moe=exl3_moe concurrency=6 (no BF16 expert reconstruct at load)
(Worker_TP1 pid=464) INFO 09-25 01:28:59 [exl3.py:2087] EXL3 MCG trellis engaged for routed experts: bits=2 experts_local=384 hidden=5120 intermediate_local=1152 fused_moe=exl3_moe concurrency=6 (no BF16 expert reconstruct at load)
(Worker_TP1 pid=464) INFO 09-25 01:28:59 [exl3.py:2087] EXL3 MCG trellis engaged for routed experts: bits=2 experts_local=384 hidden=5120 intermediate_local=1152 fused_moe=exl3_moe concurrency=6 (no BF16 expert reconstruct at load)
(Worker_TP1 pid=464) INFO 09-25 01:28:59 [exl3.py:2087] EXL3 MCG trellis engaged for routed experts: bits=2 experts_local=384 hidden=5120 intermediate_local=1152 fused_moe=exl3_moe concurrency=6 (no BF16 expert reconstruct at load)
(Worker_TP1 pid=464) INFO 09-25 01:28:59 [exl3.py:2087] EXL3 MCG trellis engaged for routed experts: bits=2 experts_local=384 hidden=5120 intermediate_local=1152 fused_moe=exl3_moe concurrency=6 (no BF16 expert reconstruct at load)
(Worker_TP1 pid=464) INFO 09-25 01:28:59 [exl3.py:2087] EXL3 MCG trellis engaged for routed experts: bits=2 experts_local=384 hidden=5120 intermediate_local=1152 fused_moe=exl3_moe concurrency=6 (no BF16 expert reconstruct at load)
(Worker_TP1 pid=464) INFO 09-25 01:28:59 [exl3.py:2087] EXL3 MCG trellis engaged for routed experts: bits=2 experts_local=384 hidden=5120 intermediate_local=1152 fused_moe=exl3_moe concurrency=6 (no BF16 expert reconstruct at load)
(Worker_TP1 pid=464) INFO 09-25 01:28:59 [exl3.py:2087] EXL3 MCG trellis engaged for routed experts: bits=2 experts_local=384 hidden=5120 intermediate_local=1152 fused_moe=exl3_moe concurrency=6 (no BF16 expert reconstruct at load)
(Worker_TP1 pid=464) INFO 09-25 01:28:59 [exl3.py:2087] EXL3 MCG trellis engaged for routed experts: bits=2 experts_local=384 hidden=5120 intermediate_local=1152 fused_moe=exl3_moe concurrency=6 (no BF16 expert reconstruct at load)
(Worker_TP1 pid=464) INFO 09-25 01:28:59 [exl3.py:2087] EXL3 MCG trellis engaged for routed experts: bits=2 experts_local=384 hidden=5120 intermediate_local=1152 fused_moe=exl3_moe concurrency=6 (no BF16 expert reconstruct at load)
(Worker_TP1 pid=464) INFO 09-25 01:28:59 [exl3.py:2087] EXL3 MCG trellis engaged for routed experts: bits=2 experts_local=384 hidden=5120 intermediate_local=1152 fused_moe=exl3_moe concurrency=6 (no BF16 expert reconstruct at load)
(Worker_TP1 pid=464) INFO 09-25 01:28:59 [exl3.py:2087] EXL3 MCG trellis engaged for routed experts: bits=2 experts_local=384 hidden=5120 intermediate_local=1152 fused_moe=exl3_moe concurrency=6 (no BF16 expert reconstruct at load)
(Worker_TP1 pid=464) INFO 09-25 01:28:59 [exl3.py:2087] EXL3 MCG trellis engaged for routed experts: bits=2 experts_local=384 hidden=5120 intermediate_local=1152 fused_moe=exl3_moe concurrency=6 (no BF16 expert reconstruct at load)
(Worker_TP1 pid=464) INFO 09-25 01:28:59 [exl3.py:2087] EXL3 MCG trellis engaged for routed experts: bits=2 experts_local=384 hidden=5120 intermediate_local=1152 fused_moe=exl3_moe concurrency=6 (no BF16 expert reconstruct at load)
(Worker_TP1 pid=464) INFO 09-25 01:28:59 [exl3.py:2087] EXL3 MCG trellis engaged for routed experts: bits=2 experts_local=384 hidden=5120 intermediate_local=1152 fused_moe=exl3_moe concurrency=6 (no BF16 expert reconstruct at load)
(Worker_TP1 pid=464) INFO 09-25 01:28:59 [exl3.py:2087] EXL3 MCG trellis engaged for routed experts: bits=2 experts_local=384 hidden=5120 intermediate_local=1152 fused_moe=exl3_moe concurrency=6 (no BF16 expert reconstruct at load)
(Worker_TP1 pid=464) INFO 09-25 01:29:00 [exl3.py:2087] EXL3 MCG trellis engaged for routed experts: bits=2 experts_local=384 hidden=5120 intermediate_local=1152 fused_moe=exl3_moe concurrency=6 (no BF16 expert reconstruct at load)
(Worker_TP1 pid=464) INFO 09-25 01:29:00 [exl3.py:2087] EXL3 MCG trellis engaged for routed experts: bits=2 experts_local=384 hidden=5120 intermediate_local=1152 fused_moe=exl3_moe concurrency=6 (no BF16 expert reconstruct at load)
(Worker_TP1 pid=464) INFO 09-25 01:29:00 [exl3.py:2087] EXL3 MCG trellis engaged for routed experts: bits=2 experts_local=384 hidden=5120 intermediate_local=1152 fused_moe=exl3_moe concurrency=6 (no BF16 expert reconstruct at load)
(Worker_TP1 pid=464) INFO 09-25 01:29:00 [exl3.py:2087] EXL3 MCG trellis engaged for routed experts: bits=2 experts_local=384 hidden=5120 intermediate_local=1152 fused_moe=exl3_moe concurrency=6 (no BF16 expert reconstruct at load)
(Worker_TP1 pid=464) INFO 09-25 01:29:00 [exl3.py:2087] EXL3 MCG trellis engaged for routed experts: bits=2 experts_local=384 hidden=5120 intermediate_local=1152 fused_moe=exl3_moe concurrency=6 (no BF16 expert reconstruct at load)
(Worker_TP1 pid=464) INFO 09-25 01:29:00 [exl3.py:2087] EXL3 MCG trellis engaged for routed experts: bits=2 experts_local=384 hidden=5120 intermediate_local=1152 fused_moe=exl3_moe concurrency=6 (no BF16 expert reconstruct at load)
(Worker_TP1 pid=464) INFO 09-25 01:29:00 [exl3.py:2087] EXL3 MCG trellis engaged for routed experts: bits=2 experts_local=384 hidden=5120 intermediate_local=1152 fused_moe=exl3_moe concurrency=6 (no BF16 expert reconstruct at load)
(Worker_TP1 pid=464) INFO 09-25 01:29:00 [exl3.py:2087] EXL3 MCG trellis engaged for routed experts: bits=2 experts_local=384 hidden=5120 intermediate_local=1152 fused_moe=exl3_moe concurrency=6 (no BF16 expert reconstruct at load)
(Worker_TP1 pid=464) INFO 09-25 01:29:00 [exl3.py:2087] EXL3 MCG trellis engaged for routed experts: bits=2 experts_local=384 hidden=5120 intermediate_local=1152 fused_moe=exl3_moe concurrency=6 (no BF16 expert reconstruct at load)
(Worker_TP1 pid=464) INFO 09-25 01:29:00 [exl3.py:2087] EXL3 MCG trellis engaged for routed experts: bits=2 experts_local=384 hidden=5120 intermediate_local=1152 fused_moe=exl3_moe concurrency=6 (no BF16 expert reconstruct at load)
(Worker_TP1 pid=464) INFO 09-25 01:29:00 [exl3.py:2087] EXL3 MCG trellis engaged for routed experts: bits=2 experts_local=384 hidden=5120 intermediate_local=1152 fused_moe=exl3_moe concurrency=6 (no BF16 expert reconstruct at load)
(Worker_TP1 pid=464) INFO 09-25 01:29:00 [exl3.py:2087] EXL3 MCG trellis engaged for routed experts: bits=2 experts_local=384 hidden=5120 intermediate_local=1152 fused_moe=exl3_moe concurrency=6 (no BF16 expert reconstruct at load)
(Worker_TP1 pid=464) INFO 09-25 01:29:00 [exl3.py:2087] EXL3 MCG trellis engaged for routed experts: bits=2 experts_local=384 hidden=5120 intermediate_local=1152 fused_moe=exl3_moe concurrency=6 (no BF16 expert reconstruct at load)
(Worker_TP1 pid=464) INFO 09-25 01:29:00 [eagle3_utils.py:28] Using Eagle3 auxiliary layers from config: (37, 38, 39)
(Worker_TP1 pid=464) INFO 09-25 01:29:00 [kernel.py:373] Final IR op priority after setting platform defaults: IrOpPriorityConfig(rms_norm=['vllm_c', 'native'], fused_add_rms_norm=['vllm_c', 'native'])
(Worker_TP1 pid=464) INFO 09-25 01:29:00 [mxfp4.py:715] Using 'DEEPGEMM_MXFP4' Mxfp4 MoE backend.
(Worker_TP1 pid=464) INFO 09-25 01:29:02 [weight_utils.py:863] Filesystem type for checkpoints: EXT4. Checkpoint size: 332.92 GiB. Available RAM: 31.33 GiB.
(Worker_TP1 pid=464) INFO 09-25 01:29:02 [weight_utils.py:893] Auto-prefetch is disabled because the filesystem (EXT4) is not a recognized network FS (NFS/Lustre) and the checkpoint size (332.92 GiB) exceeds 90% of available RAM (31.33 GiB).
(Worker_TP1 pid=464) INFO 09-25 01:29:24 [dspark.py:515] DSpark draft model loaded: 97 params
(Worker_TP1 pid=464) INFO 09-25 01:29:24 [default_loader.py:430] Loading weights took 22.79 seconds
(Worker_TP1 pid=464) INFO 09-25 01:29:25 [deep_gemm.py:191] deep_gemm not found in site-packages, trying vendored vllm.third_party.deep_gemm
(Worker_TP1 pid=464) INFO 09-25 01:29:25 [deep_gemm.py:218] DeepGEMM PDL enabled on vllm.third_party.deep_gemm.
(Worker_TP1 pid=464) INFO 09-25 01:29:25 [deep_gemm.py:136] DeepGEMM E8M0 enabled on current platform.
(Worker_TP1 pid=464) INFO 09-25 01:29:26 [mxfp4.py:1973] Using MoEPrepareAndFinalizeNoDPEPModular
(Worker_TP1 pid=464) INFO 09-25 01:29:26 [mxfp4.py:1974] Using DeepGemmFP4Experts
(Worker_TP1 pid=464) WARNING 09-25 01:29:27 [speculator.py:203] Draft model DSparkDeepseekV4ForCausalLM does not support external multimodal embeddings. Embeddings from the target model will not be passed to the drafter; using text-only draft inputs instead.
(Worker_TP1 pid=464) INFO 09-25 01:29:41 [model_runner.py:408] Model loading took 75.43 GiB memory and 208.825007 seconds
(Worker_TP1 pid=464) dsv41: engram prefetch v3 armed (ngram=4 heads=8 depth=3 layers=[0, 1] mult=(2, 4) primes=(2, 3, 8) offsets=(2, 24))
(Worker_TP1 pid=464) [dsv41-drop-page-cache] dropped page cache of 48 shard files: MemFree 9.46GiB -> 38.23GiB
INFO 09-25 01:32:36 [torch_utils.py:280] Reducing Torch threads from 20 to 1 for serving. Set OMP_NUM_THREADS in the external environment to override.
(Worker_TP1 pid=464) INFO 09-25 01:32:36 [encoder_runner.py:131] Encoder cache will be initialized with a budget of 8192 tokens, and profiled with 7 image items of the maximum feature size.
(Worker_TP1 pid=464) 2026-09-25 01:32:51  [TileLang:tilelang.jit.kernel:INFO] (kernel.py:129): TileLang begins to compile kernel `mhc_pre_big_fuse_with_norm_tilelang` with `out_idx=None`
(Worker_TP1 pid=464) 2026-09-25 01:32:56  [TileLang:tilelang.jit.kernel:INFO] (kernel.py:137): TileLang completes to compile kernel `mhc_pre_big_fuse_with_norm_tilelang`
(Worker_TP1 pid=464) [wo_a-probe] wo_a.dtype=torch.bfloat16 wo_a.shape=(4096, 4096) use_fp8=False wo_b.dtype=torch.float8_e4m3fn n_groups=4
(Worker_TP1 pid=464) [woa-requant] fp8 einsum engaged: (4, 1024, 4096)
(Worker_TP1 pid=464) [woa-prepack] packed ue8m0 scale engaged: (4, 1024, 32) stride=(32768, 1, 1024) dtype=torch.int32
(Worker_TP1 pid=464) 2026-09-25 01:33:01  [TileLang:tilelang.jit.kernel:INFO] (kernel.py:129): TileLang begins to compile kernel `mhc_post_tilelang` with `out_idx=None`
(Worker_TP1 pid=464) 2026-09-25 01:33:02  [TileLang:tilelang.jit.kernel:INFO] (kernel.py:137): TileLang completes to compile kernel `mhc_post_tilelang`
(Worker_TP1 pid=464) 2026-09-25 01:33:03  [TileLang:tilelang.jit.kernel:INFO] (kernel.py:129): TileLang begins to compile kernel `mhc_pre_big_fuse_with_norm_tilelang` with `out_idx=None`
(Worker_TP1 pid=464) 2026-09-25 01:33:08  [TileLang:tilelang.jit.kernel:INFO] (kernel.py:137): TileLang completes to compile kernel `mhc_pre_big_fuse_with_norm_tilelang`
(Worker_TP1 pid=464) INFO 09-25 01:33:09 [exl3.py:1224] EXL3 fat-chunk slicing ACTIVE (tokens=8192)
(Worker_TP1 pid=464) [woa-requant] fp8 einsum engaged: (4, 1024, 4096)
(Worker_TP1 pid=464) [woa-prepack] packed ue8m0 scale engaged: (4, 1024, 32) stride=(32768, 1, 1024) dtype=torch.int32
(Worker_TP1 pid=464) [woa-requant] fp8 einsum engaged: (4, 1024, 4096)
(Worker_TP1 pid=464) [woa-prepack] packed ue8m0 scale engaged: (4, 1024, 32) stride=(32768, 1, 1024) dtype=torch.int32
(Worker_TP1 pid=464) [woa-requant] fp8 einsum engaged: (4, 1024, 4096)
(Worker_TP1 pid=464) [woa-prepack] packed ue8m0 scale engaged: (4, 1024, 32) stride=(32768, 1, 1024) dtype=torch.int32
(Worker_TP1 pid=464) [woa-requant] fp8 einsum engaged: (4, 1024, 4096)
(Worker_TP1 pid=464) [woa-prepack] packed ue8m0 scale engaged: (4, 1024, 32) stride=(32768, 1, 1024) dtype=torch.int32
(Worker_TP1 pid=464) [woa-requant] fp8 einsum engaged: (4, 1024, 4096)
(Worker_TP1 pid=464) [woa-prepack] packed ue8m0 scale engaged: (4, 1024, 32) stride=(32768, 1, 1024) dtype=torch.int32
(Worker_TP1 pid=464) [woa-requant] fp8 einsum engaged: (4, 1024, 4096)
(Worker_TP1 pid=464) [woa-prepack] packed ue8m0 scale engaged: (4, 1024, 32) stride=(32768, 1, 1024) dtype=torch.int32
(Worker_TP1 pid=464) [woa-requant] fp8 einsum engaged: (4, 1024, 4096)
(Worker_TP1 pid=464) [woa-prepack] packed ue8m0 scale engaged: (4, 1024, 32) stride=(32768, 1, 1024) dtype=torch.int32
(Worker_TP1 pid=464) [woa-requant] fp8 einsum engaged: (4, 1024, 4096)
(Worker_TP1 pid=464) [woa-prepack] packed ue8m0 scale engaged: (4, 1024, 32) stride=(32768, 1, 1024) dtype=torch.int32
(Worker_TP1 pid=464) [woa-requant] fp8 einsum engaged: (4, 1024, 4096)
(Worker_TP1 pid=464) [woa-prepack] packed ue8m0 scale engaged: (4, 1024, 32) stride=(32768, 1, 1024) dtype=torch.int32
(Worker_TP1 pid=464) [woa-requant] fp8 einsum engaged: (4, 1024, 4096)
(Worker_TP1 pid=464) [woa-prepack] packed ue8m0 scale engaged: (4, 1024, 32) stride=(32768, 1, 1024) dtype=torch.int32
(Worker_TP1 pid=464) [woa-requant] fp8 einsum engaged: (4, 1024, 4096)
(Worker_TP1 pid=464) [woa-prepack] packed ue8m0 scale engaged: (4, 1024, 32) stride=(32768, 1, 1024) dtype=torch.int32
(Worker_TP1 pid=464) [woa-requant] fp8 einsum engaged: (4, 1024, 4096)
(Worker_TP1 pid=464) [woa-prepack] packed ue8m0 scale engaged: (4, 1024, 32) stride=(32768, 1, 1024) dtype=torch.int32
(Worker_TP1 pid=464) [woa-requant] fp8 einsum engaged: (4, 1024, 4096)
(Worker_TP1 pid=464) [woa-prepack] packed ue8m0 scale engaged: (4, 1024, 32) stride=(32768, 1, 1024) dtype=torch.int32
(Worker_TP1 pid=464) [woa-requant] fp8 einsum engaged: (4, 1024, 4096)
(Worker_TP1 pid=464) [woa-prepack] packed ue8m0 scale engaged: (4, 1024, 32) stride=(32768, 1, 1024) dtype=torch.int32
(Worker_TP1 pid=464) [woa-requant] fp8 einsum engaged: (4, 1024, 4096)
(Worker_TP1 pid=464) [woa-prepack] packed ue8m0 scale engaged: (4, 1024, 32) stride=(32768, 1, 1024) dtype=torch.int32
(Worker_TP1 pid=464) [woa-requant] fp8 einsum engaged: (4, 1024, 4096)
(Worker_TP1 pid=464) [woa-prepack] packed ue8m0 scale engaged: (4, 1024, 32) stride=(32768, 1, 1024) dtype=torch.int32
(Worker_TP1 pid=464) [woa-requant] fp8 einsum engaged: (4, 1024, 4096)
(Worker_TP1 pid=464) [woa-prepack] packed ue8m0 scale engaged: (4, 1024, 32) stride=(32768, 1, 1024) dtype=torch.int32
(Worker_TP1 pid=464) [woa-requant] fp8 einsum engaged: (4, 1024, 4096)
(Worker_TP1 pid=464) [woa-prepack] packed ue8m0 scale engaged: (4, 1024, 32) stride=(32768, 1, 1024) dtype=torch.int32
(Worker_TP1 pid=464) [woa-requant] fp8 einsum engaged: (4, 1024, 4096)
(Worker_TP1 pid=464) [woa-prepack] packed ue8m0 scale engaged: (4, 1024, 32) stride=(32768, 1, 1024) dtype=torch.int32
(Worker_TP1 pid=464) [woa-requant] fp8 einsum engaged: (4, 1024, 4096)
(Worker_TP1 pid=464) [woa-prepack] packed ue8m0 scale engaged: (4, 1024, 32) stride=(32768, 1, 1024) dtype=torch.int32
(Worker_TP1 pid=464) [woa-requant] fp8 einsum engaged: (4, 1024, 4096)
(Worker_TP1 pid=464) [woa-prepack] packed ue8m0 scale engaged: (4, 1024, 32) stride=(32768, 1, 1024) dtype=torch.int32
(Worker_TP1 pid=464) [woa-requant] fp8 einsum engaged: (4, 1024, 4096)
(Worker_TP1 pid=464) [woa-prepack] packed ue8m0 scale engaged: (4, 1024, 32) stride=(32768, 1, 1024) dtype=torch.int32
(Worker_TP1 pid=464) [woa-requant] fp8 einsum engaged: (4, 1024, 4096)
(Worker_TP1 pid=464) [woa-prepack] packed ue8m0 scale engaged: (4, 1024, 32) stride=(32768, 1, 1024) dtype=torch.int32
(Worker_TP1 pid=464) [woa-requant] fp8 einsum engaged: (4, 1024, 4096)
(Worker_TP1 pid=464) [woa-prepack] packed ue8m0 scale engaged: (4, 1024, 32) stride=(32768, 1, 1024) dtype=torch.int32
(Worker_TP1 pid=464) [woa-requant] fp8 einsum engaged: (4, 1024, 4096)
(Worker_TP1 pid=464) [woa-prepack] packed ue8m0 scale engaged: (4, 1024, 32) stride=(32768, 1, 1024) dtype=torch.int32
(Worker_TP1 pid=464) [woa-requant] fp8 einsum engaged: (4, 1024, 4096)
(Worker_TP1 pid=464) [woa-prepack] packed ue8m0 scale engaged: (4, 1024, 32) stride=(32768, 1, 1024) dtype=torch.int32
(Worker_TP1 pid=464) [woa-requant] fp8 einsum engaged: (4, 1024, 4096)
(Worker_TP1 pid=464) [woa-prepack] packed ue8m0 scale engaged: (4, 1024, 32) stride=(32768, 1, 1024) dtype=torch.int32
(Worker_TP1 pid=464) [woa-requant] fp8 einsum engaged: (4, 1024, 4096)
(Worker_TP1 pid=464) [woa-prepack] packed ue8m0 scale engaged: (4, 1024, 32) stride=(32768, 1, 1024) dtype=torch.int32
(Worker_TP1 pid=464) [woa-requant] fp8 einsum engaged: (4, 1024, 4096)
(Worker_TP1 pid=464) [woa-prepack] packed ue8m0 scale engaged: (4, 1024, 32) stride=(32768, 1, 1024) dtype=torch.int32
(Worker_TP1 pid=464) [woa-requant] fp8 einsum engaged: (4, 1024, 4096)
(Worker_TP1 pid=464) [woa-prepack] packed ue8m0 scale engaged: (4, 1024, 32) stride=(32768, 1, 1024) dtype=torch.int32
(Worker_TP1 pid=464) [woa-requant] fp8 einsum engaged: (4, 1024, 4096)
(Worker_TP1 pid=464) [woa-prepack] packed ue8m0 scale engaged: (4, 1024, 32) stride=(32768, 1, 1024) dtype=torch.int32
(Worker_TP1 pid=464) [woa-requant] fp8 einsum engaged: (4, 1024, 4096)
(Worker_TP1 pid=464) [woa-prepack] packed ue8m0 scale engaged: (4, 1024, 32) stride=(32768, 1, 1024) dtype=torch.int32
(Worker_TP1 pid=464) [woa-requant] fp8 einsum engaged: (4, 1024, 4096)
(Worker_TP1 pid=464) [woa-prepack] packed ue8m0 scale engaged: (4, 1024, 32) stride=(32768, 1, 1024) dtype=torch.int32
(Worker_TP1 pid=464) [woa-requant] fp8 einsum engaged: (4, 1024, 4096)
(Worker_TP1 pid=464) [woa-prepack] packed ue8m0 scale engaged: (4, 1024, 32) stride=(32768, 1, 1024) dtype=torch.int32
(Worker_TP1 pid=464) [woa-requant] fp8 einsum engaged: (4, 1024, 4096)
(Worker_TP1 pid=464) [woa-prepack] packed ue8m0 scale engaged: (4, 1024, 32) stride=(32768, 1, 1024) dtype=torch.int32
(Worker_TP1 pid=464) [woa-requant] fp8 einsum engaged: (4, 1024, 4096)
(Worker_TP1 pid=464) [woa-prepack] packed ue8m0 scale engaged: (4, 1024, 32) stride=(32768, 1, 1024) dtype=torch.int32
(Worker_TP1 pid=464) [woa-requant] fp8 einsum engaged: (4, 1024, 4096)
(Worker_TP1 pid=464) [woa-prepack] packed ue8m0 scale engaged: (4, 1024, 32) stride=(32768, 1, 1024) dtype=torch.int32
(Worker_TP1 pid=464) [woa-requant] fp8 einsum engaged: (4, 1024, 4096)
(Worker_TP1 pid=464) [woa-prepack] packed ue8m0 scale engaged: (4, 1024, 32) stride=(32768, 1, 1024) dtype=torch.int32
(Worker_TP1 pid=464) [woa-requant] fp8 einsum engaged: (4, 1024, 4096)
(Worker_TP1 pid=464) [woa-prepack] packed ue8m0 scale engaged: (4, 1024, 32) stride=(32768, 1, 1024) dtype=torch.int32
(Worker_TP1 pid=464) 2026-09-25 01:33:18  [TileLang:tilelang.jit.kernel:INFO] (kernel.py:129): TileLang begins to compile kernel `mhc_pre_big_fuse_with_norm_tilelang` with `out_idx=None`
(Worker_TP1 pid=464) 2026-09-25 01:33:22  [TileLang:tilelang.jit.kernel:INFO] (kernel.py:137): TileLang completes to compile kernel `mhc_pre_big_fuse_with_norm_tilelang`
(Worker_TP1 pid=464) [woa-requant] fp8 einsum engaged: (4, 1024, 4096)
(Worker_TP1 pid=464) [woa-prepack] packed ue8m0 scale engaged: (4, 1024, 32) stride=(32768, 1, 1024) dtype=torch.int32
(Worker_TP1 pid=464) 2026-09-25 01:33:25  [TileLang:tilelang.jit.kernel:INFO] (kernel.py:129): TileLang begins to compile kernel `mhc_pre_big_fuse_with_norm_tilelang` with `out_idx=None`
(Worker_TP1 pid=464) 2026-09-25 01:33:30  [TileLang:tilelang.jit.kernel:INFO] (kernel.py:137): TileLang completes to compile kernel `mhc_pre_big_fuse_with_norm_tilelang`
(Worker_TP1 pid=464) [woa-requant] fp8 einsum engaged: (4, 1024, 4096)
(Worker_TP1 pid=464) [woa-prepack] packed ue8m0 scale engaged: (4, 1024, 32) stride=(32768, 1, 1024) dtype=torch.int32
(Worker_TP1 pid=464) [woa-requant] fp8 einsum engaged: (4, 1024, 4096)
(Worker_TP1 pid=464) [woa-prepack] packed ue8m0 scale engaged: (4, 1024, 32) stride=(32768, 1, 1024) dtype=torch.int32
(Worker_TP1 pid=464) INFO 09-25 01:33:33 [gpu_worker.py:551] Initial free memory 114.12 GiB, reserved 8.0 GiB memory for KV Cache as specified by kv_cache_memory_bytes config and skipped memory profiling. This does not respect the gpu_memory_utilization config. Only use kv_cache_memory_bytes config when you want manual control of KV cache memory size. If OOM'ed, check the difference of initial free memory between the current run and the previous run where kv_cache_memory_bytes is suggested and update it correspondingly.
(Worker_TP1 pid=464) INFO 09-25 01:33:34 [indexer.py:741] DSA indexer decode path: use_flattening=False supports_varlen=False (next_n=4, use_fp4_cache=False)
(Worker_TP1 pid=464) [dsv41-drop-page-cache] dropped page cache of 48 shard files: MemFree 25.79GiB -> 25.79GiB
(Worker_TP1 pid=464) INFO 09-25 01:33:35 [breakable_cudagraph.py:290] Breakable CUDA graph enabled
(Worker_TP1 pid=464) 2026-09-25 01:33:37  [TileLang:tilelang.jit.kernel:INFO] (kernel.py:129): TileLang begins to compile kernel `mhc_pre_big_fuse_with_norm_tilelang` with `out_idx=None`
(Worker_TP1 pid=464) 2026-09-25 01:33:41  [TileLang:tilelang.jit.kernel:INFO] (kernel.py:137): TileLang completes to compile kernel `mhc_pre_big_fuse_with_norm_tilelang`
(Worker_TP1 pid=464) INFO 09-25 01:33:47 [speculator.py:141] Capturing model for DSpark speculator...
(Worker_TP1 pid=464) INFO 09-25 01:33:48 [model_runner.py:974] Graph capturing finished in 13 secs, took 0.97 GiB
(Worker_TP1 pid=464) dsv41: engram gather v2 self-check bit-exact (r=120)
(Worker_TP1 pid=464) dsv41: engram fast stage self-check bit-exact (2 tables, n=10)
(Worker_TP1 pid=464) INFO 09-25 01:33:56 [jit_monitor.py:85] Kernel JIT monitor activated; monitored JIT compilations during inference will use mode=warn.
(Worker_TP1 pid=464) INFO 09-25 01:33:57 [torch_utils.py:280] Reducing Torch threads from 20 to 1 for serving. Set OMP_NUM_THREADS in the external environment to override.
(Worker_TP1 pid=464) WARNING 09-25 01:34:30 [jit_monitor.py:141] Triton kernel JIT compilation during inference: ComputePrefillMetadataKernel.kernel. This causes a latency spike; consider extending warmup to cover this shape/config.
[01:33:01] : Warning: T.vectorized loop over `i_hci` with extent 4 is lowered as a serial loop because TileLang could not find a valid vectorization plan. Scalar accumulator updates inside the loop are a common cause; move reductions to T.unroll or T.serial if this is intended.
(Worker_TP1 pid=464) WARNING 09-25 01:34:31 [jit_monitor.py:141] Triton kernel JIT compilation during inference: _prepare_dflash_inputs_kernel. This causes a latency spike; consider extending warmup to cover this shape/config.
(Worker_TP1 pid=464) WARNING 09-25 01:34:31 [jit_monitor.py:141] Triton kernel JIT compilation during inference: _compute_local_logits_stats_kernel. This causes a latency spike; consider extending warmup to cover this shape/config.
(Worker_TP1 pid=464) WARNING 09-25 01:34:31 [jit_monitor.py:141] Triton kernel JIT compilation during inference: _rejection_kernel. This causes a latency spike; consider extending warmup to cover this shape/config.
(Worker_TP1 pid=464) WARNING 09-25 01:34:32 [jit_monitor.py:141] Triton kernel JIT compilation during inference: _resample_kernel. This causes a latency spike; consider extending warmup to cover this shape/config.
(Worker_TP1 pid=464) WARNING 09-25 01:34:33 [jit_monitor.py:141] Triton kernel JIT compilation during inference: _gumbel_sample_kernel. This causes a latency spike; consider extending warmup to cover this shape/config.
(Worker_TP1 pid=464) [gv2-census] calls=32 rows/call=3213 runs/call=5285.9 preads/call=5285.9 read=68.911ms fadv/call=4721.2 pf_hit=51%(28)
(Worker_TP1 pid=464) WARNING 09-25 01:34:35 [jit_monitor.py:141] CuTeDSL JIT compilation during inference: MXFP8QuantizeSwizzledKernel. This causes a latency spike; consider extending warmup to cover this shape/config.
(Worker_TP1 pid=464) INFO 09-25 01:34:36 [exl3.py:1224] EXL3 fat-chunk slicing ACTIVE (tokens=4162)
(Worker_TP1 pid=464) WARNING 09-25 01:34:38 [jit_monitor.py:141] Triton kernel JIT compilation during inference: _block_scores_kernel. This causes a latency spike; consider extending warmup to cover this shape/config.
(Worker_TP1 pid=464) WARNING 09-25 01:34:38 [jit_monitor.py:141] Triton kernel JIT compilation during inference: _candidate_flags_kernel. This causes a latency spike; consider extending warmup to cover this shape/config.
(Worker_TP1 pid=464) WARNING 09-25 01:34:38 [jit_monitor.py:141] Triton kernel JIT compilation during inference: _mask_candidates_kernel. This causes a latency spike; consider extending warmup to cover this shape/config.
(Worker_TP1 pid=464) WARNING 09-25 01:35:05 [jit_monitor.py:141] Triton kernel JIT compilation during inference: BuildPrefillChunkMetadataKernel.kernel. This causes a latency spike; consider extending warmup to cover this shape/config.
(Worker_TP1 pid=464) WARNING 09-25 01:35:05 [jit_monitor.py:141] Triton kernel JIT compilation during inference: _ring_slot_mapping_kernel. This causes a latency spike; consider extending warmup to cover this shape/config.
(Worker_TP1 pid=464) [gv2-census] calls=32 rows/call=247 runs/call=219.0 preads/call=219.0 read=11.782ms fadv/call=116.8 pf_hit=69%(28)
(Worker_TP1 pid=464) [gv2-census] calls=32 rows/call=48 runs/call=96.0 preads/call=96.0 read=0.591ms fadv/call=0.0 pf_hit=100%(32)
(Worker_TP1 pid=464) [gv2-census] calls=32 rows/call=48 runs/call=96.0 preads/call=96.0 read=0.576ms fadv/call=0.0 pf_hit=100%(32)
(Worker_TP1 pid=464) [gv2-census] calls=32 rows/call=48 runs/call=96.0 preads/call=96.0 read=0.680ms fadv/call=0.0 pf_hit=100%(32)
(Worker_TP1 pid=464) [gv2-census] calls=32 rows/call=48 runs/call=96.0 preads/call=96.0 read=0.544ms fadv/call=0.0 pf_hit=100%(32)
(Worker_TP1 pid=464) [gv2-census] calls=32 rows/call=48 runs/call=96.0 preads/call=96.0 read=0.590ms fadv/call=0.0 pf_hit=100%(32)
(Worker_TP1 pid=464) [gv2-census] calls=32 rows/call=48 runs/call=96.0 preads/call=96.0 read=0.523ms fadv/call=0.0 pf_hit=100%(32)
(Worker_TP1 pid=464) [gv2-census] calls=32 rows/call=48 runs/call=96.0 preads/call=96.0 read=0.700ms fadv/call=0.0 pf_hit=100%(32)
(Worker_TP1 pid=464) [gv2-census] calls=32 rows/call=48 runs/call=96.0 preads/call=96.0 read=0.633ms fadv/call=0.0 pf_hit=100%(32)
(Worker_TP1 pid=464) [gv2-census] calls=32 rows/call=48 runs/call=96.0 preads/call=96.0 read=0.656ms fadv/call=0.0 pf_hit=100%(32)
(Worker_TP1 pid=464) [gv2-census] calls=32 rows/call=48 runs/call=96.0 preads/call=96.0 read=0.824ms fadv/call=0.0 pf_hit=100%(32)
(Worker_TP1 pid=464) [gv2-census] calls=32 rows/call=48 runs/call=96.0 preads/call=96.0 read=0.796ms fadv/call=0.0 pf_hit=100%(32)
(Worker_TP1 pid=464) [gv2-census] calls=32 rows/call=48 runs/call=96.0 preads/call=96.0 read=0.830ms fadv/call=0.0 pf_hit=100%(32)
(Worker_TP1 pid=464) [gv2-census] calls=32 rows/call=48 runs/call=96.0 preads/call=96.0 read=0.695ms fadv/call=0.0 pf_hit=100%(32)
(Worker_TP1 pid=464) [gv2-census] calls=32 rows/call=48 runs/call=96.0 preads/call=96.0 read=0.801ms fadv/call=0.0 pf_hit=100%(32)
(Worker_TP1 pid=464) [gv2-census] calls=32 rows/call=48 runs/call=96.0 preads/call=96.0 read=0.801ms fadv/call=0.0 pf_hit=100%(32)
(Worker_TP1 pid=464) [gv2-census] calls=32 rows/call=90 runs/call=181.5 preads/call=181.5 read=1.908ms fadv/call=91.3 pf_hit=90%(32)
(Worker_TP1 pid=464) [gv2-census] calls=32 rows/call=48 runs/call=96.0 preads/call=96.0 read=0.827ms fadv/call=0.0 pf_hit=100%(32)
(Worker_TP1 pid=464) [gv2-census] calls=32 rows/call=48 runs/call=96.0 preads/call=96.0 read=0.805ms fadv/call=0.0 pf_hit=100%(32)
(Worker_TP1 pid=464) [gv2-census] calls=32 rows/call=48 runs/call=96.0 preads/call=96.0 read=0.828ms fadv/call=0.0 pf_hit=100%(32)
(Worker_TP1 pid=464) [gv2-census] calls=32 rows/call=48 runs/call=96.0 preads/call=96.0 read=0.784ms fadv/call=0.0 pf_hit=100%(32)
(Worker_TP1 pid=464) [gv2-census] calls=32 rows/call=48 runs/call=96.0 preads/call=96.0 read=0.836ms fadv/call=0.0 pf_hit=100%(32)
(Worker_TP1 pid=464) [gv2-census] calls=32 rows/call=48 runs/call=96.0 preads/call=96.0 read=0.883ms fadv/call=0.0 pf_hit=100%(32)
(Worker_TP1 pid=464) [gv2-census] calls=32 rows/call=48 runs/call=96.0 preads/call=96.0 read=0.772ms fadv/call=0.0 pf_hit=100%(32)
(Worker_TP1 pid=464) [gv2-census] calls=32 rows/call=48 runs/call=96.0 preads/call=96.0 read=0.761ms fadv/call=0.0 pf_hit=100%(32)
(Worker_TP1 pid=464) [gv2-census] calls=32 rows/call=48 runs/call=96.0 preads/call=96.0 read=0.754ms fadv/call=0.0 pf_hit=100%(32)
(Worker_TP1 pid=464) [gv2-census] calls=32 rows/call=48 runs/call=96.0 preads/call=96.0 read=1.371ms fadv/call=0.0 pf_hit=100%(32)
(Worker_TP1 pid=464) [gv2-census] calls=32 rows/call=48 runs/call=96.0 preads/call=96.0 read=2.807ms fadv/call=0.0 pf_hit=100%(32)
(Worker_TP1 pid=464) [gv2-census] calls=32 rows/call=48 runs/call=96.0 preads/call=96.0 read=0.748ms fadv/call=0.0 pf_hit=100%(32)
(Worker_TP1 pid=464) [gv2-census] calls=32 rows/call=48 runs/call=96.0 preads/call=96.0 read=3.773ms fadv/call=0.0 pf_hit=100%(32)
(Worker_TP1 pid=464) [gv2-census] calls=32 rows/call=48 runs/call=96.0 preads/call=96.0 read=0.573ms fadv/call=0.0 pf_hit=100%(32)
(Worker_TP1 pid=464) [gv2-census] calls=32 rows/call=90 runs/call=181.5 preads/call=181.5 read=1.428ms fadv/call=91.3 pf_hit=90%(32)
(Worker_TP1 pid=464) [gv2-census] calls=32 rows/call=48 runs/call=96.0 preads/call=96.0 read=1.732ms fadv/call=0.0 pf_hit=100%(32)
(Worker_TP1 pid=464) [gv2-census] calls=32 rows/call=48 runs/call=96.0 preads/call=96.0 read=0.603ms fadv/call=0.0 pf_hit=100%(32)
(Worker_TP1 pid=464) [gv2-census] calls=32 rows/call=48 runs/call=96.0 preads/call=96.0 read=0.714ms fadv/call=0.0 pf_hit=100%(32)
(Worker_TP1 pid=464) [gv2-census] calls=32 rows/call=48 runs/call=96.0 preads/call=96.0 read=0.775ms fadv/call=0.0 pf_hit=100%(32)
(Worker_TP1 pid=464) [gv2-census] calls=32 rows/call=48 runs/call=96.0 preads/call=96.0 read=0.789ms fadv/call=0.0 pf_hit=100%(32)
(Worker_TP1 pid=464) [gv2-census] calls=32 rows/call=48 runs/call=96.0 preads/call=96.0 read=0.735ms fadv/call=0.0 pf_hit=100%(32)
(Worker_TP1 pid=464) [gv2-census] calls=32 rows/call=48 runs/call=96.0 preads/call=96.0 read=0.697ms fadv/call=0.0 pf_hit=100%(32)
(Worker_TP1 pid=464) [gv2-census] calls=32 rows/call=48 runs/call=96.0 preads/call=96.0 read=0.630ms fadv/call=0.0 pf_hit=100%(32)
(Worker_TP1 pid=464) [gv2-census] calls=32 rows/call=48 runs/call=96.0 preads/call=96.0 read=0.639ms fadv/call=0.0 pf_hit=100%(32)
(Worker_TP1 pid=464) [gv2-census] calls=32 rows/call=48 runs/call=96.0 preads/call=96.0 read=0.523ms fadv/call=0.0 pf_hit=100%(32)
(Worker_TP1 pid=464) [gv2-census] calls=32 rows/call=48 runs/call=96.0 preads/call=96.0 read=0.671ms fadv/call=0.0 pf_hit=100%(32)
(Worker_TP1 pid=464) [gv2-census] calls=32 rows/call=48 runs/call=96.0 preads/call=96.0 read=0.767ms fadv/call=0.0 pf_hit=100%(32)
(Worker_TP1 pid=464) [gv2-census] calls=32 rows/call=48 runs/call=96.0 preads/call=96.0 read=0.823ms fadv/call=0.0 pf_hit=100%(32)
(Worker_TP1 pid=464) [gv2-census] calls=32 rows/call=48 runs/call=96.0 preads/call=96.0 read=0.821ms fadv/call=0.0 pf_hit=100%(32)
(Worker_TP1 pid=464) [gv2-census] calls=32 rows/call=48 runs/call=96.0 preads/call=96.0 read=0.796ms fadv/call=0.0 pf_hit=100%(32)
(Worker_TP1 pid=464) [gv2-census] calls=32 rows/call=90 runs/call=181.5 preads/call=181.5 read=2.212ms fadv/call=91.3 pf_hit=94%(32)
(Worker_TP1 pid=464) [gv2-census] calls=32 rows/call=48 runs/call=96.0 preads/call=96.0 read=1.905ms fadv/call=0.0 pf_hit=96%(32)
(Worker_TP1 pid=464) [gv2-census] calls=32 rows/call=48 runs/call=96.0 preads/call=96.0 read=0.905ms fadv/call=0.0 pf_hit=100%(32)
(Worker_TP1 pid=464) [gv2-census] calls=32 rows/call=48 runs/call=96.0 preads/call=96.0 read=0.813ms fadv/call=0.0 pf_hit=100%(32)
(Worker_TP1 pid=464) [gv2-census] calls=32 rows/call=48 runs/call=96.0 preads/call=96.0 read=0.764ms fadv/call=0.0 pf_hit=100%(32)
(Worker_TP1 pid=464) [gv2-census] calls=32 rows/call=48 runs/call=96.0 preads/call=96.0 read=0.778ms fadv/call=0.0 pf_hit=100%(32)
(Worker_TP1 pid=464) [gv2-census] calls=32 rows/call=48 runs/call=96.0 preads/call=96.0 read=0.892ms fadv/call=0.0 pf_hit=100%(32)
(Worker_TP1 pid=464) [gv2-census] calls=32 rows/call=48 runs/call=96.0 preads/call=96.0 read=0.813ms fadv/call=0.0 pf_hit=100%(32)
(Worker_TP1 pid=464) [gv2-census] calls=32 rows/call=48 runs/call=96.0 preads/call=96.0 read=0.714ms fadv/call=0.0 pf_hit=100%(32)
(Worker_TP1 pid=464) [gv2-census] calls=32 rows/call=48 runs/call=96.0 preads/call=96.0 read=0.665ms fadv/call=0.0 pf_hit=100%(32)
(Worker_TP1 pid=464) [gv2-census] calls=32 rows/call=48 runs/call=96.0 preads/call=96.0 read=0.852ms fadv/call=0.0 pf_hit=100%(32)
(Worker_TP1 pid=464) [gv2-census] calls=32 rows/call=48 runs/call=96.0 preads/call=96.0 read=0.825ms fadv/call=0.0 pf_hit=100%(32)
(Worker_TP1 pid=464) [gv2-census] calls=32 rows/call=48 runs/call=96.0 preads/call=96.0 read=1.324ms fadv/call=0.0 pf_hit=100%(32)
(Worker_TP1 pid=464) [gv2-census] calls=32 rows/call=48 runs/call=96.0 preads/call=96.0 read=0.778ms fadv/call=0.0 pf_hit=100%(32)
(Worker_TP1 pid=464) [gv2-census] calls=32 rows/call=48 runs/call=96.0 preads/call=96.0 read=0.694ms fadv/call=0.0 pf_hit=100%(32)
(Worker_TP1 pid=464) [gv2-census] calls=32 rows/call=48 runs/call=96.0 preads/call=96.0 read=1.278ms fadv/call=0.0 pf_hit=100%(32)
(Worker_TP1 pid=464) [gv2-census] calls=32 rows/call=90 runs/call=181.5 preads/call=181.5 read=2.508ms fadv/call=91.3 pf_hit=90%(32)
(Worker_TP1 pid=464) [gv2-census] calls=32 rows/call=48 runs/call=96.0 preads/call=96.0 read=1.802ms fadv/call=0.0 pf_hit=100%(32)
(Worker_TP1 pid=464) [gv2-census] calls=32 rows/call=48 runs/call=96.0 preads/call=96.0 read=0.638ms fadv/call=0.0 pf_hit=100%(32)
(Worker_TP1 pid=464) [gv2-census] calls=32 rows/call=48 runs/call=96.0 preads/call=96.0 read=0.872ms fadv/call=0.0 pf_hit=100%(32)
(Worker_TP1 pid=464) [gv2-census] calls=32 rows/call=48 runs/call=96.0 preads/call=96.0 read=0.942ms fadv/call=0.0 pf_hit=100%(32)
(Worker_TP1 pid=464) [gv2-census] calls=32 rows/call=48 runs/call=96.0 preads/call=96.0 read=0.759ms fadv/call=0.0 pf_hit=100%(32)
(Worker_TP1 pid=464) [gv2-census] calls=32 rows/call=48 runs/call=96.0 preads/call=96.0 read=1.294ms fadv/call=0.0 pf_hit=100%(32)
(Worker_TP1 pid=464) [gv2-census] calls=32 rows/call=48 runs/call=96.0 preads/call=96.0 read=0.709ms fadv/call=0.0 pf_hit=100%(32)
(Worker_TP1 pid=464) [gv2-census] calls=32 rows/call=48 runs/call=96.0 preads/call=96.0 read=0.823ms fadv/call=0.0 pf_hit=100%(32)
(Worker_TP1 pid=464) [gv2-census] calls=32 rows/call=48 runs/call=96.0 preads/call=96.0 read=0.763ms fadv/call=0.0 pf_hit=100%(32)
(Worker_TP1 pid=464) [gv2-census] calls=32 rows/call=48 runs/call=96.0 preads/call=96.0 read=0.767ms fadv/call=0.0 pf_hit=100%(32)
(Worker_TP1 pid=464) [gv2-census] calls=32 rows/call=48 runs/call=96.0 preads/call=96.0 read=0.817ms fadv/call=0.0 pf_hit=100%(32)
(Worker_TP1 pid=464) [gv2-census] calls=32 rows/call=48 runs/call=96.0 preads/call=96.0 read=0.841ms fadv/call=0.0 pf_hit=100%(32)
(Worker_TP1 pid=464) [gv2-census] calls=32 rows/call=48 runs/call=96.0 preads/call=96.0 read=0.929ms fadv/call=0.0 pf_hit=100%(32)
(Worker_TP1 pid=464) [gv2-census] calls=32 rows/call=48 runs/call=96.0 preads/call=96.0 read=0.913ms fadv/call=0.0 pf_hit=100%(32)
(Worker_TP1 pid=464) [gv2-census] calls=32 rows/call=48 runs/call=96.0 preads/call=96.0 read=0.723ms fadv/call=0.0 pf_hit=100%(32)
(Worker_TP1 pid=464) [gv2-census] calls=32 rows/call=90 runs/call=181.5 preads/call=181.5 read=2.181ms fadv/call=91.3 pf_hit=90%(32)
(Worker_TP1 pid=464) [gv2-census] calls=32 rows/call=48 runs/call=96.0 preads/call=96.0 read=1.406ms fadv/call=0.0 pf_hit=100%(32)
(Worker_TP1 pid=464) [gv2-census] calls=32 rows/call=48 runs/call=96.0 preads/call=96.0 read=0.749ms fadv/call=0.0 pf_hit=100%(32)
(Worker_TP1 pid=464) [gv2-census] calls=32 rows/call=48 runs/call=96.0 preads/call=96.0 read=0.912ms fadv/call=0.0 pf_hit=100%(32)
(Worker_TP1 pid=464) [gv2-census] calls=32 rows/call=48 runs/call=96.0 preads/call=96.0 read=0.858ms fadv/call=0.0 pf_hit=100%(32)
(Worker_TP1 pid=464) [gv2-census] calls=32 rows/call=48 runs/call=96.0 preads/call=96.0 read=0.888ms fadv/call=0.0 pf_hit=100%(32)
(Worker_TP1 pid=464) [gv2-census] calls=32 rows/call=48 runs/call=96.0 preads/call=96.0 read=1.421ms fadv/call=0.0 pf_hit=100%(32)
(Worker_TP1 pid=464) [gv2-census] calls=32 rows/call=48 runs/call=96.0 preads/call=96.0 read=0.978ms fadv/call=0.0 pf_hit=100%(32)
(Worker_TP1 pid=464) [gv2-census] calls=32 rows/call=48 runs/call=96.0 preads/call=96.0 read=0.857ms fadv/call=0.0 pf_hit=100%(32)
(Worker_TP1 pid=464) [gv2-census] calls=32 rows/call=48 runs/call=96.0 preads/call=96.0 read=0.725ms fadv/call=0.0 pf_hit=100%(32)
(Worker_TP1 pid=464) [gv2-census] calls=32 rows/call=48 runs/call=96.0 preads/call=96.0 read=0.752ms fadv/call=0.0 pf_hit=100%(32)
(Worker_TP1 pid=464) [gv2-census] calls=32 rows/call=48 runs/call=96.0 preads/call=96.0 read=0.861ms fadv/call=0.0 pf_hit=100%(32)
(Worker_TP1 pid=464) [gv2-census] calls=32 rows/call=48 runs/call=96.0 preads/call=96.0 read=0.740ms fadv/call=0.0 pf_hit=100%(32)
(Worker_TP1 pid=464) [gv2-census] calls=32 rows/call=48 runs/call=96.0 preads/call=96.0 read=0.799ms fadv/call=0.0 pf_hit=100%(32)
(Worker_TP1 pid=464) [gv2-census] calls=32 rows/call=48 runs/call=96.0 preads/call=96.0 read=0.772ms fadv/call=0.0 pf_hit=100%(32)
(Worker_TP1 pid=464) [gv2-census] calls=32 rows/call=48 runs/call=96.0 preads/call=96.0 read=0.842ms fadv/call=0.0 pf_hit=100%(32)
(Worker_TP1 pid=464) [gv2-census] calls=32 rows/call=90 runs/call=181.5 preads/call=181.5 read=1.911ms fadv/call=91.3 pf_hit=90%(32)
(Worker_TP1 pid=464) [gv2-census] calls=32 rows/call=48 runs/call=96.0 preads/call=96.0 read=1.451ms fadv/call=0.0 pf_hit=100%(32)
(Worker_TP1 pid=464) [gv2-census] calls=32 rows/call=48 runs/call=96.0 preads/call=96.0 read=0.948ms fadv/call=0.0 pf_hit=100%(32)
(Worker_TP1 pid=464) [gv2-census] calls=32 rows/call=48 runs/call=96.0 preads/call=96.0 read=1.950ms fadv/call=0.0 pf_hit=100%(32)
(Worker_TP1 pid=464) [gv2-census] calls=32 rows/call=48 runs/call=96.0 preads/call=96.0 read=0.831ms fadv/call=0.0 pf_hit=100%(32)
(Worker_TP1 pid=464) [gv2-census] calls=32 rows/call=48 runs/call=96.0 preads/call=96.0 read=1.385ms fadv/call=0.0 pf_hit=100%(32)
(Worker_TP1 pid=464) [gv2-census] calls=32 rows/call=48 runs/call=96.0 preads/call=96.0 read=0.790ms fadv/call=0.0 pf_hit=100%(32)
(Worker_TP1 pid=464) [gv2-census] calls=32 rows/call=48 runs/call=96.0 preads/call=96.0 read=0.796ms fadv/call=0.0 pf_hit=100%(32)
(Worker_TP1 pid=464) [gv2-census] calls=32 rows/call=48 runs/call=96.0 preads/call=96.0 read=0.816ms fadv/call=0.0 pf_hit=100%(32)
(Worker_TP1 pid=464) [gv2-census] calls=32 rows/call=48 runs/call=96.0 preads/call=96.0 read=0.800ms fadv/call=0.0 pf_hit=100%(32)
(Worker_TP1 pid=464) [gv2-census] calls=32 rows/call=48 runs/call=96.0 preads/call=96.0 read=1.320ms fadv/call=0.0 pf_hit=100%(32)
(Worker_TP1 pid=464) [gv2-census] calls=32 rows/call=48 runs/call=96.0 preads/call=96.0 read=0.825ms fadv/call=0.0 pf_hit=100%(32)
(Worker_TP1 pid=464) [gv2-census] calls=32 rows/call=48 runs/call=96.0 preads/call=96.0 read=0.840ms fadv/call=0.0 pf_hit=100%(32)
(Worker_TP1 pid=464) [gv2-census] calls=32 rows/call=48 runs/call=96.0 preads/call=96.0 read=0.894ms fadv/call=0.0 pf_hit=100%(32)
(Worker_TP1 pid=464) [gv2-census] calls=32 rows/call=48 runs/call=96.0 preads/call=96.0 read=0.752ms fadv/call=0.0 pf_hit=100%(32)
(Worker_TP1 pid=464) [gv2-census] calls=32 rows/call=90 runs/call=181.5 preads/call=181.5 read=2.229ms fadv/call=91.3 pf_hit=90%(32)
(Worker_TP1 pid=464) [gv2-census] calls=32 rows/call=48 runs/call=96.0 preads/call=96.0 read=3.370ms fadv/call=0.0 pf_hit=100%(32)
(Worker_TP1 pid=464) [gv2-census] calls=32 rows/call=48 runs/call=96.0 preads/call=96.0 read=1.307ms fadv/call=0.0 pf_hit=100%(32)
(Worker_TP1 pid=464) [gv2-census] calls=32 rows/call=48 runs/call=96.0 preads/call=96.0 read=0.778ms fadv/call=0.0 pf_hit=100%(32)
(Worker_TP1 pid=464) [gv2-census] calls=32 rows/call=48 runs/call=96.0 preads/call=96.0 read=1.427ms fadv/call=0.0 pf_hit=100%(32)
(Worker_TP1 pid=464) [gv2-census] calls=32 rows/call=48 runs/call=96.0 preads/call=96.0 read=1.254ms fadv/call=0.0 pf_hit=100%(32)
(Worker_TP1 pid=464) [gv2-census] calls=32 rows/call=48 runs/call=96.0 preads/call=96.0 read=0.700ms fadv/call=0.0 pf_hit=100%(32)
(Worker_TP1 pid=464) [gv2-census] calls=32 rows/call=48 runs/call=96.0 preads/call=96.0 read=0.722ms fadv/call=0.0 pf_hit=100%(32)
(Worker_TP1 pid=464) [gv2-census] calls=32 rows/call=48 runs/call=96.0 preads/call=96.0 read=0.724ms fadv/call=0.0 pf_hit=100%(32)
(Worker_TP1 pid=464) [gv2-census] calls=32 rows/call=48 runs/call=96.0 preads/call=96.0 read=0.817ms fadv/call=0.0 pf_hit=100%(32)
(Worker_TP1 pid=464) [gv2-census] calls=32 rows/call=48 runs/call=96.0 preads/call=96.0 read=0.718ms fadv/call=0.0 pf_hit=100%(32)
(Worker_TP1 pid=464) [gv2-census] calls=32 rows/call=48 runs/call=96.0 preads/call=96.0 read=0.725ms fadv/call=0.0 pf_hit=100%(32)
(Worker_TP1 pid=464) [gv2-census] calls=32 rows/call=48 runs/call=96.0 preads/call=96.0 read=0.792ms fadv/call=0.0 pf_hit=100%(32)
(Worker_TP1 pid=464) [gv2-census] calls=32 rows/call=48 runs/call=96.0 preads/call=96.0 read=0.885ms fadv/call=0.0 pf_hit=100%(32)
(Worker_TP1 pid=464) [gv2-census] calls=32 rows/call=48 runs/call=96.0 preads/call=96.0 read=0.680ms fadv/call=0.0 pf_hit=100%(32)
(Worker_TP1 pid=464) [gv2-census] calls=32 rows/call=90 runs/call=181.5 preads/call=181.5 read=1.719ms fadv/call=91.3 pf_hit=90%(32)
(Worker_TP1 pid=464) [gv2-census] calls=32 rows/call=48 runs/call=96.0 preads/call=96.0 read=1.724ms fadv/call=0.0 pf_hit=100%(32)
(Worker_TP1 pid=464) [gv2-census] calls=32 rows/call=48 runs/call=96.0 preads/call=96.0 read=0.649ms fadv/call=0.0 pf_hit=100%(32)
(Worker_TP1 pid=464) [gv2-census] calls=32 rows/call=48 runs/call=96.0 preads/call=96.0 read=0.716ms fadv/call=0.0 pf_hit=100%(32)
(Worker_TP1 pid=464) [gv2-census] calls=32 rows/call=48 runs/call=96.0 preads/call=96.0 read=1.319ms fadv/call=0.0 pf_hit=100%(32)
(Worker_TP1 pid=464) [gv2-census] calls=32 rows/call=48 runs/call=96.0 preads/call=96.0 read=0.767ms fadv/call=0.0 pf_hit=100%(32)
(Worker_TP1 pid=464) [gv2-census] calls=32 rows/call=48 runs/call=96.0 preads/call=96.0 read=0.650ms fadv/call=0.0 pf_hit=100%(32)
(Worker_TP1 pid=464) [gv2-census] calls=32 rows/call=48 runs/call=96.0 preads/call=96.0 read=0.692ms fadv/call=0.0 pf_hit=100%(32)
(Worker_TP1 pid=464) [gv2-census] calls=32 rows/call=48 runs/call=96.0 preads/call=96.0 read=0.674ms fadv/call=0.0 pf_hit=100%(32)
(Worker_TP1 pid=464) [gv2-census] calls=32 rows/call=48 runs/call=96.0 preads/call=96.0 read=0.646ms fadv/call=0.0 pf_hit=100%(32)
(Worker_TP1 pid=464) [gv2-census] calls=32 rows/call=48 runs/call=96.0 preads/call=96.0 read=0.720ms fadv/call=0.0 pf_hit=100%(32)
(Worker_TP1 pid=464) [gv2-census] calls=32 rows/call=48 runs/call=96.0 preads/call=96.0 read=0.695ms fadv/call=0.0 pf_hit=100%(32)
(Worker_TP1 pid=464) [gv2-census] calls=32 rows/call=48 runs/call=96.0 preads/call=96.0 read=1.940ms fadv/call=0.0 pf_hit=100%(32)
(Worker_TP1 pid=464) [gv2-census] calls=32 rows/call=48 runs/call=96.0 preads/call=96.0 read=0.874ms fadv/call=0.0 pf_hit=100%(32)
(Worker_TP1 pid=464) [gv2-census] calls=32 rows/call=48 runs/call=96.0 preads/call=96.0 read=0.765ms fadv/call=0.0 pf_hit=100%(32)
(Worker_TP1 pid=464) [gv2-census] calls=32 rows/call=48 runs/call=96.0 preads/call=96.0 read=0.833ms fadv/call=0.0 pf_hit=100%(32)
(Worker_TP1 pid=464) [gv2-census] calls=32 rows/call=90 runs/call=181.5 preads/call=181.5 read=3.465ms fadv/call=91.3 pf_hit=92%(32)
(Worker_TP1 pid=464) [gv2-census] calls=32 rows/call=48 runs/call=96.0 preads/call=96.0 read=1.243ms fadv/call=0.0 pf_hit=100%(32)
(Worker_TP1 pid=464) [gv2-census] calls=32 rows/call=48 runs/call=96.0 preads/call=96.0 read=0.800ms fadv/call=0.0 pf_hit=100%(32)
(Worker_TP1 pid=464) [gv2-census] calls=32 rows/call=48 runs/call=96.0 preads/call=96.0 read=0.699ms fadv/call=0.0 pf_hit=100%(32)
(Worker_TP1 pid=464) [gv2-census] calls=32 rows/call=48 runs/call=96.0 preads/call=96.0 read=0.851ms fadv/call=0.0 pf_hit=100%(32)
(Worker_TP1 pid=464) [gv2-census] calls=32 rows/call=48 runs/call=96.0 preads/call=96.0 read=0.754ms fadv/call=0.0 pf_hit=100%(32)
(Worker_TP1 pid=464) [gv2-census] calls=32 rows/call=48 runs/call=96.0 preads/call=96.0 read=0.633ms fadv/call=0.0 pf_hit=100%(32)
(Worker_TP1 pid=464) [gv2-census] calls=32 rows/call=48 runs/call=96.0 preads/call=96.0 read=0.708ms fadv/call=0.0 pf_hit=100%(32)
(Worker_TP1 pid=464) [gv2-census] calls=32 rows/call=48 runs/call=96.0 preads/call=96.0 read=1.229ms fadv/call=0.0 pf_hit=100%(32)
(Worker_TP1 pid=464) [gv2-census] calls=32 rows/call=48 runs/call=96.0 preads/call=96.0 read=0.729ms fadv/call=0.0 pf_hit=100%(32)
(Worker_TP1 pid=464) [gv2-census] calls=32 rows/call=48 runs/call=96.0 preads/call=96.0 read=0.707ms fadv/call=0.0 pf_hit=100%(32)
(Worker_TP1 pid=464) [gv2-census] calls=32 rows/call=48 runs/call=96.0 preads/call=96.0 read=0.794ms fadv/call=0.0 pf_hit=100%(32)
(Worker_TP1 pid=464) [gv2-census] calls=32 rows/call=48 runs/call=96.0 preads/call=96.0 read=0.765ms fadv/call=0.0 pf_hit=100%(32)
(Worker_TP1 pid=464) [gv2-census] calls=32 rows/call=48 runs/call=96.0 preads/call=96.0 read=0.773ms fadv/call=0.0 pf_hit=100%(32)
(Worker_TP1 pid=464) [gv2-census] calls=32 rows/call=90 runs/call=181.5 preads/call=181.5 read=1.414ms fadv/call=91.3 pf_hit=90%(32)
(Worker_TP1 pid=464) [gv2-census] calls=32 rows/call=48 runs/call=96.0 preads/call=96.0 read=1.281ms fadv/call=0.0 pf_hit=100%(32)
(Worker_TP1 pid=464) [gv2-census] calls=32 rows/call=48 runs/call=96.0 preads/call=96.0 read=0.780ms fadv/call=0.0 pf_hit=100%(32)
(Worker_TP1 pid=464) [gv2-census] calls=32 rows/call=48 runs/call=96.0 preads/call=96.0 read=1.329ms fadv/call=0.0 pf_hit=100%(32)
(Worker_TP1 pid=464) [gv2-census] calls=32 rows/call=48 runs/call=96.0 preads/call=96.0 read=0.674ms fadv/call=0.0 pf_hit=100%(32)
(Worker_TP1 pid=464) [gv2-census] calls=32 rows/call=48 runs/call=96.0 preads/call=96.0 read=0.796ms fadv/call=0.0 pf_hit=100%(32)
(Worker_TP1 pid=464) [gv2-census] calls=32 rows/call=48 runs/call=96.0 preads/call=96.0 read=1.353ms fadv/call=0.0 pf_hit=100%(32)
(Worker_TP1 pid=464) [gv2-census] calls=32 rows/call=48 runs/call=96.0 preads/call=96.0 read=0.781ms fadv/call=0.0 pf_hit=100%(32)
(Worker_TP1 pid=464) [gv2-census] calls=32 rows/call=48 runs/call=96.0 preads/call=96.0 read=1.262ms fadv/call=0.0 pf_hit=100%(32)
(Worker_TP1 pid=464) [gv2-census] calls=32 rows/call=48 runs/call=96.0 preads/call=96.0 read=0.791ms fadv/call=0.0 pf_hit=100%(32)
(Worker_TP1 pid=464) [gv2-census] calls=32 rows/call=48 runs/call=96.0 preads/call=96.0 read=0.679ms fadv/call=0.0 pf_hit=100%(32)
(Worker_TP1 pid=464) [gv2-census] calls=32 rows/call=48 runs/call=96.0 preads/call=96.0 read=0.538ms fadv/call=0.0 pf_hit=100%(32)
(Worker_TP1 pid=464) [gv2-census] calls=32 rows/call=48 runs/call=96.0 preads/call=96.0 read=0.840ms fadv/call=0.0 pf_hit=100%(32)
(Worker_TP1 pid=464) [gv2-census] calls=32 rows/call=48 runs/call=96.0 preads/call=96.0 read=0.693ms fadv/call=0.0 pf_hit=100%(32)
(Worker_TP1 pid=464) [gv2-census] calls=32 rows/call=48 runs/call=96.0 preads/call=96.0 read=0.639ms fadv/call=0.0 pf_hit=100%(32)
(Worker_TP1 pid=464) [gv2-census] calls=32 rows/call=48 runs/call=96.0 preads/call=96.0 read=0.944ms fadv/call=0.0 pf_hit=100%(32)
(Worker_TP1 pid=464) [gv2-census] calls=32 rows/call=66 runs/call=133.5 preads/call=133.5 read=10.530ms fadv/call=0.0 pf_hit=90%(32)
(Worker_TP1 pid=464) [gv2-census] calls=32 rows/call=48 runs/call=96.0 preads/call=96.0 read=0.653ms fadv/call=0.0 pf_hit=100%(32)
(Worker_TP1 pid=464) [gv2-census] calls=32 rows/call=48 runs/call=96.0 preads/call=96.0 read=0.748ms fadv/call=0.0 pf_hit=100%(32)
(Worker_TP1 pid=464) [gv2-census] calls=32 rows/call=48 runs/call=96.0 preads/call=96.0 read=0.800ms fadv/call=0.0 pf_hit=100%(32)
(Worker_TP1 pid=464) [gv2-census] calls=32 rows/call=48 runs/call=95.9 preads/call=95.9 read=0.659ms fadv/call=0.0 pf_hit=100%(32)
(Worker_TP1 pid=464) [gv2-census] calls=32 rows/call=66 runs/call=133.5 preads/call=133.5 read=0.995ms fadv/call=0.0 pf_hit=90%(32)
(Worker_TP1 pid=464) [gv2-census] calls=32 rows/call=48 runs/call=96.0 preads/call=96.0 read=1.362ms fadv/call=0.0 pf_hit=100%(32)
(Worker_TP1 pid=464) [gv2-census] calls=32 rows/call=48 runs/call=96.0 preads/call=96.0 read=1.373ms fadv/call=0.0 pf_hit=100%(32)
(Worker_TP1 pid=464) [gv2-census] calls=32 rows/call=48 runs/call=96.0 preads/call=96.0 read=1.803ms fadv/call=0.0 pf_hit=100%(32)
(Worker_TP1 pid=464) [gv2-census] calls=32 rows/call=48 runs/call=96.0 preads/call=96.0 read=1.888ms fadv/call=0.0 pf_hit=100%(32)
(Worker_TP1 pid=464) [gv2-census] calls=32 rows/call=66 runs/call=133.5 preads/call=133.5 read=1.956ms fadv/call=0.0 pf_hit=90%(32)
(Worker_TP1 pid=464) [gv2-census] calls=32 rows/call=48 runs/call=96.0 preads/call=96.0 read=0.853ms fadv/call=0.0 pf_hit=100%(32)
(Worker_TP1 pid=464) [gv2-census] calls=32 rows/call=48 runs/call=96.0 preads/call=96.0 read=2.029ms fadv/call=0.0 pf_hit=100%(32)
(Worker_TP1 pid=464) [gv2-census] calls=32 rows/call=48 runs/call=96.0 preads/call=96.0 read=2.354ms fadv/call=0.0 pf_hit=100%(32)
(Worker_TP1 pid=464) [gv2-census] calls=32 rows/call=48 runs/call=96.0 preads/call=96.0 read=1.781ms fadv/call=0.0 pf_hit=100%(32)
(Worker_TP1 pid=464) [gv2-census] calls=32 rows/call=66 runs/call=133.5 preads/call=133.5 read=1.520ms fadv/call=0.0 pf_hit=90%(32)
(Worker_TP1 pid=464) [gv2-census] calls=32 rows/call=48 runs/call=96.0 preads/call=96.0 read=1.929ms fadv/call=0.0 pf_hit=100%(32)
(Worker_TP1 pid=464) [gv2-census] calls=32 rows/call=48 runs/call=96.0 preads/call=96.0 read=1.751ms fadv/call=0.0 pf_hit=100%(32)
(Worker_TP1 pid=464) [gv2-census] calls=32 rows/call=48 runs/call=96.0 preads/call=96.0 read=0.833ms fadv/call=0.0 pf_hit=100%(32)
(Worker_TP1 pid=464) [gv2-census] calls=32 rows/call=48 runs/call=96.0 preads/call=96.0 read=0.819ms fadv/call=0.0 pf_hit=100%(32)
(Worker_TP1 pid=464) [gv2-census] calls=32 rows/call=66 runs/call=133.5 preads/call=133.5 read=2.227ms fadv/call=0.0 pf_hit=90%(32)
(Worker_TP1 pid=464) [gv2-census] calls=32 rows/call=48 runs/call=96.0 preads/call=96.0 read=1.782ms fadv/call=0.0 pf_hit=100%(32)
(Worker_TP1 pid=464) [gv2-census] calls=32 rows/call=48 runs/call=96.0 preads/call=96.0 read=1.822ms fadv/call=0.0 pf_hit=100%(32)
(Worker_TP1 pid=464) [gv2-census] calls=32 rows/call=48 runs/call=96.0 preads/call=96.0 read=1.336ms fadv/call=0.0 pf_hit=100%(32)
(Worker_TP1 pid=464) [gv2-census] calls=32 rows/call=48 runs/call=96.0 preads/call=96.0 read=2.358ms fadv/call=0.0 pf_hit=100%(32)
(Worker_TP1 pid=464) [gv2-census] calls=32 rows/call=66 runs/call=133.5 preads/call=133.5 read=0.997ms fadv/call=0.0 pf_hit=90%(32)
(Worker_TP1 pid=464) [gv2-census] calls=32 rows/call=48 runs/call=96.0 preads/call=96.0 read=1.397ms fadv/call=0.0 pf_hit=100%(32)
(Worker_TP1 pid=464) [gv2-census] calls=32 rows/call=48 runs/call=96.0 preads/call=96.0 read=1.283ms fadv/call=0.0 pf_hit=100%(32)
(Worker_TP1 pid=464) [gv2-census] calls=32 rows/call=48 runs/call=96.0 preads/call=96.0 read=0.853ms fadv/call=0.0 pf_hit=100%(32)
(Worker_TP1 pid=464) [gv2-census] calls=32 rows/call=48 runs/call=96.0 preads/call=96.0 read=0.856ms fadv/call=0.0 pf_hit=100%(32)
(Worker_TP1 pid=464) [gv2-census] calls=32 rows/call=66 runs/call=133.5 preads/call=133.5 read=1.781ms fadv/call=0.0 pf_hit=90%(32)
(Worker_TP1 pid=464) [gv2-census] calls=32 rows/call=48 runs/call=96.0 preads/call=96.0 read=1.410ms fadv/call=0.0 pf_hit=100%(32)
(Worker_TP1 pid=464) [gv2-census] calls=32 rows/call=48 runs/call=96.0 preads/call=96.0 read=1.481ms fadv/call=0.0 pf_hit=100%(32)
(Worker_TP1 pid=464) [gv2-census] calls=32 rows/call=48 runs/call=96.0 preads/call=96.0 read=0.767ms fadv/call=0.0 pf_hit=100%(32)
(Worker_TP1 pid=464) [gv2-census] calls=32 rows/call=48 runs/call=96.0 preads/call=96.0 read=1.885ms fadv/call=0.0 pf_hit=100%(32)
(Worker_TP1 pid=464) [gv2-census] calls=32 rows/call=66 runs/call=133.5 preads/call=133.5 read=1.868ms fadv/call=0.0 pf_hit=90%(32)
(Worker_TP1 pid=464) [gv2-census] calls=32 rows/call=48 runs/call=96.0 preads/call=96.0 read=0.876ms fadv/call=0.0 pf_hit=100%(32)
(Worker_TP1 pid=464) [gv2-census] calls=32 rows/call=48 runs/call=96.0 preads/call=96.0 read=1.439ms fadv/call=0.0 pf_hit=100%(32)
(Worker_TP1 pid=464) [gv2-census] calls=32 rows/call=48 runs/call=96.0 preads/call=96.0 read=0.980ms fadv/call=0.0 pf_hit=100%(32)
(Worker_TP1 pid=464) [gv2-census] calls=32 rows/call=48 runs/call=96.0 preads/call=96.0 read=0.865ms fadv/call=0.0 pf_hit=100%(32)
(Worker_TP1 pid=464) [gv2-census] calls=32 rows/call=48 runs/call=96.0 preads/call=96.0 read=1.580ms fadv/call=0.0 pf_hit=100%(32)
(Worker_TP1 pid=464) [gv2-census] calls=32 rows/call=66 runs/call=133.5 preads/call=133.5 read=1.819ms fadv/call=0.0 pf_hit=90%(32)
(Worker_TP1 pid=464) [gv2-census] calls=32 rows/call=48 runs/call=96.0 preads/call=96.0 read=2.489ms fadv/call=0.0 pf_hit=100%(32)
(Worker_TP1 pid=464) [gv2-census] calls=32 rows/call=48 runs/call=96.0 preads/call=96.0 read=0.851ms fadv/call=0.0 pf_hit=100%(32)
(Worker_TP1 pid=464) [gv2-census] calls=32 rows/call=48 runs/call=96.0 preads/call=96.0 read=0.929ms fadv/call=0.0 pf_hit=100%(32)
(Worker_TP1 pid=464) [gv2-census] calls=32 rows/call=48 runs/call=96.0 preads/call=96.0 read=2.502ms fadv/call=0.0 pf_hit=100%(32)
(Worker_TP1 pid=464) WARNING 09-25 01:39:27 [jit_monitor.py:141] Triton kernel JIT compilation during inference: _compute_global_topk_indices_and_lens_kernel. This causes a latency spike; consider extending warmup to cover this shape/config.
(Worker_TP1 pid=464) [gv2-census] calls=32 rows/call=112 runs/call=220.0 preads/call=220.0 read=2.378ms fadv/call=0.0 pf_hit=90%(32)
(Worker_TP1 pid=464) [gv2-census] calls=32 rows/call=96 runs/call=191.5 preads/call=191.5 read=2.590ms fadv/call=0.0 pf_hit=100%(32)
(Worker_TP1 pid=464) [gv2-census] calls=32 rows/call=96 runs/call=192.0 preads/call=192.0 read=2.172ms fadv/call=0.0 pf_hit=100%(32)
(Worker_TP1 pid=464) [gv2-census] calls=32 rows/call=96 runs/call=192.0 preads/call=192.0 read=2.107ms fadv/call=0.0 pf_hit=100%(32)
(Worker_TP1 pid=464) [gv2-census] calls=32 rows/call=96 runs/call=191.9 preads/call=191.9 read=2.083ms fadv/call=0.0 pf_hit=100%(32)
(Worker_TP1 pid=464) [gv2-census] calls=32 rows/call=130 runs/call=193.5 preads/call=193.5 read=1.876ms fadv/call=43.4 pf_hit=90%(32)
(Worker_TP1 pid=464) [gv2-census] calls=32 rows/call=96 runs/call=191.5 preads/call=191.5 read=2.618ms fadv/call=0.0 pf_hit=100%(32)
(Worker_TP1 pid=464) [gv2-census] calls=32 rows/call=96 runs/call=192.0 preads/call=192.0 read=1.276ms fadv/call=0.0 pf_hit=100%(32)
(Worker_TP1 pid=464) [gv2-census] calls=32 rows/call=96 runs/call=192.0 preads/call=192.0 read=2.040ms fadv/call=0.0 pf_hit=100%(32)
(Worker_TP1 pid=464) [gv2-census] calls=32 rows/call=96 runs/call=191.9 preads/call=191.9 read=3.038ms fadv/call=0.0 pf_hit=100%(32)
(Worker_TP1 pid=464) [gv2-census] calls=32 rows/call=127 runs/call=250.0 preads/call=250.0 read=2.135ms fadv/call=0.0 pf_hit=89%(32)
(Worker_TP1 pid=464) [gv2-census] calls=32 rows/call=96 runs/call=192.0 preads/call=192.0 read=2.708ms fadv/call=0.0 pf_hit=100%(32)
(Worker_TP1 pid=464) [gv2-census] calls=32 rows/call=96 runs/call=191.5 preads/call=191.5 read=3.521ms fadv/call=0.0 pf_hit=100%(32)
(Worker_TP1 pid=464) [gv2-census] calls=32 rows/call=96 runs/call=192.0 preads/call=192.0 read=2.210ms fadv/call=0.0 pf_hit=100%(32)
(Worker_TP1 pid=464) [gv2-census] calls=32 rows/call=96 runs/call=191.4 preads/call=191.4 read=2.640ms fadv/call=0.0 pf_hit=100%(32)
(Worker_TP1 pid=464) [gv2-census] calls=32 rows/call=130 runs/call=200.5 preads/call=200.5 read=3.513ms fadv/call=43.4 pf_hit=91%(32)
(Worker_TP1 pid=464) [gv2-census] calls=32 rows/call=96 runs/call=117.0 preads/call=117.0 read=2.161ms fadv/call=0.0 pf_hit=100%(32)
(Worker_TP1 pid=464) [gv2-census] calls=32 rows/call=96 runs/call=166.5 preads/call=166.5 read=1.961ms fadv/call=0.0 pf_hit=100%(32)
(Worker_TP1 pid=464) [gv2-census] calls=32 rows/call=96 runs/call=192.0 preads/call=192.0 read=1.840ms fadv/call=0.0 pf_hit=100%(32)
(Worker_TP1 pid=464) [gv2-census] calls=32 rows/call=96 runs/call=192.0 preads/call=192.0 read=1.607ms fadv/call=0.0 pf_hit=100%(32)
(Worker_TP1 pid=464) [gv2-census] calls=32 rows/call=112 runs/call=175.5 preads/call=175.5 read=1.989ms fadv/call=43.4 pf_hit=86%(32)
(Worker_TP1 pid=464) [gv2-census] calls=32 rows/call=96 runs/call=102.0 preads/call=102.0 read=0.927ms fadv/call=0.0 pf_hit=100%(32)
(Worker_TP1 pid=464) [gv2-census] calls=32 rows/call=96 runs/call=153.0 preads/call=153.0 read=2.168ms fadv/call=0.0 pf_hit=100%(32)
(Worker_TP1 pid=464) [gv2-census] calls=32 rows/call=96 runs/call=192.0 preads/call=192.0 read=2.428ms fadv/call=0.0 pf_hit=100%(32)
(Worker_TP1 pid=464) [gv2-census] calls=32 rows/call=96 runs/call=192.0 preads/call=192.0 read=1.391ms fadv/call=0.0 pf_hit=100%(32)
(Worker_TP1 pid=464) [gv2-census] calls=32 rows/call=72 runs/call=144.0 preads/call=144.0 read=1.234ms fadv/call=0.0 pf_hit=96%(32)
(Worker_TP1 pid=464) [gv2-census] calls=32 rows/call=109 runs/call=214.0 preads/call=214.0 read=2.472ms fadv/call=0.0 pf_hit=90%(32)
(Worker_TP1 pid=464) [gv2-census] calls=32 rows/call=96 runs/call=192.0 preads/call=192.0 read=1.452ms fadv/call=0.0 pf_hit=100%(32)
(Worker_TP1 pid=464) [gv2-census] calls=32 rows/call=96 runs/call=191.5 preads/call=191.5 read=2.657ms fadv/call=0.0 pf_hit=100%(32)
(Worker_TP1 pid=464) [gv2-census] calls=32 rows/call=96 runs/call=192.0 preads/call=192.0 read=2.377ms fadv/call=0.0 pf_hit=100%(32)
(Worker_TP1 pid=464) [gv2-census] calls=32 rows/call=96 runs/call=192.0 preads/call=192.0 read=2.992ms fadv/call=0.0 pf_hit=100%(32)
(Worker_TP1 pid=464) [gv2-census] calls=32 rows/call=112 runs/call=162.0 preads/call=162.0 read=1.897ms fadv/call=43.4 pf_hit=85%(32)
(Worker_TP1 pid=464) [gv2-census] calls=32 rows/call=96 runs/call=192.0 preads/call=192.0 read=1.443ms fadv/call=0.0 pf_hit=100%(32)
(Worker_TP1 pid=464) [gv2-census] calls=32 rows/call=96 runs/call=192.0 preads/call=192.0 read=2.395ms fadv/call=0.0 pf_hit=100%(32)
(Worker_TP1 pid=464) [gv2-census] calls=32 rows/call=96 runs/call=192.0 preads/call=192.0 read=2.788ms fadv/call=0.0 pf_hit=100%(32)
(Worker_TP1 pid=464) [gv2-census] calls=32 rows/call=96 runs/call=192.0 preads/call=192.0 read=1.557ms fadv/call=0.0 pf_hit=100%(32)
(Worker_TP1 pid=464) [gv2-census] calls=32 rows/call=127 runs/call=250.0 preads/call=250.0 read=3.336ms fadv/call=0.0 pf_hit=89%(32)
(Worker_TP1 pid=464) [gv2-census] calls=32 rows/call=96 runs/call=191.5 preads/call=191.5 read=2.223ms fadv/call=0.0 pf_hit=100%(32)
(Worker_TP1 pid=464) [gv2-census] calls=32 rows/call=96 runs/call=192.0 preads/call=192.0 read=2.033ms fadv/call=0.0 pf_hit=100%(32)
(Worker_TP1 pid=464) [gv2-census] calls=32 rows/call=96 runs/call=191.5 preads/call=191.5 read=3.064ms fadv/call=0.0 pf_hit=100%(32)
(Worker_TP1 pid=464) [gv2-census] calls=32 rows/call=96 runs/call=192.0 preads/call=192.0 read=3.120ms fadv/call=0.0 pf_hit=100%(32)
(Worker_TP1 pid=464) [gv2-census] calls=32 rows/call=133 runs/call=223.5 preads/call=223.5 read=3.506ms fadv/call=43.4 pf_hit=97%(32)
(Worker_TP1 pid=464) [gv2-census] calls=32 rows/call=96 runs/call=160.0 preads/call=160.0 read=1.887ms fadv/call=0.0 pf_hit=95%(32)
(Worker_TP1 pid=464) [gv2-census] calls=32 rows/call=96 runs/call=192.0 preads/call=192.0 read=3.919ms fadv/call=0.0 pf_hit=100%(32)
(Worker_TP1 pid=464) [gv2-census] calls=32 rows/call=96 runs/call=185.5 preads/call=185.5 read=2.497ms fadv/call=0.0 pf_hit=100%(32)
(Worker_TP1 pid=464) [gv2-census] calls=32 rows/call=96 runs/call=192.0 preads/call=192.0 read=1.587ms fadv/call=0.0 pf_hit=100%(32)
(Worker_TP1 pid=464) [gv2-census] calls=32 rows/call=90 runs/call=180.0 preads/call=180.0 read=1.993ms fadv/call=0.0 pf_hit=97%(32)
(Worker_TP1 pid=464) [gv2-census] calls=32 rows/call=66 runs/call=133.5 preads/call=133.5 read=1.203ms fadv/call=0.0 pf_hit=90%(32)
(Worker_TP1 pid=464) [gv2-census] calls=32 rows/call=48 runs/call=96.0 preads/call=96.0 read=0.795ms fadv/call=0.0 pf_hit=100%(32)
(Worker_TP1 pid=464) [gv2-census] calls=32 rows/call=64 runs/call=129.0 preads/call=129.0 read=8.568ms fadv/call=0.0 pf_hit=90%(32)
(Worker_TP1 pid=464) [gv2-census] calls=32 rows/call=48 runs/call=96.0 preads/call=96.0 read=0.877ms fadv/call=0.0 pf_hit=100%(32)
(Worker_TP1 pid=464) [gv2-census] calls=32 rows/call=48 runs/call=96.0 preads/call=96.0 read=0.833ms fadv/call=0.0 pf_hit=100%(32)
(Worker_TP1 pid=464) [gv2-census] calls=32 rows/call=64 runs/call=129.0 preads/call=129.0 read=1.087ms fadv/call=0.0 pf_hit=90%(32)
(Worker_TP1 pid=464) [gv2-census] calls=32 rows/call=48 runs/call=96.0 preads/call=96.0 read=0.940ms fadv/call=0.0 pf_hit=100%(32)
(Worker_TP1 pid=464) [gv2-census] calls=32 rows/call=48 runs/call=96.0 preads/call=96.0 read=0.740ms fadv/call=0.0 pf_hit=100%(32)
(Worker_TP1 pid=464) [gv2-census] calls=32 rows/call=48 runs/call=96.0 preads/call=96.0 read=0.940ms fadv/call=0.0 pf_hit=100%(32)
(Worker_TP1 pid=464) [gv2-census] calls=32 rows/call=64 runs/call=129.0 preads/call=129.0 read=1.197ms fadv/call=0.0 pf_hit=90%(32)
(Worker_TP1 pid=464) [gv2-census] calls=32 rows/call=48 runs/call=96.0 preads/call=96.0 read=0.891ms fadv/call=0.0 pf_hit=100%(32)
(Worker_TP1 pid=464) [gv2-census] calls=32 rows/call=48 runs/call=96.0 preads/call=96.0 read=0.739ms fadv/call=0.0 pf_hit=100%(32)
(Worker_TP1 pid=464) [gv2-census] calls=32 rows/call=64 runs/call=129.0 preads/call=129.0 read=1.008ms fadv/call=0.0 pf_hit=90%(32)
(Worker_TP1 pid=464) [gv2-census] calls=32 rows/call=48 runs/call=96.0 preads/call=96.0 read=0.805ms fadv/call=0.0 pf_hit=100%(32)
(Worker_TP1 pid=464) [gv2-census] calls=32 rows/call=48 runs/call=96.0 preads/call=96.0 read=0.789ms fadv/call=0.0 pf_hit=100%(32)
(Worker_TP1 pid=464) [gv2-census] calls=32 rows/call=64 runs/call=129.0 preads/call=129.0 read=1.047ms fadv/call=0.0 pf_hit=90%(32)
(Worker_TP1 pid=464) [gv2-census] calls=32 rows/call=48 runs/call=96.0 preads/call=96.0 read=0.689ms fadv/call=0.0 pf_hit=100%(32)
(Worker_TP1 pid=464) [gv2-census] calls=32 rows/call=48 runs/call=96.0 preads/call=96.0 read=0.828ms fadv/call=0.0 pf_hit=100%(32)
(Worker_TP1 pid=464) [gv2-census] calls=32 rows/call=64 runs/call=129.0 preads/call=129.0 read=1.073ms fadv/call=0.0 pf_hit=90%(32)
(Worker_TP1 pid=464) [gv2-census] calls=32 rows/call=48 runs/call=96.0 preads/call=96.0 read=0.750ms fadv/call=0.0 pf_hit=100%(32)
(Worker_TP1 pid=464) [gv2-census] calls=32 rows/call=48 runs/call=96.0 preads/call=96.0 read=0.681ms fadv/call=0.0 pf_hit=100%(32)
(Worker_TP1 pid=464) [gv2-census] calls=32 rows/call=48 runs/call=96.0 preads/call=96.0 read=0.759ms fadv/call=0.0 pf_hit=100%(32)
(Worker_TP1 pid=464) [gv2-census] calls=32 rows/call=64 runs/call=129.0 preads/call=129.0 read=1.115ms fadv/call=0.0 pf_hit=90%(32)
(Worker_TP1 pid=464) [gv2-census] calls=32 rows/call=48 runs/call=96.0 preads/call=96.0 read=0.854ms fadv/call=0.0 pf_hit=100%(32)
(Worker_TP1 pid=464) [gv2-census] calls=32 rows/call=48 runs/call=96.0 preads/call=96.0 read=0.854ms fadv/call=0.0 pf_hit=100%(32)
(Worker_TP1 pid=464) [gv2-census] calls=32 rows/call=64 runs/call=129.0 preads/call=129.0 read=1.175ms fadv/call=0.0 pf_hit=90%(32)
(Worker_TP1 pid=464) [gv2-census] calls=32 rows/call=48 runs/call=96.0 preads/call=96.0 read=1.009ms fadv/call=0.0 pf_hit=100%(32)
(Worker_TP1 pid=464) [gv2-census] calls=32 rows/call=48 runs/call=96.0 preads/call=96.0 read=0.834ms fadv/call=0.0 pf_hit=100%(32)
(Worker_TP1 pid=464) [gv2-census] calls=32 rows/call=64 runs/call=129.0 preads/call=129.0 read=0.954ms fadv/call=0.0 pf_hit=90%(32)
(Worker_TP1 pid=464) [gv2-census] calls=32 rows/call=48 runs/call=96.0 preads/call=96.0 read=0.748ms fadv/call=0.0 pf_hit=100%(32)
(Worker_TP1 pid=464) [gv2-census] calls=32 rows/call=48 runs/call=96.0 preads/call=96.0 read=0.959ms fadv/call=0.0 pf_hit=100%(32)
(Worker_TP1 pid=464) [gv2-census] calls=32 rows/call=87 runs/call=174.0 preads/call=174.0 read=1.362ms fadv/call=0.0 pf_hit=86%(32)
(Worker_TP1 pid=464) [gv2-census] calls=32 rows/call=96 runs/call=192.0 preads/call=192.0 read=1.364ms fadv/call=0.0 pf_hit=100%(32)
(Worker_TP1 pid=464) [gv2-census] calls=32 rows/call=96 runs/call=192.0 preads/call=192.0 read=1.502ms fadv/call=0.0 pf_hit=100%(32)
(Worker_TP1 pid=464) [gv2-census] calls=32 rows/call=96 runs/call=192.0 preads/call=192.0 read=1.284ms fadv/call=0.0 pf_hit=100%(32)
(Worker_TP1 pid=464) [gv2-census] calls=32 rows/call=117 runs/call=234.0 preads/call=234.0 read=2.035ms fadv/call=0.0 pf_hit=88%(32)
(Worker_TP1 pid=464) [gv2-census] calls=32 rows/call=96 runs/call=192.0 preads/call=192.0 read=1.577ms fadv/call=0.0 pf_hit=100%(32)
(Worker_TP1 pid=464) [gv2-census] calls=32 rows/call=96 runs/call=192.0 preads/call=192.0 read=1.230ms fadv/call=0.0 pf_hit=100%(32)
(Worker_TP1 pid=464) [gv2-census] calls=32 rows/call=120 runs/call=240.0 preads/call=240.0 read=1.849ms fadv/call=0.0 pf_hit=89%(32)
(Worker_TP1 pid=464) [gv2-census] calls=32 rows/call=96 runs/call=192.0 preads/call=192.0 read=1.380ms fadv/call=0.0 pf_hit=100%(32)
(Worker_TP1 pid=464) [gv2-census] calls=32 rows/call=96 runs/call=192.0 preads/call=192.0 read=1.270ms fadv/call=0.0 pf_hit=100%(32)
(Worker_TP1 pid=464) [gv2-census] calls=32 rows/call=123 runs/call=246.0 preads/call=246.0 read=2.137ms fadv/call=0.0 pf_hit=89%(32)
(Worker_TP1 pid=464) [gv2-census] calls=32 rows/call=96 runs/call=192.0 preads/call=192.0 read=1.518ms fadv/call=0.0 pf_hit=100%(32)
(Worker_TP1 pid=464) [gv2-census] calls=32 rows/call=96 runs/call=192.0 preads/call=192.0 read=1.509ms fadv/call=0.0 pf_hit=100%(32)
(Worker_TP1 pid=464) [gv2-census] calls=32 rows/call=96 runs/call=192.0 preads/call=192.0 read=1.572ms fadv/call=0.0 pf_hit=100%(32)
(Worker_TP1 pid=464) [gv2-census] calls=32 rows/call=120 runs/call=240.0 preads/call=240.0 read=1.955ms fadv/call=0.0 pf_hit=89%(32)
(Worker_TP1 pid=464) [gv2-census] calls=32 rows/call=96 runs/call=192.0 preads/call=192.0 read=1.623ms fadv/call=0.0 pf_hit=100%(32)
(Worker_TP1 pid=464) [gv2-census] calls=32 rows/call=96 runs/call=192.0 preads/call=192.0 read=1.375ms fadv/call=0.0 pf_hit=100%(32)
(Worker_TP1 pid=464) [gv2-census] calls=32 rows/call=117 runs/call=234.0 preads/call=234.0 read=2.063ms fadv/call=0.0 pf_hit=88%(32)
(Worker_TP1 pid=464) [gv2-census] calls=32 rows/call=96 runs/call=192.0 preads/call=192.0 read=1.546ms fadv/call=0.0 pf_hit=100%(32)
(Worker_TP1 pid=464) [gv2-census] calls=32 rows/call=96 runs/call=192.0 preads/call=192.0 read=1.650ms fadv/call=0.0 pf_hit=100%(32)
(Worker_TP1 pid=464) [gv2-census] calls=32 rows/call=100 runs/call=201.0 preads/call=201.0 read=1.607ms fadv/call=0.0 pf_hit=91%(32)
(Worker_TP1 pid=464) [gv2-census] calls=32 rows/call=112 runs/call=225.0 preads/call=225.0 read=1.898ms fadv/call=0.0 pf_hit=98%(32)
(Worker_TP1 pid=464) [gv2-census] calls=32 rows/call=96 runs/call=192.0 preads/call=192.0 read=1.498ms fadv/call=0.0 pf_hit=100%(32)
(Worker_TP1 pid=464) [gv2-census] calls=32 rows/call=96 runs/call=192.0 preads/call=192.0 read=1.510ms fadv/call=0.0 pf_hit=100%(32)
(Worker_TP1 pid=464) [gv2-census] calls=32 rows/call=117 runs/call=234.0 preads/call=234.0 read=1.714ms fadv/call=0.0 pf_hit=88%(32)
(Worker_TP1 pid=464) [gv2-census] calls=32 rows/call=96 runs/call=192.0 preads/call=192.0 read=1.587ms fadv/call=0.0 pf_hit=100%(32)
(Worker_TP1 pid=464) [gv2-census] calls=32 rows/call=96 runs/call=192.0 preads/call=192.0 read=1.402ms fadv/call=0.0 pf_hit=100%(32)
(Worker_TP1 pid=464) [gv2-census] calls=32 rows/call=120 runs/call=240.0 preads/call=240.0 read=1.703ms fadv/call=0.0 pf_hit=89%(32)
(Worker_TP1 pid=464) [gv2-census] calls=32 rows/call=96 runs/call=192.0 preads/call=192.0 read=1.494ms fadv/call=0.0 pf_hit=100%(32)
(Worker_TP1 pid=464) [gv2-census] calls=32 rows/call=96 runs/call=192.0 preads/call=192.0 read=1.435ms fadv/call=0.0 pf_hit=100%(32)
(Worker_TP1 pid=464) [gv2-census] calls=32 rows/call=106 runs/call=213.0 preads/call=213.0 read=1.495ms fadv/call=0.0 pf_hit=94%(32)
(Worker_TP1 pid=464) [gv2-census] calls=32 rows/call=48 runs/call=96.0 preads/call=96.0 read=0.691ms fadv/call=0.0 pf_hit=96%(32)
(Worker_TP1 pid=464) [gv2-census] calls=32 rows/call=48 runs/call=96.0 preads/call=96.0 read=0.822ms fadv/call=0.0 pf_hit=100%(32)
(Worker_TP1 pid=464) [gv2-census] calls=32 rows/call=48 runs/call=96.0 preads/call=96.0 read=0.824ms fadv/call=0.0 pf_hit=100%(32)
(Worker_TP1 pid=464) INFO 09-25 01:42:05 [exl3.py:1224] EXL3 fat-chunk slicing ACTIVE (tokens=8128)
(Worker_TP1 pid=464) INFO 09-25 01:42:16 [exl3.py:1224] EXL3 fat-chunk slicing ACTIVE (tokens=7987)
(Worker_TP1 pid=464) INFO 09-25 01:42:27 [exl3.py:1224] EXL3 fat-chunk slicing ACTIVE (tokens=8161)
(Worker_TP1 pid=464) INFO 09-25 01:42:36 [exl3.py:1224] EXL3 fat-chunk slicing ACTIVE (tokens=8116)
(Worker_TP1 pid=464) INFO 09-25 01:42:47 [exl3.py:1224] EXL3 fat-chunk slicing ACTIVE (tokens=8040)
(Worker_TP1 pid=464) [gv2-census] calls=32 rows/call=30357 runs/call=53479.5 preads/call=53479.5 read=500.506ms fadv/call=45429.5 pf_hit=91%(22)
(Worker_TP1 pid=464) INFO 09-25 01:42:58 [exl3.py:1224] EXL3 fat-chunk slicing ACTIVE (tokens=8027)
(Worker_TP1 pid=464) [gv2-census] calls=32 rows/call=6065 runs/call=10117.8 preads/call=10117.8 read=74.767ms fadv/call=8618.1 pf_hit=93%(30)
(Worker_TP1 pid=464) INFO 09-25 01:43:10 [exl3.py:1224] EXL3 fat-chunk slicing ACTIVE (tokens=8190)
(Worker_TP1 pid=464) [dsv41-prefill-empty-cache] skipped #1 (longest seq 16380, MemAvailable 22.99 GiB >= 2.5 GiB)
(Worker_TP1 pid=464) INFO 09-25 01:43:42 [exl3.py:1224] EXL3 fat-chunk slicing ACTIVE (tokens=8163)
(Worker_TP1 pid=464) INFO 09-25 01:44:25 [exl3.py:1224] EXL3 fat-chunk slicing ACTIVE (tokens=7526)
(Worker_TP1 pid=464) [gv2-census] calls=32 rows/call=60924 runs/call=104100.4 preads/call=104100.4 read=1062.179ms fadv/call=88782.5 pf_hit=86%(14)
(Worker_TP1 pid=464) INFO 09-25 01:45:05 [exl3.py:1224] EXL3 fat-chunk slicing ACTIVE (tokens=8045)
(Worker_TP1 pid=464) INFO 09-25 01:45:45 [exl3.py:1224] EXL3 fat-chunk slicing ACTIVE (tokens=8059)
(Worker_TP1 pid=464) INFO 09-25 01:46:27 [exl3.py:1224] EXL3 fat-chunk slicing ACTIVE (tokens=7416)
(Worker_TP1 pid=464) [gv2-census] calls=32 rows/call=60655 runs/call=110615.1 preads/call=110615.1 read=1031.861ms fadv/call=93515.5 pf_hit=100%(10)
(Worker_TP1 pid=464) [gv2-census] calls=32 rows/call=24306 runs/call=38577.2 preads/call=38577.2 read=324.472ms fadv/call=33232.6 pf_hit=96%(26)
(Worker_TP1 pid=464) INFO 09-25 01:47:09 [exl3.py:1224] EXL3 fat-chunk slicing ACTIVE (tokens=7790)
(Worker_TP1 pid=464) [gv2-census] calls=32 rows/call=6122 runs/call=10117.1 preads/call=10117.1 read=85.652ms fadv/call=8610.3 pf_hit=93%(30)
(Worker_TP1 pid=464) INFO 09-25 01:47:31 [exl3.py:1224] EXL3 fat-chunk slicing ACTIVE (tokens=8103)
(Worker_TP1 pid=464) INFO 09-25 01:47:41 [exl3.py:1224] EXL3 fat-chunk slicing ACTIVE (tokens=8143)
(Worker_TP1 pid=464) INFO 09-25 01:47:51 [exl3.py:1224] EXL3 fat-chunk slicing ACTIVE (tokens=8135)
(Worker_TP1 pid=464) INFO 09-25 01:48:02 [exl3.py:1224] EXL3 fat-chunk slicing ACTIVE (tokens=8185)
(Worker_TP1 pid=464) INFO 09-25 01:48:12 [exl3.py:1224] EXL3 fat-chunk slicing ACTIVE (tokens=8141)
(Worker_TP1 pid=464) [gv2-census] calls=32 rows/call=24489 runs/call=42990.6 preads/call=42990.6 read=427.253ms fadv/call=36463.9 pf_hit=100%(22)
(Worker_TP1 pid=464) INFO 09-25 01:48:23 [exl3.py:1224] EXL3 fat-chunk slicing ACTIVE (tokens=8013)
(Worker_TP1 pid=464) [gv2-census] calls=32 rows/call=6054 runs/call=10044.2 preads/call=10044.2 read=98.602ms fadv/call=8560.7 pf_hit=93%(30)
(Worker_TP1 pid=464) WARNING 09-25 01:48:40 [jit_monitor.py:141] Triton kernel JIT compilation during inference: _topk_log_softmax_kernel. This causes a latency spike; consider extending warmup to cover this shape/config.
(Worker_TP1 pid=464) [gv2-census] calls=32 rows/call=4627 runs/call=9196.4 preads/call=9196.4 read=85.394ms fadv/call=9056.1 pf_hit=80%(10)
(Worker_TP1 pid=464) [gv2-census] calls=32 rows/call=6153 runs/call=12187.9 preads/call=12187.9 read=107.280ms fadv/call=12037.2
(Worker_TP1 pid=464) [gv2-census] calls=32 rows/call=4657 runs/call=9050.0 preads/call=9050.0 read=76.158ms fadv/call=8926.3 pf_hit=78%(6)
(Worker_TP1 pid=464) [gv2-census] calls=32 rows/call=48 runs/call=96.0 preads/call=96.0 read=0.673ms fadv/call=0.0 pf_hit=100%(32)
(Worker_TP1 pid=464) [gv2-census] calls=32 rows/call=48 runs/call=96.0 preads/call=96.0 read=0.731ms fadv/call=0.0 pf_hit=100%(32)
(Worker_TP1 pid=464) [gv2-census] calls=32 rows/call=48 runs/call=96.0 preads/call=96.0 read=0.708ms fadv/call=0.0 pf_hit=100%(32)
(Worker_TP1 pid=464) [gv2-census] calls=32 rows/call=48 runs/call=96.0 preads/call=96.0 read=0.752ms fadv/call=0.0 pf_hit=100%(32)
(Worker_TP1 pid=464) [gv2-census] calls=32 rows/call=48 runs/call=96.0 preads/call=96.0 read=0.773ms fadv/call=0.0 pf_hit=100%(32)
(Worker_TP1 pid=464) [gv2-census] calls=32 rows/call=211 runs/call=423.0 preads/call=423.0 read=3.552ms fadv/call=338.0 pf_hit=91%(30)
(Worker_TP1 pid=464) [gv2-census] calls=32 rows/call=48 runs/call=96.0 preads/call=96.0 read=0.765ms fadv/call=0.0 pf_hit=100%(32)
(Worker_TP1 pid=464) [gv2-census] calls=32 rows/call=48 runs/call=96.0 preads/call=96.0 read=0.615ms fadv/call=0.0 pf_hit=100%(32)
(Worker_TP1 pid=464) [gv2-census] calls=32 rows/call=175 runs/call=351.0 preads/call=351.0 read=3.292ms fadv/call=266.4 pf_hit=93%(30)
(Worker_TP1 pid=464) [gv2-census] calls=32 rows/call=48 runs/call=96.0 preads/call=96.0 read=1.544ms fadv/call=0.0 pf_hit=96%(32)
(Worker_TP1 pid=464) [gv2-census] calls=32 rows/call=48 runs/call=96.0 preads/call=96.0 read=1.282ms fadv/call=0.0 pf_hit=100%(32)
(Worker_TP1 pid=464) [gv2-census] calls=32 rows/call=48 runs/call=96.0 preads/call=96.0 read=0.803ms fadv/call=0.0 pf_hit=100%(32)
(Worker_TP1 pid=464) [gv2-census] calls=32 rows/call=48 runs/call=96.0 preads/call=96.0 read=0.718ms fadv/call=0.0 pf_hit=100%(32)
(Worker_TP1 pid=464) [gv2-census] calls=32 rows/call=211 runs/call=411.5 preads/call=411.5 read=6.200ms fadv/call=326.8 pf_hit=89%(30)
(Worker_TP1 pid=464) [gv2-census] calls=32 rows/call=48 runs/call=96.0 preads/call=96.0 read=0.856ms fadv/call=0.0 pf_hit=100%(32)
(Worker_TP1 pid=464) [gv2-census] calls=32 rows/call=48 runs/call=96.0 preads/call=96.0 read=1.414ms fadv/call=0.0 pf_hit=100%(32)
(Worker_TP1 pid=464) [gv2-census] calls=32 rows/call=48 runs/call=96.0 preads/call=96.0 read=0.764ms fadv/call=0.0 pf_hit=100%(32)
(Worker_TP1 pid=464) [gv2-census] calls=32 rows/call=48 runs/call=96.0 preads/call=96.0 read=0.867ms fadv/call=0.0 pf_hit=100%(32)
(Worker_TP1 pid=464) [gv2-census] calls=32 rows/call=211 runs/call=423.0 preads/call=423.0 read=5.229ms fadv/call=337.8 pf_hit=89%(30)
(Worker_TP1 pid=464) [gv2-census] calls=32 rows/call=48 runs/call=96.0 preads/call=96.0 read=0.769ms fadv/call=0.0 pf_hit=100%(32)
(Worker_TP1 pid=464) [gv2-census] calls=32 rows/call=48 runs/call=96.0 preads/call=96.0 read=0.791ms fadv/call=0.0 pf_hit=100%(32)
(Worker_TP1 pid=464) [gv2-census] calls=32 rows/call=48 runs/call=96.0 preads/call=96.0 read=0.830ms fadv/call=0.0 pf_hit=100%(32)
(Worker_TP1 pid=464) [gv2-census] calls=32 rows/call=48 runs/call=96.0 preads/call=96.0 read=0.734ms fadv/call=0.0 pf_hit=100%(32)
(Worker_TP1 pid=464) [gv2-census] calls=32 rows/call=177 runs/call=355.0 preads/call=355.0 read=3.571ms fadv/call=264.0 pf_hit=94%(32)
(Worker_TP1 pid=464) [gv2-census] calls=32 rows/call=81 runs/call=163.5 preads/call=163.5 read=2.700ms fadv/call=73.4 pf_hit=96%(30)
(Worker_TP1 pid=464) [gv2-census] calls=32 rows/call=48 runs/call=96.0 preads/call=96.0 read=1.292ms fadv/call=0.0 pf_hit=100%(32)
(Worker_TP1 pid=464) [gv2-census] calls=32 rows/call=48 runs/call=96.0 preads/call=96.0 read=0.729ms fadv/call=0.0 pf_hit=100%(32)
(Worker_TP1 pid=464) [gv2-census] calls=32 rows/call=48 runs/call=96.0 preads/call=96.0 read=0.807ms fadv/call=0.0 pf_hit=100%(32)
(Worker_TP1 pid=464) [gv2-census] calls=32 rows/call=48 runs/call=96.0 preads/call=96.0 read=0.701ms fadv/call=0.0 pf_hit=100%(32)
(Worker_TP1 pid=464) [gv2-census] calls=32 rows/call=211 runs/call=416.4 preads/call=416.4 read=5.158ms fadv/call=331.3 pf_hit=89%(30)
(Worker_TP1 pid=464) [gv2-census] calls=32 rows/call=48 runs/call=96.0 preads/call=96.0 read=0.780ms fadv/call=0.0 pf_hit=100%(32)
(Worker_TP1 pid=464) [gv2-census] calls=32 rows/call=48 runs/call=96.0 preads/call=96.0 read=0.680ms fadv/call=0.0 pf_hit=100%(32)
(Worker_TP1 pid=464) [gv2-census] calls=32 rows/call=48 runs/call=96.0 preads/call=96.0 read=0.888ms fadv/call=0.0 pf_hit=100%(32)
(Worker_TP1 pid=464) [gv2-census] calls=32 rows/call=177 runs/call=334.5 preads/call=334.5 read=2.652ms fadv/call=243.7 pf_hit=94%(32)
(Worker_TP1 pid=464) [gv2-census] calls=32 rows/call=81 runs/call=160.0 preads/call=160.0 read=2.553ms fadv/call=69.9 pf_hit=96%(30)
(Worker_TP1 pid=464) [gv2-census] calls=32 rows/call=113 runs/call=223.0 preads/call=223.0 read=2.625ms fadv/call=132.7 pf_hit=94%(32)
(Worker_TP1 pid=464) [gv2-census] calls=32 rows/call=585 runs/call=1049.5 preads/call=1049.5 read=12.461ms fadv/call=881.2 pf_hit=100%(26)
(Worker_TP1 pid=464) [gv2-census] calls=32 rows/call=591 runs/call=959.5 preads/call=959.5 read=9.257ms fadv/call=798.0 pf_hit=92%(28)
(Worker_TP1 pid=464) [gv2-census] calls=32 rows/call=96 runs/call=186.5 preads/call=186.5 read=2.069ms fadv/call=0.0 pf_hit=100%(32)
(Worker_TP1 pid=464) [gv2-census] calls=32 rows/call=419 runs/call=743.0 preads/call=743.0 read=8.483ms fadv/call=590.2 pf_hit=92%(28)
(Worker_TP1 pid=464) [gv2-census] calls=32 rows/call=96 runs/call=171.5 preads/call=171.5 read=3.028ms fadv/call=0.0 pf_hit=100%(32)
(Worker_TP1 pid=464) [gv2-census] calls=32 rows/call=472 runs/call=809.5 preads/call=809.5 read=10.235ms fadv/call=650.1 pf_hit=93%(30)
(Worker_TP1 pid=464) [gv2-census] calls=32 rows/call=235 runs/call=447.5 preads/call=447.5 read=7.401ms fadv/call=272.2 pf_hit=96%(28)
(Worker_TP1 pid=464) [gv2-census] calls=32 rows/call=244 runs/call=455.0 preads/call=455.0 read=7.468ms fadv/call=279.7 pf_hit=97%(30)
(Worker_TP1 pid=464) [gv2-census] calls=32 rows/call=472 runs/call=801.0 preads/call=801.0 read=10.969ms fadv/call=642.1 pf_hit=92%(28)
(Worker_TP1 pid=464) [gv2-census] calls=32 rows/call=285 runs/call=497.0 preads/call=497.0 read=6.685ms fadv/call=324.3 pf_hit=96%(30)
(Worker_TP1 pid=464) [gv2-census] calls=32 rows/call=207 runs/call=401.5 preads/call=401.5 read=5.682ms fadv/call=228.5 pf_hit=97%(30)
(Worker_TP1 pid=464) [gv2-census] calls=32 rows/call=288 runs/call=529.0 preads/call=529.0 read=7.683ms fadv/call=353.1 pf_hit=97%(30)
(Worker_TP1 pid=464) [gv2-census] calls=32 rows/call=235 runs/call=443.5 preads/call=443.5 read=5.540ms fadv/call=268.3 pf_hit=97%(30)
(Worker_TP1 pid=464) [gv2-census] calls=32 rows/call=270 runs/call=485.0 preads/call=485.0 read=2.942ms fadv/call=309.4 pf_hit=97%(32)
(Worker_TP1 pid=464) [gv2-census] calls=32 rows/call=279 runs/call=489.0 preads/call=489.0 read=6.977ms fadv/call=313.6 pf_hit=96%(28)
(Worker_TP1 pid=464) [gv2-census] calls=32 rows/call=231 runs/call=440.5 preads/call=440.5 read=6.816ms fadv/call=265.9 pf_hit=97%(30)
(Worker_TP1 pid=464) [gv2-census] calls=32 rows/call=446 runs/call=793.5 preads/call=793.5 read=9.115ms fadv/call=633.9 pf_hit=92%(28)
(Worker_TP1 pid=464) [gv2-census] calls=32 rows/call=264 runs/call=491.5 preads/call=491.5 read=6.435ms fadv/call=315.5 pf_hit=97%(30)
(Worker_TP1 pid=464) [gv2-census] calls=32 rows/call=213 runs/call=413.5 preads/call=413.5 read=5.411ms fadv/call=238.7 pf_hit=97%(30)
(Worker_TP1 pid=464) [gv2-census] calls=32 rows/call=408 runs/call=722.5 preads/call=722.5 read=10.012ms fadv/call=563.9 pf_hit=92%(28)
(Worker_TP1 pid=464) [gv2-census] calls=32 rows/call=544 runs/call=976.0 preads/call=976.0 read=15.896ms fadv/call=834.5 pf_hit=91%(26)
(Worker_TP1 pid=464) [gv2-census] calls=32 rows/call=366 runs/call=519.5 preads/call=519.5 read=8.025ms fadv/call=338.0 pf_hit=94%(30)
(Worker_TP1 pid=464) INFO 09-25 01:50:45 [exl3.py:1224] EXL3 fat-chunk slicing ACTIVE (tokens=8001)
(Worker_TP1 pid=464) INFO 09-25 01:50:55 [exl3.py:1224] EXL3 fat-chunk slicing ACTIVE (tokens=8142)
(Worker_TP1 pid=464) INFO 09-25 01:51:05 [exl3.py:1224] EXL3 fat-chunk slicing ACTIVE (tokens=8133)
(Worker_TP1 pid=464) [gv2-census] calls=32 rows/call=18261 runs/call=23566.2 preads/call=23566.2 read=205.170ms fadv/call=20749.5 pf_hit=79%(26)
(Worker_TP1 pid=464) INFO 09-25 01:51:45 [exl3.py:1224] EXL3 fat-chunk slicing ACTIVE (tokens=7726)
(Worker_TP1 pid=464) INFO 09-25 01:52:26 [exl3.py:1224] EXL3 fat-chunk slicing ACTIVE (tokens=7603)
(Worker_TP1 pid=464) [gv2-census] calls=32 rows/call=48375 runs/call=62435.6 preads/call=62435.6 read=601.638ms fadv/call=55196.1 pf_hit=75%(16)
(Worker_TP1 pid=464) INFO 09-25 01:53:06 [exl3.py:1224] EXL3 fat-chunk slicing ACTIVE (tokens=8096)
(Worker_TP1 pid=464) [gv2-census] calls=32 rows/call=24545 runs/call=31216.2 preads/call=31216.2 read=282.506ms fadv/call=27545.9 pf_hit=78%(24)
(Worker_TP1 pid=464) [gv2-census] calls=32 rows/call=48 runs/call=96.0 preads/call=96.0 read=0.721ms fadv/call=0.0 pf_hit=100%(32)
(Worker_TP1 pid=464) [gv2-census] calls=32 rows/call=48 runs/call=96.0 preads/call=96.0 read=1.303ms fadv/call=0.0 pf_hit=100%(32)
(Worker_TP1 pid=464) [gv2-census] calls=32 rows/call=57 runs/call=114.0 preads/call=114.0 read=3.562ms fadv/call=0.0 pf_hit=90%(32)
(Worker_TP1 pid=464) [gv2-census] calls=32 rows/call=48 runs/call=96.0 preads/call=96.0 read=0.756ms fadv/call=0.0 pf_hit=100%(32)
(Worker_TP1 pid=464) [gv2-census] calls=32 rows/call=56 runs/call=112.5 preads/call=112.5 read=4.386ms fadv/call=0.0 pf_hit=90%(32)
(Worker_TP1 pid=464) [gv2-census] calls=32 rows/call=48 runs/call=96.0 preads/call=96.0 read=0.751ms fadv/call=0.0 pf_hit=100%(32)
(Worker_TP1 pid=464) [gv2-census] calls=32 rows/call=48 runs/call=96.0 preads/call=96.0 read=0.798ms fadv/call=0.0 pf_hit=100%(32)
(Worker_TP1 pid=464) [gv2-census] calls=32 rows/call=56 runs/call=112.5 preads/call=112.5 read=3.881ms fadv/call=0.0 pf_hit=90%(32)
(Worker_TP1 pid=464) [gv2-census] calls=32 rows/call=74 runs/call=148.5 preads/call=148.5 read=10.222ms fadv/call=0.0 pf_hit=69%(32)
(Worker_TP1 pid=464) [gv2-census] calls=32 rows/call=48 runs/call=96.0 preads/call=96.0 read=0.834ms fadv/call=0.0 pf_hit=100%(32)
(Worker_TP1 pid=464) [gv2-census] calls=32 rows/call=48 runs/call=96.0 preads/call=96.0 read=0.925ms fadv/call=0.0 pf_hit=100%(32)
(Worker_TP1 pid=464) [gv2-census] calls=32 rows/call=48 runs/call=96.0 preads/call=96.0 read=0.839ms fadv/call=0.0 pf_hit=100%(32)
(Worker_TP1 pid=464) [gv2-census] calls=32 rows/call=54 runs/call=109.5 preads/call=109.5 read=1.853ms fadv/call=0.0 pf_hit=90%(32)
(Worker_TP1 pid=464) [gv2-census] calls=32 rows/call=65 runs/call=130.5 preads/call=130.5 read=5.473ms fadv/call=0.0 pf_hit=90%(32)
(Worker_TP1 pid=464) [gv2-census] calls=32 rows/call=48 runs/call=96.0 preads/call=96.0 read=1.222ms fadv/call=0.0 pf_hit=100%(32)
(Worker_TP1 pid=464) [gv2-census] calls=32 rows/call=56 runs/call=112.5 preads/call=112.5 read=4.278ms fadv/call=0.0 pf_hit=94%(32)
(Worker_TP1 pid=464) [gv2-census] calls=32 rows/call=48 runs/call=96.0 preads/call=96.0 read=1.986ms fadv/call=0.0 pf_hit=96%(32)
(Worker_TP1 pid=464) [gv2-census] calls=32 rows/call=48 runs/call=96.0 preads/call=96.0 read=0.735ms fadv/call=0.0 pf_hit=100%(32)
(Worker_TP1 pid=464) [gv2-census] calls=32 rows/call=48 runs/call=96.0 preads/call=96.0 read=0.752ms fadv/call=0.0 pf_hit=100%(32)
(Worker_TP1 pid=464) [gv2-census] calls=32 rows/call=58 runs/call=117.0 preads/call=117.0 read=4.122ms fadv/call=0.0 pf_hit=90%(32)
(Worker_TP1 pid=464) [gv2-census] calls=32 rows/call=48 runs/call=96.0 preads/call=96.0 read=0.777ms fadv/call=0.0 pf_hit=100%(32)
(Worker_TP1 pid=464) [gv2-census] calls=32 rows/call=48 runs/call=96.0 preads/call=96.0 read=0.822ms fadv/call=0.0 pf_hit=100%(32)
(Worker_TP1 pid=464) [gv2-census] calls=32 rows/call=48 runs/call=96.0 preads/call=96.0 read=0.695ms fadv/call=0.0 pf_hit=100%(32)
(Worker_TP1 pid=464) [gv2-census] calls=32 rows/call=48 runs/call=96.0 preads/call=96.0 read=0.744ms fadv/call=0.0 pf_hit=100%(32)
(Worker_TP1 pid=464) [gv2-census] calls=32 rows/call=58 runs/call=117.0 preads/call=117.0 read=3.857ms fadv/call=0.0 pf_hit=90%(32)
(Worker_TP1 pid=464) [gv2-census] calls=32 rows/call=48 runs/call=96.0 preads/call=96.0 read=0.710ms fadv/call=0.0 pf_hit=100%(32)
(Worker_TP1 pid=464) [gv2-census] calls=32 rows/call=48 runs/call=96.0 preads/call=96.0 read=0.802ms fadv/call=0.0 pf_hit=100%(32)
(Worker_TP1 pid=464) [gv2-census] calls=32 rows/call=57 runs/call=115.5 preads/call=115.5 read=2.722ms fadv/call=0.0 pf_hit=90%(32)
(Worker_TP1 pid=464) [gv2-census] calls=32 rows/call=48 runs/call=96.0 preads/call=96.0 read=1.390ms fadv/call=0.0 pf_hit=100%(32)
(Worker_TP1 pid=464) [gv2-census] calls=32 rows/call=57 runs/call=114.0 preads/call=114.0 read=2.558ms fadv/call=0.0 pf_hit=94%(32)
(Worker_TP1 pid=464) [gv2-census] calls=32 rows/call=48 runs/call=96.0 preads/call=96.0 read=1.582ms fadv/call=0.0 pf_hit=96%(32)
(Worker_TP1 pid=464) [gv2-census] calls=32 rows/call=48 runs/call=96.0 preads/call=96.0 read=1.432ms fadv/call=0.0 pf_hit=100%(32)
(Worker_TP1 pid=464) [gv2-census] calls=32 rows/call=56 runs/call=112.5 preads/call=112.5 read=1.914ms fadv/call=0.0 pf_hit=90%(32)
(Worker_TP1 pid=464) [gv2-census] calls=32 rows/call=48 runs/call=96.0 preads/call=96.0 read=1.234ms fadv/call=0.0 pf_hit=100%(32)
(Worker_TP1 pid=464) [gv2-census] calls=32 rows/call=56 runs/call=112.5 preads/call=112.5 read=0.776ms fadv/call=0.0 pf_hit=90%(32)
(Worker_TP1 pid=464) [gv2-census] calls=32 rows/call=58 runs/call=117.0 preads/call=117.0 read=0.848ms fadv/call=0.0 pf_hit=94%(32)
(Worker_TP1 pid=464) [gv2-census] calls=32 rows/call=63 runs/call=127.5 preads/call=127.5 read=3.048ms fadv/call=0.0 pf_hit=75%(32)
(Worker_TP1 pid=464) [gv2-census] calls=32 rows/call=48 runs/call=96.0 preads/call=96.0 read=1.465ms fadv/call=0.0 pf_hit=100%(32)
(Worker_TP1 pid=464) [gv2-census] calls=32 rows/call=48 runs/call=96.0 preads/call=96.0 read=1.465ms fadv/call=0.0 pf_hit=100%(32)
(Worker_TP1 pid=464) [gv2-census] calls=32 rows/call=48 runs/call=96.0 preads/call=96.0 read=0.843ms fadv/call=0.0 pf_hit=100%(32)
(Worker_TP1 pid=464) [gv2-census] calls=32 rows/call=54 runs/call=109.5 preads/call=109.5 read=2.430ms fadv/call=0.0 pf_hit=90%(32)
(Worker_TP1 pid=464) [gv2-census] calls=32 rows/call=65 runs/call=130.5 preads/call=130.5 read=2.025ms fadv/call=0.0 pf_hit=90%(32)
(Worker_TP1 pid=464) [gv2-census] calls=32 rows/call=48 runs/call=96.0 preads/call=96.0 read=1.900ms fadv/call=0.0 pf_hit=100%(32)
(Worker_TP1 pid=464) [gv2-census] calls=32 rows/call=48 runs/call=96.0 preads/call=96.0 read=1.323ms fadv/call=0.0 pf_hit=100%(32)
(Worker_TP1 pid=464) [gv2-census] calls=32 rows/call=56 runs/call=112.5 preads/call=112.5 read=2.244ms fadv/call=0.0 pf_hit=90%(32)
(Worker_TP1 pid=464) [gv2-census] calls=32 rows/call=48 runs/call=96.0 preads/call=96.0 read=1.412ms fadv/call=0.0 pf_hit=100%(32)
(Worker_TP1 pid=464) [gv2-census] calls=32 rows/call=48 runs/call=96.0 preads/call=96.0 read=0.884ms fadv/call=0.0 pf_hit=100%(32)
(Worker_TP1 pid=464) [gv2-census] calls=32 rows/call=58 runs/call=117.0 preads/call=117.0 read=1.041ms fadv/call=0.0 pf_hit=90%(32)
(Worker_TP1 pid=464) [gv2-census] calls=32 rows/call=48 runs/call=96.0 preads/call=96.0 read=2.102ms fadv/call=0.0 pf_hit=100%(32)
(Worker_TP1 pid=464) [gv2-census] calls=32 rows/call=48 runs/call=96.0 preads/call=96.0 read=0.893ms fadv/call=0.0 pf_hit=100%(32)
(Worker_TP1 pid=464) [gv2-census] calls=32 rows/call=48 runs/call=96.0 preads/call=96.0 read=0.830ms fadv/call=0.0 pf_hit=100%(32)
(Worker_TP1 pid=464) [gv2-census] calls=32 rows/call=48 runs/call=96.0 preads/call=96.0 read=0.969ms fadv/call=0.0 pf_hit=100%(32)
(Worker_TP1 pid=464) [gv2-census] calls=32 rows/call=58 runs/call=117.0 preads/call=117.0 read=1.150ms fadv/call=0.0 pf_hit=90%(32)
(Worker_TP1 pid=464) [gv2-census] calls=32 rows/call=48 runs/call=96.0 preads/call=96.0 read=1.923ms fadv/call=0.0 pf_hit=100%(32)
(Worker_TP1 pid=464) [gv2-census] calls=32 rows/call=48 runs/call=96.0 preads/call=96.0 read=0.813ms fadv/call=0.0 pf_hit=100%(32)
(Worker_TP1 pid=464) [gv2-census] calls=32 rows/call=147 runs/call=171.5 preads/call=171.5 read=11.376ms fadv/call=4.5 pf_hit=74%(30)
(Worker_TP1 pid=464) [gv2-census] calls=32 rows/call=96 runs/call=192.0 preads/call=192.0 read=3.110ms fadv/call=0.0 pf_hit=96%(32)
(Worker_TP1 pid=464) [gv2-census] calls=32 rows/call=96 runs/call=192.0 preads/call=192.0 read=1.434ms fadv/call=0.0 pf_hit=100%(32)
(Worker_TP1 pid=464) [gv2-census] calls=32 rows/call=96 runs/call=192.0 preads/call=192.0 read=1.552ms fadv/call=0.0 pf_hit=100%(32)
(Worker_TP1 pid=464) [gv2-census] calls=32 rows/call=96 runs/call=192.0 preads/call=192.0 read=1.592ms fadv/call=0.0 pf_hit=100%(32)
(Worker_TP1 pid=464) [gv2-census] calls=32 rows/call=96 runs/call=192.0 preads/call=192.0 read=1.762ms fadv/call=0.0 pf_hit=100%(32)
(Worker_TP1 pid=464) [gv2-census] calls=32 rows/call=96 runs/call=192.0 preads/call=192.0 read=1.695ms fadv/call=0.0 pf_hit=100%(32)
(Worker_TP1 pid=464) [gv2-census] calls=32 rows/call=84 runs/call=168.0 preads/call=168.0 read=1.232ms fadv/call=0.0 pf_hit=97%(32)
(Worker_TP1 pid=464) [gv2-census] calls=32 rows/call=48 runs/call=96.0 preads/call=96.0 read=0.836ms fadv/call=0.0 pf_hit=100%(32)
(Worker_TP1 pid=464) [gv2-census] calls=32 rows/call=48 runs/call=96.0 preads/call=96.0 read=0.831ms fadv/call=0.0 pf_hit=100%(32)
(Worker_TP1 pid=464) [gv2-census] calls=32 rows/call=105 runs/call=208.0 preads/call=208.0 read=7.393ms fadv/call=0.0 pf_hit=92%(32)
(Worker_TP1 pid=464) [gv2-census] calls=32 rows/call=96 runs/call=192.0 preads/call=192.0 read=1.710ms fadv/call=0.0 pf_hit=100%(32)
(Worker_TP1 pid=464) [gv2-census] calls=32 rows/call=96 runs/call=192.0 preads/call=192.0 read=1.635ms fadv/call=0.0 pf_hit=100%(32)
(Worker_TP1 pid=464) [gv2-census] calls=32 rows/call=96 runs/call=192.0 preads/call=192.0 read=1.739ms fadv/call=0.0 pf_hit=100%(32)
(Worker_TP1 pid=464) [gv2-census] calls=32 rows/call=96 runs/call=192.0 preads/call=192.0 read=1.802ms fadv/call=0.0 pf_hit=100%(32)
(Worker_TP1 pid=464) [gv2-census] calls=32 rows/call=96 runs/call=192.0 preads/call=192.0 read=1.480ms fadv/call=0.0 pf_hit=100%(32)
(Worker_TP1 pid=464) [gv2-census] calls=32 rows/call=90 runs/call=180.0 preads/call=180.0 read=1.498ms fadv/call=0.0 pf_hit=97%(32)
(Worker_TP1 pid=464) [gv2-census] calls=32 rows/call=48 runs/call=96.0 preads/call=96.0 read=0.949ms fadv/call=0.0 pf_hit=100%(32)
(Worker_TP1 pid=464) [gv2-census] calls=32 rows/call=105 runs/call=208.0 preads/call=208.0 read=5.543ms fadv/call=0.0 pf_hit=92%(32)
(Worker_TP1 pid=464) [gv2-census] calls=32 rows/call=96 runs/call=192.0 preads/call=192.0 read=1.426ms fadv/call=0.0 pf_hit=100%(32)
(Worker_TP1 pid=464) [gv2-census] calls=32 rows/call=96 runs/call=192.0 preads/call=192.0 read=1.688ms fadv/call=0.0 pf_hit=100%(32)
(Worker_TP1 pid=464) [gv2-census] calls=32 rows/call=96 runs/call=192.0 preads/call=192.0 read=1.551ms fadv/call=0.0 pf_hit=100%(32)
(Worker_TP1 pid=464) [gv2-census] calls=32 rows/call=96 runs/call=192.0 preads/call=192.0 read=1.542ms fadv/call=0.0 pf_hit=100%(32)
(Worker_TP1 pid=464) [gv2-census] calls=32 rows/call=96 runs/call=192.0 preads/call=192.0 read=1.582ms fadv/call=0.0 pf_hit=100%(32)
(Worker_TP1 pid=464) [gv2-census] calls=32 rows/call=96 runs/call=192.0 preads/call=192.0 read=1.659ms fadv/call=0.0 pf_hit=100%(32)
(Worker_TP1 pid=464) [gv2-census] calls=32 rows/call=93 runs/call=186.0 preads/call=186.0 read=1.649ms fadv/call=0.0 pf_hit=97%(32)
(Worker_TP1 pid=464) [gv2-census] calls=32 rows/call=111 runs/call=220.5 preads/call=220.5 read=6.094ms fadv/call=0.0 pf_hit=92%(32)
(Worker_TP1 pid=464) [gv2-census] calls=32 rows/call=96 runs/call=192.0 preads/call=192.0 read=1.657ms fadv/call=0.0 pf_hit=100%(32)
(Worker_TP1 pid=464) [gv2-census] calls=32 rows/call=75 runs/call=150.0 preads/call=150.0 read=1.215ms fadv/call=0.0 pf_hit=96%(32)
(Worker_TP1 pid=464) [gv2-census] calls=32 rows/call=48 runs/call=96.0 preads/call=96.0 read=1.007ms fadv/call=0.0 pf_hit=100%(32)
(Worker_TP1 pid=464) [gv2-census] calls=32 rows/call=48 runs/call=96.0 preads/call=96.0 read=0.868ms fadv/call=0.0 pf_hit=100%(32)
(Worker_TP1 pid=464) [gv2-census] calls=32 rows/call=48 runs/call=96.0 preads/call=96.0 read=0.897ms fadv/call=0.0 pf_hit=100%(32)
(Worker_TP1 pid=464) [gv2-census] calls=32 rows/call=79 runs/call=154.0 preads/call=154.0 read=6.684ms fadv/call=0.0 pf_hit=88%(32)
(Worker_TP1 pid=464) [gv2-census] calls=32 rows/call=96 runs/call=192.0 preads/call=192.0 read=1.516ms fadv/call=0.0 pf_hit=100%(32)
(Worker_TP1 pid=464) [gv2-census] calls=32 rows/call=96 runs/call=192.0 preads/call=192.0 read=1.480ms fadv/call=0.0 pf_hit=100%(32)
(Worker_TP1 pid=464) [gv2-census] calls=32 rows/call=96 runs/call=192.0 preads/call=192.0 read=1.382ms fadv/call=0.0 pf_hit=100%(32)
(Worker_TP1 pid=464) [gv2-census] calls=32 rows/call=96 runs/call=192.0 preads/call=192.0 read=1.294ms fadv/call=0.0 pf_hit=100%(32)
(Worker_TP1 pid=464) [gv2-census] calls=32 rows/call=96 runs/call=192.0 preads/call=192.0 read=1.443ms fadv/call=0.0 pf_hit=100%(32)
(Worker_TP1 pid=464) [gv2-census] calls=32 rows/call=96 runs/call=192.0 preads/call=192.0 read=1.387ms fadv/call=0.0 pf_hit=100%(32)
(Worker_TP1 pid=464) [gv2-census] calls=32 rows/call=100 runs/call=198.0 preads/call=198.0 read=5.220ms fadv/call=0.0 pf_hit=88%(32)
(Worker_TP1 pid=464) [gv2-census] calls=32 rows/call=96 runs/call=192.0 preads/call=192.0 read=1.367ms fadv/call=0.0 pf_hit=100%(32)
(Worker_TP1 pid=464) [gv2-census] calls=32 rows/call=96 runs/call=192.0 preads/call=192.0 read=1.613ms fadv/call=0.0 pf_hit=100%(32)
(Worker_TP1 pid=464) [gv2-census] calls=32 rows/call=96 runs/call=192.0 preads/call=192.0 read=1.547ms fadv/call=0.0 pf_hit=100%(32)
(Worker_TP1 pid=464) [gv2-census] calls=32 rows/call=96 runs/call=192.0 preads/call=192.0 read=1.444ms fadv/call=0.0 pf_hit=100%(32)
(Worker_TP1 pid=464) [gv2-census] calls=32 rows/call=96 runs/call=192.0 preads/call=192.0 read=1.636ms fadv/call=0.0 pf_hit=100%(32)
(Worker_TP1 pid=464) [gv2-census] calls=32 rows/call=96 runs/call=192.0 preads/call=192.0 read=1.553ms fadv/call=0.0 pf_hit=100%(32)
(Worker_TP1 pid=464) [gv2-census] calls=32 rows/call=93 runs/call=187.5 preads/call=187.5 read=1.966ms fadv/call=91.3 pf_hit=85%(32)
(Worker_TP1 pid=464) [gv2-census] calls=32 rows/call=48 runs/call=96.0 preads/call=96.0 read=1.376ms fadv/call=0.0 pf_hit=100%(32)
(Worker_TP1 pid=464) [gv2-census] calls=32 rows/call=48 runs/call=96.0 preads/call=96.0 read=1.973ms fadv/call=0.0 pf_hit=100%(32)
(Worker_TP1 pid=464) [gv2-census] calls=32 rows/call=48 runs/call=96.0 preads/call=96.0 read=1.313ms fadv/call=0.0 pf_hit=100%(32)
(Worker_TP1 pid=464) [gv2-census] calls=32 rows/call=48 runs/call=96.0 preads/call=96.0 read=1.401ms fadv/call=0.0 pf_hit=100%(32)
(Worker_TP1 pid=464) [gv2-census] calls=32 rows/call=48 runs/call=96.0 preads/call=96.0 read=0.940ms fadv/call=0.0 pf_hit=100%(32)
(Worker_TP1 pid=464) [gv2-census] calls=32 rows/call=48 runs/call=96.0 preads/call=96.0 read=0.853ms fadv/call=0.0 pf_hit=100%(32)
(Worker_TP1 pid=464) [gv2-census] calls=32 rows/call=48 runs/call=96.0 preads/call=96.0 read=0.793ms fadv/call=0.0 pf_hit=100%(32)
(Worker_TP1 pid=464) [gv2-census] calls=32 rows/call=48 runs/call=96.0 preads/call=96.0 read=1.393ms fadv/call=0.0 pf_hit=100%(32)
(Worker_TP1 pid=464) [gv2-census] calls=32 rows/call=48 runs/call=96.0 preads/call=96.0 read=0.893ms fadv/call=0.0 pf_hit=100%(32)
(Worker_TP1 pid=464) [gv2-census] calls=32 rows/call=48 runs/call=96.0 preads/call=96.0 read=0.751ms fadv/call=0.0 pf_hit=100%(32)
(Worker_TP1 pid=464) [gv2-census] calls=32 rows/call=48 runs/call=96.0 preads/call=96.0 read=1.002ms fadv/call=0.0 pf_hit=100%(32)
(Worker_TP1 pid=464) [gv2-census] calls=32 rows/call=48 runs/call=96.0 preads/call=96.0 read=0.954ms fadv/call=0.0 pf_hit=100%(32)
(Worker_TP1 pid=464) [gv2-census] calls=32 rows/call=48 runs/call=96.0 preads/call=96.0 read=0.826ms fadv/call=0.0 pf_hit=100%(32)
(Worker_TP1 pid=464) [gv2-census] calls=32 rows/call=48 runs/call=96.0 preads/call=96.0 read=0.769ms fadv/call=0.0 pf_hit=100%(32)
(Worker_TP1 pid=464) [gv2-census] calls=32 rows/call=90 runs/call=181.5 preads/call=181.5 read=1.724ms fadv/call=91.3 pf_hit=90%(32)
(Worker_TP1 pid=464) [gv2-census] calls=32 rows/call=48 runs/call=96.0 preads/call=96.0 read=1.358ms fadv/call=0.0 pf_hit=100%(32)
(Worker_TP1 pid=464) [gv2-census] calls=32 rows/call=48 runs/call=96.0 preads/call=96.0 read=1.418ms fadv/call=0.0 pf_hit=100%(32)
(Worker_TP1 pid=464) [gv2-census] calls=32 rows/call=48 runs/call=96.0 preads/call=96.0 read=0.787ms fadv/call=0.0 pf_hit=100%(32)
(Worker_TP1 pid=464) [gv2-census] calls=32 rows/call=48 runs/call=96.0 preads/call=96.0 read=0.816ms fadv/call=0.0 pf_hit=100%(32)
(Worker_TP1 pid=464) [gv2-census] calls=32 rows/call=48 runs/call=96.0 preads/call=96.0 read=0.939ms fadv/call=0.0 pf_hit=100%(32)
(Worker_TP1 pid=464) [gv2-census] calls=32 rows/call=48 runs/call=96.0 preads/call=96.0 read=0.822ms fadv/call=0.0 pf_hit=100%(32)
(Worker_TP1 pid=464) [gv2-census] calls=32 rows/call=48 runs/call=96.0 preads/call=96.0 read=0.866ms fadv/call=0.0 pf_hit=100%(32)
(Worker_TP1 pid=464) [gv2-census] calls=32 rows/call=48 runs/call=96.0 preads/call=96.0 read=0.761ms fadv/call=0.0 pf_hit=100%(32)
(Worker_TP1 pid=464) [gv2-census] calls=32 rows/call=48 runs/call=96.0 preads/call=96.0 read=0.896ms fadv/call=0.0 pf_hit=100%(32)
(Worker_TP1 pid=464) [gv2-census] calls=32 rows/call=48 runs/call=96.0 preads/call=96.0 read=0.820ms fadv/call=0.0 pf_hit=100%(32)
(Worker_TP1 pid=464) [gv2-census] calls=32 rows/call=48 runs/call=96.0 preads/call=96.0 read=0.935ms fadv/call=0.0 pf_hit=100%(32)
(Worker_TP1 pid=464) [gv2-census] calls=32 rows/call=48 runs/call=96.0 preads/call=96.0 read=0.775ms fadv/call=0.0 pf_hit=100%(32)
(Worker_TP1 pid=464) [gv2-census] calls=32 rows/call=48 runs/call=96.0 preads/call=96.0 read=0.947ms fadv/call=0.0 pf_hit=100%(32)
(Worker_TP1 pid=464) [gv2-census] calls=32 rows/call=48 runs/call=96.0 preads/call=96.0 read=0.917ms fadv/call=0.0 pf_hit=100%(32)
(Worker_TP1 pid=464) [gv2-census] calls=32 rows/call=90 runs/call=181.5 preads/call=181.5 read=2.446ms fadv/call=91.3 pf_hit=90%(32)
(Worker_TP1 pid=464) [gv2-census] calls=32 rows/call=48 runs/call=96.0 preads/call=96.0 read=1.522ms fadv/call=0.0 pf_hit=100%(32)
(Worker_TP1 pid=464) [gv2-census] calls=32 rows/call=48 runs/call=96.0 preads/call=96.0 read=0.806ms fadv/call=0.0 pf_hit=100%(32)
(Worker_TP1 pid=464) [gv2-census] calls=32 rows/call=48 runs/call=96.0 preads/call=96.0 read=0.813ms fadv/call=0.0 pf_hit=100%(32)
(Worker_TP1 pid=464) [gv2-census] calls=32 rows/call=48 runs/call=96.0 preads/call=96.0 read=0.934ms fadv/call=0.0 pf_hit=100%(32)
(Worker_TP1 pid=464) [gv2-census] calls=32 rows/call=48 runs/call=96.0 preads/call=96.0 read=1.297ms fadv/call=0.0 pf_hit=100%(32)
(Worker_TP1 pid=464) [gv2-census] calls=32 rows/call=48 runs/call=96.0 preads/call=96.0 read=0.844ms fadv/call=0.0 pf_hit=100%(32)
(Worker_TP1 pid=464) [gv2-census] calls=32 rows/call=48 runs/call=96.0 preads/call=96.0 read=0.960ms fadv/call=0.0 pf_hit=100%(32)
(Worker_TP1 pid=464) [gv2-census] calls=32 rows/call=48 runs/call=96.0 preads/call=96.0 read=0.875ms fadv/call=0.0 pf_hit=100%(32)
(Worker_TP1 pid=464) [gv2-census] calls=32 rows/call=48 runs/call=96.0 preads/call=96.0 read=0.956ms fadv/call=0.0 pf_hit=100%(32)
(Worker_TP1 pid=464) [gv2-census] calls=32 rows/call=48 runs/call=96.0 preads/call=96.0 read=1.974ms fadv/call=0.0 pf_hit=100%(32)
(Worker_TP1 pid=464) [gv2-census] calls=32 rows/call=48 runs/call=96.0 preads/call=96.0 read=0.981ms fadv/call=0.0 pf_hit=100%(32)
(Worker_TP1 pid=464) [gv2-census] calls=32 rows/call=48 runs/call=96.0 preads/call=96.0 read=0.976ms fadv/call=0.0 pf_hit=100%(32)
(Worker_TP1 pid=464) [gv2-census] calls=32 rows/call=48 runs/call=96.0 preads/call=96.0 read=0.951ms fadv/call=0.0 pf_hit=100%(32)
(Worker_TP1 pid=464) [gv2-census] calls=32 rows/call=48 runs/call=96.0 preads/call=96.0 read=0.868ms fadv/call=0.0 pf_hit=100%(32)
(Worker_TP1 pid=464) [gv2-census] calls=32 rows/call=90 runs/call=181.5 preads/call=181.5 read=1.949ms fadv/call=91.3 pf_hit=90%(32)
(Worker_TP1 pid=464) [gv2-census] calls=32 rows/call=48 runs/call=96.0 preads/call=96.0 read=1.372ms fadv/call=0.0 pf_hit=100%(32)
(Worker_TP1 pid=464) [gv2-census] calls=32 rows/call=48 runs/call=96.0 preads/call=96.0 read=2.028ms fadv/call=0.0 pf_hit=100%(32)
(Worker_TP1 pid=464) [gv2-census] calls=32 rows/call=48 runs/call=96.0 preads/call=96.0 read=1.031ms fadv/call=0.0 pf_hit=100%(32)
(Worker_TP1 pid=464) [gv2-census] calls=32 rows/call=48 runs/call=96.0 preads/call=96.0 read=1.008ms fadv/call=0.0 pf_hit=100%(32)
(Worker_TP1 pid=464) [gv2-census] calls=32 rows/call=48 runs/call=96.0 preads/call=96.0 read=1.556ms fadv/call=0.0 pf_hit=100%(32)
(Worker_TP1 pid=464) [gv2-census] calls=32 rows/call=48 runs/call=96.0 preads/call=96.0 read=1.014ms fadv/call=0.0 pf_hit=100%(32)
(Worker_TP1 pid=464) [gv2-census] calls=32 rows/call=48 runs/call=96.0 preads/call=96.0 read=0.841ms fadv/call=0.0 pf_hit=100%(32)
(Worker_TP1 pid=464) [gv2-census] calls=32 rows/call=48 runs/call=96.0 preads/call=96.0 read=0.868ms fadv/call=0.0 pf_hit=100%(32)
(Worker_TP1 pid=464) [gv2-census] calls=32 rows/call=48 runs/call=96.0 preads/call=96.0 read=0.900ms fadv/call=0.0 pf_hit=100%(32)
(Worker_TP1 pid=464) [gv2-census] calls=32 rows/call=48 runs/call=96.0 preads/call=96.0 read=0.935ms fadv/call=0.0 pf_hit=100%(32)
(Worker_TP1 pid=464) [gv2-census] calls=32 rows/call=48 runs/call=96.0 preads/call=96.0 read=0.832ms fadv/call=0.0 pf_hit=100%(32)
(Worker_TP1 pid=464) [gv2-census] calls=32 rows/call=48 runs/call=96.0 preads/call=96.0 read=0.924ms fadv/call=0.0 pf_hit=100%(32)
(Worker_TP1 pid=464) [gv2-census] calls=32 rows/call=48 runs/call=96.0 preads/call=96.0 read=0.865ms fadv/call=0.0 pf_hit=100%(32)
(Worker_TP1 pid=464) [gv2-census] calls=32 rows/call=48 runs/call=96.0 preads/call=96.0 read=0.991ms fadv/call=0.0 pf_hit=100%(32)
(Worker_TP1 pid=464) [gv2-census] calls=32 rows/call=90 runs/call=181.5 preads/call=181.5 read=2.849ms fadv/call=91.3 pf_hit=90%(32)
(Worker_TP1 pid=464) [gv2-census] calls=32 rows/call=48 runs/call=96.0 preads/call=96.0 read=1.478ms fadv/call=0.0 pf_hit=100%(32)
(Worker_TP1 pid=464) [gv2-census] calls=32 rows/call=48 runs/call=96.0 preads/call=96.0 read=0.912ms fadv/call=0.0 pf_hit=100%(32)
(Worker_TP1 pid=464) [gv2-census] calls=32 rows/call=48 runs/call=96.0 preads/call=96.0 read=2.049ms fadv/call=0.0 pf_hit=100%(32)
(Worker_TP1 pid=464) [gv2-census] calls=32 rows/call=48 runs/call=96.0 preads/call=96.0 read=0.918ms fadv/call=0.0 pf_hit=100%(32)
(Worker_TP1 pid=464) [gv2-census] calls=32 rows/call=48 runs/call=96.0 preads/call=96.0 read=0.909ms fadv/call=0.0 pf_hit=100%(32)
(Worker_TP1 pid=464) [gv2-census] calls=32 rows/call=48 runs/call=96.0 preads/call=96.0 read=0.903ms fadv/call=0.0 pf_hit=100%(32)
(Worker_TP1 pid=464) [gv2-census] calls=32 rows/call=48 runs/call=96.0 preads/call=96.0 read=1.450ms fadv/call=0.0 pf_hit=100%(32)
(Worker_TP1 pid=464) [gv2-census] calls=32 rows/call=48 runs/call=96.0 preads/call=96.0 read=1.027ms fadv/call=0.0 pf_hit=100%(32)
(Worker_TP1 pid=464) [gv2-census] calls=32 rows/call=48 runs/call=96.0 preads/call=96.0 read=0.992ms fadv/call=0.0 pf_hit=100%(32)
(Worker_TP1 pid=464) [gv2-census] calls=32 rows/call=48 runs/call=96.0 preads/call=96.0 read=1.515ms fadv/call=0.0 pf_hit=100%(32)
(Worker_TP1 pid=464) [gv2-census] calls=32 rows/call=48 runs/call=96.0 preads/call=96.0 read=1.370ms fadv/call=0.0 pf_hit=100%(32)
(Worker_TP1 pid=464) [gv2-census] calls=32 rows/call=48 runs/call=96.0 preads/call=96.0 read=0.978ms fadv/call=0.0 pf_hit=100%(32)
(Worker_TP1 pid=464) [gv2-census] calls=32 rows/call=48 runs/call=96.0 preads/call=96.0 read=0.865ms fadv/call=0.0 pf_hit=100%(32)
(Worker_TP1 pid=464) [gv2-census] calls=32 rows/call=48 runs/call=96.0 preads/call=96.0 read=0.914ms fadv/call=0.0 pf_hit=100%(32)
(Worker_TP1 pid=464) [gv2-census] calls=32 rows/call=48 runs/call=96.0 preads/call=96.0 read=0.846ms fadv/call=0.0 pf_hit=100%(32)
(Worker_TP1 pid=464) [gv2-census] calls=32 rows/call=90 runs/call=181.5 preads/call=181.5 read=1.459ms fadv/call=91.3 pf_hit=90%(32)
(Worker_TP1 pid=464) [gv2-census] calls=32 rows/call=48 runs/call=96.0 preads/call=96.0 read=1.276ms fadv/call=0.0 pf_hit=100%(32)
(Worker_TP1 pid=464) [gv2-census] calls=32 rows/call=48 runs/call=96.0 preads/call=96.0 read=0.638ms fadv/call=0.0 pf_hit=100%(32)
(Worker_TP1 pid=464) [gv2-census] calls=32 rows/call=48 runs/call=96.0 preads/call=96.0 read=0.738ms fadv/call=0.0 pf_hit=100%(32)
(Worker_TP1 pid=464) [gv2-census] calls=32 rows/call=48 runs/call=96.0 preads/call=96.0 read=0.704ms fadv/call=0.0 pf_hit=100%(32)
(Worker_TP1 pid=464) [gv2-census] calls=32 rows/call=48 runs/call=96.0 preads/call=96.0 read=0.886ms fadv/call=0.0 pf_hit=100%(32)
(Worker_TP1 pid=464) [gv2-census] calls=32 rows/call=48 runs/call=96.0 preads/call=96.0 read=0.662ms fadv/call=0.0 pf_hit=100%(32)
(Worker_TP1 pid=464) [gv2-census] calls=32 rows/call=48 runs/call=96.0 preads/call=96.0 read=0.856ms fadv/call=0.0 pf_hit=100%(32)
(Worker_TP1 pid=464) [gv2-census] calls=32 rows/call=48 runs/call=96.0 preads/call=96.0 read=0.767ms fadv/call=0.0 pf_hit=100%(32)
(Worker_TP1 pid=464) [gv2-census] calls=32 rows/call=48 runs/call=96.0 preads/call=96.0 read=0.725ms fadv/call=0.0 pf_hit=100%(32)
(Worker_TP1 pid=464) [gv2-census] calls=32 rows/call=48 runs/call=96.0 preads/call=96.0 read=0.827ms fadv/call=0.0 pf_hit=100%(32)
(Worker_TP1 pid=464) [gv2-census] calls=32 rows/call=48 runs/call=96.0 preads/call=96.0 read=0.847ms fadv/call=0.0 pf_hit=100%(32)
(Worker_TP1 pid=464) [gv2-census] calls=32 rows/call=48 runs/call=96.0 preads/call=96.0 read=0.750ms fadv/call=0.0 pf_hit=100%(32)
(Worker_TP1 pid=464) [gv2-census] calls=32 rows/call=48 runs/call=96.0 preads/call=96.0 read=0.781ms fadv/call=0.0 pf_hit=100%(32)
(Worker_TP1 pid=464) [gv2-census] calls=32 rows/call=48 runs/call=96.0 preads/call=96.0 read=0.837ms fadv/call=0.0 pf_hit=100%(32)
(Worker_TP1 pid=464) [gv2-census] calls=32 rows/call=90 runs/call=181.5 preads/call=181.5 read=1.585ms fadv/call=91.3 pf_hit=90%(32)
(Worker_TP1 pid=464) [gv2-census] calls=32 rows/call=48 runs/call=96.0 preads/call=96.0 read=1.740ms fadv/call=0.0 pf_hit=100%(32)
(Worker_TP1 pid=464) [gv2-census] calls=32 rows/call=48 runs/call=96.0 preads/call=96.0 read=1.286ms fadv/call=0.0 pf_hit=100%(32)
(Worker_TP1 pid=464) [gv2-census] calls=32 rows/call=48 runs/call=96.0 preads/call=96.0 read=1.212ms fadv/call=0.0 pf_hit=100%(32)
(Worker_TP1 pid=464) [gv2-census] calls=32 rows/call=48 runs/call=96.0 preads/call=96.0 read=0.902ms fadv/call=0.0 pf_hit=100%(32)
(Worker_TP1 pid=464) [gv2-census] calls=32 rows/call=48 runs/call=96.0 preads/call=96.0 read=0.735ms fadv/call=0.0 pf_hit=100%(32)
(Worker_TP1 pid=464) [gv2-census] calls=32 rows/call=48 runs/call=96.0 preads/call=96.0 read=0.802ms fadv/call=0.0 pf_hit=100%(32)
(Worker_TP1 pid=464) [gv2-census] calls=32 rows/call=48 runs/call=96.0 preads/call=96.0 read=1.334ms fadv/call=0.0 pf_hit=100%(32)
(Worker_TP1 pid=464) [gv2-census] calls=32 rows/call=48 runs/call=96.0 preads/call=96.0 read=0.771ms fadv/call=0.0 pf_hit=100%(32)
(Worker_TP1 pid=464) [gv2-census] calls=32 rows/call=48 runs/call=96.0 preads/call=96.0 read=0.724ms fadv/call=0.0 pf_hit=100%(32)
(Worker_TP1 pid=464) [gv2-census] calls=32 rows/call=48 runs/call=96.0 preads/call=96.0 read=0.905ms fadv/call=0.0 pf_hit=100%(32)
(Worker_TP1 pid=464) [gv2-census] calls=32 rows/call=48 runs/call=96.0 preads/call=96.0 read=0.746ms fadv/call=0.0 pf_hit=100%(32)
(Worker_TP1 pid=464) [gv2-census] calls=32 rows/call=48 runs/call=96.0 preads/call=96.0 read=1.283ms fadv/call=0.0 pf_hit=100%(32)
(Worker_TP1 pid=464) [gv2-census] calls=32 rows/call=48 runs/call=96.0 preads/call=96.0 read=0.709ms fadv/call=0.0 pf_hit=100%(32)
(Worker_TP1 pid=464) [gv2-census] calls=32 rows/call=48 runs/call=96.0 preads/call=96.0 read=1.317ms fadv/call=0.0 pf_hit=100%(32)
(Worker_TP1 pid=464) [gv2-census] calls=32 rows/call=48 runs/call=96.0 preads/call=96.0 read=0.836ms fadv/call=0.0 pf_hit=100%(32)
(Worker_TP1 pid=464) [gv2-census] calls=32 rows/call=90 runs/call=181.5 preads/call=181.5 read=2.144ms fadv/call=91.3 pf_hit=90%(32)
(Worker_TP1 pid=464) [gv2-census] calls=32 rows/call=48 runs/call=96.0 preads/call=96.0 read=0.678ms fadv/call=0.0 pf_hit=100%(32)
(Worker_TP1 pid=464) [gv2-census] calls=32 rows/call=48 runs/call=96.0 preads/call=96.0 read=0.831ms fadv/call=0.0 pf_hit=100%(32)
(Worker_TP1 pid=464) [gv2-census] calls=32 rows/call=48 runs/call=96.0 preads/call=96.0 read=2.380ms fadv/call=0.0 pf_hit=100%(32)
(Worker_TP1 pid=464) [gv2-census] calls=32 rows/call=48 runs/call=96.0 preads/call=96.0 read=0.819ms fadv/call=0.0 pf_hit=100%(32)
(Worker_TP1 pid=464) [gv2-census] calls=32 rows/call=48 runs/call=96.0 preads/call=96.0 read=0.849ms fadv/call=0.0 pf_hit=100%(32)
(Worker_TP1 pid=464) [gv2-census] calls=32 rows/call=48 runs/call=96.0 preads/call=96.0 read=1.322ms fadv/call=0.0 pf_hit=100%(32)
(Worker_TP1 pid=464) [gv2-census] calls=32 rows/call=48 runs/call=96.0 preads/call=96.0 read=1.344ms fadv/call=0.0 pf_hit=100%(32)
(Worker_TP1 pid=464) [gv2-census] calls=32 rows/call=48 runs/call=96.0 preads/call=96.0 read=1.271ms fadv/call=0.0 pf_hit=100%(32)
(Worker_TP1 pid=464) [gv2-census] calls=32 rows/call=48 runs/call=96.0 preads/call=96.0 read=0.712ms fadv/call=0.0 pf_hit=100%(32)
(Worker_TP1 pid=464) [gv2-census] calls=32 rows/call=48 runs/call=96.0 preads/call=96.0 read=0.791ms fadv/call=0.0 pf_hit=100%(32)
(Worker_TP1 pid=464) [gv2-census] calls=32 rows/call=48 runs/call=96.0 preads/call=96.0 read=1.465ms fadv/call=0.0 pf_hit=100%(32)
(Worker_TP1 pid=464) [gv2-census] calls=32 rows/call=48 runs/call=96.0 preads/call=96.0 read=0.859ms fadv/call=0.0 pf_hit=100%(32)
(Worker_TP1 pid=464) [gv2-census] calls=32 rows/call=48 runs/call=96.0 preads/call=96.0 read=0.699ms fadv/call=0.0 pf_hit=100%(32)
(Worker_TP1 pid=464) [gv2-census] calls=32 rows/call=90 runs/call=181.5 preads/call=181.5 read=1.772ms fadv/call=91.3 pf_hit=94%(32)
(Worker_TP1 pid=464) [gv2-census] calls=32 rows/call=48 runs/call=96.0 preads/call=96.0 read=1.470ms fadv/call=0.0 pf_hit=96%(32)
(Worker_TP1 pid=464) [gv2-census] calls=32 rows/call=48 runs/call=96.0 preads/call=96.0 read=1.449ms fadv/call=0.0 pf_hit=100%(32)
(Worker_TP1 pid=464) [gv2-census] calls=32 rows/call=48 runs/call=96.0 preads/call=96.0 read=0.729ms fadv/call=0.0 pf_hit=100%(32)
(Worker_TP1 pid=464) [gv2-census] calls=32 rows/call=48 runs/call=96.0 preads/call=96.0 read=0.847ms fadv/call=0.0 pf_hit=100%(32)
(Worker_TP1 pid=464) [gv2-census] calls=32 rows/call=48 runs/call=96.0 preads/call=96.0 read=0.914ms fadv/call=0.0 pf_hit=100%(32)
(Worker_TP1 pid=464) [gv2-census] calls=32 rows/call=48 runs/call=96.0 preads/call=96.0 read=0.918ms fadv/call=0.0 pf_hit=100%(32)
(Worker_TP1 pid=464) [gv2-census] calls=32 rows/call=48 runs/call=96.0 preads/call=96.0 read=0.807ms fadv/call=0.0 pf_hit=100%(32)
(Worker_TP1 pid=464) [gv2-census] calls=32 rows/call=48 runs/call=96.0 preads/call=96.0 read=0.896ms fadv/call=0.0 pf_hit=100%(32)
(Worker_TP1 pid=464) [gv2-census] calls=32 rows/call=48 runs/call=96.0 preads/call=96.0 read=1.282ms fadv/call=0.0 pf_hit=100%(32)
(Worker_TP1 pid=464) [gv2-census] calls=32 rows/call=48 runs/call=96.0 preads/call=96.0 read=0.829ms fadv/call=0.0 pf_hit=100%(32)
(Worker_TP1 pid=464) [gv2-census] calls=32 rows/call=48 runs/call=96.0 preads/call=96.0 read=0.927ms fadv/call=0.0 pf_hit=100%(32)
(Worker_TP1 pid=464) [gv2-census] calls=32 rows/call=48 runs/call=96.0 preads/call=96.0 read=0.997ms fadv/call=0.0 pf_hit=100%(32)
(Worker_TP1 pid=464) [gv2-census] calls=32 rows/call=48 runs/call=96.0 preads/call=96.0 read=0.959ms fadv/call=0.0 pf_hit=100%(32)
(Worker_TP1 pid=464) [gv2-census] calls=32 rows/call=48 runs/call=96.0 preads/call=96.0 read=1.549ms fadv/call=0.0 pf_hit=100%(32)
(Worker_TP1 pid=464) [gv2-census] calls=32 rows/call=48 runs/call=96.0 preads/call=96.0 read=0.923ms fadv/call=0.0 pf_hit=100%(32)
(Worker_TP1 pid=464) [gv2-census] calls=32 rows/call=90 runs/call=181.5 preads/call=181.5 read=2.288ms fadv/call=91.3 pf_hit=90%(32)
(Worker_TP1 pid=464) [gv2-census] calls=32 rows/call=48 runs/call=96.0 preads/call=96.0 read=1.474ms fadv/call=0.0 pf_hit=100%(32)
(Worker_TP1 pid=464) [gv2-census] calls=32 rows/call=48 runs/call=96.0 preads/call=96.0 read=1.407ms fadv/call=0.0 pf_hit=100%(32)
(Worker_TP1 pid=464) [gv2-census] calls=32 rows/call=48 runs/call=96.0 preads/call=96.0 read=0.965ms fadv/call=0.0 pf_hit=100%(32)
(Worker_TP1 pid=464) [gv2-census] calls=32 rows/call=48 runs/call=96.0 preads/call=96.0 read=1.547ms fadv/call=0.0 pf_hit=100%(32)
(Worker_TP1 pid=464) [gv2-census] calls=32 rows/call=48 runs/call=96.0 preads/call=96.0 read=1.406ms fadv/call=0.0 pf_hit=100%(32)
(Worker_TP1 pid=464) [gv2-census] calls=32 rows/call=48 runs/call=96.0 preads/call=96.0 read=0.871ms fadv/call=0.0 pf_hit=100%(32)
(Worker_TP1 pid=464) [gv2-census] calls=32 rows/call=48 runs/call=96.0 preads/call=96.0 read=0.846ms fadv/call=0.0 pf_hit=100%(32)
(Worker_TP1 pid=464) [gv2-census] calls=32 rows/call=48 runs/call=96.0 preads/call=96.0 read=0.831ms fadv/call=0.0 pf_hit=100%(32)
(Worker_TP1 pid=464) [gv2-census] calls=32 rows/call=48 runs/call=96.0 preads/call=96.0 read=0.815ms fadv/call=0.0 pf_hit=100%(32)
(Worker_TP1 pid=464) [gv2-census] calls=32 rows/call=48 runs/call=96.0 preads/call=96.0 read=0.658ms fadv/call=0.0 pf_hit=100%(32)
(Worker_TP1 pid=464) [gv2-census] calls=32 rows/call=48 runs/call=96.0 preads/call=96.0 read=0.755ms fadv/call=0.0 pf_hit=100%(32)
(Worker_TP1 pid=464) [gv2-census] calls=32 rows/call=48 runs/call=96.0 preads/call=96.0 read=0.749ms fadv/call=0.0 pf_hit=100%(32)
(Worker_TP1 pid=464) [gv2-census] calls=32 rows/call=48 runs/call=96.0 preads/call=96.0 read=0.931ms fadv/call=0.0 pf_hit=100%(32)
(Worker_TP1 pid=464) [gv2-census] calls=32 rows/call=48 runs/call=96.0 preads/call=96.0 read=0.904ms fadv/call=0.0 pf_hit=100%(32)
(Worker_TP1 pid=464) [gv2-census] calls=32 rows/call=90 runs/call=181.5 preads/call=181.5 read=1.677ms fadv/call=91.3 pf_hit=94%(32)
(Worker_TP1 pid=464) [gv2-census] calls=32 rows/call=48 runs/call=96.0 preads/call=96.0 read=1.930ms fadv/call=0.0 pf_hit=96%(32)
(Worker_TP1 pid=464) [gv2-census] calls=32 rows/call=48 runs/call=96.0 preads/call=96.0 read=0.647ms fadv/call=0.0 pf_hit=100%(32)
(Worker_TP1 pid=464) [gv2-census] calls=32 rows/call=48 runs/call=96.0 preads/call=96.0 read=0.699ms fadv/call=0.0 pf_hit=100%(32)
(Worker_TP1 pid=464) [gv2-census] calls=32 rows/call=48 runs/call=96.0 preads/call=96.0 read=1.454ms fadv/call=0.0 pf_hit=100%(32)
(Worker_TP1 pid=464) [gv2-census] calls=32 rows/call=48 runs/call=96.0 preads/call=96.0 read=0.899ms fadv/call=0.0 pf_hit=100%(32)
(Worker_TP1 pid=464) [gv2-census] calls=32 rows/call=48 runs/call=96.0 preads/call=96.0 read=0.842ms fadv/call=0.0 pf_hit=100%(32)
(Worker_TP1 pid=464) [gv2-census] calls=32 rows/call=48 runs/call=96.0 preads/call=96.0 read=0.843ms fadv/call=0.0 pf_hit=100%(32)
(Worker_TP1 pid=464) [gv2-census] calls=32 rows/call=48 runs/call=96.0 preads/call=96.0 read=0.860ms fadv/call=0.0 pf_hit=100%(32)
(Worker_TP1 pid=464) [gv2-census] calls=32 rows/call=48 runs/call=96.0 preads/call=96.0 read=0.775ms fadv/call=0.0 pf_hit=100%(32)
(Worker_TP1 pid=464) [gv2-census] calls=32 rows/call=48 runs/call=96.0 preads/call=96.0 read=0.710ms fadv/call=0.0 pf_hit=100%(32)
(Worker_TP1 pid=464) [gv2-census] calls=32 rows/call=48 runs/call=96.0 preads/call=96.0 read=0.911ms fadv/call=0.0 pf_hit=100%(32)
(Worker_TP1 pid=464) [gv2-census] calls=32 rows/call=48 runs/call=96.0 preads/call=96.0 read=0.887ms fadv/call=0.0 pf_hit=100%(32)
(Worker_TP1 pid=464) [gv2-census] calls=32 rows/call=48 runs/call=96.0 preads/call=96.0 read=1.377ms fadv/call=0.0 pf_hit=100%(32)
(Worker_TP1 pid=464) [gv2-census] calls=32 rows/call=48 runs/call=96.0 preads/call=96.0 read=1.111ms fadv/call=0.0 pf_hit=100%(32)
