spark2:1:1 [0] NCCL INFO ncclOsDlopen(libnccl-env.so) failed: libnccl-env.so: cannot open shared object file: No such file or directory
spark2:1:1 [0] NCCL INFO ENV/Plugin: Could not find: libnccl-env.so
spark2:1:1 [0] NCCL INFO cudaDriverVersion 13000
spark2:1:1 [0] NCCL INFO NCCL_SOCKET_IFNAME set to enp1s0f1np1
spark2:1:1 [0] NCCL INFO NCCL version 2.30.7+cuda13.3
spark2:1:1 [0] NCCL INFO NCCL git version HEAD a5187fa2e
spark2:1:1 [0] NCCL INFO ncclOsDlopen(libnccl-net.so) failed: libnccl-net.so: cannot open shared object file: No such file or directory
spark2:1:1 [0] NCCL INFO NET/Plugin: Could not find: libnccl-net.so
spark2:1:1 [0] NCCL INFO dlvsym failed on mlx5dv_get_data_direct_sysfs_path - /lib/aarch64-linux-gnu/libmlx5.so: undefined symbol: mlx5dv_get_data_direct_sysfs_path, version MLX5_1.25 version MLX5_1.25
spark2:1:1 [0] NCCL INFO dlvsym failed on mlx5dv_reg_dmabuf_mr - /lib/aarch64-linux-gnu/libmlx5.so: undefined symbol: mlx5dv_reg_dmabuf_mr, version MLX5_1.25 version MLX5_1.25
spark2:1:1 [0] NCCL INFO NCCL_IB_HCA set to rocep1s0f1,roceP2p1s0f1
spark2:1:1 [0] NCCL INFO NET/IB: [1] rocep1s0f1:uverbs1:1/RoCE provider=Mlx5 speed=200000 context=0x318ecf10 pciPath=/sys/devices/pci0000:00/0000:00:00.0/0000:01:00.0 ar=0 oooRqSize=0
spark2:1:1 [0] NCCL INFO NET/IB: [3] roceP2p1s0f1:uverbs3:1/RoCE provider=Mlx5 speed=200000 context=0x3192e610 pciPath=/sys/devices/pci0002:00/0002:00:00.0/0002:01:00.0 ar=0 oooRqSize=0
spark2:1:1 [0] NCCL INFO NET/IB : Made virtual device [0] name=rocep1s0f1 speed=200000 ndevs=1 rail=-1 plane=-1
spark2:1:1 [0] NCCL INFO NET/IB : Made virtual device [1] name=roceP2p1s0f1 speed=200000 ndevs=1 rail=-1 plane=-1
spark2:1:1 [0] NCCL INFO NET/IB : Using [0]rocep1s0f1:1/RoCE [1]roceP2p1s0f1:1/RoCE [RO]; OOB enp1s0f1np1:10.100.8.2<0>
spark2:1:1 [0] NCCL INFO Initialized NET plugin IB
spark2:1:1 [0] NCCL INFO Assigned NET plugin IB to comm
spark2:1:1 [0] NCCL INFO ncclOsDlopen(libnccl-rma.so) failed: libnccl-rma.so: cannot open shared object file: No such file or directory
spark2:1:1 [0] NCCL INFO RMA/Plugin: Could not find: libnccl-rma.so
spark2:1:1 [0] NCCL INFO RMA/Plugin: Failed to load external plugin libnccl-rma.so, dlHandle: (nil), ncclRma: (nil)
spark2:1:1 [0] NCCL INFO RMA/Plugin: Assigned plugin RMA_IB_PROXY to comm
spark2:1:1 [0] NCCL INFO ncclOsDlopen(libnccl-gin.so) failed: libnccl-gin.so: cannot open shared object file: No such file or directory
spark2:1:1 [0] NCCL INFO GIN/Plugin: Could not find: libnccl-gin.so
spark2:1:1 [0] NCCL INFO GIN/Plugin: Failed to load external plugin libnccl-gin.so, dlHandle: (nil), ncclGin: (nil)
spark2:1:1 [0] NCCL INFO GIN/Plugin: Assigned plugin GIN_IB_GDAKI type 3 to comm
spark2:1:1 [0] NCCL INFO Using network IB
spark2:1:1 [0] NCCL INFO Loaded NVML from libnvidia-ml.so.1
spark2:1:1 [0] NCCL INFO [Rank 1] ncclCommInitRankConfig comm 0x2ee315a0 rank 1 nranks 2 cudaDev 0 nvmlDev 0 busId f01000 commId 0x31de2006aa8f267d - Init START
spark2:1:1 [0] NCCL INFO RAS client listening socket at 127.0.0.1<28028>
spark2:1:1 [0] NCCL INFO Topology detection: could not read /sys/devices/system/node/node4294967295/cpumap, using empty affinity
spark2:1:1 [0] NCCL INFO TOPO/NET : Importing network plugins to topology
spark2:1:1 [0] NCCL INFO NET/GIN_IB_GDAKI : GPU Direct RDMA Disabled for HCA 0 'rocep1s0f1'
spark2:1:1 [0] NCCL INFO ncclTopoPopulateNics : Filled rocep1s0f1 in topo with pciPath=/sys/devices/pci0000:00/0000:00:00.0/0000:01:00.0 net=0 gin=1 rma=(null) keep=1 coll=(null) rail=-1 plane=-1
spark2:1:1 [0] NCCL INFO NET/GIN_IB_GDAKI : GPU Direct RDMA Disabled for HCA 1 'roceP2p1s0f1'
spark2:1:1 [0] NCCL INFO ncclTopoPopulateNics : Filled roceP2p1s0f1 in topo with pciPath=/sys/devices/pci0002:00/0002:00:00.0/0002:01:00.0 net=0 gin=1 rma=(null) keep=1 coll=(null) rail=-1 plane=-1
spark2:1:1 [0] NCCL INFO NET/RMA_IB_PROXY : GPU Direct RDMA Disabled for HCA 0 'rocep1s0f1'
spark2:1:1 [0] NCCL INFO ncclTopoPopulateNics : Filled rocep1s0f1 in topo with pciPath=/sys/devices/pci0000:00/0000:00:00.0/0000:01:00.0 net=0 gin=1 rma=1 keep=1 coll=(null) rail=-1 plane=-1
spark2:1:1 [0] NCCL INFO NET/RMA_IB_PROXY : GPU Direct RDMA Disabled for HCA 1 'roceP2p1s0f1'
spark2:1:1 [0] NCCL INFO ncclTopoPopulateNics : Filled roceP2p1s0f1 in topo with pciPath=/sys/devices/pci0002:00/0002:00:00.0/0002:01:00.0 net=0 gin=1 rma=1 keep=1 coll=(null) rail=-1 plane=-1
spark2:1:1 [0] NCCL INFO NET/IB : GPU Direct RDMA Disabled for HCA 0 'rocep1s0f1'
spark2:1:1 [0] NCCL INFO ncclTopoPopulateNics : Filled rocep1s0f1 in topo with pciPath=/sys/devices/pci0000:00/0000:00:00.0/0000:01:00.0 net=1 gin=1 rma=1 keep=1 coll=(null) rail=-1 plane=-1
spark2:1:1 [0] NCCL INFO NET/IB : GPU Direct RDMA Disabled for HCA 1 'roceP2p1s0f1'
spark2:1:1 [0] NCCL INFO ncclTopoPopulateNics : Filled roceP2p1s0f1 in topo with pciPath=/sys/devices/pci0002:00/0002:00:00.0/0002:01:00.0 net=1 gin=1 rma=1 keep=1 coll=(null) rail=-1 plane=-1
spark2:1:1 [0] NCCL INFO === System : maxBw 12.0 totalBw 0.2 ===
spark2:1:1 [0] NCCL INFO CPU/0-ffffffffffffff (3/-1/-1)
spark2:1:1 [0] NCCL INFO + C2C[345.0] - DEV/0-f01000
spark2:1:1 [0] NCCL INFO + PCI[12.0] - NIC/0-1000
spark2:1:1 [0] NCCL INFO               + NET[25.0] - NET/0-0 (0/4a127f000347bb4c/1/25.000000)
spark2:1:1 [0] NCCL INFO               + NET[25.0] - GIN/0-0
spark2:1:1 [0] NCCL INFO               + NET[25.0] - RMA/0-0
spark2:1:1 [0] NCCL INFO + PCI[12.0] - NIC/0-201000
spark2:1:1 [0] NCCL INFO               + NET[25.0] - NET/0-1 (0/4a127f000347bb4c/1/25.000000)
spark2:1:1 [0] NCCL INFO               + NET[25.0] - GIN/0-1
spark2:1:1 [0] NCCL INFO               + NET[25.0] - RMA/0-1
spark2:1:1 [0] NCCL INFO + PCI[0.2] - DEV/0-f01000 (10de2e1210de0000)
spark2:1:1 [0] NCCL INFO              + LOC[5000.0] - GPU/0-f01000
spark2:1:1 [0] NCCL INFO              + C2C[345.0] - CPU/0-ffffffffffffff
spark2:1:1 [0] NCCL INFO ==========================================
spark2:1:1 [0] NCCL INFO GPU/0-f01000 :GPU/0-f01000 (0/5000.0/LOC) CPU/0-ffffffffffffff (2/345.0/C2C) NET/0-0 (4/12.0/P2C) NET/0-1 (4/12.0/P2C) GIN/0-0 (4/12.0/PHB) GIN/0-1 (4/12.0/PHB) RMA/0-0 (4/12.0/PHB) RMA/0-1 (4/12.0/PHB) DEV/0-f01000 (1/5000.0/LOC) 
spark2:1:1 [0] NCCL INFO NET/0-0 :GPU/0-f01000 (4/12.0/P2C) CPU/0-ffffffffffffff (2/12.0/PHB) NET/0-0 (0/5000.0/LOC) NET/0-1 (4/12.0/PHB) GIN/0-0 (2/25.0/LOC) GIN/0-1 (4/12.0/PHB) RMA/0-0 (2/25.0/LOC) RMA/0-1 (4/12.0/PHB) DEV/0-f01000 (3/12.0/PHB) 
spark2:1:1 [0] NCCL INFO NET/0-1 :GPU/0-f01000 (4/12.0/P2C) CPU/0-ffffffffffffff (2/12.0/PHB) NET/0-0 (4/12.0/PHB) NET/0-1 (0/5000.0/LOC) GIN/0-0 (4/12.0/PHB) GIN/0-1 (2/25.0/LOC) RMA/0-0 (4/12.0/PHB) RMA/0-1 (2/25.0/LOC) DEV/0-f01000 (3/12.0/PHB) 
spark2:1:1 [0] NCCL INFO GIN/0-0 :GPU/0-f01000 (4/12.0/PHB) CPU/0-ffffffffffffff (2/12.0/PHB) NET/0-0 (2/25.0/LOC) NET/0-1 (4/12.0/PHB) GIN/0-0 (0/5000.0/LOC) GIN/0-1 (4/12.0/PHB) RMA/0-0 (2/25.0/LOC) RMA/0-1 (4/12.0/PHB) DEV/0-f01000 (3/12.0/PHB) 
spark2:1:1 [0] NCCL INFO GIN/0-1 :GPU/0-f01000 (4/12.0/PHB) CPU/0-ffffffffffffff (2/12.0/PHB) NET/0-0 (4/12.0/PHB) NET/0-1 (2/25.0/LOC) GIN/0-0 (4/12.0/PHB) GIN/0-1 (0/5000.0/LOC) RMA/0-0 (4/12.0/PHB) RMA/0-1 (2/25.0/LOC) DEV/0-f01000 (3/12.0/PHB) 
spark2:1:1 [0] NCCL INFO RMA/0-0 :GPU/0-f01000 (4/12.0/PHB) CPU/0-ffffffffffffff (2/12.0/PHB) NET/0-0 (2/25.0/LOC) NET/0-1 (4/12.0/PHB) GIN/0-0 (2/25.0/LOC) GIN/0-1 (4/12.0/PHB) RMA/0-0 (0/5000.0/LOC) RMA/0-1 (4/12.0/PHB) DEV/0-f01000 (3/12.0/PHB) 
spark2:1:1 [0] NCCL INFO RMA/0-1 :GPU/0-f01000 (4/12.0/PHB) CPU/0-ffffffffffffff (2/12.0/PHB) NET/0-0 (4/12.0/PHB) NET/0-1 (2/25.0/LOC) GIN/0-0 (4/12.0/PHB) GIN/0-1 (2/25.0/LOC) RMA/0-0 (4/12.0/PHB) RMA/0-1 (0/5000.0/LOC) DEV/0-f01000 (3/12.0/PHB) 
spark2:1:1 [0] NCCL INFO ncclTopoGetCpuAffinity: Affinity for GPU 0 is empty, ignoring. (GPU affinity =  ; CPU affinity = 0-19).
spark2:1:1 [0] NCCL INFO Pattern 4, crossNic 0, nChannels 32, bw 0.240000/0.240000, type LOC/P2C, sameChannels 1
spark2:1:1 [0] NCCL INFO  0 : NET/0-0 GPU/0-f01000 NET/0-0
spark2:1:1 [0] NCCL INFO  1 : NET/0-1 GPU/0-f01000 NET/0-0
spark2:1:1 [0] NCCL INFO  2 : NET/0-0 GPU/0-f01000 NET/0-0
spark2:1:1 [0] NCCL INFO  3 : NET/0-1 GPU/0-f01000 NET/0-0
spark2:1:1 [0] NCCL INFO  4 : NET/0-0 GPU/0-f01000 NET/0-0
spark2:1:1 [0] NCCL INFO  5 : NET/0-1 GPU/0-f01000 NET/0-0
spark2:1:1 [0] NCCL INFO  6 : NET/0-0 GPU/0-f01000 NET/0-0
spark2:1:1 [0] NCCL INFO  7 : NET/0-1 GPU/0-f01000 NET/0-0
spark2:1:1 [0] NCCL INFO  8 : NET/0-0 GPU/0-f01000 NET/0-0
spark2:1:1 [0] NCCL INFO  9 : NET/0-1 GPU/0-f01000 NET/0-0
spark2:1:1 [0] NCCL INFO 10 : NET/0-0 GPU/0-f01000 NET/0-0
spark2:1:1 [0] NCCL INFO 11 : NET/0-1 GPU/0-f01000 NET/0-0
spark2:1:1 [0] NCCL INFO 12 : NET/0-0 GPU/0-f01000 NET/0-0
spark2:1:1 [0] NCCL INFO 13 : NET/0-1 GPU/0-f01000 NET/0-0
spark2:1:1 [0] NCCL INFO 14 : NET/0-0 GPU/0-f01000 NET/0-0
spark2:1:1 [0] NCCL INFO 15 : NET/0-1 GPU/0-f01000 NET/0-0
spark2:1:1 [0] NCCL INFO 16 : NET/0-0 GPU/0-f01000 NET/0-0
spark2:1:1 [0] NCCL INFO 17 : NET/0-1 GPU/0-f01000 NET/0-0
spark2:1:1 [0] NCCL INFO 18 : NET/0-0 GPU/0-f01000 NET/0-0
spark2:1:1 [0] NCCL INFO 19 : NET/0-1 GPU/0-f01000 NET/0-0
spark2:1:1 [0] NCCL INFO 20 : NET/0-0 GPU/0-f01000 NET/0-0
spark2:1:1 [0] NCCL INFO 21 : NET/0-1 GPU/0-f01000 NET/0-0
spark2:1:1 [0] NCCL INFO 22 : NET/0-0 GPU/0-f01000 NET/0-0
spark2:1:1 [0] NCCL INFO 23 : NET/0-1 GPU/0-f01000 NET/0-0
spark2:1:1 [0] NCCL INFO 24 : NET/0-0 GPU/0-f01000 NET/0-0
spark2:1:1 [0] NCCL INFO 25 : NET/0-1 GPU/0-f01000 NET/0-0
spark2:1:1 [0] NCCL INFO 26 : NET/0-0 GPU/0-f01000 NET/0-0
spark2:1:1 [0] NCCL INFO 27 : NET/0-1 GPU/0-f01000 NET/0-0
spark2:1:1 [0] NCCL INFO 28 : NET/0-0 GPU/0-f01000 NET/0-0
spark2:1:1 [0] NCCL INFO 29 : NET/0-1 GPU/0-f01000 NET/0-0
spark2:1:1 [0] NCCL INFO 30 : NET/0-0 GPU/0-f01000 NET/0-0
spark2:1:1 [0] NCCL INFO 31 : NET/0-1 GPU/0-f01000 NET/0-0
spark2:1:1 [0] NCCL INFO Pattern 3, crossNic 0, nChannels 32, bw 0.240000/0.120000, type LOC/P2C, sameChannels 1
spark2:1:1 [0] NCCL INFO  0 : NET/0-0 GPU/0-f01000 NET/0-0
spark2:1:1 [0] NCCL INFO  1 : NET/0-1 GPU/0-f01000 NET/0-1
spark2:1:1 [0] NCCL INFO  2 : NET/0-0 GPU/0-f01000 NET/0-0
spark2:1:1 [0] NCCL INFO  3 : NET/0-1 GPU/0-f01000 NET/0-1
spark2:1:1 [0] NCCL INFO  4 : NET/0-0 GPU/0-f01000 NET/0-0
spark2:1:1 [0] NCCL INFO  5 : NET/0-1 GPU/0-f01000 NET/0-1
spark2:1:1 [0] NCCL INFO  6 : NET/0-0 GPU/0-f01000 NET/0-0
spark2:1:1 [0] NCCL INFO  7 : NET/0-1 GPU/0-f01000 NET/0-1
spark2:1:1 [0] NCCL INFO  8 : NET/0-0 GPU/0-f01000 NET/0-0
spark2:1:1 [0] NCCL INFO  9 : NET/0-1 GPU/0-f01000 NET/0-1
spark2:1:1 [0] NCCL INFO 10 : NET/0-0 GPU/0-f01000 NET/0-0
spark2:1:1 [0] NCCL INFO 11 : NET/0-1 GPU/0-f01000 NET/0-1
spark2:1:1 [0] NCCL INFO 12 : NET/0-0 GPU/0-f01000 NET/0-0
spark2:1:1 [0] NCCL INFO 13 : NET/0-1 GPU/0-f01000 NET/0-1
spark2:1:1 [0] NCCL INFO 14 : NET/0-0 GPU/0-f01000 NET/0-0
spark2:1:1 [0] NCCL INFO 15 : NET/0-1 GPU/0-f01000 NET/0-1
spark2:1:1 [0] NCCL INFO 16 : NET/0-0 GPU/0-f01000 NET/0-0
spark2:1:1 [0] NCCL INFO 17 : NET/0-1 GPU/0-f01000 NET/0-1
spark2:1:1 [0] NCCL INFO 18 : NET/0-0 GPU/0-f01000 NET/0-0
spark2:1:1 [0] NCCL INFO 19 : NET/0-1 GPU/0-f01000 NET/0-1
spark2:1:1 [0] NCCL INFO 20 : NET/0-0 GPU/0-f01000 NET/0-0
spark2:1:1 [0] NCCL INFO 21 : NET/0-1 GPU/0-f01000 NET/0-1
spark2:1:1 [0] NCCL INFO 22 : NET/0-0 GPU/0-f01000 NET/0-0
spark2:1:1 [0] NCCL INFO 23 : NET/0-1 GPU/0-f01000 NET/0-1
spark2:1:1 [0] NCCL INFO 24 : NET/0-0 GPU/0-f01000 NET/0-0
spark2:1:1 [0] NCCL INFO 25 : NET/0-1 GPU/0-f01000 NET/0-1
spark2:1:1 [0] NCCL INFO 26 : NET/0-0 GPU/0-f01000 NET/0-0
spark2:1:1 [0] NCCL INFO 27 : NET/0-1 GPU/0-f01000 NET/0-1
spark2:1:1 [0] NCCL INFO 28 : NET/0-0 GPU/0-f01000 NET/0-0
spark2:1:1 [0] NCCL INFO 29 : NET/0-1 GPU/0-f01000 NET/0-1
spark2:1:1 [0] NCCL INFO 30 : NET/0-0 GPU/0-f01000 NET/0-0
spark2:1:1 [0] NCCL INFO 31 : NET/0-1 GPU/0-f01000 NET/0-1
spark2:1:1 [0] NCCL INFO Rank 1: 2 Net devices
spark2:1:1 [0] NCCL INFO Rank 1: 0 CollNet devices
spark2:1:1 [0] NCCL INFO comm 0x2ee315a0 rank 1 nRanks 2 nNodes 2 localRanks 1 localRank 0 MNNVL 0
spark2:1:1 [0] NCCL INFO Tree 0 : 0 -> 1 -> -1/-1/-1
spark2:1:1 [0] NCCL INFO Tree 32 : -1 -> 1 -> 0/-1/-1
spark2:1:1 [0] NCCL INFO Tree 1 : 0 -> 1 -> -1/-1/-1
spark2:1:1 [0] NCCL INFO Tree 33 : -1 -> 1 -> 0/-1/-1
spark2:1:1 [0] NCCL INFO Tree 2 : 0 -> 1 -> -1/-1/-1
spark2:1:1 [0] NCCL INFO Tree 34 : -1 -> 1 -> 0/-1/-1
spark2:1:1 [0] NCCL INFO Tree 3 : 0 -> 1 -> -1/-1/-1
spark2:1:1 [0] NCCL INFO Tree 35 : -1 -> 1 -> 0/-1/-1
spark2:1:1 [0] NCCL INFO Tree 4 : 0 -> 1 -> -1/-1/-1
spark2:1:1 [0] NCCL INFO Tree 36 : -1 -> 1 -> 0/-1/-1
spark2:1:1 [0] NCCL INFO Tree 5 : 0 -> 1 -> -1/-1/-1
spark2:1:1 [0] NCCL INFO Tree 37 : -1 -> 1 -> 0/-1/-1
spark2:1:1 [0] NCCL INFO Tree 6 : 0 -> 1 -> -1/-1/-1
spark2:1:1 [0] NCCL INFO Tree 38 : -1 -> 1 -> 0/-1/-1
spark2:1:1 [0] NCCL INFO Tree 7 : 0 -> 1 -> -1/-1/-1
spark2:1:1 [0] NCCL INFO Tree 39 : -1 -> 1 -> 0/-1/-1
spark2:1:1 [0] NCCL INFO Tree 8 : 0 -> 1 -> -1/-1/-1
spark2:1:1 [0] NCCL INFO Tree 40 : -1 -> 1 -> 0/-1/-1
spark2:1:1 [0] NCCL INFO Tree 9 : 0 -> 1 -> -1/-1/-1
spark2:1:1 [0] NCCL INFO Tree 41 : -1 -> 1 -> 0/-1/-1
spark2:1:1 [0] NCCL INFO Tree 10 : 0 -> 1 -> -1/-1/-1
spark2:1:1 [0] NCCL INFO Tree 42 : -1 -> 1 -> 0/-1/-1
spark2:1:1 [0] NCCL INFO Tree 11 : 0 -> 1 -> -1/-1/-1
spark2:1:1 [0] NCCL INFO Tree 43 : -1 -> 1 -> 0/-1/-1
spark2:1:1 [0] NCCL INFO Tree 12 : 0 -> 1 -> -1/-1/-1
spark2:1:1 [0] NCCL INFO Tree 44 : -1 -> 1 -> 0/-1/-1
spark2:1:1 [0] NCCL INFO Tree 13 : 0 -> 1 -> -1/-1/-1
spark2:1:1 [0] NCCL INFO Tree 45 : -1 -> 1 -> 0/-1/-1
spark2:1:1 [0] NCCL INFO Tree 14 : 0 -> 1 -> -1/-1/-1
spark2:1:1 [0] NCCL INFO Tree 46 : -1 -> 1 -> 0/-1/-1
spark2:1:1 [0] NCCL INFO Tree 15 : 0 -> 1 -> -1/-1/-1
spark2:1:1 [0] NCCL INFO Tree 47 : -1 -> 1 -> 0/-1/-1
spark2:1:1 [0] NCCL INFO Tree 16 : 0 -> 1 -> -1/-1/-1
spark2:1:1 [0] NCCL INFO Tree 48 : -1 -> 1 -> 0/-1/-1
spark2:1:1 [0] NCCL INFO Tree 17 : 0 -> 1 -> -1/-1/-1
spark2:1:1 [0] NCCL INFO Tree 49 : -1 -> 1 -> 0/-1/-1
spark2:1:1 [0] NCCL INFO Tree 18 : 0 -> 1 -> -1/-1/-1
spark2:1:1 [0] NCCL INFO Tree 50 : -1 -> 1 -> 0/-1/-1
spark2:1:1 [0] NCCL INFO Tree 19 : 0 -> 1 -> -1/-1/-1
spark2:1:1 [0] NCCL INFO Tree 51 : -1 -> 1 -> 0/-1/-1
spark2:1:1 [0] NCCL INFO Tree 20 : 0 -> 1 -> -1/-1/-1
spark2:1:1 [0] NCCL INFO Tree 52 : -1 -> 1 -> 0/-1/-1
spark2:1:1 [0] NCCL INFO Tree 21 : 0 -> 1 -> -1/-1/-1
spark2:1:1 [0] NCCL INFO Tree 53 : -1 -> 1 -> 0/-1/-1
spark2:1:1 [0] NCCL INFO Tree 22 : 0 -> 1 -> -1/-1/-1
spark2:1:1 [0] NCCL INFO Tree 54 : -1 -> 1 -> 0/-1/-1
spark2:1:1 [0] NCCL INFO Tree 23 : 0 -> 1 -> -1/-1/-1
spark2:1:1 [0] NCCL INFO Tree 55 : -1 -> 1 -> 0/-1/-1
spark2:1:1 [0] NCCL INFO Tree 24 : 0 -> 1 -> -1/-1/-1
spark2:1:1 [0] NCCL INFO Tree 56 : -1 -> 1 -> 0/-1/-1
spark2:1:1 [0] NCCL INFO Tree 25 : 0 -> 1 -> -1/-1/-1
spark2:1:1 [0] NCCL INFO Tree 57 : -1 -> 1 -> 0/-1/-1
spark2:1:1 [0] NCCL INFO Tree 26 : 0 -> 1 -> -1/-1/-1
spark2:1:1 [0] NCCL INFO Tree 58 : -1 -> 1 -> 0/-1/-1
spark2:1:1 [0] NCCL INFO Tree 27 : 0 -> 1 -> -1/-1/-1
spark2:1:1 [0] NCCL INFO Tree 59 : -1 -> 1 -> 0/-1/-1
spark2:1:1 [0] NCCL INFO Tree 28 : 0 -> 1 -> -1/-1/-1
spark2:1:1 [0] NCCL INFO Tree 60 : -1 -> 1 -> 0/-1/-1
spark2:1:1 [0] NCCL INFO Tree 29 : 0 -> 1 -> -1/-1/-1
spark2:1:1 [0] NCCL INFO Tree 61 : -1 -> 1 -> 0/-1/-1
spark2:1:1 [0] NCCL INFO Tree 30 : 0 -> 1 -> -1/-1/-1
spark2:1:1 [0] NCCL INFO Tree 62 : -1 -> 1 -> 0/-1/-1
spark2:1:1 [0] NCCL INFO Tree 31 : 0 -> 1 -> -1/-1/-1
spark2:1:1 [0] NCCL INFO Tree 63 : -1 -> 1 -> 0/-1/-1
spark2:1:1 [0] NCCL INFO Ring 00 : 0 -> 1 -> 0
spark2:1:1 [0] NCCL INFO Ring 01 : 0 -> 1 -> 0
spark2:1:1 [0] NCCL INFO Ring 02 : 0 -> 1 -> 0
spark2:1:1 [0] NCCL INFO Ring 03 : 0 -> 1 -> 0
spark2:1:1 [0] NCCL INFO Ring 04 : 0 -> 1 -> 0
spark2:1:1 [0] NCCL INFO Ring 05 : 0 -> 1 -> 0
spark2:1:1 [0] NCCL INFO Ring 06 : 0 -> 1 -> 0
spark2:1:1 [0] NCCL INFO Ring 07 : 0 -> 1 -> 0
spark2:1:1 [0] NCCL INFO Ring 08 : 0 -> 1 -> 0
spark2:1:1 [0] NCCL INFO Ring 09 : 0 -> 1 -> 0
spark2:1:1 [0] NCCL INFO Ring 10 : 0 -> 1 -> 0
spark2:1:1 [0] NCCL INFO Ring 11 : 0 -> 1 -> 0
spark2:1:1 [0] NCCL INFO Ring 12 : 0 -> 1 -> 0
spark2:1:1 [0] NCCL INFO Ring 13 : 0 -> 1 -> 0
spark2:1:1 [0] NCCL INFO Ring 14 : 0 -> 1 -> 0
spark2:1:1 [0] NCCL INFO Ring 15 : 0 -> 1 -> 0
spark2:1:1 [0] NCCL INFO Ring 16 : 0 -> 1 -> 0
spark2:1:1 [0] NCCL INFO Ring 17 : 0 -> 1 -> 0
spark2:1:1 [0] NCCL INFO Ring 18 : 0 -> 1 -> 0
spark2:1:1 [0] NCCL INFO Ring 19 : 0 -> 1 -> 0
spark2:1:1 [0] NCCL INFO Ring 20 : 0 -> 1 -> 0
spark2:1:1 [0] NCCL INFO Ring 21 : 0 -> 1 -> 0
spark2:1:1 [0] NCCL INFO Ring 22 : 0 -> 1 -> 0
spark2:1:1 [0] NCCL INFO Ring 23 : 0 -> 1 -> 0
spark2:1:1 [0] NCCL INFO Ring 24 : 0 -> 1 -> 0
spark2:1:1 [0] NCCL INFO Ring 25 : 0 -> 1 -> 0
spark2:1:1 [0] NCCL INFO Ring 26 : 0 -> 1 -> 0
spark2:1:1 [0] NCCL INFO Ring 27 : 0 -> 1 -> 0
spark2:1:1 [0] NCCL INFO Ring 28 : 0 -> 1 -> 0
spark2:1:1 [0] NCCL INFO Ring 29 : 0 -> 1 -> 0
spark2:1:1 [0] NCCL INFO Ring 30 : 0 -> 1 -> 0
spark2:1:1 [0] NCCL INFO Ring 31 : 0 -> 1 -> 0
spark2:1:1 [0] NCCL INFO Ring 32 : 0 -> 1 -> 0
spark2:1:1 [0] NCCL INFO Ring 33 : 0 -> 1 -> 0
spark2:1:1 [0] NCCL INFO Ring 34 : 0 -> 1 -> 0
spark2:1:1 [0] NCCL INFO Ring 35 : 0 -> 1 -> 0
spark2:1:1 [0] NCCL INFO Ring 36 : 0 -> 1 -> 0
spark2:1:1 [0] NCCL INFO Ring 37 : 0 -> 1 -> 0
spark2:1:1 [0] NCCL INFO Ring 38 : 0 -> 1 -> 0
spark2:1:1 [0] NCCL INFO Ring 39 : 0 -> 1 -> 0
spark2:1:1 [0] NCCL INFO Ring 40 : 0 -> 1 -> 0
spark2:1:1 [0] NCCL INFO Ring 41 : 0 -> 1 -> 0
spark2:1:1 [0] NCCL INFO Ring 42 : 0 -> 1 -> 0
spark2:1:1 [0] NCCL INFO Ring 43 : 0 -> 1 -> 0
spark2:1:1 [0] NCCL INFO Ring 44 : 0 -> 1 -> 0
spark2:1:1 [0] NCCL INFO Ring 45 : 0 -> 1 -> 0
spark2:1:1 [0] NCCL INFO Ring 46 : 0 -> 1 -> 0
spark2:1:1 [0] NCCL INFO Ring 47 : 0 -> 1 -> 0
spark2:1:1 [0] NCCL INFO Ring 48 : 0 -> 1 -> 0
spark2:1:1 [0] NCCL INFO Ring 49 : 0 -> 1 -> 0
spark2:1:1 [0] NCCL INFO Ring 50 : 0 -> 1 -> 0
spark2:1:1 [0] NCCL INFO Ring 51 : 0 -> 1 -> 0
spark2:1:1 [0] NCCL INFO Ring 52 : 0 -> 1 -> 0
spark2:1:1 [0] NCCL INFO Ring 53 : 0 -> 1 -> 0
spark2:1:1 [0] NCCL INFO Ring 54 : 0 -> 1 -> 0
spark2:1:1 [0] NCCL INFO Ring 55 : 0 -> 1 -> 0
spark2:1:1 [0] NCCL INFO Ring 56 : 0 -> 1 -> 0
spark2:1:1 [0] NCCL INFO Ring 57 : 0 -> 1 -> 0
spark2:1:1 [0] NCCL INFO Ring 58 : 0 -> 1 -> 0
spark2:1:1 [0] NCCL INFO Ring 59 : 0 -> 1 -> 0
spark2:1:1 [0] NCCL INFO Ring 60 : 0 -> 1 -> 0
spark2:1:1 [0] NCCL INFO Ring 61 : 0 -> 1 -> 0
spark2:1:1 [0] NCCL INFO Ring 62 : 0 -> 1 -> 0
spark2:1:1 [0] NCCL INFO Ring 63 : 0 -> 1 -> 0
spark2:1:1 [0] NCCL INFO Trees [0] -1/-1/-1->1->0 [1] -1/-1/-1->1->0 [2] -1/-1/-1->1->0 [3] -1/-1/-1->1->0 [4] -1/-1/-1->1->0 [5] -1/-1/-1->1->0 [6] -1/-1/-1->1->0 [7] -1/-1/-1->1->0 [8] -1/-1/-1->1->0 [9] -1/-1/-1->1->0 [10] -1/-1/-1->1->0 [11] -1/-1/-1->1->0 [12] -1/-1/-1->1->0 [13] -1/-1/-1->1->0 [14] -1/-1/-1->1->0 [15] -1/-1/-1->1->0 [16] -1/-1/-1->1->0 [17] -1/-1/-1->1->0 [18] -1/-1/-1->1->0 [19] -1/-1/-1->1->0 [20] -1/-1/-1->1->0 [21] -1/-1/-1->1->0 [22] -1/-1/-1->1->0 [23] -1/-1/-1->1->0 [24] -1/-1/-1->1->0 [25] -1/-1/-1->1->0 [26] -1/-1/-1->1->0 [27] -1/-1/-1->1->0 [28] -1/-1/-1->1->0 [29] -1/-1/-1->1->0 [30] -1/-1/-1->1->0 [31] -1/-1/-1->1->0 [32] 0/-1/-1->1->-1 [33] 0/-1/-1->1->-1 [34] 0/-1/-1->1->-1 [35] 0/-1/-1->1->-1 [36] 0/-1/-1->1->-1 [37] 0/-1/-1->1->-1 [38] 0/-1/-1->1->-1 [39] 0/-1/-1->1->-1 [40] 0/-1/-1->1->-1 [41] 0/-1/-1->1->-1 [42] 0/-1/-1->1->-1 [43] 0/-1/-1->1->-1 [44] 0/-1/-1->1->-1 [45] 0/-1/-1->1->-1 [46] 0/-1/-1->1->-1 [47] 0/-1/-1->1->-1 [48] 0/-1/-1->1->-1 [49] 0/-1/-1->1->-1 [50] 0/-1/-1->1->-1 [51] 0/-1/-
spark2:1:1 [0] NCCL INFO P2P Chunksize set to 262144
spark2:1:1 [0] NCCL INFO Tuning P2P operations with maxP2pPeers = 2
spark2:1:1 [0] NCCL INFO ncclOsDlopen(libnccl-profiler.so) failed: libnccl-profiler.so: cannot open shared object file: No such file or directory
spark2:1:1 [0] NCCL INFO PROFILER/Plugin: Could not find: libnccl-profiler.so
spark2:1:1 [0] NCCL INFO Check P2P Type isAllDirectP2p 1 directMode 0 isAllCudaP2p 1
spark2:1:1 [0] NCCL INFO ncclP2pSchedule: group size used is 1
spark2:1:84 [0] NCCL INFO [Proxy Service UDS] Device 0 CPU core 17
spark2:1:83 [0] NCCL INFO [Proxy Service] Device 0 CPU core 8
spark2:1:83 [0] NCCL INFO proxy listening socket at 10.100.8.2<48685>
spark2:1:85 [0] NCCL INFO [Proxy Progress] Device 0 CPU core 8
spark2:1:1 [0] NCCL INFO Channel 00/0 : 0[0] -> 1[0] [receive] via NET/IB/0
spark2:1:1 [0] NCCL INFO Channel 01/0 : 0[0] -> 1[0] [receive] via NET/IB/1
spark2:1:1 [0] NCCL INFO Channel 02/0 : 0[0] -> 1[0] [receive] via NET/IB/0
spark2:1:1 [0] NCCL INFO Channel 03/0 : 0[0] -> 1[0] [receive] via NET/IB/1
spark2:1:1 [0] NCCL INFO Channel 04/0 : 0[0] -> 1[0] [receive] via NET/IB/0
spark2:1:1 [0] NCCL INFO Channel 05/0 : 0[0] -> 1[0] [receive] via NET/IB/1
spark2:1:1 [0] NCCL INFO Channel 06/0 : 0[0] -> 1[0] [receive] via NET/IB/0
spark2:1:1 [0] NCCL INFO Channel 07/0 : 0[0] -> 1[0] [receive] via NET/IB/1
spark2:1:1 [0] NCCL INFO Channel 08/0 : 0[0] -> 1[0] [receive] via NET/IB/0
spark2:1:1 [0] NCCL INFO Channel 09/0 : 0[0] -> 1[0] [receive] via NET/IB/1
spark2:1:1 [0] NCCL INFO Channel 10/0 : 0[0] -> 1[0] [receive] via NET/IB/0
spark2:1:1 [0] NCCL INFO Channel 11/0 : 0[0] -> 1[0] [receive] via NET/IB/1
spark2:1:1 [0] NCCL INFO Channel 12/0 : 0[0] -> 1[0] [receive] via NET/IB/0
spark2:1:1 [0] NCCL INFO Channel 13/0 : 0[0] -> 1[0] [receive] via NET/IB/1
spark2:1:1 [0] NCCL INFO Channel 14/0 : 0[0] -> 1[0] [receive] via NET/IB/0
spark2:1:1 [0] NCCL INFO Channel 15/0 : 0[0] -> 1[0] [receive] via NET/IB/1
spark2:1:1 [0] NCCL INFO Channel 16/0 : 0[0] -> 1[0] [receive] via NET/IB/0
spark2:1:1 [0] NCCL INFO Channel 17/0 : 0[0] -> 1[0] [receive] via NET/IB/1
spark2:1:1 [0] NCCL INFO Channel 18/0 : 0[0] -> 1[0] [receive] via NET/IB/0
spark2:1:1 [0] NCCL INFO Channel 19/0 : 0[0] -> 1[0] [receive] via NET/IB/1
spark2:1:1 [0] NCCL INFO Channel 20/0 : 0[0] -> 1[0] [receive] via NET/IB/0
spark2:1:1 [0] NCCL INFO Channel 21/0 : 0[0] -> 1[0] [receive] via NET/IB/1
spark2:1:1 [0] NCCL INFO Channel 22/0 : 0[0] -> 1[0] [receive] via NET/IB/0
spark2:1:1 [0] NCCL INFO Channel 23/0 : 0[0] -> 1[0] [receive] via NET/IB/1
spark2:1:1 [0] NCCL INFO Channel 24/0 : 0[0] -> 1[0] [receive] via NET/IB/0
spark2:1:1 [0] NCCL INFO Channel 25/0 : 0[0] -> 1[0] [receive] via NET/IB/1
spark2:1:1 [0] NCCL INFO Channel 26/0 : 0[0] -> 1[0] [receive] via NET/IB/0
spark2:1:1 [0] NCCL INFO Channel 27/0 : 0[0] -> 1[0] [receive] via NET/IB/1
spark2:1:1 [0] NCCL INFO Channel 28/0 : 0[0] -> 1[0] [receive] via NET/IB/0
spark2:1:1 [0] NCCL INFO Channel 29/0 : 0[0] -> 1[0] [receive] via NET/IB/1
spark2:1:1 [0] NCCL INFO Channel 30/0 : 0[0] -> 1[0] [receive] via NET/IB/0
spark2:1:1 [0] NCCL INFO Channel 31/0 : 0[0] -> 1[0] [receive] via NET/IB/1
spark2:1:1 [0] NCCL INFO Channel 32/0 : 0[0] -> 1[0] [receive] via NET/IB/0
spark2:1:1 [0] NCCL INFO Channel 33/0 : 0[0] -> 1[0] [receive] via NET/IB/1
spark2:1:1 [0] NCCL INFO Channel 34/0 : 0[0] -> 1[0] [receive] via NET/IB/0
spark2:1:1 [0] NCCL INFO Channel 35/0 : 0[0] -> 1[0] [receive] via NET/IB/1
spark2:1:1 [0] NCCL INFO Channel 36/0 : 0[0] -> 1[0] [receive] via NET/IB/0
spark2:1:1 [0] NCCL INFO Channel 37/0 : 0[0] -> 1[0] [receive] via NET/IB/1
spark2:1:1 [0] NCCL INFO Channel 38/0 : 0[0] -> 1[0] [receive] via NET/IB/0
spark2:1:1 [0] NCCL INFO Channel 39/0 : 0[0] -> 1[0] [receive] via NET/IB/1
spark2:1:1 [0] NCCL INFO Channel 40/0 : 0[0] -> 1[0] [receive] via NET/IB/0
spark2:1:1 [0] NCCL INFO Channel 41/0 : 0[0] -> 1[0] [receive] via NET/IB/1
spark2:1:1 [0] NCCL INFO Channel 42/0 : 0[0] -> 1[0] [receive] via NET/IB/0
spark2:1:1 [0] NCCL INFO Channel 43/0 : 0[0] -> 1[0] [receive] via NET/IB/1
spark2:1:1 [0] NCCL INFO Channel 44/0 : 0[0] -> 1[0] [receive] via NET/IB/0
spark2:1:1 [0] NCCL INFO Channel 45/0 : 0[0] -> 1[0] [receive] via NET/IB/1
spark2:1:1 [0] NCCL INFO Channel 46/0 : 0[0] -> 1[0] [receive] via NET/IB/0
spark2:1:1 [0] NCCL INFO Channel 47/0 : 0[0] -> 1[0] [receive] via NET/IB/1
spark2:1:1 [0] NCCL INFO Channel 48/0 : 0[0] -> 1[0] [receive] via NET/IB/0
spark2:1:1 [0] NCCL INFO Channel 49/0 : 0[0] -> 1[0] [receive] via NET/IB/1
spark2:1:1 [0] NCCL INFO Channel 50/0 : 0[0] -> 1[0] [receive] via NET/IB/0
spark2:1:1 [0] NCCL INFO Channel 51/0 : 0[0] -> 1[0] [receive] via NET/IB/1
spark2:1:1 [0] NCCL INFO Channel 52/0 : 0[0] -> 1[0] [receive] via NET/IB/0
spark2:1:1 [0] NCCL INFO Channel 53/0 : 0[0] -> 1[0] [receive] via NET/IB/1
spark2:1:1 [0] NCCL INFO Channel 54/0 : 0[0] -> 1[0] [receive] via NET/IB/0
spark2:1:1 [0] NCCL INFO Channel 55/0 : 0[0] -> 1[0] [receive] via NET/IB/1
spark2:1:1 [0] NCCL INFO Channel 56/0 : 0[0] -> 1[0] [receive] via NET/IB/0
spark2:1:1 [0] NCCL INFO Channel 57/0 : 0[0] -> 1[0] [receive] via NET/IB/1
spark2:1:1 [0] NCCL INFO Channel 58/0 : 0[0] -> 1[0] [receive] via NET/IB/0
spark2:1:1 [0] NCCL INFO Channel 59/0 : 0[0] -> 1[0] [receive] via NET/IB/1
spark2:1:1 [0] NCCL INFO Channel 60/0 : 0[0] -> 1[0] [receive] via NET/IB/0
spark2:1:1 [0] NCCL INFO Channel 61/0 : 0[0] -> 1[0] [receive] via NET/IB/1
spark2:1:1 [0] NCCL INFO Channel 62/0 : 0[0] -> 1[0] [receive] via NET/IB/0
spark2:1:1 [0] NCCL INFO Channel 63/0 : 0[0] -> 1[0] [receive] via NET/IB/1
spark2:1:1 [0] NCCL INFO Channel 00/0 : 1[0] -> 0[0] [send] via NET/IB/0
spark2:1:1 [0] NCCL INFO Channel 01/0 : 1[0] -> 0[0] [send] via NET/IB/1
spark2:1:1 [0] NCCL INFO Channel 02/0 : 1[0] -> 0[0] [send] via NET/IB/0
spark2:1:1 [0] NCCL INFO Channel 03/0 : 1[0] -> 0[0] [send] via NET/IB/1
spark2:1:1 [0] NCCL INFO Channel 04/0 : 1[0] -> 0[0] [send] via NET/IB/0
spark2:1:1 [0] NCCL INFO Channel 05/0 : 1[0] -> 0[0] [send] via NET/IB/1
spark2:1:1 [0] NCCL INFO Channel 06/0 : 1[0] -> 0[0] [send] via NET/IB/0
spark2:1:1 [0] NCCL INFO Channel 07/0 : 1[0] -> 0[0] [send] via NET/IB/1
spark2:1:1 [0] NCCL INFO Channel 08/0 : 1[0] -> 0[0] [send] via NET/IB/0
spark2:1:1 [0] NCCL INFO Channel 09/0 : 1[0] -> 0[0] [send] via NET/IB/1
spark2:1:1 [0] NCCL INFO Channel 10/0 : 1[0] -> 0[0] [send] via NET/IB/0
spark2:1:1 [0] NCCL INFO Channel 11/0 : 1[0] -> 0[0] [send] via NET/IB/1
spark2:1:1 [0] NCCL INFO Channel 12/0 : 1[0] -> 0[0] [send] via NET/IB/0
spark2:1:1 [0] NCCL INFO Channel 13/0 : 1[0] -> 0[0] [send] via NET/IB/1
spark2:1:1 [0] NCCL INFO Channel 14/0 : 1[0] -> 0[0] [send] via NET/IB/0
spark2:1:1 [0] NCCL INFO Channel 15/0 : 1[0] -> 0[0] [send] via NET/IB/1
spark2:1:1 [0] NCCL INFO Channel 16/0 : 1[0] -> 0[0] [send] via NET/IB/0
spark2:1:1 [0] NCCL INFO Channel 17/0 : 1[0] -> 0[0] [send] via NET/IB/1
spark2:1:1 [0] NCCL INFO Channel 18/0 : 1[0] -> 0[0] [send] via NET/IB/0
spark2:1:1 [0] NCCL INFO Channel 19/0 : 1[0] -> 0[0] [send] via NET/IB/1
spark2:1:1 [0] NCCL INFO Channel 20/0 : 1[0] -> 0[0] [send] via NET/IB/0
spark2:1:1 [0] NCCL INFO Channel 21/0 : 1[0] -> 0[0] [send] via NET/IB/1
spark2:1:1 [0] NCCL INFO Channel 22/0 : 1[0] -> 0[0] [send] via NET/IB/0
spark2:1:1 [0] NCCL INFO Channel 23/0 : 1[0] -> 0[0] [send] via NET/IB/1
spark2:1:1 [0] NCCL INFO Channel 24/0 : 1[0] -> 0[0] [send] via NET/IB/0
spark2:1:1 [0] NCCL INFO Channel 25/0 : 1[0] -> 0[0] [send] via NET/IB/1
spark2:1:1 [0] NCCL INFO Channel 26/0 : 1[0] -> 0[0] [send] via NET/IB/0
spark2:1:1 [0] NCCL INFO Channel 27/0 : 1[0] -> 0[0] [send] via NET/IB/1
spark2:1:1 [0] NCCL INFO Channel 28/0 : 1[0] -> 0[0] [send] via NET/IB/0
spark2:1:1 [0] NCCL INFO Channel 29/0 : 1[0] -> 0[0] [send] via NET/IB/1
spark2:1:1 [0] NCCL INFO Channel 30/0 : 1[0] -> 0[0] [send] via NET/IB/0
spark2:1:1 [0] NCCL INFO Channel 31/0 : 1[0] -> 0[0] [send] via NET/IB/1
spark2:1:1 [0] NCCL INFO Channel 32/0 : 1[0] -> 0[0] [send] via NET/IB/0
spark2:1:1 [0] NCCL INFO Channel 33/0 : 1[0] -> 0[0] [send] via NET/IB/1
spark2:1:1 [0] NCCL INFO Channel 34/0 : 1[0] -> 0[0] [send] via NET/IB/0
spark2:1:1 [0] NCCL INFO Channel 35/0 : 1[0] -> 0[0] [send] via NET/IB/1
spark2:1:1 [0] NCCL INFO Channel 36/0 : 1[0] -> 0[0] [send] via NET/IB/0
spark2:1:1 [0] NCCL INFO Channel 37/0 : 1[0] -> 0[0] [send] via NET/IB/1
spark2:1:1 [0] NCCL INFO Channel 38/0 : 1[0] -> 0[0] [send] via NET/IB/0
spark2:1:1 [0] NCCL INFO Channel 39/0 : 1[0] -> 0[0] [send] via NET/IB/1
spark2:1:1 [0] NCCL INFO Channel 40/0 : 1[0] -> 0[0] [send] via NET/IB/0
spark2:1:1 [0] NCCL INFO Channel 41/0 : 1[0] -> 0[0] [send] via NET/IB/1
spark2:1:1 [0] NCCL INFO Channel 42/0 : 1[0] -> 0[0] [send] via NET/IB/0
spark2:1:1 [0] NCCL INFO Channel 43/0 : 1[0] -> 0[0] [send] via NET/IB/1
spark2:1:1 [0] NCCL INFO Channel 44/0 : 1[0] -> 0[0] [send] via NET/IB/0
spark2:1:1 [0] NCCL INFO Channel 45/0 : 1[0] -> 0[0] [send] via NET/IB/1
spark2:1:1 [0] NCCL INFO Channel 46/0 : 1[0] -> 0[0] [send] via NET/IB/0
spark2:1:1 [0] NCCL INFO Channel 47/0 : 1[0] -> 0[0] [send] via NET/IB/1
spark2:1:1 [0] NCCL INFO Channel 48/0 : 1[0] -> 0[0] [send] via NET/IB/0
spark2:1:1 [0] NCCL INFO Channel 49/0 : 1[0] -> 0[0] [send] via NET/IB/1
spark2:1:1 [0] NCCL INFO Channel 50/0 : 1[0] -> 0[0] [send] via NET/IB/0
spark2:1:1 [0] NCCL INFO Channel 51/0 : 1[0] -> 0[0] [send] via NET/IB/1
spark2:1:1 [0] NCCL INFO Channel 52/0 : 1[0] -> 0[0] [send] via NET/IB/0
spark2:1:1 [0] NCCL INFO Channel 53/0 : 1[0] -> 0[0] [send] via NET/IB/1
spark2:1:1 [0] NCCL INFO Channel 54/0 : 1[0] -> 0[0] [send] via NET/IB/0
spark2:1:1 [0] NCCL INFO Channel 55/0 : 1[0] -> 0[0] [send] via NET/IB/1
spark2:1:1 [0] NCCL INFO Channel 56/0 : 1[0] -> 0[0] [send] via NET/IB/0
spark2:1:1 [0] NCCL INFO Channel 57/0 : 1[0] -> 0[0] [send] via NET/IB/1
spark2:1:1 [0] NCCL INFO Channel 58/0 : 1[0] -> 0[0] [send] via NET/IB/0
spark2:1:1 [0] NCCL INFO Channel 59/0 : 1[0] -> 0[0] [send] via NET/IB/1
spark2:1:1 [0] NCCL INFO Channel 60/0 : 1[0] -> 0[0] [send] via NET/IB/0
spark2:1:1 [0] NCCL INFO Channel 61/0 : 1[0] -> 0[0] [send] via NET/IB/1
spark2:1:1 [0] NCCL INFO Channel 62/0 : 1[0] -> 0[0] [send] via NET/IB/0
spark2:1:1 [0] NCCL INFO Channel 63/0 : 1[0] -> 0[0] [send] via NET/IB/1
spark2:1:83 [0] NCCL INFO NET/IB: ncclIbResiliencyInit: Resiliency is disabled on the send communicator (comm=0xebcda4042000)
spark2:1:83 [0] NCCL INFO NET/IB: ncclIbResiliencyInit: Resiliency is disabled on the recv communicator (comm=0xebcda4086000)
spark2:1:83 [0] NCCL INFO NET/IB: ncclIbRecvCommInit: Receive work requests will be posted on-demand
spark2:1:83 [0] NCCL INFO NET/IB: ncclIbResiliencyInit: Resiliency is disabled on the send communicator (comm=0xebcda40ce000)
spark2:1:83 [0] NCCL INFO NET/IB: ncclIbSenderQpsCreate: QP created: port=1 dev=0 devName=rocep1s0f1 ndevs=2 nmdevs=2 qp_num=46556 pkey=0 pd=0xebcda4041e20 oooRq=0
spark2:1:83 [0] NCCL INFO NET/IB: ncclIbConnectImpl: NCCL Dev 0 IbDev 0 Port 1 qp_num 46556 mtu 3 GID 4 (0/208640AFFFF0000) ctsFifoRkey=0x1b0603 ctsFifoLkey=0x1b0603
spark2:1:83 [0] NCCL INFO NET/IB: ncclIbConnectImpl: IbDev 0 Port 1 qp_num 46556 query_ece={supported=1, vendor_id=0x15b3, options=0x30000002, comp_mask=0x0}
spark2:1:83 [0] NCCL INFO NET/IB: ncclIbReceiverQpsCreateToRts: QP created: port=1 dev=0 devName=rocep1s0f1 ndevs=2 nmdevs=2 qp_num=46557 pkey=0 pd=0xebcda4041e20 oooRq=0
spark2:1:83 [0] NCCL INFO NET/IB: ncclIbReceiverQpsCreateToRts: Flush QP created: port=1 dev=0 devName=rocep1s0f1 ndevs=2 nmdevs=2 qp_num=46558 pkey=0 pd=0xebcda4041e20
spark2:1:83 [0] NCCL INFO NET/IB: ncclIbSenderQpsCreate: QP created: port=1 dev=1 devName=roceP2p1s0f1 ndevs=2 nmdevs=2 qp_num=680 pkey=0 pd=0xebcda418c040 oooRq=0
spark2:1:83 [0] NCCL INFO NET/IB: ncclIbConnectImpl: NCCL Dev 1 IbDev 1 Port 1 qp_num 680 mtu 3 GID 3 (0/209640AFFFF0000) ctsFifoRkey=0x1deeeb ctsFifoLkey=0x1deeeb
spark2:1:83 [0] NCCL INFO NET/IB: ncclIbConnectImpl: IbDev 1 Port 1 qp_num 680 query_ece={supported=1, vendor_id=0x15b3, options=0x30000002, comp_mask=0x0}
spark2:1:83 [0] NCCL INFO NET/IB: ncclIbResiliencyInit: Resiliency is disabled on the recv communicator (comm=0xebcda41da000)
spark2:1:83 [0] NCCL INFO NET/IB: ncclIbRecvCommInit: Receive work requests will be posted on-demand
spark2:1:83 [0] NCCL INFO NET/IB: ncclIbSenderQpsToRts: Set ECE: IbDev 0 Port 1 qp_num 46556 set_ece={supported=1, vendor_id=0x15b3, options=0x30000002, comp_mask=0x0}
spark2:1:83 [0] NCCL INFO NET/IB: ncclIbReceiverQpsCreateToRts: QP created: port=1 dev=1 devName=roceP2p1s0f1 ndevs=2 nmdevs=2 qp_num=681 pkey=0 pd=0xebcda418c040 oooRq=0
spark2:1:83 [0] NCCL INFO NET/IB: ncclIbReceiverQpsCreateToRts: Flush QP created: port=1 dev=1 devName=roceP2p1s0f1 ndevs=2 nmdevs=2 qp_num=682 pkey=0 pd=0xebcda418c040
spark2:1:83 [0] NCCL INFO NET/IB: ncclIbResiliencyInit: Resiliency is disabled on the send communicator (comm=0xebcda426d000)
spark2:1:83 [0] NCCL INFO NET/IB: ncclIbSenderQpsToRts: Set ECE: IbDev 1 Port 1 qp_num 680 set_ece={supported=1, vendor_id=0x15b3, options=0x30000002, comp_mask=0x0}
spark2:1:83 [0] NCCL INFO NET/IB: ncclIbResiliencyInit: Resiliency is disabled on the recv communicator (comm=0xebcda42b1000)
spark2:1:83 [0] NCCL INFO NET/IB: ncclIbRecvCommInit: Receive work requests will be posted on-demand
spark2:1:83 [0] NCCL INFO NET/IB: ncclIbResiliencyInit: Resiliency is disabled on the send communicator (comm=0xebcda42f6000)
spark2:1:83 [0] NCCL INFO NET/IB: ncclIbResiliencyInit: Resiliency is disabled on the recv communicator (comm=0xebcda4337000)
spark2:1:83 [0] NCCL INFO NET/IB: ncclIbRecvCommInit: Receive work requests will be posted on-demand
spark2:1:83 [0] NCCL INFO NET/IB: ncclIbResiliencyInit: Resiliency is disabled on the send communicator (comm=0xebcda437f000)
spark2:1:83 [0] NCCL INFO NET/IB: ncclIbResiliencyInit: Resiliency is disabled on the recv communicator (comm=0xebcda43c3000)
spark2:1:83 [0] NCCL INFO NET/IB: ncclIbRecvCommInit: Receive work requests will be posted on-demand
spark2:1:83 [0] NCCL INFO NET/IB: ncclIbResiliencyInit: Resiliency is disabled on the send communicator (comm=0xebcda440b000)
spark2:1:83 [0] NCCL INFO NET/IB: ncclIbResiliencyInit: Resiliency is disabled on the recv communicator (comm=0xebcda444f000)
spark2:1:83 [0] NCCL INFO NET/IB: ncclIbRecvCommInit: Receive work requests will be posted on-demand
spark2:1:83 [0] NCCL INFO NET/IB: ncclIbResiliencyInit: Resiliency is disabled on the send communicator (comm=0xebcda4497000)
spark2:1:83 [0] NCCL INFO NET/IB: ncclIbResiliencyInit: Resiliency is disabled on the recv communicator (comm=0xebcda44db000)
spark2:1:83 [0] NCCL INFO NET/IB: ncclIbRecvCommInit: Receive work requests will be posted on-demand
spark2:1:83 [0] NCCL INFO NET/IB: ncclIbResiliencyInit: Resiliency is disabled on the send communicator (comm=0xebcda4523000)
spark2:1:83 [0] NCCL INFO NET/IB: ncclIbSenderQpsCreate: QP created: port=1 dev=0 devName=rocep1s0f1 ndevs=2 nmdevs=2 qp_num=46559 pkey=0 pd=0xebcda4041e20 oooRq=0
spark2:1:83 [0] NCCL INFO NET/IB: ncclIbConnectImpl: NCCL Dev 0 IbDev 0 Port 1 qp_num 46559 mtu 3 GID 4 (0/208640AFFFF0000) ctsFifoRkey=0x1a1d19 ctsFifoLkey=0x1a1d19
spark2:1:83 [0] NCCL INFO NET/IB: ncclIbConnectImpl: IbDev 0 Port 1 qp_num 46559 query_ece={supported=1, vendor_id=0x15b3, options=0x30000002, comp_mask=0x0}
spark2:1:83 [0] NCCL INFO NET/IB: ncclIbReceiverQpsCreateToRts: QP created: port=1 dev=0 devName=rocep1s0f1 ndevs=2 nmdevs=2 qp_num=46560 pkey=0 pd=0xebcda4041e20 oooRq=0
spark2:1:83 [0] NCCL INFO NET/IB: ncclIbReceiverQpsCreateToRts: Flush QP created: port=1 dev=0 devName=rocep1s0f1 ndevs=2 nmdevs=2 qp_num=46561 pkey=0 pd=0xebcda4041e20
spark2:1:83 [0] NCCL INFO NET/IB: ncclIbSenderQpsCreate: QP created: port=1 dev=1 devName=roceP2p1s0f1 ndevs=2 nmdevs=2 qp_num=683 pkey=0 pd=0xebcda418c040 oooRq=0
spark2:1:83 [0] NCCL INFO NET/IB: ncclIbConnectImpl: NCCL Dev 1 IbDev 1 Port 1 qp_num 683 mtu 3 GID 3 (0/209640AFFFF0000) ctsFifoRkey=0x1debea ctsFifoLkey=0x1debea
spark2:1:83 [0] NCCL INFO NET/IB: ncclIbConnectImpl: IbDev 1 Port 1 qp_num 683 query_ece={supported=1, vendor_id=0x15b3, options=0x30000002, comp_mask=0x0}
spark2:1:83 [0] NCCL INFO NET/IB: ncclIbReceiverQpsCreateToRts: QP created: port=1 dev=1 devName=roceP2p1s0f1 ndevs=2 nmdevs=2 qp_num=684 pkey=0 pd=0xebcda418c040 oooRq=0
spark2:1:83 [0] NCCL INFO NET/IB: ncclIbReceiverQpsCreateToRts: Flush QP created: port=1 dev=1 devName=roceP2p1s0f1 ndevs=2 nmdevs=2 qp_num=685 pkey=0 pd=0xebcda418c040
spark2:1:83 [0] NCCL INFO NET/IB: ncclIbSenderQpsCreate: QP created: port=1 dev=0 devName=rocep1s0f1 ndevs=2 nmdevs=2 qp_num=46562 pkey=0 pd=0xebcda4041e20 oooRq=0
spark2:1:83 [0] NCCL INFO NET/IB: ncclIbConnectImpl: NCCL Dev 0 IbDev 0 Port 1 qp_num 46562 mtu 3 GID 4 (0/208640AFFFF0000) ctsFifoRkey=0x1a4240 ctsFifoLkey=0x1a4240
spark2:1:83 [0] NCCL INFO NET/IB: ncclIbConnectImpl: IbDev 0 Port 1 qp_num 46562 query_ece={supported=1, vendor_id=0x15b3, options=0x30000002, comp_mask=0x0}
spark2:1:83 [0] NCCL INFO NET/IB: ncclIbReceiverQpsCreateToRts: QP created: port=1 dev=0 devName=rocep1s0f1 ndevs=2 nmdevs=2 qp_num=46563 pkey=0 pd=0xebcda4041e20 oooRq=0
spark2:1:83 [0] NCCL INFO NET/IB: ncclIbReceiverQpsCreateToRts: Flush QP created: port=1 dev=0 devName=rocep1s0f1 ndevs=2 nmdevs=2 qp_num=46564 pkey=0 pd=0xebcda4041e20
spark2:1:83 [0] NCCL INFO NET/IB: ncclIbSenderQpsCreate: QP created: port=1 dev=1 devName=roceP2p1s0f1 ndevs=2 nmdevs=2 qp_num=686 pkey=0 pd=0xebcda418c040 oooRq=0
spark2:1:83 [0] NCCL INFO NET/IB: ncclIbConnectImpl: NCCL Dev 1 IbDev 1 Port 1 qp_num 686 mtu 3 GID 3 (0/209640AFFFF0000) ctsFifoRkey=0x1d9993 ctsFifoLkey=0x1d9993
spark2:1:83 [0] NCCL INFO NET/IB: ncclIbConnectImpl: IbDev 1 Port 1 qp_num 686 query_ece={supported=1, vendor_id=0x15b3, options=0x30000002, comp_mask=0x0}
spark2:1:83 [0] NCCL INFO NET/IB: ncclIbReceiverQpsCreateToRts: QP created: port=1 dev=1 devName=roceP2p1s0f1 ndevs=2 nmdevs=2 qp_num=687 pkey=0 pd=0xebcda418c040 oooRq=0
spark2:1:83 [0] NCCL INFO NET/IB: ncclIbReceiverQpsCreateToRts: Flush QP created: port=1 dev=1 devName=roceP2p1s0f1 ndevs=2 nmdevs=2 qp_num=688 pkey=0 pd=0xebcda418c040
spark2:1:83 [0] NCCL INFO NET/IB: ncclIbSenderQpsCreate: QP created: port=1 dev=0 devName=rocep1s0f1 ndevs=2 nmdevs=2 qp_num=46565 pkey=0 pd=0xebcda4041e20 oooRq=0
spark2:1:83 [0] NCCL INFO NET/IB: ncclIbConnectImpl: NCCL Dev 0 IbDev 0 Port 1 qp_num 46565 mtu 3 GID 4 (0/208640AFFFF0000) ctsFifoRkey=0x1a5b58 ctsFifoLkey=0x1a5b58
spark2:1:83 [0] NCCL INFO NET/IB: ncclIbConnectImpl: IbDev 0 Port 1 qp_num 46565 query_ece={supported=1, vendor_id=0x15b3, options=0x30000002, comp_mask=0x0}
spark2:1:83 [0] NCCL INFO NET/IB: ncclIbReceiverQpsCreateToRts: QP created: port=1 dev=0 devName=rocep1s0f1 ndevs=2 nmdevs=2 qp_num=46566 pkey=0 pd=0xebcda4041e20 oooRq=0
spark2:1:83 [0] NCCL INFO NET/IB: ncclIbReceiverQpsCreateToRts: Flush QP created: port=1 dev=0 devName=rocep1s0f1 ndevs=2 nmdevs=2 qp_num=46567 pkey=0 pd=0xebcda4041e20
spark2:1:83 [0] NCCL INFO NET/IB: ncclIbSenderQpsCreate: QP created: port=1 dev=1 devName=roceP2p1s0f1 ndevs=2 nmdevs=2 qp_num=689 pkey=0 pd=0xebcda418c040 oooRq=0
spark2:1:83 [0] NCCL INFO NET/IB: ncclIbConnectImpl: NCCL Dev 1 IbDev 1 Port 1 qp_num 689 mtu 3 GID 3 (0/209640AFFFF0000) ctsFifoRkey=0x1d948a ctsFifoLkey=0x1d948a
spark2:1:83 [0] NCCL INFO NET/IB: ncclIbConnectImpl: IbDev 1 Port 1 qp_num 689 query_ece={supported=1, vendor_id=0x15b3, options=0x30000002, comp_mask=0x0}
spark2:1:83 [0] NCCL INFO NET/IB: ncclIbResiliencyInit: Resiliency is disabled on the recv communicator (comm=0xebcda4823000)
spark2:1:83 [0] NCCL INFO NET/IB: ncclIbRecvCommInit: Receive work requests will be posted on-demand
spark2:1:83 [0] NCCL INFO NET/IB: ncclIbSenderQpsToRts: Set ECE: IbDev 0 Port 1 qp_num 46559 set_ece={supported=1, vendor_id=0x15b3, options=0x30000002, comp_mask=0x0}
spark2:1:83 [0] NCCL INFO NET/IB: ncclIbSenderQpsToRts: Set ECE: IbDev 1 Port 1 qp_num 683 set_ece={supported=1, vendor_id=0x15b3, options=0x30000002, comp_mask=0x0}
spark2:1:83 [0] NCCL INFO NET/IB: ncclIbSenderQpsToRts: Set ECE: IbDev 0 Port 1 qp_num 46562 set_ece={supported=1, vendor_id=0x15b3, options=0x30000002, comp_mask=0x0}
spark2:1:83 [0] NCCL INFO NET/IB: ncclIbSenderQpsToRts: Set ECE: IbDev 1 Port 1 qp_num 686 set_ece={supported=1, vendor_id=0x15b3, options=0x30000002, comp_mask=0x0}
spark2:1:83 [0] NCCL INFO NET/IB: ncclIbSenderQpsToRts: Set ECE: IbDev 0 Port 1 qp_num 46565 set_ece={supported=1, vendor_id=0x15b3, options=0x30000002, comp_mask=0x0}
spark2:1:83 [0] NCCL INFO NET/IB: ncclIbSenderQpsToRts: Set ECE: IbDev 1 Port 1 qp_num 689 set_ece={supported=1, vendor_id=0x15b3, options=0x30000002, comp_mask=0x0}
spark2:1:83 [0] NCCL INFO NET/IB: ncclIbReceiverQpsCreateToRts: QP created: port=1 dev=1 devName=roceP2p1s0f1 ndevs=2 nmdevs=2 qp_num=690 pkey=0 pd=0xebcda418c040 oooRq=0
spark2:1:83 [0] NCCL INFO NET/IB: ncclIbReceiverQpsCreateToRts: Flush QP created: port=1 dev=1 devName=roceP2p1s0f1 ndevs=2 nmdevs=2 qp_num=691 pkey=0 pd=0xebcda418c040
spark2:1:83 [0] NCCL INFO NET/IB: ncclIbResiliencyInit: Resiliency is disabled on the send communicator (comm=0xebcda48b3000)
spark2:1:83 [0] NCCL INFO NET/IB: ncclIbResiliencyInit: Resiliency is disabled on the recv communicator (comm=0xebcda48f4000)
spark2:1:83 [0] NCCL INFO NET/IB: ncclIbRecvCommInit: Receive work requests will be posted on-demand
spark2:1:83 [0] NCCL INFO NET/IB: ncclIbResiliencyInit: Resiliency is disabled on the send communicator (comm=0xebcda4939000)
spark2:1:83 [0] NCCL INFO NET/IB: ncclIbResiliencyInit: Resiliency is disabled on the recv communicator (comm=0xebcda497a000)
spark2:1:83 [0] NCCL INFO NET/IB: ncclIbRecvCommInit: Receive work requests will be posted on-demand
spark2:1:83 [0] NCCL INFO NET/IB: ncclIbResiliencyInit: Resiliency is disabled on the send communicator (comm=0xebcda49bf000)
spark2:1:83 [0] NCCL INFO NET/IB: ncclIbResiliencyInit: Resiliency is disabled on the recv communicator (comm=0xebcda4a00000)
spark2:1:83 [0] NCCL INFO NET/IB: ncclIbRecvCommInit: Receive work requests will be posted on-demand
spark2:1:83 [0] NCCL INFO NET/IB: ncclIbResiliencyInit: Resiliency is disabled on the send communicator (comm=0xebcda4a45000)
spark2:1:83 [0] NCCL INFO NET/IB: ncclIbResiliencyInit: Resiliency is disabled on the recv communicator (comm=0xebcda4a86000)
spark2:1:83 [0] NCCL INFO NET/IB: ncclIbRecvCommInit: Receive work requests will be posted on-demand
spark2:1:83 [0] NCCL INFO NET/IB: ncclIbResiliencyInit: Resiliency is disabled on the send communicator (comm=0xebcda4acb000)
spark2:1:83 [0] NCCL INFO NET/IB: ncclIbResiliencyInit: Resiliency is disabled on the recv communicator (comm=0xebcda4b0c000)
spark2:1:83 [0] NCCL INFO NET/IB: ncclIbRecvCommInit: Receive work requests will be posted on-demand
spark2:1:83 [0] NCCL INFO NET/IB: ncclIbResiliencyInit: Resiliency is disabled on the send communicator (comm=0xebcda4b54000)
spark2:1:83 [0] NCCL INFO NET/IB: ncclIbSenderQpsCreate: QP created: port=1 dev=0 devName=rocep1s0f1 ndevs=2 nmdevs=2 qp_num=46568 pkey=0 pd=0xebcda4041e20 oooRq=0
spark2:1:83 [0] NCCL INFO NET/IB: ncclIbConnectImpl: NCCL Dev 0 IbDev 0 Port 1 qp_num 46568 mtu 3 GID 4 (0/208640AFFFF0000) ctsFifoRkey=0x1a7370 ctsFifoLkey=0x1a7370
spark2:1:83 [0] NCCL INFO NET/IB: ncclIbConnectImpl: IbDev 0 Port 1 qp_num 46568 query_ece={supported=1, vendor_id=0x15b3, options=0x30000002, comp_mask=0x0}
spark2:1:83 [0] NCCL INFO NET/IB: ncclIbReceiverQpsCreateToRts: QP created: port=1 dev=0 devName=rocep1s0f1 ndevs=2 nmdevs=2 qp_num=46569 pkey=0 pd=0xebcda4041e20 oooRq=0
spark2:1:83 [0] NCCL INFO NET/IB: ncclIbReceiverQpsCreateToRts: Flush QP created: port=1 dev=0 devName=rocep1s0f1 ndevs=2 nmdevs=2 qp_num=46570 pkey=0 pd=0xebcda4041e20
spark2:1:83 [0] NCCL INFO NET/IB: ncclIbSenderQpsCreate: QP created: port=1 dev=1 devName=roceP2p1s0f1 ndevs=2 nmdevs=2 qp_num=692 pkey=0 pd=0xebcda418c040 oooRq=0
spark2:1:83 [0] NCCL INFO NET/IB: ncclIbConnectImpl: NCCL Dev 1 IbDev 1 Port 1 qp_num 692 mtu 3 GID 3 (0/209640AFFFF0000) ctsFifoRkey=0x1d867e ctsFifoLkey=0x1d867e
spark2:1:83 [0] NCCL INFO NET/IB: ncclIbConnectImpl: IbDev 1 Port 1 qp_num 692 query_ece={supported=1, vendor_id=0x15b3, options=0x30000002, comp_mask=0x0}
spark2:1:83 [0] NCCL INFO NET/IB: ncclIbReceiverQpsCreateToRts: QP created: port=1 dev=1 devName=roceP2p1s0f1 ndevs=2 nmdevs=2 qp_num=693 pkey=0 pd=0xebcda418c040 oooRq=0
spark2:1:83 [0] NCCL INFO NET/IB: ncclIbReceiverQpsCreateToRts: Flush QP created: port=1 dev=1 devName=roceP2p1s0f1 ndevs=2 nmdevs=2 qp_num=694 pkey=0 pd=0xebcda418c040
spark2:1:83 [0] NCCL INFO NET/IB: ncclIbSenderQpsCreate: QP created: port=1 dev=0 devName=rocep1s0f1 ndevs=2 nmdevs=2 qp_num=46571 pkey=0 pd=0xebcda4041e20 oooRq=0
spark2:1:83 [0] NCCL INFO NET/IB: ncclIbConnectImpl: NCCL Dev 0 IbDev 0 Port 1 qp_num 46571 mtu 3 GID 4 (0/208640AFFFF0000) ctsFifoRkey=0x1aa4a1 ctsFifoLkey=0x1aa4a1
spark2:1:83 [0] NCCL INFO NET/IB: ncclIbConnectImpl: IbDev 0 Port 1 qp_num 46571 query_ece={supported=1, vendor_id=0x15b3, options=0x30000002, comp_mask=0x0}
spark2:1:83 [0] NCCL INFO NET/IB: ncclIbReceiverQpsCreateToRts: QP created: port=1 dev=0 devName=rocep1s0f1 ndevs=2 nmdevs=2 qp_num=46572 pkey=0 pd=0xebcda4041e20 oooRq=0
spark2:1:83 [0] NCCL INFO NET/IB: ncclIbReceiverQpsCreateToRts: Flush QP created: port=1 dev=0 devName=rocep1s0f1 ndevs=2 nmdevs=2 qp_num=46573 pkey=0 pd=0xebcda4041e20
spark2:1:83 [0] NCCL INFO NET/IB: ncclIbSenderQpsCreate: QP created: port=1 dev=1 devName=roceP2p1s0f1 ndevs=2 nmdevs=2 qp_num=695 pkey=0 pd=0xebcda418c040 oooRq=0
spark2:1:83 [0] NCCL INFO NET/IB: ncclIbConnectImpl: NCCL Dev 1 IbDev 1 Port 1 qp_num 695 mtu 3 GID 3 (0/209640AFFFF0000) ctsFifoRkey=0x1d6d6d ctsFifoLkey=0x1d6d6d
spark2:1:83 [0] NCCL INFO NET/IB: ncclIbConnectImpl: IbDev 1 Port 1 qp_num 695 query_ece={supported=1, vendor_id=0x15b3, options=0x30000002, comp_mask=0x0}
spark2:1:83 [0] NCCL INFO NET/IB: ncclIbReceiverQpsCreateToRts: QP created: port=1 dev=1 devName=roceP2p1s0f1 ndevs=2 nmdevs=2 qp_num=696 pkey=0 pd=0xebcda418c040 oooRq=0
spark2:1:83 [0] NCCL INFO NET/IB: ncclIbReceiverQpsCreateToRts: Flush QP created: port=1 dev=1 devName=roceP2p1s0f1 ndevs=2 nmdevs=2 qp_num=697 pkey=0 pd=0xebcda418c040
spark2:1:83 [0] NCCL INFO NET/IB: ncclIbSenderQpsCreate: QP created: port=1 dev=0 devName=rocep1s0f1 ndevs=2 nmdevs=2 qp_num=46574 pkey=0 pd=0xebcda4041e20 oooRq=0
spark2:1:83 [0] NCCL INFO NET/IB: ncclIbConnectImpl: NCCL Dev 0 IbDev 0 Port 1 qp_num 46574 mtu 3 GID 4 (0/208640AFFFF0000) ctsFifoRkey=0x19d7d8 ctsFifoLkey=0x19d7d8
spark2:1:83 [0] NCCL INFO NET/IB: ncclIbConnectImpl: IbDev 0 Port 1 qp_num 46574 query_ece={supported=1, vendor_id=0x15b3, options=0x30000002, comp_mask=0x0}
spark2:1:83 [0] NCCL INFO NET/IB: ncclIbReceiverQpsCreateToRts: QP created: port=1 dev=0 devName=rocep1s0f1 ndevs=2 nmdevs=2 qp_num=46575 pkey=0 pd=0xebcda4041e20 oooRq=0
spark2:1:83 [0] NCCL INFO NET/IB: ncclIbReceiverQpsCreateToRts: Flush QP created: port=1 dev=0 devName=rocep1s0f1 ndevs=2 nmdevs=2 qp_num=46576 pkey=0 pd=0xebcda4041e20
spark2:1:83 [0] NCCL INFO NET/IB: ncclIbSenderQpsCreate: QP created: port=1 dev=1 devName=roceP2p1s0f1 ndevs=2 nmdevs=2 qp_num=698 pkey=0 pd=0xebcda418c040 oooRq=0
spark2:1:83 [0] NCCL INFO NET/IB: ncclIbConnectImpl: NCCL Dev 1 IbDev 1 Port 1 qp_num 698 mtu 3 GID 3 (0/209640AFFFF0000) ctsFifoRkey=0x1de1df ctsFifoLkey=0x1de1df
spark2:1:83 [0] NCCL INFO NET/IB: ncclIbConnectImpl: IbDev 1 Port 1 qp_num 698 query_ece={supported=1, vendor_id=0x15b3, options=0x30000002, comp_mask=0x0}
spark2:1:83 [0] NCCL INFO NET/IB: ncclIbResiliencyInit: Resiliency is disabled on the recv communicator (comm=0xebcda4e53000)
spark2:1:83 [0] NCCL INFO NET/IB: ncclIbRecvCommInit: Receive work requests will be posted on-demand
spark2:1:83 [0] NCCL INFO NET/IB: ncclIbSenderQpsToRts: Set ECE: IbDev 0 Port 1 qp_num 46568 set_ece={supported=1, vendor_id=0x15b3, options=0x30000002, comp_mask=0x0}
spark2:1:83 [0] NCCL INFO NET/IB: ncclIbSenderQpsToRts: Set ECE: IbDev 1 Port 1 qp_num 692 set_ece={supported=1, vendor_id=0x15b3, options=0x30000002, comp_mask=0x0}
spark2:1:83 [0] NCCL INFO NET/IB: ncclIbSenderQpsToRts: Set ECE: IbDev 0 Port 1 qp_num 46571 set_ece={supported=1, vendor_id=0x15b3, options=0x30000002, comp_mask=0x0}
spark2:1:83 [0] NCCL INFO NET/IB: ncclIbSenderQpsToRts: Set ECE: IbDev 1 Port 1 qp_num 695 set_ece={supported=1, vendor_id=0x15b3, options=0x30000002, comp_mask=0x0}
spark2:1:83 [0] NCCL INFO NET/IB: ncclIbSenderQpsToRts: Set ECE: IbDev 0 Port 1 qp_num 46574 set_ece={supported=1, vendor_id=0x15b3, options=0x30000002, comp_mask=0x0}
spark2:1:83 [0] NCCL INFO NET/IB: ncclIbSenderQpsToRts: Set ECE: IbDev 1 Port 1 qp_num 698 set_ece={supported=1, vendor_id=0x15b3, options=0x30000002, comp_mask=0x0}
spark2:1:83 [0] NCCL INFO NET/IB: ncclIbReceiverQpsCreateToRts: QP created: port=1 dev=1 devName=roceP2p1s0f1 ndevs=2 nmdevs=2 qp_num=699 pkey=0 pd=0xebcda418c040 oooRq=0
spark2:1:83 [0] NCCL INFO NET/IB: ncclIbReceiverQpsCreateToRts: Flush QP created: port=1 dev=1 devName=roceP2p1s0f1 ndevs=2 nmdevs=2 qp_num=700 pkey=0 pd=0xebcda418c040
spark2:1:83 [0] NCCL INFO NET/IB: ncclIbResiliencyInit: Resiliency is disabled on the send communicator (comm=0xebcda4ee3000)
spark2:1:83 [0] NCCL INFO NET/IB: ncclIbResiliencyInit: Resiliency is disabled on the recv communicator (comm=0xebcda4f24000)
spark2:1:83 [0] NCCL INFO NET/IB: ncclIbRecvCommInit: Receive work requests will be posted on-demand
spark2:1:83 [0] NCCL INFO NET/IB: ncclIbResiliencyInit: Resiliency is disabled on the send communicator (comm=0xebcda4f69000)
spark2:1:83 [0] NCCL INFO NET/IB: ncclIbResiliencyInit: Resiliency is disabled on the recv communicator (comm=0xebcda4faa000)
spark2:1:83 [0] NCCL INFO NET/IB: ncclIbRecvCommInit: Receive work requests will be posted on-demand
spark2:1:83 [0] NCCL INFO NET/IB: ncclIbResiliencyInit: Resiliency is disabled on the send communicator (comm=0xebcda4fef000)
spark2:1:83 [0] NCCL INFO NET/IB: ncclIbResiliencyInit: Resiliency is disabled on the recv communicator (comm=0xebcda5030000)
spark2:1:83 [0] NCCL INFO NET/IB: ncclIbRecvCommInit: Receive work requests will be posted on-demand
spark2:1:83 [0] NCCL INFO NET/IB: ncclIbResiliencyInit: Resiliency is disabled on the send communicator (comm=0xebcda5075000)
spark2:1:83 [0] NCCL INFO NET/IB: ncclIbResiliencyInit: Resiliency is disabled on the recv communicator (comm=0xebcda50b6000)
spark2:1:83 [0] NCCL INFO NET/IB: ncclIbRecvCommInit: Receive work requests will be posted on-demand
spark2:1:83 [0] NCCL INFO NET/IB: ncclIbResiliencyInit: Resiliency is disabled on the send communicator (comm=0xebcda50fb000)
spark2:1:83 [0] NCCL INFO NET/IB: ncclIbResiliencyInit: Resiliency is disabled on the recv communicator (comm=0xebcda513c000)
spark2:1:83 [0] NCCL INFO NET/IB: ncclIbRecvCommInit: Receive work requests will be posted on-demand
spark2:1:83 [0] NCCL INFO NET/IB: ncclIbResiliencyInit: Resiliency is disabled on the send communicator (comm=0xebcda5184000)
spark2:1:83 [0] NCCL INFO NET/IB: ncclIbResiliencyInit: Resiliency is disabled on the recv communicator (comm=0xebcda51c8000)
spark2:1:83 [0] NCCL INFO NET/IB: ncclIbRecvCommInit: Receive work requests will be posted on-demand
spark2:1:83 [0] NCCL INFO NET/IB: ncclIbResiliencyInit: Resiliency is disabled on the send communicator (comm=0xebcda5210000)
spark2:1:83 [0] NCCL INFO NET/IB: ncclIbSenderQpsCreate: QP created: port=1 dev=0 devName=rocep1s0f1 ndevs=2 nmdevs=2 qp_num=46577 pkey=0 pd=0xebcda4041e20 oooRq=0
spark2:1:83 [0] NCCL INFO NET/IB: ncclIbConnectImpl: NCCL Dev 0 IbDev 0 Port 1 qp_num 46577 mtu 3 GID 4 (0/208640AFFFF0000) ctsFifoRkey=0x19faec ctsFifoLkey=0x19faec
spark2:1:83 [0] NCCL INFO NET/IB: ncclIbConnectImpl: IbDev 0 Port 1 qp_num 46577 query_ece={supported=1, vendor_id=0x15b3, options=0x30000002, comp_mask=0x0}
spark2:1:83 [0] NCCL INFO NET/IB: ncclIbReceiverQpsCreateToRts: QP created: port=1 dev=0 devName=rocep1s0f1 ndevs=2 nmdevs=2 qp_num=46578 pkey=0 pd=0xebcda4041e20 oooRq=0
spark2:1:83 [0] NCCL INFO NET/IB: ncclIbReceiverQpsCreateToRts: Flush QP created: port=1 dev=0 devName=rocep1s0f1 ndevs=2 nmdevs=2 qp_num=46579 pkey=0 pd=0xebcda4041e20
spark2:1:83 [0] NCCL INFO NET/IB: ncclIbSenderQpsCreate: QP created: port=1 dev=1 devName=roceP2p1s0f1 ndevs=2 nmdevs=2 qp_num=701 pkey=0 pd=0xebcda418c040 oooRq=0
spark2:1:83 [0] NCCL INFO NET/IB: ncclIbConnectImpl: NCCL Dev 1 IbDev 1 Port 1 qp_num 701 mtu 3 GID 3 (0/209640AFFFF0000) ctsFifoRkey=0x1d5955 ctsFifoLkey=0x1d5955
spark2:1:83 [0] NCCL INFO NET/IB: ncclIbConnectImpl: IbDev 1 Port 1 qp_num 701 query_ece={supported=1, vendor_id=0x15b3, options=0x30000002, comp_mask=0x0}
spark2:1:83 [0] NCCL INFO NET/IB: ncclIbReceiverQpsCreateToRts: QP created: port=1 dev=1 devName=roceP2p1s0f1 ndevs=2 nmdevs=2 qp_num=702 pkey=0 pd=0xebcda418c040 oooRq=0
spark2:1:83 [0] NCCL INFO NET/IB: ncclIbReceiverQpsCreateToRts: Flush QP created: port=1 dev=1 devName=roceP2p1s0f1 ndevs=2 nmdevs=2 qp_num=703 pkey=0 pd=0xebcda418c040
spark2:1:83 [0] NCCL INFO NET/IB: ncclIbSenderQpsCreate: QP created: port=1 dev=0 devName=rocep1s0f1 ndevs=2 nmdevs=2 qp_num=46580 pkey=0 pd=0xebcda4041e20 oooRq=0
spark2:1:83 [0] NCCL INFO NET/IB: ncclIbConnectImpl: NCCL Dev 0 IbDev 0 Port 1 qp_num 46580 mtu 3 GID 4 (0/208640AFFFF0000) ctsFifoRkey=0x1a0f0f ctsFifoLkey=0x1a0f0f
spark2:1:83 [0] NCCL INFO NET/IB: ncclIbConnectImpl: IbDev 0 Port 1 qp_num 46580 query_ece={supported=1, vendor_id=0x15b3, options=0x30000002, comp_mask=0x0}
spark2:1:83 [0] NCCL INFO NET/IB: ncclIbReceiverQpsCreateToRts: QP created: port=1 dev=0 devName=rocep1s0f1 ndevs=2 nmdevs=2 qp_num=46581 pkey=0 pd=0xebcda4041e20 oooRq=0
spark2:1:83 [0] NCCL INFO NET/IB: ncclIbReceiverQpsCreateToRts: Flush QP created: port=1 dev=0 devName=rocep1s0f1 ndevs=2 nmdevs=2 qp_num=46582 pkey=0 pd=0xebcda4041e20
spark2:1:83 [0] NCCL INFO NET/IB: ncclIbSenderQpsCreate: QP created: port=1 dev=1 devName=roceP2p1s0f1 ndevs=2 nmdevs=2 qp_num=704 pkey=0 pd=0xebcda418c040 oooRq=0
spark2:1:83 [0] NCCL INFO NET/IB: ncclIbConnectImpl: NCCL Dev 1 IbDev 1 Port 1 qp_num 704 mtu 3 GID 3 (0/209640AFFFF0000) ctsFifoRkey=0x1d463f ctsFifoLkey=0x1d463f
spark2:1:83 [0] NCCL INFO NET/IB: ncclIbConnectImpl: IbDev 1 Port 1 qp_num 704 query_ece={supported=1, vendor_id=0x15b3, options=0x30000002, comp_mask=0x0}
spark2:1:83 [0] NCCL INFO NET/IB: ncclIbReceiverQpsCreateToRts: QP created: port=1 dev=1 devName=roceP2p1s0f1 ndevs=2 nmdevs=2 qp_num=705 pkey=0 pd=0xebcda418c040 oooRq=0
spark2:1:83 [0] NCCL INFO NET/IB: ncclIbReceiverQpsCreateToRts: Flush QP created: port=1 dev=1 devName=roceP2p1s0f1 ndevs=2 nmdevs=2 qp_num=706 pkey=0 pd=0xebcda418c040
spark2:1:83 [0] NCCL INFO NET/IB: ncclIbSenderQpsCreate: QP created: port=1 dev=0 devName=rocep1s0f1 ndevs=2 nmdevs=2 qp_num=46583 pkey=0 pd=0xebcda4041e20 oooRq=0
spark2:1:83 [0] NCCL INFO NET/IB: ncclIbConnectImpl: NCCL Dev 0 IbDev 0 Port 1 qp_num 46583 mtu 3 GID 4 (0/208640AFFFF0000) ctsFifoRkey=0x1a3733 ctsFifoLkey=0x1a3733
spark2:1:83 [0] NCCL INFO NET/IB: ncclIbConnectImpl: IbDev 0 Port 1 qp_num 46583 query_ece={supported=1, vendor_id=0x15b3, options=0x30000002, comp_mask=0x0}
spark2:1:83 [0] NCCL INFO NET/IB: ncclIbReceiverQpsCreateToRts: QP created: port=1 dev=0 devName=rocep1s0f1 ndevs=2 nmdevs=2 qp_num=46584 pkey=0 pd=0xebcda4041e20 oooRq=0
spark2:1:83 [0] NCCL INFO NET/IB: ncclIbReceiverQpsCreateToRts: Flush QP created: port=1 dev=0 devName=rocep1s0f1 ndevs=2 nmdevs=2 qp_num=46585 pkey=0 pd=0xebcda4041e20
spark2:1:83 [0] NCCL INFO NET/IB: ncclIbSenderQpsCreate: QP created: port=1 dev=1 devName=roceP2p1s0f1 ndevs=2 nmdevs=2 qp_num=707 pkey=0 pd=0xebcda418c040 oooRq=0
spark2:1:83 [0] NCCL INFO NET/IB: ncclIbConnectImpl: NCCL Dev 1 IbDev 1 Port 1 qp_num 707 mtu 3 GID 3 (0/209640AFFFF0000) ctsFifoRkey=0x1dd5d7 ctsFifoLkey=0x1dd5d7
spark2:1:83 [0] NCCL INFO NET/IB: ncclIbConnectImpl: IbDev 1 Port 1 qp_num 707 query_ece={supported=1, vendor_id=0x15b3, options=0x30000002, comp_mask=0x0}
spark2:1:83 [0] NCCL INFO NET/IB: ncclIbReceiverQpsCreateToRts: QP created: port=1 dev=1 devName=roceP2p1s0f1 ndevs=2 nmdevs=2 qp_num=708 pkey=0 pd=0xebcda418c040 oooRq=0
spark2:1:83 [0] NCCL INFO NET/IB: ncclIbReceiverQpsCreateToRts: Flush QP created: port=1 dev=1 devName=roceP2p1s0f1 ndevs=2 nmdevs=2 qp_num=709 pkey=0 pd=0xebcda418c040
spark2:1:83 [0] NCCL INFO NET/IB: ncclIbSenderQpsCreate: QP created: port=1 dev=0 devName=rocep1s0f1 ndevs=2 nmdevs=2 qp_num=46586 pkey=0 pd=0xebcda4041e20 oooRq=0
spark2:1:83 [0] NCCL INFO NET/IB: ncclIbConnectImpl: NCCL Dev 0 IbDev 0 Port 1 qp_num 46586 mtu 3 GID 4 (0/208640AFFFF0000) ctsFifoRkey=0x1b2623 ctsFifoLkey=0x1b2623
spark2:1:83 [0] NCCL INFO NET/IB: ncclIbConnectImpl: IbDev 0 Port 1 qp_num 46586 query_ece={supported=1, vendor_id=0x15b3, options=0x30000002, comp_mask=0x0}
spark2:1:83 [0] NCCL INFO NET/IB: ncclIbResiliencyInit: Resiliency is disabled on the recv communicator (comm=0xebcda5591000)
spark2:1:83 [0] NCCL INFO NET/IB: ncclIbRecvCommInit: Receive work requests will be posted on-demand
spark2:1:83 [0] NCCL INFO NET/IB: ncclIbSenderQpsToRts: Set ECE: IbDev 0 Port 1 qp_num 46577 set_ece={supported=1, vendor_id=0x15b3, options=0x30000002, comp_mask=0x0}
spark2:1:83 [0] NCCL INFO NET/IB: ncclIbSenderQpsToRts: Set ECE: IbDev 1 Port 1 qp_num 701 set_ece={supported=1, vendor_id=0x15b3, options=0x30000002, comp_mask=0x0}
spark2:1:83 [0] NCCL INFO NET/IB: ncclIbSenderQpsToRts: Set ECE: IbDev 0 Port 1 qp_num 46580 set_ece={supported=1, vendor_id=0x15b3, options=0x30000002, comp_mask=0x0}
spark2:1:83 [0] NCCL INFO NET/IB: ncclIbSenderQpsToRts: Set ECE: IbDev 1 Port 1 qp_num 704 set_ece={supported=1, vendor_id=0x15b3, options=0x30000002, comp_mask=0x0}
spark2:1:83 [0] NCCL INFO NET/IB: ncclIbSenderQpsToRts: Set ECE: IbDev 0 Port 1 qp_num 46583 set_ece={supported=1, vendor_id=0x15b3, options=0x30000002, comp_mask=0x0}
spark2:1:83 [0] NCCL INFO NET/IB: ncclIbSenderQpsToRts: Set ECE: IbDev 1 Port 1 qp_num 707 set_ece={supported=1, vendor_id=0x15b3, options=0x30000002, comp_mask=0x0}
spark2:1:83 [0] NCCL INFO NET/IB: ncclIbSenderQpsToRts: Set ECE: IbDev 0 Port 1 qp_num 46586 set_ece={supported=1, vendor_id=0x15b3, options=0x30000002, comp_mask=0x0}
spark2:1:83 [0] NCCL INFO NET/IB: ncclIbReceiverQpsCreateToRts: QP created: port=1 dev=0 devName=rocep1s0f1 ndevs=2 nmdevs=2 qp_num=46587 pkey=0 pd=0xebcda4041e20 oooRq=0
spark2:1:83 [0] NCCL INFO NET/IB: ncclIbReceiverQpsCreateToRts: Flush QP created: port=1 dev=0 devName=rocep1s0f1 ndevs=2 nmdevs=2 qp_num=46588 pkey=0 pd=0xebcda4041e20
spark2:1:83 [0] NCCL INFO NET/IB: ncclIbResiliencyInit: Resiliency is disabled on the send communicator (comm=0xebcda5621000)
spark2:1:83 [0] NCCL INFO NET/IB: ncclIbResiliencyInit: Resiliency is disabled on the recv communicator (comm=0xebcda5662000)
spark2:1:83 [0] NCCL INFO NET/IB: ncclIbRecvCommInit: Receive work requests will be posted on-demand
spark2:1:83 [0] NCCL INFO NET/IB: ncclIbResiliencyInit: Resiliency is disabled on the send communicator (comm=0xebcda56a7000)
spark2:1:83 [0] NCCL INFO NET/IB: ncclIbResiliencyInit: Resiliency is disabled on the recv communicator (comm=0xebcda56e8000)
spark2:1:83 [0] NCCL INFO NET/IB: ncclIbRecvCommInit: Receive work requests will be posted on-demand
spark2:1:83 [0] NCCL INFO NET/IB: ncclIbResiliencyInit: Resiliency is disabled on the send communicator (comm=0xebcda572d000)
spark2:1:83 [0] NCCL INFO NET/IB: ncclIbResiliencyInit: Resiliency is disabled on the recv communicator (comm=0xebcda576e000)
spark2:1:83 [0] NCCL INFO NET/IB: ncclIbRecvCommInit: Receive work requests will be posted on-demand
spark2:1:83 [0] NCCL INFO NET/IB: ncclIbResiliencyInit: Resiliency is disabled on the send communicator (comm=0xebcda57b3000)
spark2:1:83 [0] NCCL INFO NET/IB: ncclIbResiliencyInit: Resiliency is disabled on the recv communicator (comm=0xebcda57f4000)
spark2:1:83 [0] NCCL INFO NET/IB: ncclIbRecvCommInit: Receive work requests will be posted on-demand
spark2:1:83 [0] NCCL INFO NET/IB: ncclIbResiliencyInit: Resiliency is disabled on the send communicator (comm=0xebcda5839000)
spark2:1:83 [0] NCCL INFO NET/IB: ncclIbResiliencyInit: Resiliency is disabled on the recv communicator (comm=0xebcda587a000)
spark2:1:83 [0] NCCL INFO NET/IB: ncclIbRecvCommInit: Receive work requests will be posted on-demand
spark2:1:83 [0] NCCL INFO NET/IB: ncclIbResiliencyInit: Resiliency is disabled on the send communicator (comm=0xebcda58bf000)
spark2:1:83 [0] NCCL INFO NET/IB: ncclIbResiliencyInit: Resiliency is disabled on the recv communicator (comm=0xebcda5900000)
spark2:1:83 [0] NCCL INFO NET/IB: ncclIbRecvCommInit: Receive work requests will be posted on-demand
spark2:1:83 [0] NCCL INFO NET/IB: ncclIbResiliencyInit: Resiliency is disabled on the send communicator (comm=0xebcda5948000)
spark2:1:83 [0] NCCL INFO NET/IB: ncclIbResiliencyInit: Resiliency is disabled on the recv communicator (comm=0xebcda598c000)
spark2:1:83 [0] NCCL INFO NET/IB: ncclIbRecvCommInit: Receive work requests will be posted on-demand
spark2:1:83 [0] NCCL INFO NET/IB: ncclIbResiliencyInit: Resiliency is disabled on the send communicator (comm=0xebcda59d4000)
spark2:1:83 [0] NCCL INFO NET/IB: ncclIbResiliencyInit: Resiliency is disabled on the recv communicator (comm=0xebcda5a18000)
spark2:1:83 [0] NCCL INFO NET/IB: ncclIbRecvCommInit: Receive work requests will be posted on-demand
spark2:1:83 [0] NCCL INFO NET/IB: ncclIbResiliencyInit: Resiliency is disabled on the send communicator (comm=0xebcda5a60000)
spark2:1:83 [0] NCCL INFO NET/IB: ncclIbResiliencyInit: Resiliency is disabled on the recv communicator (comm=0xebcda5aa4000)
spark2:1:83 [0] NCCL INFO NET/IB: ncclIbRecvCommInit: Receive work requests will be posted on-demand
spark2:1:83 [0] NCCL INFO NET/IB: ncclIbResiliencyInit: Resiliency is disabled on the send communicator (comm=0xebcda5aec000)
spark2:1:83 [0] NCCL INFO NET/IB: ncclIbResiliencyInit: Resiliency is disabled on the recv communicator (comm=0xebcda5b30000)
spark2:1:83 [0] NCCL INFO NET/IB: ncclIbRecvCommInit: Receive work requests will be posted on-demand
spark2:1:83 [0] NCCL INFO NET/IB: ncclIbResiliencyInit: Resiliency is disabled on the send communicator (comm=0xebcda5b78000)
spark2:1:83 [0] NCCL INFO NET/IB: ncclIbResiliencyInit: Resiliency is disabled on the recv communicator (comm=0xebcda5bbc000)
spark2:1:83 [0] NCCL INFO NET/IB: ncclIbRecvCommInit: Receive work requests will be posted on-demand
spark2:1:83 [0] NCCL INFO NET/IB: ncclIbResiliencyInit: Resiliency is disabled on the send communicator (comm=0xebcda5c04000)
spark2:1:83 [0] NCCL INFO NET/IB: ncclIbResiliencyInit: Resiliency is disabled on the recv communicator (comm=0xebcda5c48000)
spark2:1:83 [0] NCCL INFO NET/IB: ncclIbRecvCommInit: Receive work requests will be posted on-demand
spark2:1:83 [0] NCCL INFO NET/IB: ncclIbResiliencyInit: Resiliency is disabled on the send communicator (comm=0xebcda5c90000)
spark2:1:83 [0] NCCL INFO NET/IB: ncclIbResiliencyInit: Resiliency is disabled on the recv communicator (comm=0xebcda5cd4000)
spark2:1:83 [0] NCCL INFO NET/IB: ncclIbRecvCommInit: Receive work requests will be posted on-demand
spark2:1:83 [0] NCCL INFO NET/IB: ncclIbResiliencyInit: Resiliency is disabled on the send communicator (comm=0xebcda5d1c000)
spark2:1:83 [0] NCCL INFO NET/IB: ncclIbSenderQpsCreate: QP created: port=1 dev=1 devName=roceP2p1s0f1 ndevs=2 nmdevs=2 qp_num=710 pkey=0 pd=0xebcda418c040 oooRq=0
spark2:1:83 [0] NCCL INFO NET/IB: ncclIbConnectImpl: NCCL Dev 1 IbDev 1 Port 1 qp_num 710 mtu 3 GID 3 (0/209640AFFFF0000) ctsFifoRkey=0x1d1b1b ctsFifoLkey=0x1d1b1b
spark2:1:83 [0] NCCL INFO NET/IB: ncclIbConnectImpl: IbDev 1 Port 1 qp_num 710 query_ece={supported=1, vendor_id=0x15b3, options=0x30000002, comp_mask=0x0}
spark2:1:83 [0] NCCL INFO NET/IB: ncclIbReceiverQpsCreateToRts: QP created: port=1 dev=1 devName=roceP2p1s0f1 ndevs=2 nmdevs=2 qp_num=711 pkey=0 pd=0xebcda418c040 oooRq=0
spark2:1:83 [0] NCCL INFO NET/IB: ncclIbReceiverQpsCreateToRts: Flush QP created: port=1 dev=1 devName=roceP2p1s0f1 ndevs=2 nmdevs=2 qp_num=712 pkey=0 pd=0xebcda418c040
spark2:1:83 [0] NCCL INFO NET/IB: ncclIbSenderQpsCreate: QP created: port=1 dev=0 devName=rocep1s0f1 ndevs=2 nmdevs=2 qp_num=46589 pkey=0 pd=0xebcda4041e20 oooRq=0
spark2:1:83 [0] NCCL INFO NET/IB: ncclIbConnectImpl: NCCL Dev 0 IbDev 0 Port 1 qp_num 46589 mtu 3 GID 4 (0/208640AFFFF0000) ctsFifoRkey=0x1a6764 ctsFifoLkey=0x1a6764
spark2:1:83 [0] NCCL INFO NET/IB: ncclIbConnectImpl: IbDev 0 Port 1 qp_num 46589 query_ece={supported=1, vendor_id=0x15b3, options=0x30000002, comp_mask=0x0}
spark2:1:83 [0] NCCL INFO NET/IB: ncclIbReceiverQpsCreateToRts: QP created: port=1 dev=0 devName=rocep1s0f1 ndevs=2 nmdevs=2 qp_num=46590 pkey=0 pd=0xebcda4041e20 oooRq=0
spark2:1:83 [0] NCCL INFO NET/IB: ncclIbReceiverQpsCreateToRts: Flush QP created: port=1 dev=0 devName=rocep1s0f1 ndevs=2 nmdevs=2 qp_num=46591 pkey=0 pd=0xebcda4041e20
spark2:1:83 [0] NCCL INFO NET/IB: ncclIbSenderQpsCreate: QP created: port=1 dev=1 devName=roceP2p1s0f1 ndevs=2 nmdevs=2 qp_num=713 pkey=0 pd=0xebcda418c040 oooRq=0
spark2:1:83 [0] NCCL INFO NET/IB: ncclIbConnectImpl: NCCL Dev 1 IbDev 1 Port 1 qp_num 713 mtu 3 GID 3 (0/209640AFFFF0000) ctsFifoRkey=0x1d0100 ctsFifoLkey=0x1d0100
spark2:1:83 [0] NCCL INFO NET/IB: ncclIbConnectImpl: IbDev 1 Port 1 qp_num 713 query_ece={supported=1, vendor_id=0x15b3, options=0x30000002, comp_mask=0x0}
spark2:1:83 [0] NCCL INFO NET/IB: ncclIbReceiverQpsCreateToRts: QP created: port=1 dev=1 devName=roceP2p1s0f1 ndevs=2 nmdevs=2 qp_num=714 pkey=0 pd=0xebcda418c040 oooRq=0
spark2:1:83 [0] NCCL INFO NET/IB: ncclIbReceiverQpsCreateToRts: Flush QP created: port=1 dev=1 devName=roceP2p1s0f1 ndevs=2 nmdevs=2 qp_num=715 pkey=0 pd=0xebcda418c040
spark2:1:83 [0] NCCL INFO NET/IB: ncclIbSenderQpsCreate: QP created: port=1 dev=0 devName=rocep1s0f1 ndevs=2 nmdevs=2 qp_num=46592 pkey=0 pd=0xebcda4041e20 oooRq=0
spark2:1:83 [0] NCCL INFO NET/IB: ncclIbConnectImpl: NCCL Dev 0 IbDev 0 Port 1 qp_num 46592 mtu 3 GID 4 (0/208640AFFFF0000) ctsFifoRkey=0x1a9795 ctsFifoLkey=0x1a9795
spark2:1:83 [0] NCCL INFO NET/IB: ncclIbConnectImpl: IbDev 0 Port 1 qp_num 46592 query_ece={supported=1, vendor_id=0x15b3, options=0x30000002, comp_mask=0x0}
spark2:1:83 [0] NCCL INFO NET/IB: ncclIbReceiverQpsCreateToRts: QP created: port=1 dev=0 devName=rocep1s0f1 ndevs=2 nmdevs=2 qp_num=46593 pkey=0 pd=0xebcda4041e20 oooRq=0
spark2:1:83 [0] NCCL INFO NET/IB: ncclIbReceiverQpsCreateToRts: Flush QP created: port=1 dev=0 devName=rocep1s0f1 ndevs=2 nmdevs=2 qp_num=46594 pkey=0 pd=0xebcda4041e20
spark2:1:83 [0] NCCL INFO NET/IB: ncclIbSenderQpsCreate: QP created: port=1 dev=1 devName=roceP2p1s0f1 ndevs=2 nmdevs=2 qp_num=716 pkey=0 pd=0xebcda418c040 oooRq=0
spark2:1:83 [0] NCCL INFO NET/IB: ncclIbConnectImpl: NCCL Dev 1 IbDev 1 Port 1 qp_num 716 mtu 3 GID 3 (0/209640AFFFF0000) ctsFifoRkey=0x1ceae8 ctsFifoLkey=0x1ceae8
spark2:1:83 [0] NCCL INFO NET/IB: ncclIbConnectImpl: IbDev 1 Port 1 qp_num 716 query_ece={supported=1, vendor_id=0x15b3, options=0x30000002, comp_mask=0x0}
spark2:1:83 [0] NCCL INFO NET/IB: ncclIbReceiverQpsCreateToRts: QP created: port=1 dev=1 devName=roceP2p1s0f1 ndevs=2 nmdevs=2 qp_num=717 pkey=0 pd=0xebcda418c040 oooRq=0
spark2:1:83 [0] NCCL INFO NET/IB: ncclIbReceiverQpsCreateToRts: Flush QP created: port=1 dev=1 devName=roceP2p1s0f1 ndevs=2 nmdevs=2 qp_num=718 pkey=0 pd=0xebcda418c040
spark2:1:83 [0] NCCL INFO NET/IB: ncclIbSenderQpsCreate: QP created: port=1 dev=0 devName=rocep1s0f1 ndevs=2 nmdevs=2 qp_num=46595 pkey=0 pd=0xebcda4041e20 oooRq=0
spark2:1:83 [0] NCCL INFO NET/IB: ncclIbConnectImpl: NCCL Dev 0 IbDev 0 Port 1 qp_num 46595 mtu 3 GID 4 (0/208640AFFFF0000) ctsFifoRkey=0x1abbb8 ctsFifoLkey=0x1abbb8
spark2:1:83 [0] NCCL INFO NET/IB: ncclIbConnectImpl: IbDev 0 Port 1 qp_num 46595 query_ece={supported=1, vendor_id=0x15b3, options=0x30000002, comp_mask=0x0}
spark2:1:83 [0] NCCL INFO NET/IB: ncclIbReceiverQpsCreateToRts: QP created: port=1 dev=0 devName=rocep1s0f1 ndevs=2 nmdevs=2 qp_num=46596 pkey=0 pd=0xebcda4041e20 oooRq=0
spark2:1:83 [0] NCCL INFO NET/IB: ncclIbReceiverQpsCreateToRts: Flush QP created: port=1 dev=0 devName=rocep1s0f1 ndevs=2 nmdevs=2 qp_num=46597 pkey=0 pd=0xebcda4041e20
spark2:1:83 [0] NCCL INFO NET/IB: ncclIbSenderQpsCreate: QP created: port=1 dev=1 devName=roceP2p1s0f1 ndevs=2 nmdevs=2 qp_num=719 pkey=0 pd=0xebcda418c040 oooRq=0
spark2:1:83 [0] NCCL INFO NET/IB: ncclIbConnectImpl: NCCL Dev 1 IbDev 1 Port 1 qp_num 719 mtu 3 GID 3 (0/209640AFFFF0000) ctsFifoRkey=0x1bb5aa ctsFifoLkey=0x1bb5aa
spark2:1:83 [0] NCCL INFO NET/IB: ncclIbConnectImpl: IbDev 1 Port 1 qp_num 719 query_ece={supported=1, vendor_id=0x15b3, options=0x30000002, comp_mask=0x0}
spark2:1:83 [0] NCCL INFO NET/IB: ncclIbReceiverQpsCreateToRts: QP created: port=1 dev=1 devName=roceP2p1s0f1 ndevs=2 nmdevs=2 qp_num=720 pkey=0 pd=0xebcda418c040 oooRq=0
spark2:1:83 [0] NCCL INFO NET/IB: ncclIbReceiverQpsCreateToRts: Flush QP created: port=1 dev=1 devName=roceP2p1s0f1 ndevs=2 nmdevs=2 qp_num=721 pkey=0 pd=0xebcda418c040
spark2:1:83 [0] NCCL INFO NET/IB: ncclIbSenderQpsCreate: QP created: port=1 dev=0 devName=rocep1s0f1 ndevs=2 nmdevs=2 qp_num=46598 pkey=0 pd=0xebcda4041e20 oooRq=0
spark2:1:83 [0] NCCL INFO NET/IB: ncclIbConnectImpl: NCCL Dev 0 IbDev 0 Port 1 qp_num 46598 mtu 3 GID 4 (0/208640AFFFF0000) ctsFifoRkey=0x1b1714 ctsFifoLkey=0x1b1714
spark2:1:83 [0] NCCL INFO NET/IB: ncclIbConnectImpl: IbDev 0 Port 1 qp_num 46598 query_ece={supported=1, vendor_id=0x15b3, options=0x30000002, comp_mask=0x0}
spark2:1:83 [0] NCCL INFO NET/IB: ncclIbReceiverQpsCreateToRts: QP created: port=1 dev=0 devName=rocep1s0f1 ndevs=2 nmdevs=2 qp_num=46599 pkey=0 pd=0xebcda4041e20 oooRq=0
spark2:1:83 [0] NCCL INFO NET/IB: ncclIbReceiverQpsCreateToRts: Flush QP created: port=1 dev=0 devName=rocep1s0f1 ndevs=2 nmdevs=2 qp_num=46600 pkey=0 pd=0xebcda4041e20
spark2:1:83 [0] NCCL INFO NET/IB: ncclIbSenderQpsCreate: QP created: port=1 dev=1 devName=roceP2p1s0f1 ndevs=2 nmdevs=2 qp_num=722 pkey=0 pd=0xebcda418c040 oooRq=0
spark2:1:83 [0] NCCL INFO NET/IB: ncclIbConnectImpl: NCCL Dev 1 IbDev 1 Port 1 qp_num 722 mtu 3 GID 3 (0/209640AFFFF0000) ctsFifoRkey=0x1dc7c5 ctsFifoLkey=0x1dc7c5
spark2:1:83 [0] NCCL INFO NET/IB: ncclIbConnectImpl: IbDev 1 Port 1 qp_num 722 query_ece={supported=1, vendor_id=0x15b3, options=0x30000002, comp_mask=0x0}
spark2:1:83 [0] NCCL INFO NET/IB: ncclIbReceiverQpsCreateToRts: QP created: port=1 dev=1 devName=roceP2p1s0f1 ndevs=2 nmdevs=2 qp_num=723 pkey=0 pd=0xebcda418c040 oooRq=0
spark2:1:83 [0] NCCL INFO NET/IB: ncclIbReceiverQpsCreateToRts: Flush QP created: port=1 dev=1 devName=roceP2p1s0f1 ndevs=2 nmdevs=2 qp_num=724 pkey=0 pd=0xebcda418c040
spark2:1:83 [0] NCCL INFO NET/IB: ncclIbSenderQpsCreate: QP created: port=1 dev=0 devName=rocep1s0f1 ndevs=2 nmdevs=2 qp_num=46601 pkey=0 pd=0xebcda4041e20 oooRq=0
spark2:1:83 [0] NCCL INFO NET/IB: ncclIbConnectImpl: NCCL Dev 0 IbDev 0 Port 1 qp_num 46601 mtu 3 GID 4 (0/208640AFFFF0000) ctsFifoRkey=0x1b3b38 ctsFifoLkey=0x1b3b38
spark2:1:83 [0] NCCL INFO NET/IB: ncclIbConnectImpl: IbDev 0 Port 1 qp_num 46601 query_ece={supported=1, vendor_id=0x15b3, options=0x30000002, comp_mask=0x0}
spark2:1:83 [0] NCCL INFO NET/IB: ncclIbReceiverQpsCreateToRts: QP created: port=1 dev=0 devName=rocep1s0f1 ndevs=2 nmdevs=2 qp_num=46602 pkey=0 pd=0xebcda4041e20 oooRq=0
spark2:1:83 [0] NCCL INFO NET/IB: ncclIbReceiverQpsCreateToRts: Flush QP created: port=1 dev=0 devName=rocep1s0f1 ndevs=2 nmdevs=2 qp_num=46603 pkey=0 pd=0xebcda4041e20
spark2:1:83 [0] NCCL INFO NET/IB: ncclIbSenderQpsCreate: QP created: port=1 dev=1 devName=roceP2p1s0f1 ndevs=2 nmdevs=2 qp_num=725 pkey=0 pd=0xebcda418c040 oooRq=0
spark2:1:83 [0] NCCL INFO NET/IB: ncclIbConnectImpl: NCCL Dev 1 IbDev 1 Port 1 qp_num 725 mtu 3 GID 3 (0/209640AFFFF0000) ctsFifoRkey=0x1b786f ctsFifoLkey=0x1b786f
spark2:1:83 [0] NCCL INFO NET/IB: ncclIbConnectImpl: IbDev 1 Port 1 qp_num 725 query_ece={supported=1, vendor_id=0x15b3, options=0x30000002, comp_mask=0x0}
spark2:1:83 [0] NCCL INFO NET/IB: ncclIbReceiverQpsCreateToRts: QP created: port=1 dev=1 devName=roceP2p1s0f1 ndevs=2 nmdevs=2 qp_num=726 pkey=0 pd=0xebcda418c040 oooRq=0
spark2:1:83 [0] NCCL INFO NET/IB: ncclIbReceiverQpsCreateToRts: Flush QP created: port=1 dev=1 devName=roceP2p1s0f1 ndevs=2 nmdevs=2 qp_num=727 pkey=0 pd=0xebcda418c040
spark2:1:83 [0] NCCL INFO NET/IB: ncclIbSenderQpsCreate: QP created: port=1 dev=0 devName=rocep1s0f1 ndevs=2 nmdevs=2 qp_num=46604 pkey=0 pd=0xebcda4041e20 oooRq=0
spark2:1:83 [0] NCCL INFO NET/IB: ncclIbConnectImpl: NCCL Dev 0 IbDev 0 Port 1 qp_num 46604 mtu 3 GID 4 (0/208640AFFFF0000) ctsFifoRkey=0x1b8986 ctsFifoLkey=0x1b8986
spark2:1:83 [0] NCCL INFO NET/IB: ncclIbConnectImpl: IbDev 0 Port 1 qp_num 46604 query_ece={supported=1, vendor_id=0x15b3, options=0x30000002, comp_mask=0x0}
spark2:1:83 [0] NCCL INFO NET/IB: ncclIbReceiverQpsCreateToRts: QP created: port=1 dev=0 devName=rocep1s0f1 ndevs=2 nmdevs=2 qp_num=46605 pkey=0 pd=0xebcda4041e20 oooRq=0
spark2:1:83 [0] NCCL INFO NET/IB: ncclIbReceiverQpsCreateToRts: Flush QP created: port=1 dev=0 devName=rocep1s0f1 ndevs=2 nmdevs=2 qp_num=46606 pkey=0 pd=0xebcda4041e20
spark2:1:83 [0] NCCL INFO NET/IB: ncclIbSenderQpsCreate: QP created: port=1 dev=1 devName=roceP2p1s0f1 ndevs=2 nmdevs=2 qp_num=728 pkey=0 pd=0xebcda418c040 oooRq=0
spark2:1:83 [0] NCCL INFO NET/IB: ncclIbConnectImpl: NCCL Dev 1 IbDev 1 Port 1 qp_num 728 mtu 3 GID 3 (0/209640AFFFF0000) ctsFifoRkey=0x1dcac1 ctsFifoLkey=0x1dcac1
spark2:1:83 [0] NCCL INFO NET/IB: ncclIbConnectImpl: IbDev 1 Port 1 qp_num 728 query_ece={supported=1, vendor_id=0x15b3, options=0x30000002, comp_mask=0x0}
spark2:1:83 [0] NCCL INFO NET/IB: ncclIbReceiverQpsCreateToRts: QP created: port=1 dev=1 devName=roceP2p1s0f1 ndevs=2 nmdevs=2 qp_num=729 pkey=0 pd=0xebcda418c040 oooRq=0
spark2:1:83 [0] NCCL INFO NET/IB: ncclIbReceiverQpsCreateToRts: Flush QP created: port=1 dev=1 devName=roceP2p1s0f1 ndevs=2 nmdevs=2 qp_num=730 pkey=0 pd=0xebcda418c040
spark2:1:83 [0] NCCL INFO NET/IB: ncclIbSenderQpsCreate: QP created: port=1 dev=0 devName=rocep1s0f1 ndevs=2 nmdevs=2 qp_num=46607 pkey=0 pd=0xebcda4041e20 oooRq=0
spark2:1:83 [0] NCCL INFO NET/IB: ncclIbConnectImpl: NCCL Dev 0 IbDev 0 Port 1 qp_num 46607 mtu 3 GID 4 (0/208640AFFFF0000) ctsFifoRkey=0x1bbdba ctsFifoLkey=0x1bbdba
spark2:1:83 [0] NCCL INFO NET/IB: ncclIbConnectImpl: IbDev 0 Port 1 qp_num 46607 query_ece={supported=1, vendor_id=0x15b3, options=0x30000002, comp_mask=0x0}
spark2:1:83 [0] NCCL INFO NET/IB: ncclIbResiliencyInit: Resiliency is disabled on the recv communicator (comm=0xebcda6430000)
spark2:1:83 [0] NCCL INFO NET/IB: ncclIbRecvCommInit: Receive work requests will be posted on-demand
spark2:1:83 [0] NCCL INFO NET/IB: ncclIbSenderQpsToRts: Set ECE: IbDev 1 Port 1 qp_num 710 set_ece={supported=1, vendor_id=0x15b3, options=0x30000002, comp_mask=0x0}
spark2:1:83 [0] NCCL INFO NET/IB: ncclIbSenderQpsToRts: Set ECE: IbDev 0 Port 1 qp_num 46589 set_ece={supported=1, vendor_id=0x15b3, options=0x30000002, comp_mask=0x0}
spark2:1:83 [0] NCCL INFO NET/IB: ncclIbSenderQpsToRts: Set ECE: IbDev 1 Port 1 qp_num 713 set_ece={supported=1, vendor_id=0x15b3, options=0x30000002, comp_mask=0x0}
spark2:1:83 [0] NCCL INFO NET/IB: ncclIbSenderQpsToRts: Set ECE: IbDev 0 Port 1 qp_num 46592 set_ece={supported=1, vendor_id=0x15b3, options=0x30000002, comp_mask=0x0}
spark2:1:83 [0] NCCL INFO NET/IB: ncclIbSenderQpsToRts: Set ECE: IbDev 1 Port 1 qp_num 716 set_ece={supported=1, vendor_id=0x15b3, options=0x30000002, comp_mask=0x0}
spark2:1:83 [0] NCCL INFO NET/IB: ncclIbSenderQpsToRts: Set ECE: IbDev 0 Port 1 qp_num 46595 set_ece={supported=1, vendor_id=0x15b3, options=0x30000002, comp_mask=0x0}
spark2:1:83 [0] NCCL INFO NET/IB: ncclIbSenderQpsToRts: Set ECE: IbDev 1 Port 1 qp_num 719 set_ece={supported=1, vendor_id=0x15b3, options=0x30000002, comp_mask=0x0}
spark2:1:83 [0] NCCL INFO NET/IB: ncclIbSenderQpsToRts: Set ECE: IbDev 0 Port 1 qp_num 46598 set_ece={supported=1, vendor_id=0x15b3, options=0x30000002, comp_mask=0x0}
spark2:1:83 [0] NCCL INFO NET/IB: ncclIbSenderQpsToRts: Set ECE: IbDev 1 Port 1 qp_num 722 set_ece={supported=1, vendor_id=0x15b3, options=0x30000002, comp_mask=0x0}
spark2:1:83 [0] NCCL INFO NET/IB: ncclIbSenderQpsToRts: Set ECE: IbDev 0 Port 1 qp_num 46601 set_ece={supported=1, vendor_id=0x15b3, options=0x30000002, comp_mask=0x0}
spark2:1:83 [0] NCCL INFO NET/IB: ncclIbSenderQpsToRts: Set ECE: IbDev 1 Port 1 qp_num 725 set_ece={supported=1, vendor_id=0x15b3, options=0x30000002, comp_mask=0x0}
spark2:1:83 [0] NCCL INFO NET/IB: ncclIbSenderQpsToRts: Set ECE: IbDev 0 Port 1 qp_num 46604 set_ece={supported=1, vendor_id=0x15b3, options=0x30000002, comp_mask=0x0}
spark2:1:83 [0] NCCL INFO NET/IB: ncclIbSenderQpsToRts: Set ECE: IbDev 1 Port 1 qp_num 728 set_ece={supported=1, vendor_id=0x15b3, options=0x30000002, comp_mask=0x0}
spark2:1:83 [0] NCCL INFO NET/IB: ncclIbSenderQpsToRts: Set ECE: IbDev 0 Port 1 qp_num 46607 set_ece={supported=1, vendor_id=0x15b3, options=0x30000002, comp_mask=0x0}
spark2:1:83 [0] NCCL INFO NET/IB: ncclIbReceiverQpsCreateToRts: QP created: port=1 dev=0 devName=rocep1s0f1 ndevs=2 nmdevs=2 qp_num=46608 pkey=0 pd=0xebcda4041e20 oooRq=0
spark2:1:83 [0] NCCL INFO NET/IB: ncclIbReceiverQpsCreateToRts: Flush QP created: port=1 dev=0 devName=rocep1s0f1 ndevs=2 nmdevs=2 qp_num=46609 pkey=0 pd=0xebcda4041e20
spark2:1:83 [0] NCCL INFO NET/IB: ncclIbResiliencyInit: Resiliency is disabled on the send communicator (comm=0xebcda64c0000)
spark2:1:83 [0] NCCL INFO NET/IB: ncclIbResiliencyInit: Resiliency is disabled on the recv communicator (comm=0xebcda6501000)
spark2:1:83 [0] NCCL INFO NET/IB: ncclIbRecvCommInit: Receive work requests will be posted on-demand
spark2:1:83 [0] NCCL INFO NET/IB: ncclIbResiliencyInit: Resiliency is disabled on the send communicator (comm=0xebcda6546000)
spark2:1:83 [0] NCCL INFO NET/IB: ncclIbResiliencyInit: Resiliency is disabled on the recv communicator (comm=0xebcda6587000)
spark2:1:83 [0] NCCL INFO NET/IB: ncclIbRecvCommInit: Receive work requests will be posted on-demand
spark2:1:83 [0] NCCL INFO NET/IB: ncclIbResiliencyInit: Resiliency is disabled on the send communicator (comm=0xebcda65cc000)
spark2:1:83 [0] NCCL INFO NET/IB: ncclIbResiliencyInit: Resiliency is disabled on the recv communicator (comm=0xebcda660d000)
spark2:1:83 [0] NCCL INFO NET/IB: ncclIbRecvCommInit: Receive work requests will be posted on-demand
spark2:1:83 [0] NCCL INFO NET/IB: ncclIbResiliencyInit: Resiliency is disabled on the send communicator (comm=0xebcda6652000)
spark2:1:83 [0] NCCL INFO NET/IB: ncclIbResiliencyInit: Resiliency is disabled on the recv communicator (comm=0xebcda6693000)
spark2:1:83 [0] NCCL INFO NET/IB: ncclIbRecvCommInit: Receive work requests will be posted on-demand
spark2:1:83 [0] NCCL INFO NET/IB: ncclIbResiliencyInit: Resiliency is disabled on the send communicator (comm=0xebcda66d8000)
spark2:1:83 [0] NCCL INFO NET/IB: ncclIbResiliencyInit: Resiliency is disabled on the recv communicator (comm=0xebcda6719000)
spark2:1:83 [0] NCCL INFO NET/IB: ncclIbRecvCommInit: Receive work requests will be posted on-demand
spark2:1:83 [0] NCCL INFO NET/IB: ncclIbResiliencyInit: Resiliency is disabled on the send communicator (comm=0xebcda675e000)
spark2:1:83 [0] NCCL INFO NET/IB: ncclIbResiliencyInit: Resiliency is disabled on the recv communicator (comm=0xebcda679f000)
spark2:1:83 [0] NCCL INFO NET/IB: ncclIbRecvCommInit: Receive work requests will be posted on-demand
spark2:1:83 [0] NCCL INFO NET/IB: ncclIbResiliencyInit: Resiliency is disabled on the send communicator (comm=0xebcda67e4000)
spark2:1:83 [0] NCCL INFO NET/IB: ncclIbResiliencyInit: Resiliency is disabled on the recv communicator (comm=0xebcda6825000)
spark2:1:83 [0] NCCL INFO NET/IB: ncclIbRecvCommInit: Receive work requests will be posted on-demand
spark2:1:83 [0] NCCL INFO NET/IB: ncclIbResiliencyInit: Resiliency is disabled on the send communicator (comm=0xebcda686a000)
spark2:1:83 [0] NCCL INFO NET/IB: ncclIbResiliencyInit: Resiliency is disabled on the recv communicator (comm=0xebcda68ab000)
spark2:1:83 [0] NCCL INFO NET/IB: ncclIbRecvCommInit: Receive work requests will be posted on-demand
spark2:1:83 [0] NCCL INFO NET/IB: ncclIbSenderQpsCreate: QP created: port=1 dev=1 devName=roceP2p1s0f1 ndevs=2 nmdevs=2 qp_num=731 pkey=0 pd=0xebcda418c040 oooRq=0
spark2:1:83 [0] NCCL INFO NET/IB: ncclIbConnectImpl: NCCL Dev 1 IbDev 1 Port 1 qp_num 731 mtu 3 GID 3 (0/209640AFFFF0000) ctsFifoRkey=0x1dc4bc ctsFifoLkey=0x1dc4bc
spark2:1:83 [0] NCCL INFO NET/IB: ncclIbConnectImpl: IbDev 1 Port 1 qp_num 731 query_ece={supported=1, vendor_id=0x15b3, options=0x30000002, comp_mask=0x0}
spark2:1:83 [0] NCCL INFO NET/IB: ncclIbReceiverQpsCreateToRts: QP created: port=1 dev=1 devName=roceP2p1s0f1 ndevs=2 nmdevs=2 qp_num=732 pkey=0 pd=0xebcda418c040 oooRq=0
spark2:1:83 [0] NCCL INFO NET/IB: ncclIbReceiverQpsCreateToRts: Flush QP created: port=1 dev=1 devName=roceP2p1s0f1 ndevs=2 nmdevs=2 qp_num=733 pkey=0 pd=0xebcda418c040
spark2:1:83 [0] NCCL INFO NET/IB: ncclIbSenderQpsCreate: QP created: port=1 dev=0 devName=rocep1s0f1 ndevs=2 nmdevs=2 qp_num=46610 pkey=0 pd=0xebcda4041e20 oooRq=0
spark2:1:83 [0] NCCL INFO NET/IB: ncclIbConnectImpl: NCCL Dev 0 IbDev 0 Port 1 qp_num 46610 mtu 3 GID 4 (0/208640AFFFF0000) ctsFifoRkey=0x1b413f ctsFifoLkey=0x1b413f
spark2:1:83 [0] NCCL INFO NET/IB: ncclIbConnectImpl: IbDev 0 Port 1 qp_num 46610 query_ece={supported=1, vendor_id=0x15b3, options=0x30000002, comp_mask=0x0}
spark2:1:83 [0] NCCL INFO NET/IB: ncclIbReceiverQpsCreateToRts: QP created: port=1 dev=0 devName=rocep1s0f1 ndevs=2 nmdevs=2 qp_num=46611 pkey=0 pd=0xebcda4041e20 oooRq=0
spark2:1:83 [0] NCCL INFO NET/IB: ncclIbReceiverQpsCreateToRts: Flush QP created: port=1 dev=0 devName=rocep1s0f1 ndevs=2 nmdevs=2 qp_num=46612 pkey=0 pd=0xebcda4041e20
spark2:1:83 [0] NCCL INFO NET/IB: ncclIbSenderQpsCreate: QP created: port=1 dev=1 devName=roceP2p1s0f1 ndevs=2 nmdevs=2 qp_num=734 pkey=0 pd=0xebcda418c040 oooRq=0
spark2:1:83 [0] NCCL INFO NET/IB: ncclIbConnectImpl: NCCL Dev 1 IbDev 1 Port 1 qp_num 734 mtu 3 GID 3 (0/209640AFFFF0000) ctsFifoRkey=0x1db7b7 ctsFifoLkey=0x1db7b7
spark2:1:83 [0] NCCL INFO NET/IB: ncclIbConnectImpl: IbDev 1 Port 1 qp_num 734 query_ece={supported=1, vendor_id=0x15b3, options=0x30000002, comp_mask=0x0}
spark2:1:83 [0] NCCL INFO NET/IB: ncclIbReceiverQpsCreateToRts: QP created: port=1 dev=1 devName=roceP2p1s0f1 ndevs=2 nmdevs=2 qp_num=735 pkey=0 pd=0xebcda418c040 oooRq=0
spark2:1:83 [0] NCCL INFO NET/IB: ncclIbReceiverQpsCreateToRts: Flush QP created: port=1 dev=1 devName=roceP2p1s0f1 ndevs=2 nmdevs=2 qp_num=736 pkey=0 pd=0xebcda418c040
spark2:1:83 [0] NCCL INFO NET/IB: ncclIbSenderQpsCreate: QP created: port=1 dev=0 devName=rocep1s0f1 ndevs=2 nmdevs=2 qp_num=46613 pkey=0 pd=0xebcda4041e20 oooRq=0
spark2:1:83 [0] NCCL INFO NET/IB: ncclIbConnectImpl: NCCL Dev 0 IbDev 0 Port 1 qp_num 46613 mtu 3 GID 4 (0/208640AFFFF0000) ctsFifoRkey=0x1b5956 ctsFifoLkey=0x1b5956
spark2:1:83 [0] NCCL INFO NET/IB: ncclIbConnectImpl: IbDev 0 Port 1 qp_num 46613 query_ece={supported=1, vendor_id=0x15b3, options=0x30000002, comp_mask=0x0}
spark2:1:83 [0] NCCL INFO NET/IB: ncclIbReceiverQpsCreateToRts: QP created: port=1 dev=0 devName=rocep1s0f1 ndevs=2 nmdevs=2 qp_num=46614 pkey=0 pd=0xebcda4041e20 oooRq=0
spark2:1:83 [0] NCCL INFO NET/IB: ncclIbReceiverQpsCreateToRts: Flush QP created: port=1 dev=0 devName=rocep1s0f1 ndevs=2 nmdevs=2 qp_num=46615 pkey=0 pd=0xebcda4041e20
spark2:1:83 [0] NCCL INFO NET/IB: ncclIbSenderQpsCreate: QP created: port=1 dev=1 devName=roceP2p1s0f1 ndevs=2 nmdevs=2 qp_num=737 pkey=0 pd=0xebcda418c040 oooRq=0
spark2:1:83 [0] NCCL INFO NET/IB: ncclIbConnectImpl: NCCL Dev 1 IbDev 1 Port 1 qp_num 737 mtu 3 GID 3 (0/209640AFFFF0000) ctsFifoRkey=0x1ab0ae ctsFifoLkey=0x1ab0ae
spark2:1:83 [0] NCCL INFO NET/IB: ncclIbConnectImpl: IbDev 1 Port 1 qp_num 737 query_ece={supported=1, vendor_id=0x15b3, options=0x30000002, comp_mask=0x0}
spark2:1:83 [0] NCCL INFO NET/IB: ncclIbReceiverQpsCreateToRts: QP created: port=1 dev=1 devName=roceP2p1s0f1 ndevs=2 nmdevs=2 qp_num=738 pkey=0 pd=0xebcda418c040 oooRq=0
spark2:1:83 [0] NCCL INFO NET/IB: ncclIbReceiverQpsCreateToRts: Flush QP created: port=1 dev=1 devName=roceP2p1s0f1 ndevs=2 nmdevs=2 qp_num=739 pkey=0 pd=0xebcda418c040
spark2:1:83 [0] NCCL INFO NET/IB: ncclIbSenderQpsCreate: QP created: port=1 dev=0 devName=rocep1s0f1 ndevs=2 nmdevs=2 qp_num=46616 pkey=0 pd=0xebcda4041e20 oooRq=0
spark2:1:83 [0] NCCL INFO NET/IB: ncclIbConnectImpl: NCCL Dev 0 IbDev 0 Port 1 qp_num 46616 mtu 3 GID 4 (0/208640AFFFF0000) ctsFifoRkey=0x1b716d ctsFifoLkey=0x1b716d
spark2:1:83 [0] NCCL INFO NET/IB: ncclIbConnectImpl: IbDev 0 Port 1 qp_num 46616 query_ece={supported=1, vendor_id=0x15b3, options=0x30000002, comp_mask=0x0}
spark2:1:83 [0] NCCL INFO NET/IB: ncclIbReceiverQpsCreateToRts: QP created: port=1 dev=0 devName=rocep1s0f1 ndevs=2 nmdevs=2 qp_num=46617 pkey=0 pd=0xebcda4041e20 oooRq=0
spark2:1:83 [0] NCCL INFO NET/IB: ncclIbReceiverQpsCreateToRts: Flush QP created: port=1 dev=0 devName=rocep1s0f1 ndevs=2 nmdevs=2 qp_num=46618 pkey=0 pd=0xebcda4041e20
spark2:1:83 [0] NCCL INFO NET/IB: ncclIbSenderQpsCreate: QP created: port=1 dev=1 devName=roceP2p1s0f1 ndevs=2 nmdevs=2 qp_num=740 pkey=0 pd=0xebcda418c040 oooRq=0
spark2:1:83 [0] NCCL INFO NET/IB: ncclIbConnectImpl: NCCL Dev 1 IbDev 1 Port 1 qp_num 740 mtu 3 GID 3 (0/209640AFFFF0000) ctsFifoRkey=0x1db4b3 ctsFifoLkey=0x1db4b3
spark2:1:83 [0] NCCL INFO NET/IB: ncclIbConnectImpl: IbDev 1 Port 1 qp_num 740 query_ece={supported=1, vendor_id=0x15b3, options=0x30000002, comp_mask=0x0}
spark2:1:83 [0] NCCL INFO NET/IB: ncclIbReceiverQpsCreateToRts: QP created: port=1 dev=1 devName=roceP2p1s0f1 ndevs=2 nmdevs=2 qp_num=741 pkey=0 pd=0xebcda418c040 oooRq=0
spark2:1:83 [0] NCCL INFO NET/IB: ncclIbReceiverQpsCreateToRts: Flush QP created: port=1 dev=1 devName=roceP2p1s0f1 ndevs=2 nmdevs=2 qp_num=742 pkey=0 pd=0xebcda418c040
spark2:1:83 [0] NCCL INFO NET/IB: ncclIbSenderQpsCreate: QP created: port=1 dev=0 devName=rocep1s0f1 ndevs=2 nmdevs=2 qp_num=46619 pkey=0 pd=0xebcda4041e20 oooRq=0
spark2:1:83 [0] NCCL INFO NET/IB: ncclIbConnectImpl: NCCL Dev 0 IbDev 0 Port 1 qp_num 46619 mtu 3 GID 4 (0/208640AFFFF0000) ctsFifoRkey=0x1b8885 ctsFifoLkey=0x1b8885
spark2:1:83 [0] NCCL INFO NET/IB: ncclIbConnectImpl: IbDev 0 Port 1 qp_num 46619 query_ece={supported=1, vendor_id=0x15b3, options=0x30000002, comp_mask=0x0}
spark2:1:83 [0] NCCL INFO NET/IB: ncclIbReceiverQpsCreateToRts: QP created: port=1 dev=0 devName=rocep1s0f1 ndevs=2 nmdevs=2 qp_num=46620 pkey=0 pd=0xebcda4041e20 oooRq=0
spark2:1:83 [0] NCCL INFO NET/IB: ncclIbReceiverQpsCreateToRts: Flush QP created: port=1 dev=0 devName=rocep1s0f1 ndevs=2 nmdevs=2 qp_num=46621 pkey=0 pd=0xebcda4041e20
spark2:1:83 [0] NCCL INFO NET/IB: ncclIbResiliencyInit: Resiliency is disabled on the send communicator (comm=0xebcda6ce5000)
spark2:1:83 [0] NCCL INFO NET/IB: ncclIbSenderQpsToRts: Set ECE: IbDev 1 Port 1 qp_num 731 set_ece={supported=1, vendor_id=0x15b3, options=0x30000002, comp_mask=0x0}
spark2:1:83 [0] NCCL INFO NET/IB: ncclIbSenderQpsToRts: Set ECE: IbDev 0 Port 1 qp_num 46610 set_ece={supported=1, vendor_id=0x15b3, options=0x30000002, comp_mask=0x0}
spark2:1:83 [0] NCCL INFO NET/IB: ncclIbSenderQpsToRts: Set ECE: IbDev 1 Port 1 qp_num 734 set_ece={supported=1, vendor_id=0x15b3, options=0x30000002, comp_mask=0x0}
spark2:1:83 [0] NCCL INFO NET/IB: ncclIbSenderQpsToRts: Set ECE: IbDev 0 Port 1 qp_num 46613 set_ece={supported=1, vendor_id=0x15b3, options=0x30000002, comp_mask=0x0}
spark2:1:83 [0] NCCL INFO NET/IB: ncclIbSenderQpsToRts: Set ECE: IbDev 1 Port 1 qp_num 737 set_ece={supported=1, vendor_id=0x15b3, options=0x30000002, comp_mask=0x0}
spark2:1:83 [0] NCCL INFO NET/IB: ncclIbSenderQpsToRts: Set ECE: IbDev 0 Port 1 qp_num 46616 set_ece={supported=1, vendor_id=0x15b3, options=0x30000002, comp_mask=0x0}
spark2:1:83 [0] NCCL INFO NET/IB: ncclIbSenderQpsToRts: Set ECE: IbDev 1 Port 1 qp_num 740 set_ece={supported=1, vendor_id=0x15b3, options=0x30000002, comp_mask=0x0}
spark2:1:83 [0] NCCL INFO NET/IB: ncclIbSenderQpsToRts: Set ECE: IbDev 0 Port 1 qp_num 46619 set_ece={supported=1, vendor_id=0x15b3, options=0x30000002, comp_mask=0x0}
spark2:1:83 [0] NCCL INFO NET/IB: ncclIbSenderQpsCreate: QP created: port=1 dev=1 devName=roceP2p1s0f1 ndevs=2 nmdevs=2 qp_num=743 pkey=0 pd=0xebcda418c040 oooRq=0
spark2:1:83 [0] NCCL INFO NET/IB: ncclIbConnectImpl: NCCL Dev 1 IbDev 1 Port 1 qp_num 743 mtu 3 GID 3 (0/209640AFFFF0000) ctsFifoRkey=0x1ca3a0 ctsFifoLkey=0x1ca3a0
spark2:1:83 [0] NCCL INFO NET/IB: ncclIbConnectImpl: IbDev 1 Port 1 qp_num 743 query_ece={supported=1, vendor_id=0x15b3, options=0x30000002, comp_mask=0x0}
spark2:1:83 [0] NCCL INFO NET/IB: ncclIbResiliencyInit: Resiliency is disabled on the recv communicator (comm=0xebcda6d57000)
spark2:1:83 [0] NCCL INFO NET/IB: ncclIbRecvCommInit: Receive work requests will be posted on-demand
spark2:1:83 [0] NCCL INFO NET/IB: ncclIbResiliencyInit: Resiliency is disabled on the send communicator (comm=0xebcda6d9c000)
spark2:1:83 [0] NCCL INFO NET/IB: ncclIbResiliencyInit: Resiliency is disabled on the recv communicator (comm=0xebcda6ddd000)
spark2:1:83 [0] NCCL INFO NET/IB: ncclIbRecvCommInit: Receive work requests will be posted on-demand
spark2:1:83 [0] NCCL INFO NET/IB: ncclIbResiliencyInit: Resiliency is disabled on the send communicator (comm=0xebcda6e22000)
spark2:1:83 [0] NCCL INFO NET/IB: ncclIbResiliencyInit: Resiliency is disabled on the recv communicator (comm=0xebcda6e63000)
spark2:1:83 [0] NCCL INFO NET/IB: ncclIbRecvCommInit: Receive work requests will be posted on-demand
spark2:1:83 [0] NCCL INFO NET/IB: ncclIbResiliencyInit: Resiliency is disabled on the send communicator (comm=0xebcda6ea8000)
spark2:1:83 [0] NCCL INFO NET/IB: ncclIbResiliencyInit: Resiliency is disabled on the recv communicator (comm=0xebcda6ee9000)
spark2:1:83 [0] NCCL INFO NET/IB: ncclIbRecvCommInit: Receive work requests will be posted on-demand
spark2:1:83 [0] NCCL INFO NET/IB: ncclIbResiliencyInit: Resiliency is disabled on the send communicator (comm=0xebcda6f2e000)
spark2:1:83 [0] NCCL INFO NET/IB: ncclIbReceiverQpsCreateToRts: QP created: port=1 dev=1 devName=roceP2p1s0f1 ndevs=2 nmdevs=2 qp_num=744 pkey=0 pd=0xebcda418c040 oooRq=0
spark2:1:83 [0] NCCL INFO NET/IB: ncclIbReceiverQpsCreateToRts: Flush QP created: port=1 dev=1 devName=roceP2p1s0f1 ndevs=2 nmdevs=2 qp_num=745 pkey=0 pd=0xebcda418c040
spark2:1:83 [0] NCCL INFO NET/IB: ncclIbResiliencyInit: Resiliency is disabled on the recv communicator (comm=0xebcda6fb7000)
spark2:1:83 [0] NCCL INFO NET/IB: ncclIbRecvCommInit: Receive work requests will be posted on-demand
spark2:1:83 [0] NCCL INFO NET/IB: ncclIbSenderQpsToRts: Set ECE: IbDev 1 Port 1 qp_num 743 set_ece={supported=1, vendor_id=0x15b3, options=0x30000002, comp_mask=0x0}
spark2:1:83 [0] NCCL INFO NET/IB: ncclIbSenderQpsCreate: QP created: port=1 dev=0 devName=rocep1s0f1 ndevs=2 nmdevs=2 qp_num=46622 pkey=0 pd=0xebcda4041e20 oooRq=0
spark2:1:83 [0] NCCL INFO NET/IB: ncclIbConnectImpl: NCCL Dev 0 IbDev 0 Port 1 qp_num 46622 mtu 3 GID 4 (0/208640AFFFF0000) ctsFifoRkey=0x194947 ctsFifoLkey=0x194947
spark2:1:83 [0] NCCL INFO NET/IB: ncclIbConnectImpl: IbDev 0 Port 1 qp_num 46622 query_ece={supported=1, vendor_id=0x15b3, options=0x30000002, comp_mask=0x0}
spark2:1:83 [0] NCCL INFO NET/IB: ncclIbReceiverQpsCreateToRts: QP created: port=1 dev=0 devName=rocep1s0f1 ndevs=2 nmdevs=2 qp_num=46623 pkey=0 pd=0xebcda4041e20 oooRq=0
spark2:1:83 [0] NCCL INFO NET/IB: ncclIbReceiverQpsCreateToRts: Flush QP created: port=1 dev=0 devName=rocep1s0f1 ndevs=2 nmdevs=2 qp_num=46624 pkey=0 pd=0xebcda4041e20
spark2:1:83 [0] NCCL INFO NET/IB: ncclIbSenderQpsCreate: QP created: port=1 dev=1 devName=roceP2p1s0f1 ndevs=2 nmdevs=2 qp_num=746 pkey=0 pd=0xebcda418c040 oooRq=0
spark2:1:83 [0] NCCL INFO NET/IB: ncclIbConnectImpl: NCCL Dev 1 IbDev 1 Port 1 qp_num 746 mtu 3 GID 3 (0/209640AFFFF0000) ctsFifoRkey=0x1dede2 ctsFifoLkey=0x1dede2
spark2:1:83 [0] NCCL INFO NET/IB: ncclIbConnectImpl: IbDev 1 Port 1 qp_num 746 query_ece={supported=1, vendor_id=0x15b3, options=0x30000002, comp_mask=0x0}
spark2:1:83 [0] NCCL INFO NET/IB: ncclIbReceiverQpsCreateToRts: QP created: port=1 dev=1 devName=roceP2p1s0f1 ndevs=2 nmdevs=2 qp_num=747 pkey=0 pd=0xebcda418c040 oooRq=0
spark2:1:83 [0] NCCL INFO NET/IB: ncclIbReceiverQpsCreateToRts: Flush QP created: port=1 dev=1 devName=roceP2p1s0f1 ndevs=2 nmdevs=2 qp_num=748 pkey=0 pd=0xebcda418c040
spark2:1:83 [0] NCCL INFO NET/IB: ncclIbSenderQpsCreate: QP created: port=1 dev=0 devName=rocep1s0f1 ndevs=2 nmdevs=2 qp_num=46625 pkey=0 pd=0xebcda4041e20 oooRq=0
spark2:1:83 [0] NCCL INFO NET/IB: ncclIbConnectImpl: NCCL Dev 0 IbDev 0 Port 1 qp_num 46625 mtu 3 GID 4 (0/208640AFFFF0000) ctsFifoRkey=0x1e3689 ctsFifoLkey=0x1e3689
spark2:1:83 [0] NCCL INFO NET/IB: ncclIbConnectImpl: IbDev 0 Port 1 qp_num 46625 query_ece={supported=1, vendor_id=0x15b3, options=0x30000002, comp_mask=0x0}
spark2:1:83 [0] NCCL INFO NET/IB: ncclIbReceiverQpsCreateToRts: QP created: port=1 dev=0 devName=rocep1s0f1 ndevs=2 nmdevs=2 qp_num=46626 pkey=0 pd=0xebcda4041e20 oooRq=0
spark2:1:83 [0] NCCL INFO NET/IB: ncclIbReceiverQpsCreateToRts: Flush QP created: port=1 dev=0 devName=rocep1s0f1 ndevs=2 nmdevs=2 qp_num=46627 pkey=0 pd=0xebcda4041e20
spark2:1:83 [0] NCCL INFO NET/IB: ncclIbSenderQpsCreate: QP created: port=1 dev=1 devName=roceP2p1s0f1 ndevs=2 nmdevs=2 qp_num=749 pkey=0 pd=0xebcda418c040 oooRq=0
spark2:1:83 [0] NCCL INFO NET/IB: ncclIbConnectImpl: NCCL Dev 1 IbDev 1 Port 1 qp_num 749 mtu 3 GID 3 (0/209640AFFFF0000) ctsFifoRkey=0x1de7e0 ctsFifoLkey=0x1de7e0
spark2:1:83 [0] NCCL INFO NET/IB: ncclIbConnectImpl: IbDev 1 Port 1 qp_num 749 query_ece={supported=1, vendor_id=0x15b3, options=0x30000002, comp_mask=0x0}
spark2:1:83 [0] NCCL INFO NET/IB: ncclIbReceiverQpsCreateToRts: QP created: port=1 dev=1 devName=roceP2p1s0f1 ndevs=2 nmdevs=2 qp_num=750 pkey=0 pd=0xebcda418c040 oooRq=0
spark2:1:83 [0] NCCL INFO NET/IB: ncclIbReceiverQpsCreateToRts: Flush QP created: port=1 dev=1 devName=roceP2p1s0f1 ndevs=2 nmdevs=2 qp_num=751 pkey=0 pd=0xebcda418c040
spark2:1:83 [0] NCCL INFO NET/IB: ncclIbResiliencyInit: Resiliency is disabled on the send communicator (comm=0xebcda71f8000)
spark2:1:83 [0] NCCL INFO NET/IB: ncclIbSenderQpsToRts: Set ECE: IbDev 0 Port 1 qp_num 46622 set_ece={supported=1, vendor_id=0x15b3, options=0x30000002, comp_mask=0x0}
spark2:1:83 [0] NCCL INFO NET/IB: ncclIbSenderQpsToRts: Set ECE: IbDev 1 Port 1 qp_num 746 set_ece={supported=1, vendor_id=0x15b3, options=0x30000002, comp_mask=0x0}
spark2:1:83 [0] NCCL INFO NET/IB: ncclIbSenderQpsToRts: Set ECE: IbDev 0 Port 1 qp_num 46625 set_ece={supported=1, vendor_id=0x15b3, options=0x30000002, comp_mask=0x0}
spark2:1:83 [0] NCCL INFO NET/IB: ncclIbSenderQpsToRts: Set ECE: IbDev 1 Port 1 qp_num 749 set_ece={supported=1, vendor_id=0x15b3, options=0x30000002, comp_mask=0x0}
spark2:1:83 [0] NCCL INFO NET/IB: ncclIbSenderQpsCreate: QP created: port=1 dev=0 devName=rocep1s0f1 ndevs=2 nmdevs=2 qp_num=46628 pkey=0 pd=0xebcda4041e20 oooRq=0
spark2:1:83 [0] NCCL INFO NET/IB: ncclIbConnectImpl: NCCL Dev 0 IbDev 0 Port 1 qp_num 46628 mtu 3 GID 4 (0/208640AFFFF0000) ctsFifoRkey=0x1e3b8d ctsFifoLkey=0x1e3b8d
spark2:1:83 [0] NCCL INFO NET/IB: ncclIbConnectImpl: IbDev 0 Port 1 qp_num 46628 query_ece={supported=1, vendor_id=0x15b3, options=0x30000002, comp_mask=0x0}
spark2:1:83 [0] NCCL INFO NET/IB: ncclIbResiliencyInit: Resiliency is disabled on the recv communicator (comm=0xebcda726a000)
spark2:1:83 [0] NCCL INFO NET/IB: ncclIbRecvCommInit: Receive work requests will be posted on-demand
spark2:1:83 [0] NCCL INFO NET/IB: ncclIbResiliencyInit: Resiliency is disabled on the send communicator (comm=0xebcda72af000)
spark2:1:83 [0] NCCL INFO NET/IB: ncclIbResiliencyInit: Resiliency is disabled on the recv communicator (comm=0xebcda72f0000)
spark2:1:83 [0] NCCL INFO NET/IB: ncclIbRecvCommInit: Receive work requests will be posted on-demand
spark2:1:83 [0] NCCL INFO NET/IB: ncclIbResiliencyInit: Resiliency is disabled on the send communicator (comm=0xebcda7335000)
spark2:1:83 [0] NCCL INFO NET/IB: ncclIbResiliencyInit: Resiliency is disabled on the recv communicator (comm=0xebcda7376000)
spark2:1:83 [0] NCCL INFO NET/IB: ncclIbRecvCommInit: Receive work requests will be posted on-demand
spark2:1:83 [0] NCCL INFO NET/IB: ncclIbResiliencyInit: Resiliency is disabled on the send communicator (comm=0xebcda73bb000)
spark2:1:83 [0] NCCL INFO NET/IB: ncclIbResiliencyInit: Resiliency is disabled on the recv communicator (comm=0xebcda73fc000)
spark2:1:83 [0] NCCL INFO NET/IB: ncclIbRecvCommInit: Receive work requests will be posted on-demand
spark2:1:83 [0] NCCL INFO NET/IB: ncclIbResiliencyInit: Resiliency is disabled on the send communicator (comm=0xebcda7444000)
spark2:1:83 [0] NCCL INFO NET/IB: ncclIbResiliencyInit: Resiliency is disabled on the recv communicator (comm=0xebcda7488000)
spark2:1:83 [0] NCCL INFO NET/IB: ncclIbRecvCommInit: Receive work requests will be posted on-demand
spark2:1:83 [0] NCCL INFO NET/IB: ncclIbResiliencyInit: Resiliency is disabled on the send communicator (comm=0xebcda74d0000)
spark2:1:83 [0] NCCL INFO NET/IB: ncclIbResiliencyInit: Resiliency is disabled on the recv communicator (comm=0xebcda7514000)
spark2:1:83 [0] NCCL INFO NET/IB: ncclIbRecvCommInit: Receive work requests will be posted on-demand
spark2:1:83 [0] NCCL INFO NET/IB: ncclIbResiliencyInit: Resiliency is disabled on the send communicator (comm=0xebcda755c000)
spark2:1:83 [0] NCCL INFO NET/IB: ncclIbSenderQpsToRts: Set ECE: IbDev 0 Port 1 qp_num 46628 set_ece={supported=1, vendor_id=0x15b3, options=0x30000002, comp_mask=0x0}
spark2:1:83 [0] NCCL INFO NET/IB: ncclIbReceiverQpsCreateToRts: QP created: port=1 dev=0 devName=rocep1s0f1 ndevs=2 nmdevs=2 qp_num=46629 pkey=0 pd=0xebcda4041e20 oooRq=0
spark2:1:83 [0] NCCL INFO NET/IB: ncclIbReceiverQpsCreateToRts: Flush QP created: port=1 dev=0 devName=rocep1s0f1 ndevs=2 nmdevs=2 qp_num=46630 pkey=0 pd=0xebcda4041e20
spark2:1:83 [0] NCCL INFO NET/IB: ncclIbSenderQpsCreate: QP created: port=1 dev=1 devName=roceP2p1s0f1 ndevs=2 nmdevs=2 qp_num=752 pkey=0 pd=0xebcda418c040 oooRq=0
spark2:1:83 [0] NCCL INFO NET/IB: ncclIbConnectImpl: NCCL Dev 1 IbDev 1 Port 1 qp_num 752 mtu 3 GID 3 (0/209640AFFFF0000) ctsFifoRkey=0x1c9996 ctsFifoLkey=0x1c9996
spark2:1:83 [0] NCCL INFO NET/IB: ncclIbConnectImpl: IbDev 1 Port 1 qp_num 752 query_ece={supported=1, vendor_id=0x15b3, options=0x30000002, comp_mask=0x0}
spark2:1:83 [0] NCCL INFO NET/IB: ncclIbReceiverQpsCreateToRts: QP created: port=1 dev=1 devName=roceP2p1s0f1 ndevs=2 nmdevs=2 qp_num=753 pkey=0 pd=0xebcda418c040 oooRq=0
spark2:1:83 [0] NCCL INFO NET/IB: ncclIbReceiverQpsCreateToRts: Flush QP created: port=1 dev=1 devName=roceP2p1s0f1 ndevs=2 nmdevs=2 qp_num=754 pkey=0 pd=0xebcda418c040
spark2:1:83 [0] NCCL INFO NET/IB: ncclIbSenderQpsCreate: QP created: port=1 dev=0 devName=rocep1s0f1 ndevs=2 nmdevs=2 qp_num=46631 pkey=0 pd=0xebcda4041e20 oooRq=0
spark2:1:83 [0] NCCL INFO NET/IB: ncclIbConnectImpl: NCCL Dev 0 IbDev 0 Port 1 qp_num 46631 mtu 3 GID 4 (0/208640AFFFF0000) ctsFifoRkey=0x1b0f0c ctsFifoLkey=0x1b0f0c
spark2:1:83 [0] NCCL INFO NET/IB: ncclIbConnectImpl: IbDev 0 Port 1 qp_num 46631 query_ece={supported=1, vendor_id=0x15b3, options=0x30000002, comp_mask=0x0}
spark2:1:83 [0] NCCL INFO NET/IB: ncclIbReceiverQpsCreateToRts: QP created: port=1 dev=0 devName=rocep1s0f1 ndevs=2 nmdevs=2 qp_num=46632 pkey=0 pd=0xebcda4041e20 oooRq=0
spark2:1:83 [0] NCCL INFO NET/IB: ncclIbReceiverQpsCreateToRts: Flush QP created: port=1 dev=0 devName=rocep1s0f1 ndevs=2 nmdevs=2 qp_num=46633 pkey=0 pd=0xebcda4041e20
spark2:1:83 [0] NCCL INFO NET/IB: ncclIbSenderQpsCreate: QP created: port=1 dev=1 devName=roceP2p1s0f1 ndevs=2 nmdevs=2 qp_num=755 pkey=0 pd=0xebcda418c040 oooRq=0
spark2:1:83 [0] NCCL INFO NET/IB: ncclIbConnectImpl: NCCL Dev 1 IbDev 1 Port 1 qp_num 755 mtu 3 GID 3 (0/209640AFFFF0000) ctsFifoRkey=0x1c887d ctsFifoLkey=0x1c887d
spark2:1:83 [0] NCCL INFO NET/IB: ncclIbConnectImpl: IbDev 1 Port 1 qp_num 755 query_ece={supported=1, vendor_id=0x15b3, options=0x30000002, comp_mask=0x0}
spark2:1:83 [0] NCCL INFO NET/IB: ncclIbReceiverQpsCreateToRts: QP created: port=1 dev=1 devName=roceP2p1s0f1 ndevs=2 nmdevs=2 qp_num=756 pkey=0 pd=0xebcda418c040 oooRq=0
spark2:1:83 [0] NCCL INFO NET/IB: ncclIbReceiverQpsCreateToRts: Flush QP created: port=1 dev=1 devName=roceP2p1s0f1 ndevs=2 nmdevs=2 qp_num=757 pkey=0 pd=0xebcda418c040
spark2:1:83 [0] NCCL INFO NET/IB: ncclIbSenderQpsCreate: QP created: port=1 dev=0 devName=rocep1s0f1 ndevs=2 nmdevs=2 qp_num=46634 pkey=0 pd=0xebcda4041e20 oooRq=0
spark2:1:83 [0] NCCL INFO NET/IB: ncclIbConnectImpl: NCCL Dev 0 IbDev 0 Port 1 qp_num 46634 mtu 3 GID 4 (0/208640AFFFF0000) ctsFifoRkey=0x197472 ctsFifoLkey=0x197472
spark2:1:83 [0] NCCL INFO NET/IB: ncclIbConnectImpl: IbDev 0 Port 1 qp_num 46634 query_ece={supported=1, vendor_id=0x15b3, options=0x30000002, comp_mask=0x0}
spark2:1:83 [0] NCCL INFO NET/IB: ncclIbReceiverQpsCreateToRts: QP created: port=1 dev=0 devName=rocep1s0f1 ndevs=2 nmdevs=2 qp_num=46635 pkey=0 pd=0xebcda4041e20 oooRq=0
spark2:1:83 [0] NCCL INFO NET/IB: ncclIbReceiverQpsCreateToRts: Flush QP created: port=1 dev=0 devName=rocep1s0f1 ndevs=2 nmdevs=2 qp_num=46636 pkey=0 pd=0xebcda4041e20
spark2:1:83 [0] NCCL INFO NET/IB: ncclIbSenderQpsCreate: QP created: port=1 dev=1 devName=roceP2p1s0f1 ndevs=2 nmdevs=2 qp_num=758 pkey=0 pd=0xebcda418c040 oooRq=0
spark2:1:83 [0] NCCL INFO NET/IB: ncclIbConnectImpl: NCCL Dev 1 IbDev 1 Port 1 qp_num 758 mtu 3 GID 3 (0/209640AFFFF0000) ctsFifoRkey=0x1daba8 ctsFifoLkey=0x1daba8
spark2:1:83 [0] NCCL INFO NET/IB: ncclIbConnectImpl: IbDev 1 Port 1 qp_num 758 query_ece={supported=1, vendor_id=0x15b3, options=0x30000002, comp_mask=0x0}
spark2:1:83 [0] NCCL INFO NET/IB: ncclIbReceiverQpsCreateToRts: QP created: port=1 dev=1 devName=roceP2p1s0f1 ndevs=2 nmdevs=2 qp_num=759 pkey=0 pd=0xebcda418c040 oooRq=0
spark2:1:83 [0] NCCL INFO NET/IB: ncclIbReceiverQpsCreateToRts: Flush QP created: port=1 dev=1 devName=roceP2p1s0f1 ndevs=2 nmdevs=2 qp_num=760 pkey=0 pd=0xebcda418c040
spark2:1:83 [0] NCCL INFO NET/IB: ncclIbSenderQpsCreate: QP created: port=1 dev=0 devName=rocep1s0f1 ndevs=2 nmdevs=2 qp_num=46637 pkey=0 pd=0xebcda4041e20 oooRq=0
spark2:1:83 [0] NCCL INFO NET/IB: ncclIbConnectImpl: NCCL Dev 0 IbDev 0 Port 1 qp_num 46637 mtu 3 GID 4 (0/208640AFFFF0000) ctsFifoRkey=0x19a4a2 ctsFifoLkey=0x19a4a2
spark2:1:83 [0] NCCL INFO NET/IB: ncclIbConnectImpl: IbDev 0 Port 1 qp_num 46637 query_ece={supported=1, vendor_id=0x15b3, options=0x30000002, comp_mask=0x0}
spark2:1:83 [0] NCCL INFO NET/IB: ncclIbResiliencyInit: Resiliency is disabled on the recv communicator (comm=0xebcda78aa000)
spark2:1:83 [0] NCCL INFO NET/IB: ncclIbRecvCommInit: Receive work requests will be posted on-demand
spark2:1:83 [0] NCCL INFO NET/IB: ncclIbSenderQpsToRts: Set ECE: IbDev 1 Port 1 qp_num 752 set_ece={supported=1, vendor_id=0x15b3, options=0x30000002, comp_mask=0x0}
spark2:1:83 [0] NCCL INFO NET/IB: ncclIbSenderQpsToRts: Set ECE: IbDev 0 Port 1 qp_num 46631 set_ece={supported=1, vendor_id=0x15b3, options=0x30000002, comp_mask=0x0}
spark2:1:83 [0] NCCL INFO NET/IB: ncclIbSenderQpsToRts: Set ECE: IbDev 1 Port 1 qp_num 755 set_ece={supported=1, vendor_id=0x15b3, options=0x30000002, comp_mask=0x0}
spark2:1:83 [0] NCCL INFO NET/IB: ncclIbSenderQpsToRts: Set ECE: IbDev 0 Port 1 qp_num 46634 set_ece={supported=1, vendor_id=0x15b3, options=0x30000002, comp_mask=0x0}
spark2:1:83 [0] NCCL INFO NET/IB: ncclIbSenderQpsToRts: Set ECE: IbDev 1 Port 1 qp_num 758 set_ece={supported=1, vendor_id=0x15b3, options=0x30000002, comp_mask=0x0}
spark2:1:83 [0] NCCL INFO NET/IB: ncclIbSenderQpsToRts: Set ECE: IbDev 0 Port 1 qp_num 46637 set_ece={supported=1, vendor_id=0x15b3, options=0x30000002, comp_mask=0x0}
spark2:1:83 [0] NCCL INFO NET/IB: ncclIbReceiverQpsCreateToRts: QP created: port=1 dev=0 devName=rocep1s0f1 ndevs=2 nmdevs=2 qp_num=46638 pkey=0 pd=0xebcda4041e20 oooRq=0
spark2:1:83 [0] NCCL INFO NET/IB: ncclIbReceiverQpsCreateToRts: Flush QP created: port=1 dev=0 devName=rocep1s0f1 ndevs=2 nmdevs=2 qp_num=46639 pkey=0 pd=0xebcda4041e20
spark2:1:83 [0] NCCL INFO NET/IB: ncclIbResiliencyInit: Resiliency is disabled on the send communicator (comm=0xebcda793a000)
spark2:1:83 [0] NCCL INFO NET/IB: ncclIbResiliencyInit: Resiliency is disabled on the recv communicator (comm=0xebcda797b000)
spark2:1:83 [0] NCCL INFO NET/IB: ncclIbRecvCommInit: Receive work requests will be posted on-demand
spark2:1:83 [0] NCCL INFO NET/IB: ncclIbResiliencyInit: Resiliency is disabled on the send communicator (comm=0xebcda79c0000)
spark2:1:83 [0] NCCL INFO NET/IB: ncclIbResiliencyInit: Resiliency is disabled on the recv communicator (comm=0xebcda7a01000)
spark2:1:83 [0] NCCL INFO NET/IB: ncclIbRecvCommInit: Receive work requests will be posted on-demand
spark2:1:83 [0] NCCL INFO NET/IB: ncclIbResiliencyInit: Resiliency is disabled on the send communicator (comm=0xebcda7a46000)
spark2:1:83 [0] NCCL INFO NET/IB: ncclIbResiliencyInit: Resiliency is disabled on the recv communicator (comm=0xebcda7a87000)
spark2:1:83 [0] NCCL INFO NET/IB: ncclIbRecvCommInit: Receive work requests will be posted on-demand
spark2:1:83 [0] NCCL INFO NET/IB: ncclIbResiliencyInit: Resiliency is disabled on the send communicator (comm=0xebcda7acc000)
spark2:1:83 [0] NCCL INFO NET/IB: ncclIbResiliencyInit: Resiliency is disabled on the recv communicator (comm=0xebcda7b0d000)
spark2:1:83 [0] NCCL INFO NET/IB: ncclIbRecvCommInit: Receive work requests will be posted on-demand
spark2:1:83 [0] NCCL INFO NET/IB: ncclIbResiliencyInit: Resiliency is disabled on the send communicator (comm=0xebcda7b52000)
spark2:1:83 [0] NCCL INFO NET/IB: ncclIbResiliencyInit: Resiliency is disabled on the recv communicator (comm=0xebcda7b93000)
spark2:1:83 [0] NCCL INFO NET/IB: ncclIbRecvCommInit: Receive work requests will be posted on-demand
spark2:1:83 [0] NCCL INFO NET/IB: ncclIbResiliencyInit: Resiliency is disabled on the send communicator (comm=0xebcda7bd8000)
spark2:1:83 [0] NCCL INFO NET/IB: ncclIbResiliencyInit: Resiliency is disabled on the recv communicator (comm=0xebcda7c1c000)
spark2:1:83 [0] NCCL INFO NET/IB: ncclIbRecvCommInit: Receive work requests will be posted on-demand
spark2:1:83 [0] NCCL INFO NET/IB: ncclIbResiliencyInit: Resiliency is disabled on the send communicator (comm=0xebcda7c64000)
spark2:1:83 [0] NCCL INFO NET/IB: ncclIbSenderQpsCreate: QP created: port=1 dev=1 devName=roceP2p1s0f1 ndevs=2 nmdevs=2 qp_num=761 pkey=0 pd=0xebcda418c040 oooRq=0
spark2:1:83 [0] NCCL INFO NET/IB: ncclIbConnectImpl: NCCL Dev 1 IbDev 1 Port 1 qp_num 761 mtu 3 GID 3 (0/209640AFFFF0000) ctsFifoRkey=0x1de4de ctsFifoLkey=0x1de4de
spark2:1:83 [0] NCCL INFO NET/IB: ncclIbConnectImpl: IbDev 1 Port 1 qp_num 761 query_ece={supported=1, vendor_id=0x15b3, options=0x30000002, comp_mask=0x0}
spark2:1:83 [0] NCCL INFO NET/IB: ncclIbReceiverQpsCreateToRts: QP created: port=1 dev=1 devName=roceP2p1s0f1 ndevs=2 nmdevs=2 qp_num=762 pkey=0 pd=0xebcda418c040 oooRq=0
spark2:1:83 [0] NCCL INFO NET/IB: ncclIbReceiverQpsCreateToRts: Flush QP created: port=1 dev=1 devName=roceP2p1s0f1 ndevs=2 nmdevs=2 qp_num=763 pkey=0 pd=0xebcda418c040
spark2:1:83 [0] NCCL INFO NET/IB: ncclIbSenderQpsCreate: QP created: port=1 dev=0 devName=rocep1s0f1 ndevs=2 nmdevs=2 qp_num=46640 pkey=0 pd=0xebcda4041e20 oooRq=0
spark2:1:83 [0] NCCL INFO NET/IB: ncclIbConnectImpl: NCCL Dev 0 IbDev 0 Port 1 qp_num 46640 mtu 3 GID 4 (0/208640AFFFF0000) ctsFifoRkey=0x1b9594 ctsFifoLkey=0x1b9594
spark2:1:83 [0] NCCL INFO NET/IB: ncclIbConnectImpl: IbDev 0 Port 1 qp_num 46640 query_ece={supported=1, vendor_id=0x15b3, options=0x30000002, comp_mask=0x0}
spark2:1:83 [0] NCCL INFO NET/IB: ncclIbReceiverQpsCreateToRts: QP created: port=1 dev=0 devName=rocep1s0f1 ndevs=2 nmdevs=2 qp_num=46641 pkey=0 pd=0xebcda4041e20 oooRq=0
spark2:1:83 [0] NCCL INFO NET/IB: ncclIbReceiverQpsCreateToRts: Flush QP created: port=1 dev=0 devName=rocep1s0f1 ndevs=2 nmdevs=2 qp_num=46642 pkey=0 pd=0xebcda4041e20
spark2:1:83 [0] NCCL INFO NET/IB: ncclIbSenderQpsCreate: QP created: port=1 dev=1 devName=roceP2p1s0f1 ndevs=2 nmdevs=2 qp_num=764 pkey=0 pd=0xebcda418c040 oooRq=0
spark2:1:83 [0] NCCL INFO NET/IB: ncclIbConnectImpl: NCCL Dev 1 IbDev 1 Port 1 qp_num 764 mtu 3 GID 3 (0/209640AFFFF0000) ctsFifoRkey=0x1ddfdc ctsFifoLkey=0x1ddfdc
spark2:1:83 [0] NCCL INFO NET/IB: ncclIbConnectImpl: IbDev 1 Port 1 qp_num 764 query_ece={supported=1, vendor_id=0x15b3, options=0x30000002, comp_mask=0x0}
spark2:1:83 [0] NCCL INFO NET/IB: ncclIbReceiverQpsCreateToRts: QP created: port=1 dev=1 devName=roceP2p1s0f1 ndevs=2 nmdevs=2 qp_num=765 pkey=0 pd=0xebcda418c040 oooRq=0
spark2:1:83 [0] NCCL INFO NET/IB: ncclIbReceiverQpsCreateToRts: Flush QP created: port=1 dev=1 devName=roceP2p1s0f1 ndevs=2 nmdevs=2 qp_num=766 pkey=0 pd=0xebcda418c040
spark2:1:83 [0] NCCL INFO NET/IB: ncclIbSenderQpsCreate: QP created: port=1 dev=0 devName=rocep1s0f1 ndevs=2 nmdevs=2 qp_num=46643 pkey=0 pd=0xebcda4041e20 oooRq=0
spark2:1:83 [0] NCCL INFO NET/IB: ncclIbConnectImpl: NCCL Dev 0 IbDev 0 Port 1 qp_num 46643 mtu 3 GID 4 (0/208640AFFFF0000) ctsFifoRkey=0x19c8c6 ctsFifoLkey=0x19c8c6
spark2:1:83 [0] NCCL INFO NET/IB: ncclIbConnectImpl: IbDev 0 Port 1 qp_num 46643 query_ece={supported=1, vendor_id=0x15b3, options=0x30000002, comp_mask=0x0}
spark2:1:83 [0] NCCL INFO NET/IB: ncclIbReceiverQpsCreateToRts: QP created: port=1 dev=0 devName=rocep1s0f1 ndevs=2 nmdevs=2 qp_num=46644 pkey=0 pd=0xebcda4041e20 oooRq=0
spark2:1:83 [0] NCCL INFO NET/IB: ncclIbReceiverQpsCreateToRts: Flush QP created: port=1 dev=0 devName=rocep1s0f1 ndevs=2 nmdevs=2 qp_num=46645 pkey=0 pd=0xebcda4041e20
spark2:1:83 [0] NCCL INFO NET/IB: ncclIbSenderQpsCreate: QP created: port=1 dev=1 devName=roceP2p1s0f1 ndevs=2 nmdevs=2 qp_num=767 pkey=0 pd=0xebcda418c040 oooRq=0
spark2:1:83 [0] NCCL INFO NET/IB: ncclIbConnectImpl: NCCL Dev 1 IbDev 1 Port 1 qp_num 767 mtu 3 GID 3 (0/209640AFFFF0000) ctsFifoRkey=0x1ddeda ctsFifoLkey=0x1ddeda
spark2:1:83 [0] NCCL INFO NET/IB: ncclIbConnectImpl: IbDev 1 Port 1 qp_num 767 query_ece={supported=1, vendor_id=0x15b3, options=0x30000002, comp_mask=0x0}
spark2:1:83 [0] NCCL INFO NET/IB: ncclIbReceiverQpsCreateToRts: QP created: port=1 dev=1 devName=roceP2p1s0f1 ndevs=2 nmdevs=2 qp_num=768 pkey=0 pd=0xebcda418c040 oooRq=0
spark2:1:83 [0] NCCL INFO NET/IB: ncclIbReceiverQpsCreateToRts: Flush QP created: port=1 dev=1 devName=roceP2p1s0f1 ndevs=2 nmdevs=2 qp_num=769 pkey=0 pd=0xebcda418c040
spark2:1:83 [0] NCCL INFO NET/IB: ncclIbSenderQpsCreate: QP created: port=1 dev=0 devName=rocep1s0f1 ndevs=2 nmdevs=2 qp_num=46646 pkey=0 pd=0xebcda4041e20 oooRq=0
spark2:1:83 [0] NCCL INFO NET/IB: ncclIbConnectImpl: NCCL Dev 0 IbDev 0 Port 1 qp_num 46646 mtu 3 GID 4 (0/208640AFFFF0000) ctsFifoRkey=0x1e61ad ctsFifoLkey=0x1e61ad
spark2:1:83 [0] NCCL INFO NET/IB: ncclIbConnectImpl: IbDev 0 Port 1 qp_num 46646 query_ece={supported=1, vendor_id=0x15b3, options=0x30000002, comp_mask=0x0}
spark2:1:83 [0] NCCL INFO NET/IB: ncclIbReceiverQpsCreateToRts: QP created: port=1 dev=0 devName=rocep1s0f1 ndevs=2 nmdevs=2 qp_num=46647 pkey=0 pd=0xebcda4041e20 oooRq=0
spark2:1:83 [0] NCCL INFO NET/IB: ncclIbReceiverQpsCreateToRts: Flush QP created: port=1 dev=0 devName=rocep1s0f1 ndevs=2 nmdevs=2 qp_num=46648 pkey=0 pd=0xebcda4041e20
spark2:1:83 [0] NCCL INFO NET/IB: ncclIbSenderQpsCreate: QP created: port=1 dev=1 devName=roceP2p1s0f1 ndevs=2 nmdevs=2 qp_num=770 pkey=0 pd=0xebcda418c040 oooRq=0
spark2:1:83 [0] NCCL INFO NET/IB: ncclIbConnectImpl: NCCL Dev 1 IbDev 1 Port 1 qp_num 770 mtu 3 GID 3 (0/209640AFFFF0000) ctsFifoRkey=0x1d8588 ctsFifoLkey=0x1d8588
spark2:1:83 [0] NCCL INFO NET/IB: ncclIbConnectImpl: IbDev 1 Port 1 qp_num 770 query_ece={supported=1, vendor_id=0x15b3, options=0x30000002, comp_mask=0x0}
spark2:1:83 [0] NCCL INFO NET/IB: ncclIbResiliencyInit: Resiliency is disabled on the recv communicator (comm=0xebcd90001000)
spark2:1:83 [0] NCCL INFO NET/IB: ncclIbRecvCommInit: Receive work requests will be posted on-demand
spark2:1:83 [0] NCCL INFO NET/IB: ncclIbSenderQpsToRts: Set ECE: IbDev 1 Port 1 qp_num 761 set_ece={supported=1, vendor_id=0x15b3, options=0x30000002, comp_mask=0x0}
spark2:1:83 [0] NCCL INFO NET/IB: ncclIbSenderQpsToRts: Set ECE: IbDev 0 Port 1 qp_num 46640 set_ece={supported=1, vendor_id=0x15b3, options=0x30000002, comp_mask=0x0}
spark2:1:83 [0] NCCL INFO NET/IB: ncclIbSenderQpsToRts: Set ECE: IbDev 1 Port 1 qp_num 764 set_ece={supported=1, vendor_id=0x15b3, options=0x30000002, comp_mask=0x0}
spark2:1:83 [0] NCCL INFO NET/IB: ncclIbSenderQpsToRts: Set ECE: IbDev 0 Port 1 qp_num 46643 set_ece={supported=1, vendor_id=0x15b3, options=0x30000002, comp_mask=0x0}
spark2:1:83 [0] NCCL INFO NET/IB: ncclIbSenderQpsToRts: Set ECE: IbDev 1 Port 1 qp_num 767 set_ece={supported=1, vendor_id=0x15b3, options=0x30000002, comp_mask=0x0}
spark2:1:83 [0] NCCL INFO NET/IB: ncclIbSenderQpsToRts: Set ECE: IbDev 0 Port 1 qp_num 46646 set_ece={supported=1, vendor_id=0x15b3, options=0x30000002, comp_mask=0x0}
spark2:1:83 [0] NCCL INFO NET/IB: ncclIbSenderQpsToRts: Set ECE: IbDev 1 Port 1 qp_num 770 set_ece={supported=1, vendor_id=0x15b3, options=0x30000002, comp_mask=0x0}
spark2:1:83 [0] NCCL INFO NET/IB: ncclIbReceiverQpsCreateToRts: QP created: port=1 dev=1 devName=roceP2p1s0f1 ndevs=2 nmdevs=2 qp_num=771 pkey=0 pd=0xebcda418c040 oooRq=0
spark2:1:83 [0] NCCL INFO NET/IB: ncclIbReceiverQpsCreateToRts: Flush QP created: port=1 dev=1 devName=roceP2p1s0f1 ndevs=2 nmdevs=2 qp_num=772 pkey=0 pd=0xebcda418c040
spark2:1:83 [0] NCCL INFO NET/IB: ncclIbResiliencyInit: Resiliency is disabled on the send communicator (comm=0xebcd90091000)
spark2:1:83 [0] NCCL INFO NET/IB: ncclIbResiliencyInit: Resiliency is disabled on the recv communicator (comm=0xebcd900d2000)
spark2:1:83 [0] NCCL INFO NET/IB: ncclIbRecvCommInit: Receive work requests will be posted on-demand
spark2:1:83 [0] NCCL INFO NET/IB: ncclIbResiliencyInit: Resiliency is disabled on the send communicator (comm=0xebcd90117000)
spark2:1:83 [0] NCCL INFO NET/IB: ncclIbResiliencyInit: Resiliency is disabled on the recv communicator (comm=0xebcd90158000)
spark2:1:83 [0] NCCL INFO NET/IB: ncclIbRecvCommInit: Receive work requests will be posted on-demand
spark2:1:83 [0] NCCL INFO NET/IB: ncclIbSenderQpsCreate: QP created: port=1 dev=0 devName=rocep1s0f1 ndevs=2 nmdevs=2 qp_num=46649 pkey=0 pd=0xebcda4041e20 oooRq=0
spark2:1:83 [0] NCCL INFO NET/IB: ncclIbConnectImpl: NCCL Dev 0 IbDev 0 Port 1 qp_num 46649 mtu 3 GID 4 (0/208640AFFFF0000) ctsFifoRkey=0x1b4c49 ctsFifoLkey=0x1b4c49
spark2:1:83 [0] NCCL INFO NET/IB: ncclIbConnectImpl: IbDev 0 Port 1 qp_num 46649 query_ece={supported=1, vendor_id=0x15b3, options=0x30000002, comp_mask=0x0}
spark2:1:83 [0] NCCL INFO NET/IB: ncclIbReceiverQpsCreateToRts: QP created: port=1 dev=0 devName=rocep1s0f1 ndevs=2 nmdevs=2 qp_num=46650 pkey=0 pd=0xebcda4041e20 oooRq=0
spark2:1:83 [0] NCCL INFO NET/IB: ncclIbReceiverQpsCreateToRts: Flush QP created: port=1 dev=0 devName=rocep1s0f1 ndevs=2 nmdevs=2 qp_num=46651 pkey=0 pd=0xebcda4041e20
spark2:1:83 [0] NCCL INFO NET/IB: ncclIbSenderQpsCreate: QP created: port=1 dev=1 devName=roceP2p1s0f1 ndevs=2 nmdevs=2 qp_num=773 pkey=0 pd=0xebcda418c040 oooRq=0
spark2:1:83 [0] NCCL INFO NET/IB: ncclIbConnectImpl: NCCL Dev 1 IbDev 1 Port 1 qp_num 773 mtu 3 GID 3 (0/209640AFFFF0000) ctsFifoRkey=0x1c5d5b ctsFifoLkey=0x1c5d5b
spark2:1:83 [0] NCCL INFO NET/IB: ncclIbConnectImpl: IbDev 1 Port 1 qp_num 773 query_ece={supported=1, vendor_id=0x15b3, options=0x30000002, comp_mask=0x0}
spark2:1:83 [0] NCCL INFO NET/IB: ncclIbReceiverQpsCreateToRts: QP created: port=1 dev=1 devName=roceP2p1s0f1 ndevs=2 nmdevs=2 qp_num=774 pkey=0 pd=0xebcda418c040 oooRq=0
spark2:1:83 [0] NCCL INFO NET/IB: ncclIbReceiverQpsCreateToRts: Flush QP created: port=1 dev=1 devName=roceP2p1s0f1 ndevs=2 nmdevs=2 qp_num=775 pkey=0 pd=0xebcda418c040
spark2:1:83 [0] NCCL INFO NET/IB: ncclIbSenderQpsToRts: Set ECE: IbDev 0 Port 1 qp_num 46649 set_ece={supported=1, vendor_id=0x15b3, options=0x30000002, comp_mask=0x0}
spark2:1:83 [0] NCCL INFO NET/IB: ncclIbSenderQpsToRts: Set ECE: IbDev 1 Port 1 qp_num 773 set_ece={supported=1, vendor_id=0x15b3, options=0x30000002, comp_mask=0x0}
spark2:1:1 [0] NCCL INFO Connected all rings, use ring PXN 0 GDR 0
spark2:1:1 [0] NCCL INFO Connected all trees
spark2:1:1 [0] NCCL INFO Connected binomial trees
spark2:1:1 [0] NCCL INFO ncclOsDlopen(libnccl-tuner.so) failed: libnccl-tuner.so: cannot open shared object file: No such file or directory
spark2:1:1 [0] NCCL INFO TUNER/Plugin: Could not find: libnccl-tuner.so
spark2:1:1 [0] NCCL INFO threadThresholds 8/8/64 | 16/8/64 | 512 | 512
spark2:1:1 [0] NCCL INFO 64 coll channels, 64 collnet channels, 0 nvls channels, 64 p2p channels, 2 p2p channels per peer
spark2:1:1 [0] NCCL INFO Symmetric memory is not supported. cuMemEnable 0, globalGinSupport 0, cuMemGdrSupport 0
spark2:1:1 [0] NCCL INFO ncclCommInitRankConfig comm 0x2ee315a0 rank 1 nranks 2 cudaDev 0 nvmlDev 0 busId f01000 commId 0x31de2006aa8f267d - Init COMPLETE
spark2:1:1 [0] NCCL INFO Init timings - ncclCommInitRankConfig: rank 1 nranks 2 total 1.74 (kernels 0.15, alloc 0.04, bootstrap 0.05, allgathers 0.00, topo 0.01, graphs 0.00, connections 1.49, rest 0.00)
