spark1:1:1 [0] NCCL INFO ncclOsDlopen(libnccl-env.so) failed: libnccl-env.so: cannot open shared object file: No such file or directory
spark1:1:1 [0] NCCL INFO ENV/Plugin: Could not find: libnccl-env.so
spark1:1:1 [0] NCCL INFO NCCL_SOCKET_IFNAME set to enp1s0f1np1
spark1:1:1 [0] NCCL INFO cudaDriverVersion 13000
spark1:1:1 [0] NCCL INFO NCCL version 2.30.7+cuda13.3
spark1:1:1 [0] NCCL INFO NCCL git version HEAD a5187fa2e
spark1:1:1 [0] NCCL INFO ncclOsDlopen(libnccl-net.so) failed: libnccl-net.so: cannot open shared object file: No such file or directory
spark1:1:1 [0] NCCL INFO NET/Plugin: Could not find: libnccl-net.so
spark1:1:1 [0] NCCL INFO dlvsym failed on mlx5dv_get_data_direct_sysfs_path - /lib/aarch64-linux-gnu/libmlx5.so: undefined symbol: mlx5dv_get_data_direct_sysfs_path, version MLX5_1.25 version MLX5_1.25
spark1:1:1 [0] NCCL INFO dlvsym failed on mlx5dv_reg_dmabuf_mr - /lib/aarch64-linux-gnu/libmlx5.so: undefined symbol: mlx5dv_reg_dmabuf_mr, version MLX5_1.25 version MLX5_1.25
spark1:1:1 [0] NCCL INFO NCCL_IB_HCA set to rocep1s0f1,roceP2p1s0f1
spark1:1:1 [0] NCCL INFO NET/IB: [1] rocep1s0f1:uverbs1:1/RoCE provider=Mlx5 speed=200000 context=0x38817770 pciPath=/sys/devices/pci0000:00/0000:00:00.0/0000:01:00.0 ar=0 oooRqSize=0
spark1:1:1 [0] NCCL INFO NET/IB: [3] roceP2p1s0f1:uverbs3:1/RoCE provider=Mlx5 speed=200000 context=0x38858e70 pciPath=/sys/devices/pci0002:00/0002:00:00.0/0002:01:00.0 ar=0 oooRqSize=0
spark1:1:1 [0] NCCL INFO NET/IB : Made virtual device [0] name=rocep1s0f1 speed=200000 ndevs=1 rail=-1 plane=-1
spark1:1:1 [0] NCCL INFO NET/IB : Made virtual device [1] name=roceP2p1s0f1 speed=200000 ndevs=1 rail=-1 plane=-1
spark1:1:1 [0] NCCL INFO NET/IB : Using [0]rocep1s0f1:1/RoCE [1]roceP2p1s0f1:1/RoCE [RO]; OOB enp1s0f1np1:10.100.8.1<0>
spark1:1:1 [0] NCCL INFO Initialized NET plugin IB
spark1:1:1 [0] NCCL INFO Assigned NET plugin IB to comm
spark1:1:1 [0] NCCL INFO ncclOsDlopen(libnccl-rma.so) failed: libnccl-rma.so: cannot open shared object file: No such file or directory
spark1:1:1 [0] NCCL INFO RMA/Plugin: Could not find: libnccl-rma.so
spark1:1:1 [0] NCCL INFO RMA/Plugin: Failed to load external plugin libnccl-rma.so, dlHandle: (nil), ncclRma: (nil)
spark1:1:1 [0] NCCL INFO RMA/Plugin: Assigned plugin RMA_IB_PROXY to comm
spark1:1:1 [0] NCCL INFO ncclOsDlopen(libnccl-gin.so) failed: libnccl-gin.so: cannot open shared object file: No such file or directory
spark1:1:1 [0] NCCL INFO GIN/Plugin: Could not find: libnccl-gin.so
spark1:1:1 [0] NCCL INFO GIN/Plugin: Failed to load external plugin libnccl-gin.so, dlHandle: (nil), ncclGin: (nil)
spark1:1:1 [0] NCCL INFO GIN/Plugin: Assigned plugin GIN_IB_GDAKI type 3 to comm
spark1:1:1 [0] NCCL INFO Using network IB
spark1:1:1 [0] NCCL INFO Loaded NVML from libnvidia-ml.so.1
spark1:1:1 [0] NCCL INFO [Rank 0] ncclCommInitRankConfig comm 0x35d5bff0 rank 0 nranks 2 cudaDev 0 nvmlDev 0 busId f01000 commId 0x31de2006aa8f267d - Init START
spark1:1:1 [0] NCCL INFO RAS client listening socket at 127.0.0.1<28028>
spark1:1:1 [0] NCCL INFO Topology detection: could not read /sys/devices/system/node/node4294967295/cpumap, using empty affinity
spark1:1:1 [0] NCCL INFO TOPO/NET : Importing network plugins to topology
spark1:1:1 [0] NCCL INFO NET/GIN_IB_GDAKI : GPU Direct RDMA Disabled for HCA 0 'rocep1s0f1'
spark1:1:1 [0] NCCL INFO ncclTopoPopulateNics : Filled rocep1s0f1 in topo with pciPath=/sys/devices/pci0000:00/0000:00:00.0/0000:01:00.0 net=0 gin=1 rma=(null) keep=1 coll=(null) rail=-1 plane=-1
spark1:1:1 [0] NCCL INFO NET/GIN_IB_GDAKI : GPU Direct RDMA Disabled for HCA 1 'roceP2p1s0f1'
spark1:1:1 [0] NCCL INFO ncclTopoPopulateNics : Filled roceP2p1s0f1 in topo with pciPath=/sys/devices/pci0002:00/0002:00:00.0/0002:01:00.0 net=0 gin=1 rma=(null) keep=1 coll=(null) rail=-1 plane=-1
spark1:1:1 [0] NCCL INFO NET/RMA_IB_PROXY : GPU Direct RDMA Disabled for HCA 0 'rocep1s0f1'
spark1:1:1 [0] NCCL INFO ncclTopoPopulateNics : Filled rocep1s0f1 in topo with pciPath=/sys/devices/pci0000:00/0000:00:00.0/0000:01:00.0 net=0 gin=1 rma=1 keep=1 coll=(null) rail=-1 plane=-1
spark1:1:1 [0] NCCL INFO NET/RMA_IB_PROXY : GPU Direct RDMA Disabled for HCA 1 'roceP2p1s0f1'
spark1:1:1 [0] NCCL INFO ncclTopoPopulateNics : Filled roceP2p1s0f1 in topo with pciPath=/sys/devices/pci0002:00/0002:00:00.0/0002:01:00.0 net=0 gin=1 rma=1 keep=1 coll=(null) rail=-1 plane=-1
spark1:1:1 [0] NCCL INFO NET/IB : GPU Direct RDMA Disabled for HCA 0 'rocep1s0f1'
spark1:1:1 [0] NCCL INFO ncclTopoPopulateNics : Filled rocep1s0f1 in topo with pciPath=/sys/devices/pci0000:00/0000:00:00.0/0000:01:00.0 net=1 gin=1 rma=1 keep=1 coll=(null) rail=-1 plane=-1
spark1:1:1 [0] NCCL INFO NET/IB : GPU Direct RDMA Disabled for HCA 1 'roceP2p1s0f1'
spark1:1:1 [0] NCCL INFO ncclTopoPopulateNics : Filled roceP2p1s0f1 in topo with pciPath=/sys/devices/pci0002:00/0002:00:00.0/0002:01:00.0 net=1 gin=1 rma=1 keep=1 coll=(null) rail=-1 plane=-1
spark1:1:1 [0] NCCL INFO === System : maxBw 12.0 totalBw 0.2 ===
spark1:1:1 [0] NCCL INFO CPU/0-ffffffffffffff (3/-1/-1)
spark1:1:1 [0] NCCL INFO + C2C[345.0] - DEV/0-f01000
spark1:1:1 [0] NCCL INFO + PCI[12.0] - NIC/0-1000
spark1:1:1 [0] NCCL INFO               + NET[25.0] - NET/0-0 (0/72817e000347bb4c/1/25.000000)
spark1:1:1 [0] NCCL INFO               + NET[25.0] - GIN/0-0
spark1:1:1 [0] NCCL INFO               + NET[25.0] - RMA/0-0
spark1:1:1 [0] NCCL INFO + PCI[12.0] - NIC/0-201000
spark1:1:1 [0] NCCL INFO               + NET[25.0] - NET/0-1 (0/72817e000347bb4c/1/25.000000)
spark1:1:1 [0] NCCL INFO               + NET[25.0] - GIN/0-1
spark1:1:1 [0] NCCL INFO               + NET[25.0] - RMA/0-1
spark1:1:1 [0] NCCL INFO + PCI[0.2] - DEV/0-f01000 (10de2e1210de0000)
spark1:1:1 [0] NCCL INFO              + LOC[5000.0] - GPU/0-f01000
spark1:1:1 [0] NCCL INFO              + C2C[345.0] - CPU/0-ffffffffffffff
spark1:1:1 [0] NCCL INFO ==========================================
spark1:1:1 [0] NCCL INFO GPU/0-f01000 :GPU/0-f01000 (0/5000.0/LOC) CPU/0-ffffffffffffff (2/345.0/C2C) NET/0-0 (4/12.0/P2C) NET/0-1 (4/12.0/P2C) GIN/0-0 (4/12.0/PHB) GIN/0-1 (4/12.0/PHB) RMA/0-0 (4/12.0/PHB) RMA/0-1 (4/12.0/PHB) DEV/0-f01000 (1/5000.0/LOC) 
spark1:1:1 [0] NCCL INFO NET/0-0 :GPU/0-f01000 (4/12.0/P2C) CPU/0-ffffffffffffff (2/12.0/PHB) NET/0-0 (0/5000.0/LOC) NET/0-1 (4/12.0/PHB) GIN/0-0 (2/25.0/LOC) GIN/0-1 (4/12.0/PHB) RMA/0-0 (2/25.0/LOC) RMA/0-1 (4/12.0/PHB) DEV/0-f01000 (3/12.0/PHB) 
spark1:1:1 [0] NCCL INFO NET/0-1 :GPU/0-f01000 (4/12.0/P2C) CPU/0-ffffffffffffff (2/12.0/PHB) NET/0-0 (4/12.0/PHB) NET/0-1 (0/5000.0/LOC) GIN/0-0 (4/12.0/PHB) GIN/0-1 (2/25.0/LOC) RMA/0-0 (4/12.0/PHB) RMA/0-1 (2/25.0/LOC) DEV/0-f01000 (3/12.0/PHB) 
spark1:1:1 [0] NCCL INFO GIN/0-0 :GPU/0-f01000 (4/12.0/PHB) CPU/0-ffffffffffffff (2/12.0/PHB) NET/0-0 (2/25.0/LOC) NET/0-1 (4/12.0/PHB) GIN/0-0 (0/5000.0/LOC) GIN/0-1 (4/12.0/PHB) RMA/0-0 (2/25.0/LOC) RMA/0-1 (4/12.0/PHB) DEV/0-f01000 (3/12.0/PHB) 
spark1:1:1 [0] NCCL INFO GIN/0-1 :GPU/0-f01000 (4/12.0/PHB) CPU/0-ffffffffffffff (2/12.0/PHB) NET/0-0 (4/12.0/PHB) NET/0-1 (2/25.0/LOC) GIN/0-0 (4/12.0/PHB) GIN/0-1 (0/5000.0/LOC) RMA/0-0 (4/12.0/PHB) RMA/0-1 (2/25.0/LOC) DEV/0-f01000 (3/12.0/PHB) 
spark1:1:1 [0] NCCL INFO RMA/0-0 :GPU/0-f01000 (4/12.0/PHB) CPU/0-ffffffffffffff (2/12.0/PHB) NET/0-0 (2/25.0/LOC) NET/0-1 (4/12.0/PHB) GIN/0-0 (2/25.0/LOC) GIN/0-1 (4/12.0/PHB) RMA/0-0 (0/5000.0/LOC) RMA/0-1 (4/12.0/PHB) DEV/0-f01000 (3/12.0/PHB) 
spark1:1:1 [0] NCCL INFO RMA/0-1 :GPU/0-f01000 (4/12.0/PHB) CPU/0-ffffffffffffff (2/12.0/PHB) NET/0-0 (4/12.0/PHB) NET/0-1 (2/25.0/LOC) GIN/0-0 (4/12.0/PHB) GIN/0-1 (2/25.0/LOC) RMA/0-0 (4/12.0/PHB) RMA/0-1 (0/5000.0/LOC) DEV/0-f01000 (3/12.0/PHB) 
spark1:1:1 [0] NCCL INFO ncclTopoGetCpuAffinity: Affinity for GPU 0 is empty, ignoring. (GPU affinity =  ; CPU affinity = 0-19).
spark1:1:1 [0] NCCL INFO Pattern 4, crossNic 0, nChannels 32, bw 0.240000/0.240000, type LOC/P2C, sameChannels 1
spark1:1:1 [0] NCCL INFO  0 : NET/0-0 GPU/0-f01000 NET/0-0
spark1:1:1 [0] NCCL INFO  1 : NET/0-1 GPU/0-f01000 NET/0-0
spark1:1:1 [0] NCCL INFO  2 : NET/0-0 GPU/0-f01000 NET/0-0
spark1:1:1 [0] NCCL INFO  3 : NET/0-1 GPU/0-f01000 NET/0-0
spark1:1:1 [0] NCCL INFO  4 : NET/0-0 GPU/0-f01000 NET/0-0
spark1:1:1 [0] NCCL INFO  5 : NET/0-1 GPU/0-f01000 NET/0-0
spark1:1:1 [0] NCCL INFO  6 : NET/0-0 GPU/0-f01000 NET/0-0
spark1:1:1 [0] NCCL INFO  7 : NET/0-1 GPU/0-f01000 NET/0-0
spark1:1:1 [0] NCCL INFO  8 : NET/0-0 GPU/0-f01000 NET/0-0
spark1:1:1 [0] NCCL INFO  9 : NET/0-1 GPU/0-f01000 NET/0-0
spark1:1:1 [0] NCCL INFO 10 : NET/0-0 GPU/0-f01000 NET/0-0
spark1:1:1 [0] NCCL INFO 11 : NET/0-1 GPU/0-f01000 NET/0-0
spark1:1:1 [0] NCCL INFO 12 : NET/0-0 GPU/0-f01000 NET/0-0
spark1:1:1 [0] NCCL INFO 13 : NET/0-1 GPU/0-f01000 NET/0-0
spark1:1:1 [0] NCCL INFO 14 : NET/0-0 GPU/0-f01000 NET/0-0
spark1:1:1 [0] NCCL INFO 15 : NET/0-1 GPU/0-f01000 NET/0-0
spark1:1:1 [0] NCCL INFO 16 : NET/0-0 GPU/0-f01000 NET/0-0
spark1:1:1 [0] NCCL INFO 17 : NET/0-1 GPU/0-f01000 NET/0-0
spark1:1:1 [0] NCCL INFO 18 : NET/0-0 GPU/0-f01000 NET/0-0
spark1:1:1 [0] NCCL INFO 19 : NET/0-1 GPU/0-f01000 NET/0-0
spark1:1:1 [0] NCCL INFO 20 : NET/0-0 GPU/0-f01000 NET/0-0
spark1:1:1 [0] NCCL INFO 21 : NET/0-1 GPU/0-f01000 NET/0-0
spark1:1:1 [0] NCCL INFO 22 : NET/0-0 GPU/0-f01000 NET/0-0
spark1:1:1 [0] NCCL INFO 23 : NET/0-1 GPU/0-f01000 NET/0-0
spark1:1:1 [0] NCCL INFO 24 : NET/0-0 GPU/0-f01000 NET/0-0
spark1:1:1 [0] NCCL INFO 25 : NET/0-1 GPU/0-f01000 NET/0-0
spark1:1:1 [0] NCCL INFO 26 : NET/0-0 GPU/0-f01000 NET/0-0
spark1:1:1 [0] NCCL INFO 27 : NET/0-1 GPU/0-f01000 NET/0-0
spark1:1:1 [0] NCCL INFO 28 : NET/0-0 GPU/0-f01000 NET/0-0
spark1:1:1 [0] NCCL INFO 29 : NET/0-1 GPU/0-f01000 NET/0-0
spark1:1:1 [0] NCCL INFO 30 : NET/0-0 GPU/0-f01000 NET/0-0
spark1:1:1 [0] NCCL INFO 31 : NET/0-1 GPU/0-f01000 NET/0-0
spark1:1:1 [0] NCCL INFO Pattern 3, crossNic 0, nChannels 32, bw 0.240000/0.120000, type LOC/P2C, sameChannels 1
spark1:1:1 [0] NCCL INFO  0 : NET/0-0 GPU/0-f01000 NET/0-0
spark1:1:1 [0] NCCL INFO  1 : NET/0-1 GPU/0-f01000 NET/0-1
spark1:1:1 [0] NCCL INFO  2 : NET/0-0 GPU/0-f01000 NET/0-0
spark1:1:1 [0] NCCL INFO  3 : NET/0-1 GPU/0-f01000 NET/0-1
spark1:1:1 [0] NCCL INFO  4 : NET/0-0 GPU/0-f01000 NET/0-0
spark1:1:1 [0] NCCL INFO  5 : NET/0-1 GPU/0-f01000 NET/0-1
spark1:1:1 [0] NCCL INFO  6 : NET/0-0 GPU/0-f01000 NET/0-0
spark1:1:1 [0] NCCL INFO  7 : NET/0-1 GPU/0-f01000 NET/0-1
spark1:1:1 [0] NCCL INFO  8 : NET/0-0 GPU/0-f01000 NET/0-0
spark1:1:1 [0] NCCL INFO  9 : NET/0-1 GPU/0-f01000 NET/0-1
spark1:1:1 [0] NCCL INFO 10 : NET/0-0 GPU/0-f01000 NET/0-0
spark1:1:1 [0] NCCL INFO 11 : NET/0-1 GPU/0-f01000 NET/0-1
spark1:1:1 [0] NCCL INFO 12 : NET/0-0 GPU/0-f01000 NET/0-0
spark1:1:1 [0] NCCL INFO 13 : NET/0-1 GPU/0-f01000 NET/0-1
spark1:1:1 [0] NCCL INFO 14 : NET/0-0 GPU/0-f01000 NET/0-0
spark1:1:1 [0] NCCL INFO 15 : NET/0-1 GPU/0-f01000 NET/0-1
spark1:1:1 [0] NCCL INFO 16 : NET/0-0 GPU/0-f01000 NET/0-0
spark1:1:1 [0] NCCL INFO 17 : NET/0-1 GPU/0-f01000 NET/0-1
spark1:1:1 [0] NCCL INFO 18 : NET/0-0 GPU/0-f01000 NET/0-0
spark1:1:1 [0] NCCL INFO 19 : NET/0-1 GPU/0-f01000 NET/0-1
spark1:1:1 [0] NCCL INFO 20 : NET/0-0 GPU/0-f01000 NET/0-0
spark1:1:1 [0] NCCL INFO 21 : NET/0-1 GPU/0-f01000 NET/0-1
spark1:1:1 [0] NCCL INFO 22 : NET/0-0 GPU/0-f01000 NET/0-0
spark1:1:1 [0] NCCL INFO 23 : NET/0-1 GPU/0-f01000 NET/0-1
spark1:1:1 [0] NCCL INFO 24 : NET/0-0 GPU/0-f01000 NET/0-0
spark1:1:1 [0] NCCL INFO 25 : NET/0-1 GPU/0-f01000 NET/0-1
spark1:1:1 [0] NCCL INFO 26 : NET/0-0 GPU/0-f01000 NET/0-0
spark1:1:1 [0] NCCL INFO 27 : NET/0-1 GPU/0-f01000 NET/0-1
spark1:1:1 [0] NCCL INFO 28 : NET/0-0 GPU/0-f01000 NET/0-0
spark1:1:1 [0] NCCL INFO 29 : NET/0-1 GPU/0-f01000 NET/0-1
spark1:1:1 [0] NCCL INFO 30 : NET/0-0 GPU/0-f01000 NET/0-0
spark1:1:1 [0] NCCL INFO 31 : NET/0-1 GPU/0-f01000 NET/0-1
spark1:1:1 [0] NCCL INFO Rank 0: 2 Net devices
spark1:1:1 [0] NCCL INFO Rank 0: 0 CollNet devices
spark1:1:1 [0] NCCL INFO Local Net device counts across ranks: min 2 max 2
spark1:1:1 [0] NCCL INFO Local CollNet device counts across ranks: min 0 max 0
spark1:1:1 [0] NCCL INFO comm 0x35d5bff0 rank 0 nRanks 2 nNodes 2 localRanks 1 localRank 0 MNNVL 0
spark1:1:1 [0] NCCL INFO Tree 0 : -1 -> 0 -> 1/-1/-1
spark1:1:1 [0] NCCL INFO Tree 32 : 1 -> 0 -> -1/-1/-1
spark1:1:1 [0] NCCL INFO Tree 1 : -1 -> 0 -> 1/-1/-1
spark1:1:1 [0] NCCL INFO Tree 33 : 1 -> 0 -> -1/-1/-1
spark1:1:1 [0] NCCL INFO Tree 2 : -1 -> 0 -> 1/-1/-1
spark1:1:1 [0] NCCL INFO Tree 34 : 1 -> 0 -> -1/-1/-1
spark1:1:1 [0] NCCL INFO Tree 3 : -1 -> 0 -> 1/-1/-1
spark1:1:1 [0] NCCL INFO Tree 35 : 1 -> 0 -> -1/-1/-1
spark1:1:1 [0] NCCL INFO Tree 4 : -1 -> 0 -> 1/-1/-1
spark1:1:1 [0] NCCL INFO Tree 36 : 1 -> 0 -> -1/-1/-1
spark1:1:1 [0] NCCL INFO Tree 5 : -1 -> 0 -> 1/-1/-1
spark1:1:1 [0] NCCL INFO Tree 37 : 1 -> 0 -> -1/-1/-1
spark1:1:1 [0] NCCL INFO Tree 6 : -1 -> 0 -> 1/-1/-1
spark1:1:1 [0] NCCL INFO Tree 38 : 1 -> 0 -> -1/-1/-1
spark1:1:1 [0] NCCL INFO Tree 7 : -1 -> 0 -> 1/-1/-1
spark1:1:1 [0] NCCL INFO Tree 39 : 1 -> 0 -> -1/-1/-1
spark1:1:1 [0] NCCL INFO Tree 8 : -1 -> 0 -> 1/-1/-1
spark1:1:1 [0] NCCL INFO Tree 40 : 1 -> 0 -> -1/-1/-1
spark1:1:1 [0] NCCL INFO Tree 9 : -1 -> 0 -> 1/-1/-1
spark1:1:1 [0] NCCL INFO Tree 41 : 1 -> 0 -> -1/-1/-1
spark1:1:1 [0] NCCL INFO Tree 10 : -1 -> 0 -> 1/-1/-1
spark1:1:1 [0] NCCL INFO Tree 42 : 1 -> 0 -> -1/-1/-1
spark1:1:1 [0] NCCL INFO Tree 11 : -1 -> 0 -> 1/-1/-1
spark1:1:1 [0] NCCL INFO Tree 43 : 1 -> 0 -> -1/-1/-1
spark1:1:1 [0] NCCL INFO Tree 12 : -1 -> 0 -> 1/-1/-1
spark1:1:1 [0] NCCL INFO Tree 44 : 1 -> 0 -> -1/-1/-1
spark1:1:1 [0] NCCL INFO Tree 13 : -1 -> 0 -> 1/-1/-1
spark1:1:1 [0] NCCL INFO Tree 45 : 1 -> 0 -> -1/-1/-1
spark1:1:1 [0] NCCL INFO Tree 14 : -1 -> 0 -> 1/-1/-1
spark1:1:1 [0] NCCL INFO Tree 46 : 1 -> 0 -> -1/-1/-1
spark1:1:1 [0] NCCL INFO Tree 15 : -1 -> 0 -> 1/-1/-1
spark1:1:1 [0] NCCL INFO Tree 47 : 1 -> 0 -> -1/-1/-1
spark1:1:1 [0] NCCL INFO Tree 16 : -1 -> 0 -> 1/-1/-1
spark1:1:1 [0] NCCL INFO Tree 48 : 1 -> 0 -> -1/-1/-1
spark1:1:1 [0] NCCL INFO Tree 17 : -1 -> 0 -> 1/-1/-1
spark1:1:1 [0] NCCL INFO Tree 49 : 1 -> 0 -> -1/-1/-1
spark1:1:1 [0] NCCL INFO Tree 18 : -1 -> 0 -> 1/-1/-1
spark1:1:1 [0] NCCL INFO Tree 50 : 1 -> 0 -> -1/-1/-1
spark1:1:1 [0] NCCL INFO Tree 19 : -1 -> 0 -> 1/-1/-1
spark1:1:1 [0] NCCL INFO Tree 51 : 1 -> 0 -> -1/-1/-1
spark1:1:1 [0] NCCL INFO Tree 20 : -1 -> 0 -> 1/-1/-1
spark1:1:1 [0] NCCL INFO Tree 52 : 1 -> 0 -> -1/-1/-1
spark1:1:1 [0] NCCL INFO Tree 21 : -1 -> 0 -> 1/-1/-1
spark1:1:1 [0] NCCL INFO Tree 53 : 1 -> 0 -> -1/-1/-1
spark1:1:1 [0] NCCL INFO Tree 22 : -1 -> 0 -> 1/-1/-1
spark1:1:1 [0] NCCL INFO Tree 54 : 1 -> 0 -> -1/-1/-1
spark1:1:1 [0] NCCL INFO Tree 23 : -1 -> 0 -> 1/-1/-1
spark1:1:1 [0] NCCL INFO Tree 55 : 1 -> 0 -> -1/-1/-1
spark1:1:1 [0] NCCL INFO Tree 24 : -1 -> 0 -> 1/-1/-1
spark1:1:1 [0] NCCL INFO Tree 56 : 1 -> 0 -> -1/-1/-1
spark1:1:1 [0] NCCL INFO Tree 25 : -1 -> 0 -> 1/-1/-1
spark1:1:1 [0] NCCL INFO Tree 57 : 1 -> 0 -> -1/-1/-1
spark1:1:1 [0] NCCL INFO Tree 26 : -1 -> 0 -> 1/-1/-1
spark1:1:1 [0] NCCL INFO Tree 58 : 1 -> 0 -> -1/-1/-1
spark1:1:1 [0] NCCL INFO Tree 27 : -1 -> 0 -> 1/-1/-1
spark1:1:1 [0] NCCL INFO Tree 59 : 1 -> 0 -> -1/-1/-1
spark1:1:1 [0] NCCL INFO Tree 28 : -1 -> 0 -> 1/-1/-1
spark1:1:1 [0] NCCL INFO Tree 60 : 1 -> 0 -> -1/-1/-1
spark1:1:1 [0] NCCL INFO Tree 29 : -1 -> 0 -> 1/-1/-1
spark1:1:1 [0] NCCL INFO Tree 61 : 1 -> 0 -> -1/-1/-1
spark1:1:1 [0] NCCL INFO Tree 30 : -1 -> 0 -> 1/-1/-1
spark1:1:1 [0] NCCL INFO Tree 62 : 1 -> 0 -> -1/-1/-1
spark1:1:1 [0] NCCL INFO Tree 31 : -1 -> 0 -> 1/-1/-1
spark1:1:1 [0] NCCL INFO Tree 63 : 1 -> 0 -> -1/-1/-1
spark1:1:1 [0] NCCL INFO Channel 00/64 : 0 1
spark1:1:1 [0] NCCL INFO Channel 01/64 : 0 1
spark1:1:1 [0] NCCL INFO Channel 02/64 : 0 1
spark1:1:1 [0] NCCL INFO Channel 03/64 : 0 1
spark1:1:1 [0] NCCL INFO Channel 04/64 : 0 1
spark1:1:1 [0] NCCL INFO Channel 05/64 : 0 1
spark1:1:1 [0] NCCL INFO Channel 06/64 : 0 1
spark1:1:1 [0] NCCL INFO Channel 07/64 : 0 1
spark1:1:1 [0] NCCL INFO Channel 08/64 : 0 1
spark1:1:1 [0] NCCL INFO Channel 09/64 : 0 1
spark1:1:1 [0] NCCL INFO Channel 10/64 : 0 1
spark1:1:1 [0] NCCL INFO Channel 11/64 : 0 1
spark1:1:1 [0] NCCL INFO Channel 12/64 : 0 1
spark1:1:1 [0] NCCL INFO Channel 13/64 : 0 1
spark1:1:1 [0] NCCL INFO Channel 14/64 : 0 1
spark1:1:1 [0] NCCL INFO Channel 15/64 : 0 1
spark1:1:1 [0] NCCL INFO Channel 16/64 : 0 1
spark1:1:1 [0] NCCL INFO Channel 17/64 : 0 1
spark1:1:1 [0] NCCL INFO Channel 18/64 : 0 1
spark1:1:1 [0] NCCL INFO Channel 19/64 : 0 1
spark1:1:1 [0] NCCL INFO Channel 20/64 : 0 1
spark1:1:1 [0] NCCL INFO Channel 21/64 : 0 1
spark1:1:1 [0] NCCL INFO Channel 22/64 : 0 1
spark1:1:1 [0] NCCL INFO Channel 23/64 : 0 1
spark1:1:1 [0] NCCL INFO Channel 24/64 : 0 1
spark1:1:1 [0] NCCL INFO Channel 25/64 : 0 1
spark1:1:1 [0] NCCL INFO Channel 26/64 : 0 1
spark1:1:1 [0] NCCL INFO Channel 27/64 : 0 1
spark1:1:1 [0] NCCL INFO Channel 28/64 : 0 1
spark1:1:1 [0] NCCL INFO Channel 29/64 : 0 1
spark1:1:1 [0] NCCL INFO Channel 30/64 : 0 1
spark1:1:1 [0] NCCL INFO Channel 31/64 : 0 1
spark1:1:1 [0] NCCL INFO Channel 32/64 : 0 1
spark1:1:1 [0] NCCL INFO Channel 33/64 : 0 1
spark1:1:1 [0] NCCL INFO Channel 34/64 : 0 1
spark1:1:1 [0] NCCL INFO Channel 35/64 : 0 1
spark1:1:1 [0] NCCL INFO Channel 36/64 : 0 1
spark1:1:1 [0] NCCL INFO Channel 37/64 : 0 1
spark1:1:1 [0] NCCL INFO Channel 38/64 : 0 1
spark1:1:1 [0] NCCL INFO Channel 39/64 : 0 1
spark1:1:1 [0] NCCL INFO Channel 40/64 : 0 1
spark1:1:1 [0] NCCL INFO Channel 41/64 : 0 1
spark1:1:1 [0] NCCL INFO Channel 42/64 : 0 1
spark1:1:1 [0] NCCL INFO Channel 43/64 : 0 1
spark1:1:1 [0] NCCL INFO Channel 44/64 : 0 1
spark1:1:1 [0] NCCL INFO Channel 45/64 : 0 1
spark1:1:1 [0] NCCL INFO Channel 46/64 : 0 1
spark1:1:1 [0] NCCL INFO Channel 47/64 : 0 1
spark1:1:1 [0] NCCL INFO Channel 48/64 : 0 1
spark1:1:1 [0] NCCL INFO Channel 49/64 : 0 1
spark1:1:1 [0] NCCL INFO Channel 50/64 : 0 1
spark1:1:1 [0] NCCL INFO Channel 51/64 : 0 1
spark1:1:1 [0] NCCL INFO Channel 52/64 : 0 1
spark1:1:1 [0] NCCL INFO Channel 53/64 : 0 1
spark1:1:1 [0] NCCL INFO Channel 54/64 : 0 1
spark1:1:1 [0] NCCL INFO Channel 55/64 : 0 1
spark1:1:1 [0] NCCL INFO Channel 56/64 : 0 1
spark1:1:1 [0] NCCL INFO Channel 57/64 : 0 1
spark1:1:1 [0] NCCL INFO Channel 58/64 : 0 1
spark1:1:1 [0] NCCL INFO Channel 59/64 : 0 1
spark1:1:1 [0] NCCL INFO Channel 60/64 : 0 1
spark1:1:1 [0] NCCL INFO Channel 61/64 : 0 1
spark1:1:1 [0] NCCL INFO Channel 62/64 : 0 1
spark1:1:1 [0] NCCL INFO Channel 63/64 : 0 1
spark1:1:1 [0] NCCL INFO Ring 00 : 1 -> 0 -> 1
spark1:1:1 [0] NCCL INFO Ring 01 : 1 -> 0 -> 1
spark1:1:1 [0] NCCL INFO Ring 02 : 1 -> 0 -> 1
spark1:1:1 [0] NCCL INFO Ring 03 : 1 -> 0 -> 1
spark1:1:1 [0] NCCL INFO Ring 04 : 1 -> 0 -> 1
spark1:1:1 [0] NCCL INFO Ring 05 : 1 -> 0 -> 1
spark1:1:1 [0] NCCL INFO Ring 06 : 1 -> 0 -> 1
spark1:1:1 [0] NCCL INFO Ring 07 : 1 -> 0 -> 1
spark1:1:1 [0] NCCL INFO Ring 08 : 1 -> 0 -> 1
spark1:1:1 [0] NCCL INFO Ring 09 : 1 -> 0 -> 1
spark1:1:1 [0] NCCL INFO Ring 10 : 1 -> 0 -> 1
spark1:1:1 [0] NCCL INFO Ring 11 : 1 -> 0 -> 1
spark1:1:1 [0] NCCL INFO Ring 12 : 1 -> 0 -> 1
spark1:1:1 [0] NCCL INFO Ring 13 : 1 -> 0 -> 1
spark1:1:1 [0] NCCL INFO Ring 14 : 1 -> 0 -> 1
spark1:1:1 [0] NCCL INFO Ring 15 : 1 -> 0 -> 1
spark1:1:1 [0] NCCL INFO Ring 16 : 1 -> 0 -> 1
spark1:1:1 [0] NCCL INFO Ring 17 : 1 -> 0 -> 1
spark1:1:1 [0] NCCL INFO Ring 18 : 1 -> 0 -> 1
spark1:1:1 [0] NCCL INFO Ring 19 : 1 -> 0 -> 1
spark1:1:1 [0] NCCL INFO Ring 20 : 1 -> 0 -> 1
spark1:1:1 [0] NCCL INFO Ring 21 : 1 -> 0 -> 1
spark1:1:1 [0] NCCL INFO Ring 22 : 1 -> 0 -> 1
spark1:1:1 [0] NCCL INFO Ring 23 : 1 -> 0 -> 1
spark1:1:1 [0] NCCL INFO Ring 24 : 1 -> 0 -> 1
spark1:1:1 [0] NCCL INFO Ring 25 : 1 -> 0 -> 1
spark1:1:1 [0] NCCL INFO Ring 26 : 1 -> 0 -> 1
spark1:1:1 [0] NCCL INFO Ring 27 : 1 -> 0 -> 1
spark1:1:1 [0] NCCL INFO Ring 28 : 1 -> 0 -> 1
spark1:1:1 [0] NCCL INFO Ring 29 : 1 -> 0 -> 1
spark1:1:1 [0] NCCL INFO Ring 30 : 1 -> 0 -> 1
spark1:1:1 [0] NCCL INFO Ring 31 : 1 -> 0 -> 1
spark1:1:1 [0] NCCL INFO Ring 32 : 1 -> 0 -> 1
spark1:1:1 [0] NCCL INFO Ring 33 : 1 -> 0 -> 1
spark1:1:1 [0] NCCL INFO Ring 34 : 1 -> 0 -> 1
spark1:1:1 [0] NCCL INFO Ring 35 : 1 -> 0 -> 1
spark1:1:1 [0] NCCL INFO Ring 36 : 1 -> 0 -> 1
spark1:1:1 [0] NCCL INFO Ring 37 : 1 -> 0 -> 1
spark1:1:1 [0] NCCL INFO Ring 38 : 1 -> 0 -> 1
spark1:1:1 [0] NCCL INFO Ring 39 : 1 -> 0 -> 1
spark1:1:1 [0] NCCL INFO Ring 40 : 1 -> 0 -> 1
spark1:1:1 [0] NCCL INFO Ring 41 : 1 -> 0 -> 1
spark1:1:1 [0] NCCL INFO Ring 42 : 1 -> 0 -> 1
spark1:1:1 [0] NCCL INFO Ring 43 : 1 -> 0 -> 1
spark1:1:1 [0] NCCL INFO Ring 44 : 1 -> 0 -> 1
spark1:1:1 [0] NCCL INFO Ring 45 : 1 -> 0 -> 1
spark1:1:1 [0] NCCL INFO Ring 46 : 1 -> 0 -> 1
spark1:1:1 [0] NCCL INFO Ring 47 : 1 -> 0 -> 1
spark1:1:1 [0] NCCL INFO Ring 48 : 1 -> 0 -> 1
spark1:1:1 [0] NCCL INFO Ring 49 : 1 -> 0 -> 1
spark1:1:1 [0] NCCL INFO Ring 50 : 1 -> 0 -> 1
spark1:1:1 [0] NCCL INFO Ring 51 : 1 -> 0 -> 1
spark1:1:1 [0] NCCL INFO Ring 52 : 1 -> 0 -> 1
spark1:1:1 [0] NCCL INFO Ring 53 : 1 -> 0 -> 1
spark1:1:1 [0] NCCL INFO Ring 54 : 1 -> 0 -> 1
spark1:1:1 [0] NCCL INFO Ring 55 : 1 -> 0 -> 1
spark1:1:1 [0] NCCL INFO Ring 56 : 1 -> 0 -> 1
spark1:1:1 [0] NCCL INFO Ring 57 : 1 -> 0 -> 1
spark1:1:1 [0] NCCL INFO Ring 58 : 1 -> 0 -> 1
spark1:1:1 [0] NCCL INFO Ring 59 : 1 -> 0 -> 1
spark1:1:1 [0] NCCL INFO Ring 60 : 1 -> 0 -> 1
spark1:1:1 [0] NCCL INFO Ring 61 : 1 -> 0 -> 1
spark1:1:1 [0] NCCL INFO Ring 62 : 1 -> 0 -> 1
spark1:1:1 [0] NCCL INFO Ring 63 : 1 -> 0 -> 1
spark1:1:1 [0] NCCL INFO Trees [0] 1/-1/-1->0->-1 [1] 1/-1/-1->0->-1 [2] 1/-1/-1->0->-1 [3] 1/-1/-1->0->-1 [4] 1/-1/-1->0->-1 [5] 1/-1/-1->0->-1 [6] 1/-1/-1->0->-1 [7] 1/-1/-1->0->-1 [8] 1/-1/-1->0->-1 [9] 1/-1/-1->0->-1 [10] 1/-1/-1->0->-1 [11] 1/-1/-1->0->-1 [12] 1/-1/-1->0->-1 [13] 1/-1/-1->0->-1 [14] 1/-1/-1->0->-1 [15] 1/-1/-1->0->-1 [16] 1/-1/-1->0->-1 [17] 1/-1/-1->0->-1 [18] 1/-1/-1->0->-1 [19] 1/-1/-1->0->-1 [20] 1/-1/-1->0->-1 [21] 1/-1/-1->0->-1 [22] 1/-1/-1->0->-1 [23] 1/-1/-1->0->-1 [24] 1/-1/-1->0->-1 [25] 1/-1/-1->0->-1 [26] 1/-1/-1->0->-1 [27] 1/-1/-1->0->-1 [28] 1/-1/-1->0->-1 [29] 1/-1/-1->0->-1 [30] 1/-1/-1->0->-1 [31] 1/-1/-1->0->-1 [32] -1/-1/-1->0->1 [33] -1/-1/-1->0->1 [34] -1/-1/-1->0->1 [35] -1/-1/-1->0->1 [36] -1/-1/-1->0->1 [37] -1/-1/-1->0->1 [38] -1/-1/-1->0->1 [39] -1/-1/-1->0->1 [40] -1/-1/-1->0->1 [41] -1/-1/-1->0->1 [42] -1/-1/-1->0->1 [43] -1/-1/-1->0->1 [44] -1/-1/-1->0->1 [45] -1/-1/-1->0->1 [46] -1/-1/-1->0->1 [47] -1/-1/-1->0->1 [48] -1/-1/-1->0->1 [49] -1/-1/-1->0->1 [50] -1/-1/-1->0->1 [51] -1/-1/
spark1:1:1 [0] NCCL INFO P2P Chunksize set to 262144
spark1:1:1 [0] NCCL INFO Tuning P2P operations with maxP2pPeers = 2
spark1:1:1 [0] NCCL INFO ncclOsDlopen(libnccl-profiler.so) failed: libnccl-profiler.so: cannot open shared object file: No such file or directory
spark1:1:1 [0] NCCL INFO PROFILER/Plugin: Could not find: libnccl-profiler.so
spark1:1:1 [0] NCCL INFO Check P2P Type isAllDirectP2p 1 directMode 0 isAllCudaP2p 1
spark1:1:1 [0] NCCL INFO ncclP2pSchedule: group size used is 1
spark1:1:86 [0] NCCL INFO [Proxy Service UDS] Device 0 CPU core 7
spark1:1:85 [0] NCCL INFO [Proxy Service] Device 0 CPU core 0
spark1:1:85 [0] NCCL INFO proxy listening socket at 10.100.8.1<52489>
spark1:1:87 [0] NCCL INFO [Proxy Progress] Device 0 CPU core 8
spark1:1:1 [0] NCCL INFO Channel 00/0 : 1[0] -> 0[0] [receive] via NET/IB/0
spark1:1:1 [0] NCCL INFO Channel 01/0 : 1[0] -> 0[0] [receive] via NET/IB/1
spark1:1:1 [0] NCCL INFO Channel 02/0 : 1[0] -> 0[0] [receive] via NET/IB/0
spark1:1:1 [0] NCCL INFO Channel 03/0 : 1[0] -> 0[0] [receive] via NET/IB/1
spark1:1:1 [0] NCCL INFO Channel 04/0 : 1[0] -> 0[0] [receive] via NET/IB/0
spark1:1:1 [0] NCCL INFO Channel 05/0 : 1[0] -> 0[0] [receive] via NET/IB/1
spark1:1:1 [0] NCCL INFO Channel 06/0 : 1[0] -> 0[0] [receive] via NET/IB/0
spark1:1:1 [0] NCCL INFO Channel 07/0 : 1[0] -> 0[0] [receive] via NET/IB/1
spark1:1:1 [0] NCCL INFO Channel 08/0 : 1[0] -> 0[0] [receive] via NET/IB/0
spark1:1:1 [0] NCCL INFO Channel 09/0 : 1[0] -> 0[0] [receive] via NET/IB/1
spark1:1:1 [0] NCCL INFO Channel 10/0 : 1[0] -> 0[0] [receive] via NET/IB/0
spark1:1:1 [0] NCCL INFO Channel 11/0 : 1[0] -> 0[0] [receive] via NET/IB/1
spark1:1:1 [0] NCCL INFO Channel 12/0 : 1[0] -> 0[0] [receive] via NET/IB/0
spark1:1:1 [0] NCCL INFO Channel 13/0 : 1[0] -> 0[0] [receive] via NET/IB/1
spark1:1:1 [0] NCCL INFO Channel 14/0 : 1[0] -> 0[0] [receive] via NET/IB/0
spark1:1:1 [0] NCCL INFO Channel 15/0 : 1[0] -> 0[0] [receive] via NET/IB/1
spark1:1:1 [0] NCCL INFO Channel 16/0 : 1[0] -> 0[0] [receive] via NET/IB/0
spark1:1:1 [0] NCCL INFO Channel 17/0 : 1[0] -> 0[0] [receive] via NET/IB/1
spark1:1:1 [0] NCCL INFO Channel 18/0 : 1[0] -> 0[0] [receive] via NET/IB/0
spark1:1:1 [0] NCCL INFO Channel 19/0 : 1[0] -> 0[0] [receive] via NET/IB/1
spark1:1:1 [0] NCCL INFO Channel 20/0 : 1[0] -> 0[0] [receive] via NET/IB/0
spark1:1:1 [0] NCCL INFO Channel 21/0 : 1[0] -> 0[0] [receive] via NET/IB/1
spark1:1:1 [0] NCCL INFO Channel 22/0 : 1[0] -> 0[0] [receive] via NET/IB/0
spark1:1:1 [0] NCCL INFO Channel 23/0 : 1[0] -> 0[0] [receive] via NET/IB/1
spark1:1:1 [0] NCCL INFO Channel 24/0 : 1[0] -> 0[0] [receive] via NET/IB/0
spark1:1:1 [0] NCCL INFO Channel 25/0 : 1[0] -> 0[0] [receive] via NET/IB/1
spark1:1:1 [0] NCCL INFO Channel 26/0 : 1[0] -> 0[0] [receive] via NET/IB/0
spark1:1:1 [0] NCCL INFO Channel 27/0 : 1[0] -> 0[0] [receive] via NET/IB/1
spark1:1:1 [0] NCCL INFO Channel 28/0 : 1[0] -> 0[0] [receive] via NET/IB/0
spark1:1:1 [0] NCCL INFO Channel 29/0 : 1[0] -> 0[0] [receive] via NET/IB/1
spark1:1:1 [0] NCCL INFO Channel 30/0 : 1[0] -> 0[0] [receive] via NET/IB/0
spark1:1:1 [0] NCCL INFO Channel 31/0 : 1[0] -> 0[0] [receive] via NET/IB/1
spark1:1:1 [0] NCCL INFO Channel 32/0 : 1[0] -> 0[0] [receive] via NET/IB/0
spark1:1:1 [0] NCCL INFO Channel 33/0 : 1[0] -> 0[0] [receive] via NET/IB/1
spark1:1:1 [0] NCCL INFO Channel 34/0 : 1[0] -> 0[0] [receive] via NET/IB/0
spark1:1:1 [0] NCCL INFO Channel 35/0 : 1[0] -> 0[0] [receive] via NET/IB/1
spark1:1:1 [0] NCCL INFO Channel 36/0 : 1[0] -> 0[0] [receive] via NET/IB/0
spark1:1:1 [0] NCCL INFO Channel 37/0 : 1[0] -> 0[0] [receive] via NET/IB/1
spark1:1:1 [0] NCCL INFO Channel 38/0 : 1[0] -> 0[0] [receive] via NET/IB/0
spark1:1:1 [0] NCCL INFO Channel 39/0 : 1[0] -> 0[0] [receive] via NET/IB/1
spark1:1:1 [0] NCCL INFO Channel 40/0 : 1[0] -> 0[0] [receive] via NET/IB/0
spark1:1:1 [0] NCCL INFO Channel 41/0 : 1[0] -> 0[0] [receive] via NET/IB/1
spark1:1:1 [0] NCCL INFO Channel 42/0 : 1[0] -> 0[0] [receive] via NET/IB/0
spark1:1:1 [0] NCCL INFO Channel 43/0 : 1[0] -> 0[0] [receive] via NET/IB/1
spark1:1:1 [0] NCCL INFO Channel 44/0 : 1[0] -> 0[0] [receive] via NET/IB/0
spark1:1:1 [0] NCCL INFO Channel 45/0 : 1[0] -> 0[0] [receive] via NET/IB/1
spark1:1:1 [0] NCCL INFO Channel 46/0 : 1[0] -> 0[0] [receive] via NET/IB/0
spark1:1:1 [0] NCCL INFO Channel 47/0 : 1[0] -> 0[0] [receive] via NET/IB/1
spark1:1:1 [0] NCCL INFO Channel 48/0 : 1[0] -> 0[0] [receive] via NET/IB/0
spark1:1:1 [0] NCCL INFO Channel 49/0 : 1[0] -> 0[0] [receive] via NET/IB/1
spark1:1:1 [0] NCCL INFO Channel 50/0 : 1[0] -> 0[0] [receive] via NET/IB/0
spark1:1:1 [0] NCCL INFO Channel 51/0 : 1[0] -> 0[0] [receive] via NET/IB/1
spark1:1:1 [0] NCCL INFO Channel 52/0 : 1[0] -> 0[0] [receive] via NET/IB/0
spark1:1:1 [0] NCCL INFO Channel 53/0 : 1[0] -> 0[0] [receive] via NET/IB/1
spark1:1:1 [0] NCCL INFO Channel 54/0 : 1[0] -> 0[0] [receive] via NET/IB/0
spark1:1:1 [0] NCCL INFO Channel 55/0 : 1[0] -> 0[0] [receive] via NET/IB/1
spark1:1:1 [0] NCCL INFO Channel 56/0 : 1[0] -> 0[0] [receive] via NET/IB/0
spark1:1:1 [0] NCCL INFO Channel 57/0 : 1[0] -> 0[0] [receive] via NET/IB/1
spark1:1:1 [0] NCCL INFO Channel 58/0 : 1[0] -> 0[0] [receive] via NET/IB/0
spark1:1:1 [0] NCCL INFO Channel 59/0 : 1[0] -> 0[0] [receive] via NET/IB/1
spark1:1:1 [0] NCCL INFO Channel 60/0 : 1[0] -> 0[0] [receive] via NET/IB/0
spark1:1:1 [0] NCCL INFO Channel 61/0 : 1[0] -> 0[0] [receive] via NET/IB/1
spark1:1:1 [0] NCCL INFO Channel 62/0 : 1[0] -> 0[0] [receive] via NET/IB/0
spark1:1:1 [0] NCCL INFO Channel 63/0 : 1[0] -> 0[0] [receive] via NET/IB/1
spark1:1:1 [0] NCCL INFO Channel 00/0 : 0[0] -> 1[0] [send] via NET/IB/0
spark1:1:1 [0] NCCL INFO Channel 01/0 : 0[0] -> 1[0] [send] via NET/IB/1
spark1:1:1 [0] NCCL INFO Channel 02/0 : 0[0] -> 1[0] [send] via NET/IB/0
spark1:1:1 [0] NCCL INFO Channel 03/0 : 0[0] -> 1[0] [send] via NET/IB/1
spark1:1:1 [0] NCCL INFO Channel 04/0 : 0[0] -> 1[0] [send] via NET/IB/0
spark1:1:1 [0] NCCL INFO Channel 05/0 : 0[0] -> 1[0] [send] via NET/IB/1
spark1:1:1 [0] NCCL INFO Channel 06/0 : 0[0] -> 1[0] [send] via NET/IB/0
spark1:1:1 [0] NCCL INFO Channel 07/0 : 0[0] -> 1[0] [send] via NET/IB/1
spark1:1:1 [0] NCCL INFO Channel 08/0 : 0[0] -> 1[0] [send] via NET/IB/0
spark1:1:1 [0] NCCL INFO Channel 09/0 : 0[0] -> 1[0] [send] via NET/IB/1
spark1:1:1 [0] NCCL INFO Channel 10/0 : 0[0] -> 1[0] [send] via NET/IB/0
spark1:1:1 [0] NCCL INFO Channel 11/0 : 0[0] -> 1[0] [send] via NET/IB/1
spark1:1:1 [0] NCCL INFO Channel 12/0 : 0[0] -> 1[0] [send] via NET/IB/0
spark1:1:1 [0] NCCL INFO Channel 13/0 : 0[0] -> 1[0] [send] via NET/IB/1
spark1:1:1 [0] NCCL INFO Channel 14/0 : 0[0] -> 1[0] [send] via NET/IB/0
spark1:1:1 [0] NCCL INFO Channel 15/0 : 0[0] -> 1[0] [send] via NET/IB/1
spark1:1:1 [0] NCCL INFO Channel 16/0 : 0[0] -> 1[0] [send] via NET/IB/0
spark1:1:1 [0] NCCL INFO Channel 17/0 : 0[0] -> 1[0] [send] via NET/IB/1
spark1:1:1 [0] NCCL INFO Channel 18/0 : 0[0] -> 1[0] [send] via NET/IB/0
spark1:1:1 [0] NCCL INFO Channel 19/0 : 0[0] -> 1[0] [send] via NET/IB/1
spark1:1:1 [0] NCCL INFO Channel 20/0 : 0[0] -> 1[0] [send] via NET/IB/0
spark1:1:1 [0] NCCL INFO Channel 21/0 : 0[0] -> 1[0] [send] via NET/IB/1
spark1:1:1 [0] NCCL INFO Channel 22/0 : 0[0] -> 1[0] [send] via NET/IB/0
spark1:1:1 [0] NCCL INFO Channel 23/0 : 0[0] -> 1[0] [send] via NET/IB/1
spark1:1:1 [0] NCCL INFO Channel 24/0 : 0[0] -> 1[0] [send] via NET/IB/0
spark1:1:1 [0] NCCL INFO Channel 25/0 : 0[0] -> 1[0] [send] via NET/IB/1
spark1:1:1 [0] NCCL INFO Channel 26/0 : 0[0] -> 1[0] [send] via NET/IB/0
spark1:1:1 [0] NCCL INFO Channel 27/0 : 0[0] -> 1[0] [send] via NET/IB/1
spark1:1:1 [0] NCCL INFO Channel 28/0 : 0[0] -> 1[0] [send] via NET/IB/0
spark1:1:1 [0] NCCL INFO Channel 29/0 : 0[0] -> 1[0] [send] via NET/IB/1
spark1:1:1 [0] NCCL INFO Channel 30/0 : 0[0] -> 1[0] [send] via NET/IB/0
spark1:1:1 [0] NCCL INFO Channel 31/0 : 0[0] -> 1[0] [send] via NET/IB/1
spark1:1:1 [0] NCCL INFO Channel 32/0 : 0[0] -> 1[0] [send] via NET/IB/0
spark1:1:1 [0] NCCL INFO Channel 33/0 : 0[0] -> 1[0] [send] via NET/IB/1
spark1:1:1 [0] NCCL INFO Channel 34/0 : 0[0] -> 1[0] [send] via NET/IB/0
spark1:1:1 [0] NCCL INFO Channel 35/0 : 0[0] -> 1[0] [send] via NET/IB/1
spark1:1:1 [0] NCCL INFO Channel 36/0 : 0[0] -> 1[0] [send] via NET/IB/0
spark1:1:1 [0] NCCL INFO Channel 37/0 : 0[0] -> 1[0] [send] via NET/IB/1
spark1:1:1 [0] NCCL INFO Channel 38/0 : 0[0] -> 1[0] [send] via NET/IB/0
spark1:1:1 [0] NCCL INFO Channel 39/0 : 0[0] -> 1[0] [send] via NET/IB/1
spark1:1:1 [0] NCCL INFO Channel 40/0 : 0[0] -> 1[0] [send] via NET/IB/0
spark1:1:1 [0] NCCL INFO Channel 41/0 : 0[0] -> 1[0] [send] via NET/IB/1
spark1:1:1 [0] NCCL INFO Channel 42/0 : 0[0] -> 1[0] [send] via NET/IB/0
spark1:1:1 [0] NCCL INFO Channel 43/0 : 0[0] -> 1[0] [send] via NET/IB/1
spark1:1:1 [0] NCCL INFO Channel 44/0 : 0[0] -> 1[0] [send] via NET/IB/0
spark1:1:1 [0] NCCL INFO Channel 45/0 : 0[0] -> 1[0] [send] via NET/IB/1
spark1:1:1 [0] NCCL INFO Channel 46/0 : 0[0] -> 1[0] [send] via NET/IB/0
spark1:1:1 [0] NCCL INFO Channel 47/0 : 0[0] -> 1[0] [send] via NET/IB/1
spark1:1:1 [0] NCCL INFO Channel 48/0 : 0[0] -> 1[0] [send] via NET/IB/0
spark1:1:1 [0] NCCL INFO Channel 49/0 : 0[0] -> 1[0] [send] via NET/IB/1
spark1:1:1 [0] NCCL INFO Channel 50/0 : 0[0] -> 1[0] [send] via NET/IB/0
spark1:1:1 [0] NCCL INFO Channel 51/0 : 0[0] -> 1[0] [send] via NET/IB/1
spark1:1:1 [0] NCCL INFO Channel 52/0 : 0[0] -> 1[0] [send] via NET/IB/0
spark1:1:1 [0] NCCL INFO Channel 53/0 : 0[0] -> 1[0] [send] via NET/IB/1
spark1:1:1 [0] NCCL INFO Channel 54/0 : 0[0] -> 1[0] [send] via NET/IB/0
spark1:1:1 [0] NCCL INFO Channel 55/0 : 0[0] -> 1[0] [send] via NET/IB/1
spark1:1:1 [0] NCCL INFO Channel 56/0 : 0[0] -> 1[0] [send] via NET/IB/0
spark1:1:1 [0] NCCL INFO Channel 57/0 : 0[0] -> 1[0] [send] via NET/IB/1
spark1:1:1 [0] NCCL INFO Channel 58/0 : 0[0] -> 1[0] [send] via NET/IB/0
spark1:1:1 [0] NCCL INFO Channel 59/0 : 0[0] -> 1[0] [send] via NET/IB/1
spark1:1:1 [0] NCCL INFO Channel 60/0 : 0[0] -> 1[0] [send] via NET/IB/0
spark1:1:1 [0] NCCL INFO Channel 61/0 : 0[0] -> 1[0] [send] via NET/IB/1
spark1:1:1 [0] NCCL INFO Channel 62/0 : 0[0] -> 1[0] [send] via NET/IB/0
spark1:1:1 [0] NCCL INFO Channel 63/0 : 0[0] -> 1[0] [send] via NET/IB/1
spark1:1:85 [0] NCCL INFO NET/IB: ncclIbResiliencyInit: Resiliency is disabled on the send communicator (comm=0xebc348042000)
spark1:1:85 [0] NCCL INFO NET/IB: ncclIbResiliencyInit: Resiliency is disabled on the recv communicator (comm=0xebc348086000)
spark1:1:85 [0] NCCL INFO NET/IB: ncclIbRecvCommInit: Receive work requests will be posted on-demand
spark1:1:85 [0] NCCL INFO NET/IB: ncclIbResiliencyInit: Resiliency is disabled on the send communicator (comm=0xebc3480ce000)
spark1:1:85 [0] NCCL INFO NET/IB: ncclIbResiliencyInit: Resiliency is disabled on the recv communicator (comm=0xebc348112000)
spark1:1:85 [0] NCCL INFO NET/IB: ncclIbRecvCommInit: Receive work requests will be posted on-demand
spark1:1:85 [0] NCCL INFO NET/IB: ncclIbResiliencyInit: Resiliency is disabled on the send communicator (comm=0xebc34815a000)
spark1:1:85 [0] NCCL INFO NET/IB: ncclIbResiliencyInit: Resiliency is disabled on the recv communicator (comm=0xebc34819e000)
spark1:1:85 [0] NCCL INFO NET/IB: ncclIbRecvCommInit: Receive work requests will be posted on-demand
spark1:1:85 [0] NCCL INFO NET/IB: ncclIbSenderQpsCreate: QP created: port=1 dev=0 devName=rocep1s0f1 ndevs=2 nmdevs=2 qp_num=10880 pkey=0 pd=0xebc348085b70 oooRq=0
spark1:1:85 [0] NCCL INFO NET/IB: ncclIbConnectImpl: NCCL Dev 0 IbDev 0 Port 1 qp_num 10880 mtu 3 GID 3 (0/108640AFFFF0000) ctsFifoRkey=0x188988 ctsFifoLkey=0x188988
spark1:1:85 [0] NCCL INFO NET/IB: ncclIbConnectImpl: IbDev 0 Port 1 qp_num 10880 query_ece={supported=1, vendor_id=0x15b3, options=0x30000002, comp_mask=0x0}
spark1:1:85 [0] NCCL INFO NET/IB: ncclIbResiliencyInit: Resiliency is disabled on the send communicator (comm=0xebc348222000)
spark1:1:85 [0] NCCL INFO NET/IB: ncclIbResiliencyInit: Resiliency is disabled on the recv communicator (comm=0xebc348266000)
spark1:1:85 [0] NCCL INFO NET/IB: ncclIbRecvCommInit: Receive work requests will be posted on-demand
spark1:1:85 [0] NCCL INFO NET/IB: ncclIbResiliencyInit: Resiliency is disabled on the send communicator (comm=0xebc3482ae000)
spark1:1:85 [0] NCCL INFO NET/IB: ncclIbResiliencyInit: Resiliency is disabled on the recv communicator (comm=0xebc3482f2000)
spark1:1:85 [0] NCCL INFO NET/IB: ncclIbRecvCommInit: Receive work requests will be posted on-demand
spark1:1:85 [0] NCCL INFO NET/IB: ncclIbResiliencyInit: Resiliency is disabled on the send communicator (comm=0xebc34833a000)
spark1:1:85 [0] NCCL INFO NET/IB: ncclIbReceiverQpsCreateToRts: QP created: port=1 dev=0 devName=rocep1s0f1 ndevs=2 nmdevs=2 qp_num=10881 pkey=0 pd=0xebc348085b70 oooRq=0
spark1:1:85 [0] NCCL INFO NET/IB: ncclIbReceiverQpsCreateToRts: Flush QP created: port=1 dev=0 devName=rocep1s0f1 ndevs=2 nmdevs=2 qp_num=10882 pkey=0 pd=0xebc348085b70
spark1:1:85 [0] NCCL INFO NET/IB: ncclIbResiliencyInit: Resiliency is disabled on the recv communicator (comm=0xebc3483d1000)
spark1:1:85 [0] NCCL INFO NET/IB: ncclIbRecvCommInit: Receive work requests will be posted on-demand
spark1:1:85 [0] NCCL INFO NET/IB: ncclIbResiliencyInit: Resiliency is disabled on the send communicator (comm=0xebc348419000)
spark1:1:85 [0] NCCL INFO NET/IB: ncclIbResiliencyInit: Resiliency is disabled on the recv communicator (comm=0xebc34845d000)
spark1:1:85 [0] NCCL INFO NET/IB: ncclIbRecvCommInit: Receive work requests will be posted on-demand
spark1:1:85 [0] NCCL INFO NET/IB: ncclIbResiliencyInit: Resiliency is disabled on the send communicator (comm=0xebc3484a5000)
spark1:1:85 [0] NCCL INFO NET/IB: ncclIbSenderQpsToRts: Set ECE: IbDev 0 Port 1 qp_num 10880 set_ece={supported=1, vendor_id=0x15b3, options=0x30000002, comp_mask=0x0}
spark1:1:85 [0] NCCL INFO NET/IB: ncclIbSenderQpsCreate: QP created: port=1 dev=1 devName=roceP2p1s0f1 ndevs=2 nmdevs=2 qp_num=680 pkey=0 pd=0xebc348111da0 oooRq=0
spark1:1:85 [0] NCCL INFO NET/IB: ncclIbConnectImpl: NCCL Dev 1 IbDev 1 Port 1 qp_num 680 mtu 3 GID 3 (0/109640AFFFF0000) ctsFifoRkey=0x1dbab8 ctsFifoLkey=0x1dbab8
spark1:1:85 [0] NCCL INFO NET/IB: ncclIbConnectImpl: IbDev 1 Port 1 qp_num 680 query_ece={supported=1, vendor_id=0x15b3, options=0x30000002, comp_mask=0x0}
spark1:1:85 [0] NCCL INFO NET/IB: ncclIbReceiverQpsCreateToRts: QP created: port=1 dev=1 devName=roceP2p1s0f1 ndevs=2 nmdevs=2 qp_num=681 pkey=0 pd=0xebc348111da0 oooRq=0
spark1:1:85 [0] NCCL INFO NET/IB: ncclIbReceiverQpsCreateToRts: Flush QP created: port=1 dev=1 devName=roceP2p1s0f1 ndevs=2 nmdevs=2 qp_num=682 pkey=0 pd=0xebc348111da0
spark1:1:85 [0] NCCL INFO NET/IB: ncclIbResiliencyInit: Resiliency is disabled on the recv communicator (comm=0xebc348571000)
spark1:1:85 [0] NCCL INFO NET/IB: ncclIbRecvCommInit: Receive work requests will be posted on-demand
spark1:1:85 [0] NCCL INFO NET/IB: ncclIbResiliencyInit: Resiliency is disabled on the send communicator (comm=0xebc3485b9000)
spark1:1:85 [0] NCCL INFO NET/IB: ncclIbResiliencyInit: Resiliency is disabled on the recv communicator (comm=0xebc3485fd000)
spark1:1:85 [0] NCCL INFO NET/IB: ncclIbRecvCommInit: Receive work requests will be posted on-demand
spark1:1:85 [0] NCCL INFO NET/IB: ncclIbResiliencyInit: Resiliency is disabled on the send communicator (comm=0xebc348645000)
spark1:1:85 [0] NCCL INFO NET/IB: ncclIbResiliencyInit: Resiliency is disabled on the recv communicator (comm=0xebc348689000)
spark1:1:85 [0] NCCL INFO NET/IB: ncclIbRecvCommInit: Receive work requests will be posted on-demand
spark1:1:85 [0] NCCL INFO NET/IB: ncclIbResiliencyInit: Resiliency is disabled on the send communicator (comm=0xebc3486d1000)
spark1:1:85 [0] NCCL INFO NET/IB: ncclIbResiliencyInit: Resiliency is disabled on the recv communicator (comm=0xebc348715000)
spark1:1:85 [0] NCCL INFO NET/IB: ncclIbRecvCommInit: Receive work requests will be posted on-demand
spark1:1:85 [0] NCCL INFO NET/IB: ncclIbResiliencyInit: Resiliency is disabled on the send communicator (comm=0xebc34875d000)
spark1:1:85 [0] NCCL INFO NET/IB: ncclIbResiliencyInit: Resiliency is disabled on the recv communicator (comm=0xebc3487a1000)
spark1:1:85 [0] NCCL INFO NET/IB: ncclIbRecvCommInit: Receive work requests will be posted on-demand
spark1:1:85 [0] NCCL INFO NET/IB: ncclIbSenderQpsToRts: Set ECE: IbDev 1 Port 1 qp_num 680 set_ece={supported=1, vendor_id=0x15b3, options=0x30000002, comp_mask=0x0}
spark1:1:85 [0] NCCL INFO NET/IB: ncclIbSenderQpsCreate: QP created: port=1 dev=0 devName=rocep1s0f1 ndevs=2 nmdevs=2 qp_num=10883 pkey=0 pd=0xebc348085b70 oooRq=0
spark1:1:85 [0] NCCL INFO NET/IB: ncclIbConnectImpl: NCCL Dev 0 IbDev 0 Port 1 qp_num 10883 mtu 3 GID 3 (0/108640AFFFF0000) ctsFifoRkey=0x17afad ctsFifoLkey=0x17afad
spark1:1:85 [0] NCCL INFO NET/IB: ncclIbConnectImpl: IbDev 0 Port 1 qp_num 10883 query_ece={supported=1, vendor_id=0x15b3, options=0x30000002, comp_mask=0x0}
spark1:1:85 [0] NCCL INFO NET/IB: ncclIbSenderQpsCreate: QP created: port=1 dev=1 devName=roceP2p1s0f1 ndevs=2 nmdevs=2 qp_num=683 pkey=0 pd=0xebc348111da0 oooRq=0
spark1:1:85 [0] NCCL INFO NET/IB: ncclIbConnectImpl: NCCL Dev 1 IbDev 1 Port 1 qp_num 683 mtu 3 GID 3 (0/109640AFFFF0000) ctsFifoRkey=0x1db0b0 ctsFifoLkey=0x1db0b0
spark1:1:85 [0] NCCL INFO NET/IB: ncclIbConnectImpl: IbDev 1 Port 1 qp_num 683 query_ece={supported=1, vendor_id=0x15b3, options=0x30000002, comp_mask=0x0}
spark1:1:85 [0] NCCL INFO NET/IB: ncclIbSenderQpsCreate: QP created: port=1 dev=0 devName=rocep1s0f1 ndevs=2 nmdevs=2 qp_num=10884 pkey=0 pd=0xebc348085b70 oooRq=0
spark1:1:85 [0] NCCL INFO NET/IB: ncclIbConnectImpl: NCCL Dev 0 IbDev 0 Port 1 qp_num 10884 mtu 3 GID 3 (0/108640AFFFF0000) ctsFifoRkey=0x179997 ctsFifoLkey=0x179997
spark1:1:85 [0] NCCL INFO NET/IB: ncclIbConnectImpl: IbDev 0 Port 1 qp_num 10884 query_ece={supported=1, vendor_id=0x15b3, options=0x30000002, comp_mask=0x0}
spark1:1:85 [0] NCCL INFO NET/IB: ncclIbSenderQpsCreate: QP created: port=1 dev=1 devName=roceP2p1s0f1 ndevs=2 nmdevs=2 qp_num=684 pkey=0 pd=0xebc348111da0 oooRq=0
spark1:1:85 [0] NCCL INFO NET/IB: ncclIbConnectImpl: NCCL Dev 1 IbDev 1 Port 1 qp_num 684 mtu 3 GID 3 (0/109640AFFFF0000) ctsFifoRkey=0x1daba9 ctsFifoLkey=0x1daba9
spark1:1:85 [0] NCCL INFO NET/IB: ncclIbConnectImpl: IbDev 1 Port 1 qp_num 684 query_ece={supported=1, vendor_id=0x15b3, options=0x30000002, comp_mask=0x0}
spark1:1:85 [0] NCCL INFO NET/IB: ncclIbSenderQpsCreate: QP created: port=1 dev=0 devName=rocep1s0f1 ndevs=2 nmdevs=2 qp_num=10885 pkey=0 pd=0xebc348085b70 oooRq=0
spark1:1:85 [0] NCCL INFO NET/IB: ncclIbConnectImpl: NCCL Dev 0 IbDev 0 Port 1 qp_num 10885 mtu 3 GID 3 (0/108640AFFFF0000) ctsFifoRkey=0x190d0b ctsFifoLkey=0x190d0b
spark1:1:85 [0] NCCL INFO NET/IB: ncclIbConnectImpl: IbDev 0 Port 1 qp_num 10885 query_ece={supported=1, vendor_id=0x15b3, options=0x30000002, comp_mask=0x0}
spark1:1:85 [0] NCCL INFO NET/IB: ncclIbResiliencyInit: Resiliency is disabled on the send communicator (comm=0xebc3488dd000)
spark1:1:85 [0] NCCL INFO NET/IB: ncclIbReceiverQpsCreateToRts: QP created: port=1 dev=0 devName=rocep1s0f1 ndevs=2 nmdevs=2 qp_num=10886 pkey=0 pd=0xebc348085b70 oooRq=0
spark1:1:85 [0] NCCL INFO NET/IB: ncclIbReceiverQpsCreateToRts: Flush QP created: port=1 dev=0 devName=rocep1s0f1 ndevs=2 nmdevs=2 qp_num=10887 pkey=0 pd=0xebc348085b70
spark1:1:85 [0] NCCL INFO NET/IB: ncclIbReceiverQpsCreateToRts: QP created: port=1 dev=1 devName=roceP2p1s0f1 ndevs=2 nmdevs=2 qp_num=685 pkey=0 pd=0xebc348111da0 oooRq=0
spark1:1:85 [0] NCCL INFO NET/IB: ncclIbReceiverQpsCreateToRts: Flush QP created: port=1 dev=1 devName=roceP2p1s0f1 ndevs=2 nmdevs=2 qp_num=686 pkey=0 pd=0xebc348111da0
spark1:1:85 [0] NCCL INFO NET/IB: ncclIbResiliencyInit: Resiliency is disabled on the recv communicator (comm=0xebc3489bf000)
spark1:1:85 [0] NCCL INFO NET/IB: ncclIbRecvCommInit: Receive work requests will be posted on-demand
spark1:1:85 [0] NCCL INFO NET/IB: ncclIbSenderQpsToRts: Set ECE: IbDev 0 Port 1 qp_num 10883 set_ece={supported=1, vendor_id=0x15b3, options=0x30000002, comp_mask=0x0}
spark1:1:85 [0] NCCL INFO NET/IB: ncclIbSenderQpsToRts: Set ECE: IbDev 1 Port 1 qp_num 683 set_ece={supported=1, vendor_id=0x15b3, options=0x30000002, comp_mask=0x0}
spark1:1:85 [0] NCCL INFO NET/IB: ncclIbSenderQpsToRts: Set ECE: IbDev 0 Port 1 qp_num 10884 set_ece={supported=1, vendor_id=0x15b3, options=0x30000002, comp_mask=0x0}
spark1:1:85 [0] NCCL INFO NET/IB: ncclIbReceiverQpsCreateToRts: QP created: port=1 dev=0 devName=rocep1s0f1 ndevs=2 nmdevs=2 qp_num=10888 pkey=0 pd=0xebc348085b70 oooRq=0
spark1:1:85 [0] NCCL INFO NET/IB: ncclIbReceiverQpsCreateToRts: Flush QP created: port=1 dev=0 devName=rocep1s0f1 ndevs=2 nmdevs=2 qp_num=10889 pkey=0 pd=0xebc348085b70
spark1:1:85 [0] NCCL INFO NET/IB: ncclIbSenderQpsToRts: Set ECE: IbDev 1 Port 1 qp_num 684 set_ece={supported=1, vendor_id=0x15b3, options=0x30000002, comp_mask=0x0}
spark1:1:85 [0] NCCL INFO NET/IB: ncclIbReceiverQpsCreateToRts: QP created: port=1 dev=1 devName=roceP2p1s0f1 ndevs=2 nmdevs=2 qp_num=687 pkey=0 pd=0xebc348111da0 oooRq=0
spark1:1:85 [0] NCCL INFO NET/IB: ncclIbReceiverQpsCreateToRts: Flush QP created: port=1 dev=1 devName=roceP2p1s0f1 ndevs=2 nmdevs=2 qp_num=688 pkey=0 pd=0xebc348111da0
spark1:1:85 [0] NCCL INFO NET/IB: ncclIbSenderQpsToRts: Set ECE: IbDev 0 Port 1 qp_num 10885 set_ece={supported=1, vendor_id=0x15b3, options=0x30000002, comp_mask=0x0}
spark1:1:85 [0] NCCL INFO NET/IB: ncclIbReceiverQpsCreateToRts: QP created: port=1 dev=0 devName=rocep1s0f1 ndevs=2 nmdevs=2 qp_num=10890 pkey=0 pd=0xebc348085b70 oooRq=0
spark1:1:85 [0] NCCL INFO NET/IB: ncclIbReceiverQpsCreateToRts: Flush QP created: port=1 dev=0 devName=rocep1s0f1 ndevs=2 nmdevs=2 qp_num=10891 pkey=0 pd=0xebc348085b70
spark1:1:85 [0] NCCL INFO NET/IB: ncclIbSenderQpsCreate: QP created: port=1 dev=1 devName=roceP2p1s0f1 ndevs=2 nmdevs=2 qp_num=689 pkey=0 pd=0xebc348111da0 oooRq=0
spark1:1:85 [0] NCCL INFO NET/IB: ncclIbConnectImpl: NCCL Dev 1 IbDev 1 Port 1 qp_num 689 mtu 3 GID 3 (0/109640AFFFF0000) ctsFifoRkey=0x1dced1 ctsFifoLkey=0x1dced1
spark1:1:85 [0] NCCL INFO NET/IB: ncclIbConnectImpl: IbDev 1 Port 1 qp_num 689 query_ece={supported=1, vendor_id=0x15b3, options=0x30000002, comp_mask=0x0}
spark1:1:85 [0] NCCL INFO NET/IB: ncclIbReceiverQpsCreateToRts: QP created: port=1 dev=1 devName=roceP2p1s0f1 ndevs=2 nmdevs=2 qp_num=690 pkey=0 pd=0xebc348111da0 oooRq=0
spark1:1:85 [0] NCCL INFO NET/IB: ncclIbReceiverQpsCreateToRts: Flush QP created: port=1 dev=1 devName=roceP2p1s0f1 ndevs=2 nmdevs=2 qp_num=691 pkey=0 pd=0xebc348111da0
spark1:1:85 [0] NCCL INFO NET/IB: ncclIbResiliencyInit: Resiliency is disabled on the send communicator (comm=0xebc348b6b000)
spark1:1:85 [0] NCCL INFO NET/IB: ncclIbResiliencyInit: Resiliency is disabled on the recv communicator (comm=0xebc348baf000)
spark1:1:85 [0] NCCL INFO NET/IB: ncclIbRecvCommInit: Receive work requests will be posted on-demand
spark1:1:85 [0] NCCL INFO NET/IB: ncclIbResiliencyInit: Resiliency is disabled on the send communicator (comm=0xebc348bf4000)
spark1:1:85 [0] NCCL INFO NET/IB: ncclIbResiliencyInit: Resiliency is disabled on the recv communicator (comm=0xebc348c35000)
spark1:1:85 [0] NCCL INFO NET/IB: ncclIbRecvCommInit: Receive work requests will be posted on-demand
spark1:1:85 [0] NCCL INFO NET/IB: ncclIbResiliencyInit: Resiliency is disabled on the send communicator (comm=0xebc348c7a000)
spark1:1:85 [0] NCCL INFO NET/IB: ncclIbResiliencyInit: Resiliency is disabled on the recv communicator (comm=0xebc348cbb000)
spark1:1:85 [0] NCCL INFO NET/IB: ncclIbRecvCommInit: Receive work requests will be posted on-demand
spark1:1:85 [0] NCCL INFO NET/IB: ncclIbResiliencyInit: Resiliency is disabled on the send communicator (comm=0xebc348d00000)
spark1:1:85 [0] NCCL INFO NET/IB: ncclIbResiliencyInit: Resiliency is disabled on the recv communicator (comm=0xebc348d41000)
spark1:1:85 [0] NCCL INFO NET/IB: ncclIbRecvCommInit: Receive work requests will be posted on-demand
spark1:1:85 [0] NCCL INFO NET/IB: ncclIbResiliencyInit: Resiliency is disabled on the send communicator (comm=0xebc348d89000)
spark1:1:85 [0] NCCL INFO NET/IB: ncclIbResiliencyInit: Resiliency is disabled on the recv communicator (comm=0xebc348dcd000)
spark1:1:85 [0] NCCL INFO NET/IB: ncclIbRecvCommInit: Receive work requests will be posted on-demand
spark1:1:85 [0] NCCL INFO NET/IB: ncclIbResiliencyInit: Resiliency is disabled on the send communicator (comm=0xebc348e15000)
spark1:1:85 [0] NCCL INFO NET/IB: ncclIbResiliencyInit: Resiliency is disabled on the recv communicator (comm=0xebc348e59000)
spark1:1:85 [0] NCCL INFO NET/IB: ncclIbRecvCommInit: Receive work requests will be posted on-demand
spark1:1:85 [0] NCCL INFO NET/IB: ncclIbResiliencyInit: Resiliency is disabled on the send communicator (comm=0xebc348ea1000)
spark1:1:85 [0] NCCL INFO NET/IB: ncclIbResiliencyInit: Resiliency is disabled on the recv communicator (comm=0xebc348ee5000)
spark1:1:85 [0] NCCL INFO NET/IB: ncclIbRecvCommInit: Receive work requests will be posted on-demand
spark1:1:85 [0] NCCL INFO NET/IB: ncclIbResiliencyInit: Resiliency is disabled on the send communicator (comm=0xebc348f2d000)
spark1:1:85 [0] NCCL INFO NET/IB: ncclIbSenderQpsToRts: Set ECE: IbDev 1 Port 1 qp_num 689 set_ece={supported=1, vendor_id=0x15b3, options=0x30000002, comp_mask=0x0}
spark1:1:85 [0] NCCL INFO NET/IB: ncclIbSenderQpsCreate: QP created: port=1 dev=0 devName=rocep1s0f1 ndevs=2 nmdevs=2 qp_num=10892 pkey=0 pd=0xebc348085b70 oooRq=0
spark1:1:85 [0] NCCL INFO NET/IB: ncclIbConnectImpl: NCCL Dev 0 IbDev 0 Port 1 qp_num 10892 mtu 3 GID 3 (0/108640AFFFF0000) ctsFifoRkey=0x19dad8 ctsFifoLkey=0x19dad8
spark1:1:85 [0] NCCL INFO NET/IB: ncclIbConnectImpl: IbDev 0 Port 1 qp_num 10892 query_ece={supported=1, vendor_id=0x15b3, options=0x30000002, comp_mask=0x0}
spark1:1:85 [0] NCCL INFO NET/IB: ncclIbSenderQpsCreate: QP created: port=1 dev=1 devName=roceP2p1s0f1 ndevs=2 nmdevs=2 qp_num=692 pkey=0 pd=0xebc348111da0 oooRq=0
spark1:1:85 [0] NCCL INFO NET/IB: ncclIbConnectImpl: NCCL Dev 1 IbDev 1 Port 1 qp_num 692 mtu 3 GID 3 (0/109640AFFFF0000) ctsFifoRkey=0x1dcacc ctsFifoLkey=0x1dcacc
spark1:1:85 [0] NCCL INFO NET/IB: ncclIbConnectImpl: IbDev 1 Port 1 qp_num 692 query_ece={supported=1, vendor_id=0x15b3, options=0x30000002, comp_mask=0x0}
spark1:1:85 [0] NCCL INFO NET/IB: ncclIbSenderQpsCreate: QP created: port=1 dev=0 devName=rocep1s0f1 ndevs=2 nmdevs=2 qp_num=10893 pkey=0 pd=0xebc348085b70 oooRq=0
spark1:1:85 [0] NCCL INFO NET/IB: ncclIbConnectImpl: NCCL Dev 0 IbDev 0 Port 1 qp_num 10893 mtu 3 GID 3 (0/108640AFFFF0000) ctsFifoRkey=0x1af1ee ctsFifoLkey=0x1af1ee
spark1:1:85 [0] NCCL INFO NET/IB: ncclIbConnectImpl: IbDev 0 Port 1 qp_num 10893 query_ece={supported=1, vendor_id=0x15b3, options=0x30000002, comp_mask=0x0}
spark1:1:85 [0] NCCL INFO NET/IB: ncclIbSenderQpsCreate: QP created: port=1 dev=1 devName=roceP2p1s0f1 ndevs=2 nmdevs=2 qp_num=693 pkey=0 pd=0xebc348111da0 oooRq=0
spark1:1:85 [0] NCCL INFO NET/IB: ncclIbConnectImpl: NCCL Dev 1 IbDev 1 Port 1 qp_num 693 mtu 3 GID 3 (0/109640AFFFF0000) ctsFifoRkey=0x1dc8c5 ctsFifoLkey=0x1dc8c5
spark1:1:85 [0] NCCL INFO NET/IB: ncclIbConnectImpl: IbDev 1 Port 1 qp_num 693 query_ece={supported=1, vendor_id=0x15b3, options=0x30000002, comp_mask=0x0}
spark1:1:85 [0] NCCL INFO NET/IB: ncclIbSenderQpsCreate: QP created: port=1 dev=0 devName=rocep1s0f1 ndevs=2 nmdevs=2 qp_num=10894 pkey=0 pd=0xebc348085b70 oooRq=0
spark1:1:85 [0] NCCL INFO NET/IB: ncclIbConnectImpl: NCCL Dev 0 IbDev 0 Port 1 qp_num 10894 mtu 3 GID 3 (0/108640AFFFF0000) ctsFifoRkey=0x1b2825 ctsFifoLkey=0x1b2825
spark1:1:85 [0] NCCL INFO NET/IB: ncclIbConnectImpl: IbDev 0 Port 1 qp_num 10894 query_ece={supported=1, vendor_id=0x15b3, options=0x30000002, comp_mask=0x0}
spark1:1:85 [0] NCCL INFO NET/IB: ncclIbResiliencyInit: Resiliency is disabled on the recv communicator (comm=0xebc349069000)
spark1:1:85 [0] NCCL INFO NET/IB: ncclIbRecvCommInit: Receive work requests will be posted on-demand
spark1:1:85 [0] NCCL INFO NET/IB: ncclIbReceiverQpsCreateToRts: QP created: port=1 dev=0 devName=rocep1s0f1 ndevs=2 nmdevs=2 qp_num=10895 pkey=0 pd=0xebc348085b70 oooRq=0
spark1:1:85 [0] NCCL INFO NET/IB: ncclIbReceiverQpsCreateToRts: Flush QP created: port=1 dev=0 devName=rocep1s0f1 ndevs=2 nmdevs=2 qp_num=10896 pkey=0 pd=0xebc348085b70
spark1:1:85 [0] NCCL INFO NET/IB: ncclIbResiliencyInit: Resiliency is disabled on the send communicator (comm=0xebc349104000)
spark1:1:85 [0] NCCL INFO NET/IB: ncclIbSenderQpsToRts: Set ECE: IbDev 0 Port 1 qp_num 10892 set_ece={supported=1, vendor_id=0x15b3, options=0x30000002, comp_mask=0x0}
spark1:1:85 [0] NCCL INFO NET/IB: ncclIbSenderQpsToRts: Set ECE: IbDev 1 Port 1 qp_num 692 set_ece={supported=1, vendor_id=0x15b3, options=0x30000002, comp_mask=0x0}
spark1:1:85 [0] NCCL INFO NET/IB: ncclIbReceiverQpsCreateToRts: QP created: port=1 dev=1 devName=roceP2p1s0f1 ndevs=2 nmdevs=2 qp_num=694 pkey=0 pd=0xebc348111da0 oooRq=0
spark1:1:85 [0] NCCL INFO NET/IB: ncclIbReceiverQpsCreateToRts: Flush QP created: port=1 dev=1 devName=roceP2p1s0f1 ndevs=2 nmdevs=2 qp_num=695 pkey=0 pd=0xebc348111da0
spark1:1:85 [0] NCCL INFO NET/IB: ncclIbSenderQpsToRts: Set ECE: IbDev 0 Port 1 qp_num 10893 set_ece={supported=1, vendor_id=0x15b3, options=0x30000002, comp_mask=0x0}
spark1:1:85 [0] NCCL INFO NET/IB: ncclIbReceiverQpsCreateToRts: QP created: port=1 dev=0 devName=rocep1s0f1 ndevs=2 nmdevs=2 qp_num=10897 pkey=0 pd=0xebc348085b70 oooRq=0
spark1:1:85 [0] NCCL INFO NET/IB: ncclIbReceiverQpsCreateToRts: Flush QP created: port=1 dev=0 devName=rocep1s0f1 ndevs=2 nmdevs=2 qp_num=10898 pkey=0 pd=0xebc348085b70
spark1:1:85 [0] NCCL INFO NET/IB: ncclIbSenderQpsToRts: Set ECE: IbDev 1 Port 1 qp_num 693 set_ece={supported=1, vendor_id=0x15b3, options=0x30000002, comp_mask=0x0}
spark1:1:85 [0] NCCL INFO NET/IB: ncclIbReceiverQpsCreateToRts: QP created: port=1 dev=1 devName=roceP2p1s0f1 ndevs=2 nmdevs=2 qp_num=696 pkey=0 pd=0xebc348111da0 oooRq=0
spark1:1:85 [0] NCCL INFO NET/IB: ncclIbReceiverQpsCreateToRts: Flush QP created: port=1 dev=1 devName=roceP2p1s0f1 ndevs=2 nmdevs=2 qp_num=697 pkey=0 pd=0xebc348111da0
spark1:1:85 [0] NCCL INFO NET/IB: ncclIbSenderQpsToRts: Set ECE: IbDev 0 Port 1 qp_num 10894 set_ece={supported=1, vendor_id=0x15b3, options=0x30000002, comp_mask=0x0}
spark1:1:85 [0] NCCL INFO NET/IB: ncclIbReceiverQpsCreateToRts: QP created: port=1 dev=0 devName=rocep1s0f1 ndevs=2 nmdevs=2 qp_num=10899 pkey=0 pd=0xebc348085b70 oooRq=0
spark1:1:85 [0] NCCL INFO NET/IB: ncclIbReceiverQpsCreateToRts: Flush QP created: port=1 dev=0 devName=rocep1s0f1 ndevs=2 nmdevs=2 qp_num=10900 pkey=0 pd=0xebc348085b70
spark1:1:85 [0] NCCL INFO NET/IB: ncclIbSenderQpsCreate: QP created: port=1 dev=1 devName=roceP2p1s0f1 ndevs=2 nmdevs=2 qp_num=698 pkey=0 pd=0xebc348111da0 oooRq=0
spark1:1:85 [0] NCCL INFO NET/IB: ncclIbConnectImpl: NCCL Dev 1 IbDev 1 Port 1 qp_num 698 mtu 3 GID 3 (0/109640AFFFF0000) ctsFifoRkey=0x1dbdbe ctsFifoLkey=0x1dbdbe
spark1:1:85 [0] NCCL INFO NET/IB: ncclIbConnectImpl: IbDev 1 Port 1 qp_num 698 query_ece={supported=1, vendor_id=0x15b3, options=0x30000002, comp_mask=0x0}
spark1:1:85 [0] NCCL INFO NET/IB: ncclIbReceiverQpsCreateToRts: QP created: port=1 dev=1 devName=roceP2p1s0f1 ndevs=2 nmdevs=2 qp_num=699 pkey=0 pd=0xebc348111da0 oooRq=0
spark1:1:85 [0] NCCL INFO NET/IB: ncclIbReceiverQpsCreateToRts: Flush QP created: port=1 dev=1 devName=roceP2p1s0f1 ndevs=2 nmdevs=2 qp_num=700 pkey=0 pd=0xebc348111da0
spark1:1:85 [0] NCCL INFO NET/IB: ncclIbResiliencyInit: Resiliency is disabled on the recv communicator (comm=0xebc3492fa000)
spark1:1:85 [0] NCCL INFO NET/IB: ncclIbRecvCommInit: Receive work requests will be posted on-demand
spark1:1:85 [0] NCCL INFO NET/IB: ncclIbResiliencyInit: Resiliency is disabled on the send communicator (comm=0xebc349342000)
spark1:1:85 [0] NCCL INFO NET/IB: ncclIbResiliencyInit: Resiliency is disabled on the recv communicator (comm=0xebc349383000)
spark1:1:85 [0] NCCL INFO NET/IB: ncclIbRecvCommInit: Receive work requests will be posted on-demand
spark1:1:85 [0] NCCL INFO NET/IB: ncclIbResiliencyInit: Resiliency is disabled on the send communicator (comm=0xebc3493c8000)
spark1:1:85 [0] NCCL INFO NET/IB: ncclIbResiliencyInit: Resiliency is disabled on the recv communicator (comm=0xebc349409000)
spark1:1:85 [0] NCCL INFO NET/IB: ncclIbRecvCommInit: Receive work requests will be posted on-demand
spark1:1:85 [0] NCCL INFO NET/IB: ncclIbResiliencyInit: Resiliency is disabled on the send communicator (comm=0xebc34944e000)
spark1:1:85 [0] NCCL INFO NET/IB: ncclIbResiliencyInit: Resiliency is disabled on the recv communicator (comm=0xebc34948f000)
spark1:1:85 [0] NCCL INFO NET/IB: ncclIbRecvCommInit: Receive work requests will be posted on-demand
spark1:1:85 [0] NCCL INFO NET/IB: ncclIbResiliencyInit: Resiliency is disabled on the send communicator (comm=0xebc3494d7000)
spark1:1:85 [0] NCCL INFO NET/IB: ncclIbResiliencyInit: Resiliency is disabled on the recv communicator (comm=0xebc34951b000)
spark1:1:85 [0] NCCL INFO NET/IB: ncclIbRecvCommInit: Receive work requests will be posted on-demand
spark1:1:85 [0] NCCL INFO NET/IB: ncclIbResiliencyInit: Resiliency is disabled on the send communicator (comm=0xebc349563000)
spark1:1:85 [0] NCCL INFO NET/IB: ncclIbResiliencyInit: Resiliency is disabled on the recv communicator (comm=0xebc3495a7000)
spark1:1:85 [0] NCCL INFO NET/IB: ncclIbRecvCommInit: Receive work requests will be posted on-demand
spark1:1:85 [0] NCCL INFO NET/IB: ncclIbResiliencyInit: Resiliency is disabled on the send communicator (comm=0xebc3495ef000)
spark1:1:85 [0] NCCL INFO NET/IB: ncclIbResiliencyInit: Resiliency is disabled on the recv communicator (comm=0xebc349633000)
spark1:1:85 [0] NCCL INFO NET/IB: ncclIbRecvCommInit: Receive work requests will be posted on-demand
spark1:1:85 [0] NCCL INFO NET/IB: ncclIbResiliencyInit: Resiliency is disabled on the send communicator (comm=0xebc34967b000)
spark1:1:85 [0] NCCL INFO NET/IB: ncclIbResiliencyInit: Resiliency is disabled on the recv communicator (comm=0xebc3496bf000)
spark1:1:85 [0] NCCL INFO NET/IB: ncclIbRecvCommInit: Receive work requests will be posted on-demand
spark1:1:85 [0] NCCL INFO NET/IB: ncclIbResiliencyInit: Resiliency is disabled on the send communicator (comm=0xebc349704000)
spark1:1:85 [0] NCCL INFO NET/IB: ncclIbResiliencyInit: Resiliency is disabled on the recv communicator (comm=0xebc349748000)
spark1:1:85 [0] NCCL INFO NET/IB: ncclIbRecvCommInit: Receive work requests will be posted on-demand
spark1:1:85 [0] NCCL INFO NET/IB: ncclIbResiliencyInit: Resiliency is disabled on the send communicator (comm=0xebc349790000)
spark1:1:85 [0] NCCL INFO NET/IB: ncclIbResiliencyInit: Resiliency is disabled on the recv communicator (comm=0xebc3497d4000)
spark1:1:85 [0] NCCL INFO NET/IB: ncclIbRecvCommInit: Receive work requests will be posted on-demand
spark1:1:85 [0] NCCL INFO NET/IB: ncclIbResiliencyInit: Resiliency is disabled on the send communicator (comm=0xebc34981c000)
spark1:1:85 [0] NCCL INFO NET/IB: ncclIbResiliencyInit: Resiliency is disabled on the recv communicator (comm=0xebc349860000)
spark1:1:85 [0] NCCL INFO NET/IB: ncclIbRecvCommInit: Receive work requests will be posted on-demand
spark1:1:85 [0] NCCL INFO NET/IB: ncclIbResiliencyInit: Resiliency is disabled on the send communicator (comm=0xebc3498a8000)
spark1:1:85 [0] NCCL INFO NET/IB: ncclIbResiliencyInit: Resiliency is disabled on the recv communicator (comm=0xebc3498ec000)
spark1:1:85 [0] NCCL INFO NET/IB: ncclIbRecvCommInit: Receive work requests will be posted on-demand
spark1:1:85 [0] NCCL INFO NET/IB: ncclIbResiliencyInit: Resiliency is disabled on the send communicator (comm=0xebc349934000)
spark1:1:85 [0] NCCL INFO NET/IB: ncclIbSenderQpsToRts: Set ECE: IbDev 1 Port 1 qp_num 698 set_ece={supported=1, vendor_id=0x15b3, options=0x30000002, comp_mask=0x0}
spark1:1:85 [0] NCCL INFO NET/IB: ncclIbSenderQpsCreate: QP created: port=1 dev=0 devName=rocep1s0f1 ndevs=2 nmdevs=2 qp_num=10901 pkey=0 pd=0xebc348085b70 oooRq=0
spark1:1:85 [0] NCCL INFO NET/IB: ncclIbConnectImpl: NCCL Dev 0 IbDev 0 Port 1 qp_num 10901 mtu 3 GID 3 (0/108640AFFFF0000) ctsFifoRkey=0x191918 ctsFifoLkey=0x191918
spark1:1:85 [0] NCCL INFO NET/IB: ncclIbConnectImpl: IbDev 0 Port 1 qp_num 10901 query_ece={supported=1, vendor_id=0x15b3, options=0x30000002, comp_mask=0x0}
spark1:1:85 [0] NCCL INFO NET/IB: ncclIbSenderQpsCreate: QP created: port=1 dev=1 devName=roceP2p1s0f1 ndevs=2 nmdevs=2 qp_num=701 pkey=0 pd=0xebc348111da0 oooRq=0
spark1:1:85 [0] NCCL INFO NET/IB: ncclIbConnectImpl: NCCL Dev 1 IbDev 1 Port 1 qp_num 701 mtu 3 GID 3 (0/109640AFFFF0000) ctsFifoRkey=0x1d8985 ctsFifoLkey=0x1d8985
spark1:1:85 [0] NCCL INFO NET/IB: ncclIbConnectImpl: IbDev 1 Port 1 qp_num 701 query_ece={supported=1, vendor_id=0x15b3, options=0x30000002, comp_mask=0x0}
spark1:1:85 [0] NCCL INFO NET/IB: ncclIbSenderQpsCreate: QP created: port=1 dev=0 devName=rocep1s0f1 ndevs=2 nmdevs=2 qp_num=10902 pkey=0 pd=0xebc348085b70 oooRq=0
spark1:1:85 [0] NCCL INFO NET/IB: ncclIbConnectImpl: NCCL Dev 0 IbDev 0 Port 1 qp_num 10902 mtu 3 GID 3 (0/108640AFFFF0000) ctsFifoRkey=0x1a4840 ctsFifoLkey=0x1a4840
spark1:1:85 [0] NCCL INFO NET/IB: ncclIbConnectImpl: IbDev 0 Port 1 qp_num 10902 query_ece={supported=1, vendor_id=0x15b3, options=0x30000002, comp_mask=0x0}
spark1:1:85 [0] NCCL INFO NET/IB: ncclIbSenderQpsCreate: QP created: port=1 dev=1 devName=roceP2p1s0f1 ndevs=2 nmdevs=2 qp_num=702 pkey=0 pd=0xebc348111da0 oooRq=0
spark1:1:85 [0] NCCL INFO NET/IB: ncclIbConnectImpl: NCCL Dev 1 IbDev 1 Port 1 qp_num 702 mtu 3 GID 3 (0/109640AFFFF0000) ctsFifoRkey=0x1db8b7 ctsFifoLkey=0x1db8b7
spark1:1:85 [0] NCCL INFO NET/IB: ncclIbConnectImpl: IbDev 1 Port 1 qp_num 702 query_ece={supported=1, vendor_id=0x15b3, options=0x30000002, comp_mask=0x0}
spark1:1:85 [0] NCCL INFO NET/IB: ncclIbSenderQpsCreate: QP created: port=1 dev=0 devName=rocep1s0f1 ndevs=2 nmdevs=2 qp_num=10903 pkey=0 pd=0xebc348085b70 oooRq=0
spark1:1:85 [0] NCCL INFO NET/IB: ncclIbConnectImpl: NCCL Dev 0 IbDev 0 Port 1 qp_num 10903 mtu 3 GID 3 (0/108640AFFFF0000) ctsFifoRkey=0x1b4b49 ctsFifoLkey=0x1b4b49
spark1:1:85 [0] NCCL INFO NET/IB: ncclIbConnectImpl: IbDev 0 Port 1 qp_num 10903 query_ece={supported=1, vendor_id=0x15b3, options=0x30000002, comp_mask=0x0}
spark1:1:85 [0] NCCL INFO NET/IB: ncclIbSenderQpsCreate: QP created: port=1 dev=1 devName=roceP2p1s0f1 ndevs=2 nmdevs=2 qp_num=703 pkey=0 pd=0xebc348111da0 oooRq=0
spark1:1:85 [0] NCCL INFO NET/IB: ncclIbConnectImpl: NCCL Dev 1 IbDev 1 Port 1 qp_num 703 mtu 3 GID 3 (0/109640AFFFF0000) ctsFifoRkey=0x1db1b2 ctsFifoLkey=0x1db1b2
spark1:1:85 [0] NCCL INFO NET/IB: ncclIbConnectImpl: IbDev 1 Port 1 qp_num 703 query_ece={supported=1, vendor_id=0x15b3, options=0x30000002, comp_mask=0x0}
spark1:1:85 [0] NCCL INFO NET/IB: ncclIbResiliencyInit: Resiliency is disabled on the recv communicator (comm=0xebc349aa2000)
spark1:1:85 [0] NCCL INFO NET/IB: ncclIbRecvCommInit: Receive work requests will be posted on-demand
spark1:1:85 [0] NCCL INFO NET/IB: ncclIbReceiverQpsCreateToRts: QP created: port=1 dev=0 devName=rocep1s0f1 ndevs=2 nmdevs=2 qp_num=10904 pkey=0 pd=0xebc348085b70 oooRq=0
spark1:1:85 [0] NCCL INFO NET/IB: ncclIbReceiverQpsCreateToRts: Flush QP created: port=1 dev=0 devName=rocep1s0f1 ndevs=2 nmdevs=2 qp_num=10905 pkey=0 pd=0xebc348085b70
spark1:1:85 [0] NCCL INFO NET/IB: ncclIbReceiverQpsCreateToRts: QP created: port=1 dev=1 devName=roceP2p1s0f1 ndevs=2 nmdevs=2 qp_num=704 pkey=0 pd=0xebc348111da0 oooRq=0
spark1:1:85 [0] NCCL INFO NET/IB: ncclIbReceiverQpsCreateToRts: Flush QP created: port=1 dev=1 devName=roceP2p1s0f1 ndevs=2 nmdevs=2 qp_num=705 pkey=0 pd=0xebc348111da0
spark1:1:85 [0] NCCL INFO NET/IB: ncclIbResiliencyInit: Resiliency is disabled on the send communicator (comm=0xebc349b89000)
spark1:1:85 [0] NCCL INFO NET/IB: ncclIbSenderQpsToRts: Set ECE: IbDev 0 Port 1 qp_num 10901 set_ece={supported=1, vendor_id=0x15b3, options=0x30000002, comp_mask=0x0}
spark1:1:85 [0] NCCL INFO NET/IB: ncclIbSenderQpsToRts: Set ECE: IbDev 1 Port 1 qp_num 701 set_ece={supported=1, vendor_id=0x15b3, options=0x30000002, comp_mask=0x0}
spark1:1:85 [0] NCCL INFO NET/IB: ncclIbSenderQpsToRts: Set ECE: IbDev 0 Port 1 qp_num 10902 set_ece={supported=1, vendor_id=0x15b3, options=0x30000002, comp_mask=0x0}
spark1:1:85 [0] NCCL INFO NET/IB: ncclIbReceiverQpsCreateToRts: QP created: port=1 dev=0 devName=rocep1s0f1 ndevs=2 nmdevs=2 qp_num=10906 pkey=0 pd=0xebc348085b70 oooRq=0
spark1:1:85 [0] NCCL INFO NET/IB: ncclIbReceiverQpsCreateToRts: Flush QP created: port=1 dev=0 devName=rocep1s0f1 ndevs=2 nmdevs=2 qp_num=10907 pkey=0 pd=0xebc348085b70
spark1:1:85 [0] NCCL INFO NET/IB: ncclIbSenderQpsToRts: Set ECE: IbDev 1 Port 1 qp_num 702 set_ece={supported=1, vendor_id=0x15b3, options=0x30000002, comp_mask=0x0}
spark1:1:85 [0] NCCL INFO NET/IB: ncclIbReceiverQpsCreateToRts: QP created: port=1 dev=1 devName=roceP2p1s0f1 ndevs=2 nmdevs=2 qp_num=706 pkey=0 pd=0xebc348111da0 oooRq=0
spark1:1:85 [0] NCCL INFO NET/IB: ncclIbReceiverQpsCreateToRts: Flush QP created: port=1 dev=1 devName=roceP2p1s0f1 ndevs=2 nmdevs=2 qp_num=707 pkey=0 pd=0xebc348111da0
spark1:1:85 [0] NCCL INFO NET/IB: ncclIbSenderQpsToRts: Set ECE: IbDev 0 Port 1 qp_num 10903 set_ece={supported=1, vendor_id=0x15b3, options=0x30000002, comp_mask=0x0}
spark1:1:85 [0] NCCL INFO NET/IB: ncclIbReceiverQpsCreateToRts: QP created: port=1 dev=0 devName=rocep1s0f1 ndevs=2 nmdevs=2 qp_num=10908 pkey=0 pd=0xebc348085b70 oooRq=0
spark1:1:85 [0] NCCL INFO NET/IB: ncclIbReceiverQpsCreateToRts: Flush QP created: port=1 dev=0 devName=rocep1s0f1 ndevs=2 nmdevs=2 qp_num=10909 pkey=0 pd=0xebc348085b70
spark1:1:85 [0] NCCL INFO NET/IB: ncclIbSenderQpsToRts: Set ECE: IbDev 1 Port 1 qp_num 703 set_ece={supported=1, vendor_id=0x15b3, options=0x30000002, comp_mask=0x0}
spark1:1:85 [0] NCCL INFO NET/IB: ncclIbReceiverQpsCreateToRts: QP created: port=1 dev=1 devName=roceP2p1s0f1 ndevs=2 nmdevs=2 qp_num=708 pkey=0 pd=0xebc348111da0 oooRq=0
spark1:1:85 [0] NCCL INFO NET/IB: ncclIbReceiverQpsCreateToRts: Flush QP created: port=1 dev=1 devName=roceP2p1s0f1 ndevs=2 nmdevs=2 qp_num=709 pkey=0 pd=0xebc348111da0
spark1:1:85 [0] NCCL INFO NET/IB: ncclIbSenderQpsCreate: QP created: port=1 dev=0 devName=rocep1s0f1 ndevs=2 nmdevs=2 qp_num=10910 pkey=0 pd=0xebc348085b70 oooRq=0
spark1:1:85 [0] NCCL INFO NET/IB: ncclIbConnectImpl: NCCL Dev 0 IbDev 0 Port 1 qp_num 10910 mtu 3 GID 3 (0/108640AFFFF0000) ctsFifoRkey=0x1b8986 ctsFifoLkey=0x1b8986
spark1:1:85 [0] NCCL INFO NET/IB: ncclIbConnectImpl: IbDev 0 Port 1 qp_num 10910 query_ece={supported=1, vendor_id=0x15b3, options=0x30000002, comp_mask=0x0}
spark1:1:85 [0] NCCL INFO NET/IB: ncclIbReceiverQpsCreateToRts: QP created: port=1 dev=0 devName=rocep1s0f1 ndevs=2 nmdevs=2 qp_num=10911 pkey=0 pd=0xebc348085b70 oooRq=0
spark1:1:85 [0] NCCL INFO NET/IB: ncclIbReceiverQpsCreateToRts: Flush QP created: port=1 dev=0 devName=rocep1s0f1 ndevs=2 nmdevs=2 qp_num=10912 pkey=0 pd=0xebc348085b70
spark1:1:85 [0] NCCL INFO NET/IB: ncclIbResiliencyInit: Resiliency is disabled on the recv communicator (comm=0xebc349d7c000)
spark1:1:85 [0] NCCL INFO NET/IB: ncclIbRecvCommInit: Receive work requests will be posted on-demand
spark1:1:85 [0] NCCL INFO NET/IB: ncclIbResiliencyInit: Resiliency is disabled on the send communicator (comm=0xebc349dc4000)
spark1:1:85 [0] NCCL INFO NET/IB: ncclIbResiliencyInit: Resiliency is disabled on the recv communicator (comm=0xebc349e05000)
spark1:1:85 [0] NCCL INFO NET/IB: ncclIbRecvCommInit: Receive work requests will be posted on-demand
spark1:1:85 [0] NCCL INFO NET/IB: ncclIbResiliencyInit: Resiliency is disabled on the send communicator (comm=0xebc349e4a000)
spark1:1:85 [0] NCCL INFO NET/IB: ncclIbResiliencyInit: Resiliency is disabled on the recv communicator (comm=0xebc349e8b000)
spark1:1:85 [0] NCCL INFO NET/IB: ncclIbRecvCommInit: Receive work requests will be posted on-demand
spark1:1:85 [0] NCCL INFO NET/IB: ncclIbResiliencyInit: Resiliency is disabled on the send communicator (comm=0xebc349ed0000)
spark1:1:85 [0] NCCL INFO NET/IB: ncclIbResiliencyInit: Resiliency is disabled on the recv communicator (comm=0xebc349f11000)
spark1:1:85 [0] NCCL INFO NET/IB: ncclIbRecvCommInit: Receive work requests will be posted on-demand
spark1:1:85 [0] NCCL INFO NET/IB: ncclIbResiliencyInit: Resiliency is disabled on the send communicator (comm=0xebc349f56000)
spark1:1:85 [0] NCCL INFO NET/IB: ncclIbResiliencyInit: Resiliency is disabled on the recv communicator (comm=0xebc349f9a000)
spark1:1:85 [0] NCCL INFO NET/IB: ncclIbRecvCommInit: Receive work requests will be posted on-demand
spark1:1:85 [0] NCCL INFO NET/IB: ncclIbResiliencyInit: Resiliency is disabled on the send communicator (comm=0xebc349fe2000)
spark1:1:85 [0] NCCL INFO NET/IB: ncclIbResiliencyInit: Resiliency is disabled on the recv communicator (comm=0xebc34a026000)
spark1:1:85 [0] NCCL INFO NET/IB: ncclIbRecvCommInit: Receive work requests will be posted on-demand
spark1:1:85 [0] NCCL INFO NET/IB: ncclIbResiliencyInit: Resiliency is disabled on the send communicator (comm=0xebc34a06e000)
spark1:1:85 [0] NCCL INFO NET/IB: ncclIbResiliencyInit: Resiliency is disabled on the recv communicator (comm=0xebc34a0b2000)
spark1:1:85 [0] NCCL INFO NET/IB: ncclIbRecvCommInit: Receive work requests will be posted on-demand
spark1:1:85 [0] NCCL INFO NET/IB: ncclIbResiliencyInit: Resiliency is disabled on the send communicator (comm=0xebc34a0fa000)
spark1:1:85 [0] NCCL INFO NET/IB: ncclIbResiliencyInit: Resiliency is disabled on the recv communicator (comm=0xebc34a13e000)
spark1:1:85 [0] NCCL INFO NET/IB: ncclIbRecvCommInit: Receive work requests will be posted on-demand
spark1:1:85 [0] NCCL INFO NET/IB: ncclIbResiliencyInit: Resiliency is disabled on the send communicator (comm=0xebc34a186000)
spark1:1:85 [0] NCCL INFO NET/IB: ncclIbResiliencyInit: Resiliency is disabled on the recv communicator (comm=0xebc34a1c7000)
spark1:1:85 [0] NCCL INFO NET/IB: ncclIbRecvCommInit: Receive work requests will be posted on-demand
spark1:1:85 [0] NCCL INFO NET/IB: ncclIbResiliencyInit: Resiliency is disabled on the send communicator (comm=0xebc34a20f000)
spark1:1:85 [0] NCCL INFO NET/IB: ncclIbResiliencyInit: Resiliency is disabled on the recv communicator (comm=0xebc34a253000)
spark1:1:85 [0] NCCL INFO NET/IB: ncclIbRecvCommInit: Receive work requests will be posted on-demand
spark1:1:85 [0] NCCL INFO NET/IB: ncclIbResiliencyInit: Resiliency is disabled on the send communicator (comm=0xebc34a29b000)
spark1:1:85 [0] NCCL INFO NET/IB: ncclIbResiliencyInit: Resiliency is disabled on the recv communicator (comm=0xebc34a2df000)
spark1:1:85 [0] NCCL INFO NET/IB: ncclIbRecvCommInit: Receive work requests will be posted on-demand
spark1:1:85 [0] NCCL INFO NET/IB: ncclIbResiliencyInit: Resiliency is disabled on the send communicator (comm=0xebc34a327000)
spark1:1:85 [0] NCCL INFO NET/IB: ncclIbResiliencyInit: Resiliency is disabled on the recv communicator (comm=0xebc34a36b000)
spark1:1:85 [0] NCCL INFO NET/IB: ncclIbRecvCommInit: Receive work requests will be posted on-demand
spark1:1:85 [0] NCCL INFO NET/IB: ncclIbResiliencyInit: Resiliency is disabled on the send communicator (comm=0xebc34a3b3000)
spark1:1:85 [0] NCCL INFO NET/IB: ncclIbSenderQpsToRts: Set ECE: IbDev 0 Port 1 qp_num 10910 set_ece={supported=1, vendor_id=0x15b3, options=0x30000002, comp_mask=0x0}
spark1:1:85 [0] NCCL INFO NET/IB: ncclIbSenderQpsCreate: QP created: port=1 dev=1 devName=roceP2p1s0f1 ndevs=2 nmdevs=2 qp_num=710 pkey=0 pd=0xebc348111da0 oooRq=0
spark1:1:85 [0] NCCL INFO NET/IB: ncclIbConnectImpl: NCCL Dev 1 IbDev 1 Port 1 qp_num 710 mtu 3 GID 3 (0/109640AFFFF0000) ctsFifoRkey=0x1de6e8 ctsFifoLkey=0x1de6e8
spark1:1:85 [0] NCCL INFO NET/IB: ncclIbConnectImpl: IbDev 1 Port 1 qp_num 710 query_ece={supported=1, vendor_id=0x15b3, options=0x30000002, comp_mask=0x0}
spark1:1:85 [0] NCCL INFO NET/IB: ncclIbSenderQpsCreate: QP created: port=1 dev=0 devName=rocep1s0f1 ndevs=2 nmdevs=2 qp_num=10913 pkey=0 pd=0xebc348085b70 oooRq=0
spark1:1:85 [0] NCCL INFO NET/IB: ncclIbConnectImpl: NCCL Dev 0 IbDev 0 Port 1 qp_num 10913 mtu 3 GID 3 (0/108640AFFFF0000) ctsFifoRkey=0x180802 ctsFifoLkey=0x180802
spark1:1:85 [0] NCCL INFO NET/IB: ncclIbConnectImpl: IbDev 0 Port 1 qp_num 10913 query_ece={supported=1, vendor_id=0x15b3, options=0x30000002, comp_mask=0x0}
spark1:1:85 [0] NCCL INFO NET/IB: ncclIbSenderQpsCreate: QP created: port=1 dev=1 devName=roceP2p1s0f1 ndevs=2 nmdevs=2 qp_num=711 pkey=0 pd=0xebc348111da0 oooRq=0
spark1:1:85 [0] NCCL INFO NET/IB: ncclIbConnectImpl: NCCL Dev 1 IbDev 1 Port 1 qp_num 711 mtu 3 GID 3 (0/109640AFFFF0000) ctsFifoRkey=0x1cf1ee ctsFifoLkey=0x1cf1ee
spark1:1:85 [0] NCCL INFO NET/IB: ncclIbConnectImpl: IbDev 1 Port 1 qp_num 711 query_ece={supported=1, vendor_id=0x15b3, options=0x30000002, comp_mask=0x0}
spark1:1:85 [0] NCCL INFO NET/IB: ncclIbSenderQpsCreate: QP created: port=1 dev=0 devName=rocep1s0f1 ndevs=2 nmdevs=2 qp_num=10914 pkey=0 pd=0xebc348085b70 oooRq=0
spark1:1:85 [0] NCCL INFO NET/IB: ncclIbConnectImpl: NCCL Dev 0 IbDev 0 Port 1 qp_num 10914 mtu 3 GID 3 (0/108640AFFFF0000) ctsFifoRkey=0x17f0ed ctsFifoLkey=0x17f0ed
spark1:1:85 [0] NCCL INFO NET/IB: ncclIbConnectImpl: IbDev 0 Port 1 qp_num 10914 query_ece={supported=1, vendor_id=0x15b3, options=0x30000002, comp_mask=0x0}
spark1:1:85 [0] NCCL INFO NET/IB: ncclIbSenderQpsCreate: QP created: port=1 dev=1 devName=roceP2p1s0f1 ndevs=2 nmdevs=2 qp_num=712 pkey=0 pd=0xebc348111da0 oooRq=0
spark1:1:85 [0] NCCL INFO NET/IB: ncclIbConnectImpl: NCCL Dev 1 IbDev 1 Port 1 qp_num 712 mtu 3 GID 3 (0/109640AFFFF0000) ctsFifoRkey=0x1dadaf ctsFifoLkey=0x1dadaf
spark1:1:85 [0] NCCL INFO NET/IB: ncclIbConnectImpl: IbDev 1 Port 1 qp_num 712 query_ece={supported=1, vendor_id=0x15b3, options=0x30000002, comp_mask=0x0}
spark1:1:85 [0] NCCL INFO NET/IB: ncclIbSenderQpsCreate: QP created: port=1 dev=0 devName=rocep1s0f1 ndevs=2 nmdevs=2 qp_num=10915 pkey=0 pd=0xebc348085b70 oooRq=0
spark1:1:85 [0] NCCL INFO NET/IB: ncclIbConnectImpl: NCCL Dev 0 IbDev 0 Port 1 qp_num 10915 mtu 3 GID 3 (0/108640AFFFF0000) ctsFifoRkey=0x19635f ctsFifoLkey=0x19635f
spark1:1:85 [0] NCCL INFO NET/IB: ncclIbConnectImpl: IbDev 0 Port 1 qp_num 10915 query_ece={supported=1, vendor_id=0x15b3, options=0x30000002, comp_mask=0x0}
spark1:1:85 [0] NCCL INFO NET/IB: ncclIbSenderQpsCreate: QP created: port=1 dev=1 devName=roceP2p1s0f1 ndevs=2 nmdevs=2 qp_num=713 pkey=0 pd=0xebc348111da0 oooRq=0
spark1:1:85 [0] NCCL INFO NET/IB: ncclIbConnectImpl: NCCL Dev 1 IbDev 1 Port 1 qp_num 713 mtu 3 GID 3 (0/109640AFFFF0000) ctsFifoRkey=0x1daaa5 ctsFifoLkey=0x1daaa5
spark1:1:85 [0] NCCL INFO NET/IB: ncclIbConnectImpl: IbDev 1 Port 1 qp_num 713 query_ece={supported=1, vendor_id=0x15b3, options=0x30000002, comp_mask=0x0}
spark1:1:85 [0] NCCL INFO NET/IB: ncclIbSenderQpsCreate: QP created: port=1 dev=0 devName=rocep1s0f1 ndevs=2 nmdevs=2 qp_num=10916 pkey=0 pd=0xebc348085b70 oooRq=0
spark1:1:85 [0] NCCL INFO NET/IB: ncclIbConnectImpl: NCCL Dev 0 IbDev 0 Port 1 qp_num 10916 mtu 3 GID 3 (0/108640AFFFF0000) ctsFifoRkey=0x1a1916 ctsFifoLkey=0x1a1916
spark1:1:85 [0] NCCL INFO NET/IB: ncclIbConnectImpl: IbDev 0 Port 1 qp_num 10916 query_ece={supported=1, vendor_id=0x15b3, options=0x30000002, comp_mask=0x0}
spark1:1:85 [0] NCCL INFO NET/IB: ncclIbSenderQpsCreate: QP created: port=1 dev=1 devName=roceP2p1s0f1 ndevs=2 nmdevs=2 qp_num=714 pkey=0 pd=0xebc348111da0 oooRq=0
spark1:1:85 [0] NCCL INFO NET/IB: ncclIbConnectImpl: NCCL Dev 1 IbDev 1 Port 1 qp_num 714 mtu 3 GID 3 (0/109640AFFFF0000) ctsFifoRkey=0x1de5e6 ctsFifoLkey=0x1de5e6
spark1:1:85 [0] NCCL INFO NET/IB: ncclIbConnectImpl: IbDev 1 Port 1 qp_num 714 query_ece={supported=1, vendor_id=0x15b3, options=0x30000002, comp_mask=0x0}
spark1:1:85 [0] NCCL INFO NET/IB: ncclIbSenderQpsCreate: QP created: port=1 dev=0 devName=rocep1s0f1 ndevs=2 nmdevs=2 qp_num=10917 pkey=0 pd=0xebc348085b70 oooRq=0
spark1:1:85 [0] NCCL INFO NET/IB: ncclIbConnectImpl: NCCL Dev 0 IbDev 0 Port 1 qp_num 10917 mtu 3 GID 3 (0/108640AFFFF0000) ctsFifoRkey=0x1a5957 ctsFifoLkey=0x1a5957
spark1:1:85 [0] NCCL INFO NET/IB: ncclIbConnectImpl: IbDev 0 Port 1 qp_num 10917 query_ece={supported=1, vendor_id=0x15b3, options=0x30000002, comp_mask=0x0}
spark1:1:85 [0] NCCL INFO NET/IB: ncclIbSenderQpsCreate: QP created: port=1 dev=1 devName=roceP2p1s0f1 ndevs=2 nmdevs=2 qp_num=715 pkey=0 pd=0xebc348111da0 oooRq=0
spark1:1:85 [0] NCCL INFO NET/IB: ncclIbConnectImpl: NCCL Dev 1 IbDev 1 Port 1 qp_num 715 mtu 3 GID 3 (0/109640AFFFF0000) ctsFifoRkey=0x1de4e4 ctsFifoLkey=0x1de4e4
spark1:1:85 [0] NCCL INFO NET/IB: ncclIbConnectImpl: IbDev 1 Port 1 qp_num 715 query_ece={supported=1, vendor_id=0x15b3, options=0x30000002, comp_mask=0x0}
spark1:1:85 [0] NCCL INFO NET/IB: ncclIbSenderQpsCreate: QP created: port=1 dev=0 devName=rocep1s0f1 ndevs=2 nmdevs=2 qp_num=10918 pkey=0 pd=0xebc348085b70 oooRq=0
spark1:1:85 [0] NCCL INFO NET/IB: ncclIbConnectImpl: NCCL Dev 0 IbDev 0 Port 1 qp_num 10918 mtu 3 GID 3 (0/108640AFFFF0000) ctsFifoRkey=0x20007c ctsFifoLkey=0x20007c
spark1:1:85 [0] NCCL INFO NET/IB: ncclIbConnectImpl: IbDev 0 Port 1 qp_num 10918 query_ece={supported=1, vendor_id=0x15b3, options=0x30000002, comp_mask=0x0}
spark1:1:85 [0] NCCL INFO NET/IB: ncclIbSenderQpsCreate: QP created: port=1 dev=1 devName=roceP2p1s0f1 ndevs=2 nmdevs=2 qp_num=716 pkey=0 pd=0xebc348111da0 oooRq=0
spark1:1:85 [0] NCCL INFO NET/IB: ncclIbConnectImpl: NCCL Dev 1 IbDev 1 Port 1 qp_num 716 mtu 3 GID 3 (0/109640AFFFF0000) ctsFifoRkey=0x1de3e2 ctsFifoLkey=0x1de3e2
spark1:1:85 [0] NCCL INFO NET/IB: ncclIbConnectImpl: IbDev 1 Port 1 qp_num 716 query_ece={supported=1, vendor_id=0x15b3, options=0x30000002, comp_mask=0x0}
spark1:1:85 [0] NCCL INFO NET/IB: ncclIbResiliencyInit: Resiliency is disabled on the recv communicator (comm=0xebc34a681000)
spark1:1:85 [0] NCCL INFO NET/IB: ncclIbRecvCommInit: Receive work requests will be posted on-demand
spark1:1:85 [0] NCCL INFO NET/IB: ncclIbSenderQpsToRts: Set ECE: IbDev 1 Port 1 qp_num 710 set_ece={supported=1, vendor_id=0x15b3, options=0x30000002, comp_mask=0x0}
spark1:1:85 [0] NCCL INFO NET/IB: ncclIbReceiverQpsCreateToRts: QP created: port=1 dev=1 devName=roceP2p1s0f1 ndevs=2 nmdevs=2 qp_num=717 pkey=0 pd=0xebc348111da0 oooRq=0
spark1:1:85 [0] NCCL INFO NET/IB: ncclIbReceiverQpsCreateToRts: Flush QP created: port=1 dev=1 devName=roceP2p1s0f1 ndevs=2 nmdevs=2 qp_num=718 pkey=0 pd=0xebc348111da0
spark1:1:85 [0] NCCL INFO NET/IB: ncclIbSenderQpsToRts: Set ECE: IbDev 0 Port 1 qp_num 10913 set_ece={supported=1, vendor_id=0x15b3, options=0x30000002, comp_mask=0x0}
spark1:1:85 [0] NCCL INFO NET/IB: ncclIbReceiverQpsCreateToRts: QP created: port=1 dev=0 devName=rocep1s0f1 ndevs=2 nmdevs=2 qp_num=10919 pkey=0 pd=0xebc348085b70 oooRq=0
spark1:1:85 [0] NCCL INFO NET/IB: ncclIbReceiverQpsCreateToRts: Flush QP created: port=1 dev=0 devName=rocep1s0f1 ndevs=2 nmdevs=2 qp_num=10920 pkey=0 pd=0xebc348085b70
spark1:1:85 [0] NCCL INFO NET/IB: ncclIbSenderQpsToRts: Set ECE: IbDev 1 Port 1 qp_num 711 set_ece={supported=1, vendor_id=0x15b3, options=0x30000002, comp_mask=0x0}
spark1:1:85 [0] NCCL INFO NET/IB: ncclIbReceiverQpsCreateToRts: QP created: port=1 dev=1 devName=roceP2p1s0f1 ndevs=2 nmdevs=2 qp_num=719 pkey=0 pd=0xebc348111da0 oooRq=0
spark1:1:85 [0] NCCL INFO NET/IB: ncclIbReceiverQpsCreateToRts: Flush QP created: port=1 dev=1 devName=roceP2p1s0f1 ndevs=2 nmdevs=2 qp_num=720 pkey=0 pd=0xebc348111da0
spark1:1:85 [0] NCCL INFO NET/IB: ncclIbSenderQpsToRts: Set ECE: IbDev 0 Port 1 qp_num 10914 set_ece={supported=1, vendor_id=0x15b3, options=0x30000002, comp_mask=0x0}
spark1:1:85 [0] NCCL INFO NET/IB: ncclIbReceiverQpsCreateToRts: QP created: port=1 dev=0 devName=rocep1s0f1 ndevs=2 nmdevs=2 qp_num=10921 pkey=0 pd=0xebc348085b70 oooRq=0
spark1:1:85 [0] NCCL INFO NET/IB: ncclIbReceiverQpsCreateToRts: Flush QP created: port=1 dev=0 devName=rocep1s0f1 ndevs=2 nmdevs=2 qp_num=10922 pkey=0 pd=0xebc348085b70
spark1:1:85 [0] NCCL INFO NET/IB: ncclIbSenderQpsToRts: Set ECE: IbDev 1 Port 1 qp_num 712 set_ece={supported=1, vendor_id=0x15b3, options=0x30000002, comp_mask=0x0}
spark1:1:85 [0] NCCL INFO NET/IB: ncclIbReceiverQpsCreateToRts: QP created: port=1 dev=1 devName=roceP2p1s0f1 ndevs=2 nmdevs=2 qp_num=721 pkey=0 pd=0xebc348111da0 oooRq=0
spark1:1:85 [0] NCCL INFO NET/IB: ncclIbReceiverQpsCreateToRts: Flush QP created: port=1 dev=1 devName=roceP2p1s0f1 ndevs=2 nmdevs=2 qp_num=722 pkey=0 pd=0xebc348111da0
spark1:1:85 [0] NCCL INFO NET/IB: ncclIbSenderQpsToRts: Set ECE: IbDev 0 Port 1 qp_num 10915 set_ece={supported=1, vendor_id=0x15b3, options=0x30000002, comp_mask=0x0}
spark1:1:85 [0] NCCL INFO NET/IB: ncclIbReceiverQpsCreateToRts: QP created: port=1 dev=0 devName=rocep1s0f1 ndevs=2 nmdevs=2 qp_num=10923 pkey=0 pd=0xebc348085b70 oooRq=0
spark1:1:85 [0] NCCL INFO NET/IB: ncclIbReceiverQpsCreateToRts: Flush QP created: port=1 dev=0 devName=rocep1s0f1 ndevs=2 nmdevs=2 qp_num=10924 pkey=0 pd=0xebc348085b70
spark1:1:85 [0] NCCL INFO NET/IB: ncclIbSenderQpsToRts: Set ECE: IbDev 1 Port 1 qp_num 713 set_ece={supported=1, vendor_id=0x15b3, options=0x30000002, comp_mask=0x0}
spark1:1:85 [0] NCCL INFO NET/IB: ncclIbReceiverQpsCreateToRts: QP created: port=1 dev=1 devName=roceP2p1s0f1 ndevs=2 nmdevs=2 qp_num=723 pkey=0 pd=0xebc348111da0 oooRq=0
spark1:1:85 [0] NCCL INFO NET/IB: ncclIbReceiverQpsCreateToRts: Flush QP created: port=1 dev=1 devName=roceP2p1s0f1 ndevs=2 nmdevs=2 qp_num=724 pkey=0 pd=0xebc348111da0
spark1:1:85 [0] NCCL INFO NET/IB: ncclIbSenderQpsToRts: Set ECE: IbDev 0 Port 1 qp_num 10916 set_ece={supported=1, vendor_id=0x15b3, options=0x30000002, comp_mask=0x0}
spark1:1:85 [0] NCCL INFO NET/IB: ncclIbReceiverQpsCreateToRts: QP created: port=1 dev=0 devName=rocep1s0f1 ndevs=2 nmdevs=2 qp_num=10925 pkey=0 pd=0xebc348085b70 oooRq=0
spark1:1:85 [0] NCCL INFO NET/IB: ncclIbReceiverQpsCreateToRts: Flush QP created: port=1 dev=0 devName=rocep1s0f1 ndevs=2 nmdevs=2 qp_num=10926 pkey=0 pd=0xebc348085b70
spark1:1:85 [0] NCCL INFO NET/IB: ncclIbSenderQpsToRts: Set ECE: IbDev 1 Port 1 qp_num 714 set_ece={supported=1, vendor_id=0x15b3, options=0x30000002, comp_mask=0x0}
spark1:1:85 [0] NCCL INFO NET/IB: ncclIbReceiverQpsCreateToRts: QP created: port=1 dev=1 devName=roceP2p1s0f1 ndevs=2 nmdevs=2 qp_num=725 pkey=0 pd=0xebc348111da0 oooRq=0
spark1:1:85 [0] NCCL INFO NET/IB: ncclIbReceiverQpsCreateToRts: Flush QP created: port=1 dev=1 devName=roceP2p1s0f1 ndevs=2 nmdevs=2 qp_num=726 pkey=0 pd=0xebc348111da0
spark1:1:85 [0] NCCL INFO NET/IB: ncclIbSenderQpsToRts: Set ECE: IbDev 0 Port 1 qp_num 10917 set_ece={supported=1, vendor_id=0x15b3, options=0x30000002, comp_mask=0x0}
spark1:1:85 [0] NCCL INFO NET/IB: ncclIbReceiverQpsCreateToRts: QP created: port=1 dev=0 devName=rocep1s0f1 ndevs=2 nmdevs=2 qp_num=10927 pkey=0 pd=0xebc348085b70 oooRq=0
spark1:1:85 [0] NCCL INFO NET/IB: ncclIbReceiverQpsCreateToRts: Flush QP created: port=1 dev=0 devName=rocep1s0f1 ndevs=2 nmdevs=2 qp_num=10928 pkey=0 pd=0xebc348085b70
spark1:1:85 [0] NCCL INFO NET/IB: ncclIbSenderQpsToRts: Set ECE: IbDev 1 Port 1 qp_num 715 set_ece={supported=1, vendor_id=0x15b3, options=0x30000002, comp_mask=0x0}
spark1:1:85 [0] NCCL INFO NET/IB: ncclIbReceiverQpsCreateToRts: QP created: port=1 dev=1 devName=roceP2p1s0f1 ndevs=2 nmdevs=2 qp_num=727 pkey=0 pd=0xebc348111da0 oooRq=0
spark1:1:85 [0] NCCL INFO NET/IB: ncclIbReceiverQpsCreateToRts: Flush QP created: port=1 dev=1 devName=roceP2p1s0f1 ndevs=2 nmdevs=2 qp_num=728 pkey=0 pd=0xebc348111da0
spark1:1:85 [0] NCCL INFO NET/IB: ncclIbSenderQpsToRts: Set ECE: IbDev 0 Port 1 qp_num 10918 set_ece={supported=1, vendor_id=0x15b3, options=0x30000002, comp_mask=0x0}
spark1:1:85 [0] NCCL INFO NET/IB: ncclIbReceiverQpsCreateToRts: QP created: port=1 dev=0 devName=rocep1s0f1 ndevs=2 nmdevs=2 qp_num=10929 pkey=0 pd=0xebc348085b70 oooRq=0
spark1:1:85 [0] NCCL INFO NET/IB: ncclIbReceiverQpsCreateToRts: Flush QP created: port=1 dev=0 devName=rocep1s0f1 ndevs=2 nmdevs=2 qp_num=10930 pkey=0 pd=0xebc348085b70
spark1:1:85 [0] NCCL INFO NET/IB: ncclIbSenderQpsToRts: Set ECE: IbDev 1 Port 1 qp_num 716 set_ece={supported=1, vendor_id=0x15b3, options=0x30000002, comp_mask=0x0}
spark1:1:85 [0] NCCL INFO NET/IB: ncclIbReceiverQpsCreateToRts: QP created: port=1 dev=1 devName=roceP2p1s0f1 ndevs=2 nmdevs=2 qp_num=729 pkey=0 pd=0xebc348111da0 oooRq=0
spark1:1:85 [0] NCCL INFO NET/IB: ncclIbReceiverQpsCreateToRts: Flush QP created: port=1 dev=1 devName=roceP2p1s0f1 ndevs=2 nmdevs=2 qp_num=730 pkey=0 pd=0xebc348111da0
spark1:1:85 [0] NCCL INFO NET/IB: ncclIbSenderQpsCreate: QP created: port=1 dev=0 devName=rocep1s0f1 ndevs=2 nmdevs=2 qp_num=10931 pkey=0 pd=0xebc348085b70 oooRq=0
spark1:1:85 [0] NCCL INFO NET/IB: ncclIbConnectImpl: NCCL Dev 0 IbDev 0 Port 1 qp_num 10931 mtu 3 GID 3 (0/108640AFFFF0000) ctsFifoRkey=0x1badab ctsFifoLkey=0x1badab
spark1:1:85 [0] NCCL INFO NET/IB: ncclIbConnectImpl: IbDev 0 Port 1 qp_num 10931 query_ece={supported=1, vendor_id=0x15b3, options=0x30000002, comp_mask=0x0}
spark1:1:85 [0] NCCL INFO NET/IB: ncclIbReceiverQpsCreateToRts: QP created: port=1 dev=0 devName=rocep1s0f1 ndevs=2 nmdevs=2 qp_num=10932 pkey=0 pd=0xebc348085b70 oooRq=0
spark1:1:85 [0] NCCL INFO NET/IB: ncclIbReceiverQpsCreateToRts: Flush QP created: port=1 dev=0 devName=rocep1s0f1 ndevs=2 nmdevs=2 qp_num=10933 pkey=0 pd=0xebc348085b70
spark1:1:85 [0] NCCL INFO NET/IB: ncclIbResiliencyInit: Resiliency is disabled on the send communicator (comm=0xebc34ab37000)
spark1:1:85 [0] NCCL INFO NET/IB: ncclIbResiliencyInit: Resiliency is disabled on the recv communicator (comm=0xebc34ab7b000)
spark1:1:85 [0] NCCL INFO NET/IB: ncclIbRecvCommInit: Receive work requests will be posted on-demand
spark1:1:85 [0] NCCL INFO NET/IB: ncclIbResiliencyInit: Resiliency is disabled on the send communicator (comm=0xebc34abc0000)
spark1:1:85 [0] NCCL INFO NET/IB: ncclIbResiliencyInit: Resiliency is disabled on the recv communicator (comm=0xebc34ac01000)
spark1:1:85 [0] NCCL INFO NET/IB: ncclIbRecvCommInit: Receive work requests will be posted on-demand
spark1:1:85 [0] NCCL INFO NET/IB: ncclIbResiliencyInit: Resiliency is disabled on the send communicator (comm=0xebc34ac46000)
spark1:1:85 [0] NCCL INFO NET/IB: ncclIbResiliencyInit: Resiliency is disabled on the recv communicator (comm=0xebc34ac87000)
spark1:1:85 [0] NCCL INFO NET/IB: ncclIbRecvCommInit: Receive work requests will be posted on-demand
spark1:1:85 [0] NCCL INFO NET/IB: ncclIbResiliencyInit: Resiliency is disabled on the send communicator (comm=0xebc34accc000)
spark1:1:85 [0] NCCL INFO NET/IB: ncclIbResiliencyInit: Resiliency is disabled on the recv communicator (comm=0xebc34ad0d000)
spark1:1:85 [0] NCCL INFO NET/IB: ncclIbRecvCommInit: Receive work requests will be posted on-demand
spark1:1:85 [0] NCCL INFO NET/IB: ncclIbResiliencyInit: Resiliency is disabled on the send communicator (comm=0xebc34ad52000)
spark1:1:85 [0] NCCL INFO NET/IB: ncclIbResiliencyInit: Resiliency is disabled on the recv communicator (comm=0xebc34ad93000)
spark1:1:85 [0] NCCL INFO NET/IB: ncclIbRecvCommInit: Receive work requests will be posted on-demand
spark1:1:85 [0] NCCL INFO NET/IB: ncclIbResiliencyInit: Resiliency is disabled on the send communicator (comm=0xebc34add8000)
spark1:1:85 [0] NCCL INFO NET/IB: ncclIbResiliencyInit: Resiliency is disabled on the recv communicator (comm=0xebc34ae19000)
spark1:1:85 [0] NCCL INFO NET/IB: ncclIbRecvCommInit: Receive work requests will be posted on-demand
spark1:1:85 [0] NCCL INFO NET/IB: ncclIbResiliencyInit: Resiliency is disabled on the send communicator (comm=0xebc34ae5e000)
spark1:1:85 [0] NCCL INFO NET/IB: ncclIbResiliencyInit: Resiliency is disabled on the recv communicator (comm=0xebc34ae9f000)
spark1:1:85 [0] NCCL INFO NET/IB: ncclIbRecvCommInit: Receive work requests will be posted on-demand
spark1:1:85 [0] NCCL INFO NET/IB: ncclIbResiliencyInit: Resiliency is disabled on the send communicator (comm=0xebc34aee4000)
spark1:1:85 [0] NCCL INFO NET/IB: ncclIbResiliencyInit: Resiliency is disabled on the recv communicator (comm=0xebc34af28000)
spark1:1:85 [0] NCCL INFO NET/IB: ncclIbRecvCommInit: Receive work requests will be posted on-demand
spark1:1:85 [0] NCCL INFO NET/IB: ncclIbResiliencyInit: Resiliency is disabled on the send communicator (comm=0xebc34af70000)
spark1:1:85 [0] NCCL INFO NET/IB: ncclIbResiliencyInit: Resiliency is disabled on the recv communicator (comm=0xebc34afb4000)
spark1:1:85 [0] NCCL INFO NET/IB: ncclIbRecvCommInit: Receive work requests will be posted on-demand
spark1:1:85 [0] NCCL INFO NET/IB: ncclIbResiliencyInit: Resiliency is disabled on the send communicator (comm=0xebc34affc000)
spark1:1:85 [0] NCCL INFO NET/IB: ncclIbResiliencyInit: Resiliency is disabled on the recv communicator (comm=0xebc34b040000)
spark1:1:85 [0] NCCL INFO NET/IB: ncclIbRecvCommInit: Receive work requests will be posted on-demand
spark1:1:85 [0] NCCL INFO NET/IB: ncclIbResiliencyInit: Resiliency is disabled on the send communicator (comm=0xebc34b088000)
spark1:1:85 [0] NCCL INFO NET/IB: ncclIbResiliencyInit: Resiliency is disabled on the recv communicator (comm=0xebc34b0cc000)
spark1:1:85 [0] NCCL INFO NET/IB: ncclIbRecvCommInit: Receive work requests will be posted on-demand
spark1:1:85 [0] NCCL INFO NET/IB: ncclIbResiliencyInit: Resiliency is disabled on the send communicator (comm=0xebc34b114000)
spark1:1:85 [0] NCCL INFO NET/IB: ncclIbResiliencyInit: Resiliency is disabled on the recv communicator (comm=0xebc34b158000)
spark1:1:85 [0] NCCL INFO NET/IB: ncclIbRecvCommInit: Receive work requests will be posted on-demand
spark1:1:85 [0] NCCL INFO NET/IB: ncclIbResiliencyInit: Resiliency is disabled on the send communicator (comm=0xebc34b1a0000)
spark1:1:85 [0] NCCL INFO NET/IB: ncclIbResiliencyInit: Resiliency is disabled on the recv communicator (comm=0xebc34b1e4000)
spark1:1:85 [0] NCCL INFO NET/IB: ncclIbRecvCommInit: Receive work requests will be posted on-demand
spark1:1:85 [0] NCCL INFO NET/IB: ncclIbResiliencyInit: Resiliency is disabled on the send communicator (comm=0xebc34b22c000)
spark1:1:85 [0] NCCL INFO NET/IB: ncclIbResiliencyInit: Resiliency is disabled on the recv communicator (comm=0xebc34b270000)
spark1:1:85 [0] NCCL INFO NET/IB: ncclIbRecvCommInit: Receive work requests will be posted on-demand
spark1:1:85 [0] NCCL INFO NET/IB: ncclIbResiliencyInit: Resiliency is disabled on the send communicator (comm=0xebc34b2b8000)
spark1:1:85 [0] NCCL INFO NET/IB: ncclIbResiliencyInit: Resiliency is disabled on the recv communicator (comm=0xebc34b2fc000)
spark1:1:85 [0] NCCL INFO NET/IB: ncclIbRecvCommInit: Receive work requests will be posted on-demand
spark1:1:85 [0] NCCL INFO NET/IB: ncclIbResiliencyInit: Resiliency is disabled on the send communicator (comm=0xebc34b344000)
spark1:1:85 [0] NCCL INFO NET/IB: ncclIbResiliencyInit: Resiliency is disabled on the recv communicator (comm=0xebc34b388000)
spark1:1:85 [0] NCCL INFO NET/IB: ncclIbRecvCommInit: Receive work requests will be posted on-demand
spark1:1:85 [0] NCCL INFO NET/IB: ncclIbResiliencyInit: Resiliency is disabled on the send communicator (comm=0xebc34b3d0000)
spark1:1:85 [0] NCCL INFO NET/IB: ncclIbResiliencyInit: Resiliency is disabled on the recv communicator (comm=0xebc34b414000)
spark1:1:85 [0] NCCL INFO NET/IB: ncclIbRecvCommInit: Receive work requests will be posted on-demand
spark1:1:85 [0] NCCL INFO NET/IB: ncclIbSenderQpsToRts: Set ECE: IbDev 0 Port 1 qp_num 10931 set_ece={supported=1, vendor_id=0x15b3, options=0x30000002, comp_mask=0x0}
spark1:1:85 [0] NCCL INFO NET/IB: ncclIbSenderQpsCreate: QP created: port=1 dev=1 devName=roceP2p1s0f1 ndevs=2 nmdevs=2 qp_num=731 pkey=0 pd=0xebc348111da0 oooRq=0
spark1:1:85 [0] NCCL INFO NET/IB: ncclIbConnectImpl: NCCL Dev 1 IbDev 1 Port 1 qp_num 731 mtu 3 GID 3 (0/109640AFFFF0000) ctsFifoRkey=0x1dcccf ctsFifoLkey=0x1dcccf
spark1:1:85 [0] NCCL INFO NET/IB: ncclIbConnectImpl: IbDev 1 Port 1 qp_num 731 query_ece={supported=1, vendor_id=0x15b3, options=0x30000002, comp_mask=0x0}
spark1:1:85 [0] NCCL INFO NET/IB: ncclIbSenderQpsCreate: QP created: port=1 dev=0 devName=rocep1s0f1 ndevs=2 nmdevs=2 qp_num=10934 pkey=0 pd=0xebc348085b70 oooRq=0
spark1:1:85 [0] NCCL INFO NET/IB: ncclIbConnectImpl: NCCL Dev 0 IbDev 0 Port 1 qp_num 10934 mtu 3 GID 3 (0/108640AFFFF0000) ctsFifoRkey=0x17a5a2 ctsFifoLkey=0x17a5a2
spark1:1:85 [0] NCCL INFO NET/IB: ncclIbConnectImpl: IbDev 0 Port 1 qp_num 10934 query_ece={supported=1, vendor_id=0x15b3, options=0x30000002, comp_mask=0x0}
spark1:1:85 [0] NCCL INFO NET/IB: ncclIbSenderQpsCreate: QP created: port=1 dev=1 devName=roceP2p1s0f1 ndevs=2 nmdevs=2 qp_num=732 pkey=0 pd=0xebc348111da0 oooRq=0
spark1:1:85 [0] NCCL INFO NET/IB: ncclIbConnectImpl: NCCL Dev 1 IbDev 1 Port 1 qp_num 732 mtu 3 GID 3 (0/109640AFFFF0000) ctsFifoRkey=0x1d2b29 ctsFifoLkey=0x1d2b29
spark1:1:85 [0] NCCL INFO NET/IB: ncclIbConnectImpl: IbDev 1 Port 1 qp_num 732 query_ece={supported=1, vendor_id=0x15b3, options=0x30000002, comp_mask=0x0}
spark1:1:85 [0] NCCL INFO NET/IB: ncclIbSenderQpsCreate: QP created: port=1 dev=0 devName=rocep1s0f1 ndevs=2 nmdevs=2 qp_num=10935 pkey=0 pd=0xebc348085b70 oooRq=0
spark1:1:85 [0] NCCL INFO NET/IB: ncclIbConnectImpl: NCCL Dev 0 IbDev 0 Port 1 qp_num 10935 mtu 3 GID 3 (0/108640AFFFF0000) ctsFifoRkey=0x177775 ctsFifoLkey=0x177775
spark1:1:85 [0] NCCL INFO NET/IB: ncclIbConnectImpl: IbDev 0 Port 1 qp_num 10935 query_ece={supported=1, vendor_id=0x15b3, options=0x30000002, comp_mask=0x0}
spark1:1:85 [0] NCCL INFO NET/IB: ncclIbSenderQpsCreate: QP created: port=1 dev=1 devName=roceP2p1s0f1 ndevs=2 nmdevs=2 qp_num=733 pkey=0 pd=0xebc348111da0 oooRq=0
spark1:1:85 [0] NCCL INFO NET/IB: ncclIbConnectImpl: NCCL Dev 1 IbDev 1 Port 1 qp_num 733 mtu 3 GID 3 (0/109640AFFFF0000) ctsFifoRkey=0x1d5b5b ctsFifoLkey=0x1d5b5b
spark1:1:85 [0] NCCL INFO NET/IB: ncclIbConnectImpl: IbDev 1 Port 1 qp_num 733 query_ece={supported=1, vendor_id=0x15b3, options=0x30000002, comp_mask=0x0}
spark1:1:85 [0] NCCL INFO NET/IB: ncclIbSenderQpsCreate: QP created: port=1 dev=0 devName=rocep1s0f1 ndevs=2 nmdevs=2 qp_num=10936 pkey=0 pd=0xebc348085b70 oooRq=0
spark1:1:85 [0] NCCL INFO NET/IB: ncclIbConnectImpl: NCCL Dev 0 IbDev 0 Port 1 qp_num 10936 mtu 3 GID 3 (0/108640AFFFF0000) ctsFifoRkey=0x196261 ctsFifoLkey=0x196261
spark1:1:85 [0] NCCL INFO NET/IB: ncclIbConnectImpl: IbDev 0 Port 1 qp_num 10936 query_ece={supported=1, vendor_id=0x15b3, options=0x30000002, comp_mask=0x0}
spark1:1:85 [0] NCCL INFO NET/IB: ncclIbSenderQpsCreate: QP created: port=1 dev=1 devName=roceP2p1s0f1 ndevs=2 nmdevs=2 qp_num=734 pkey=0 pd=0xebc348111da0 oooRq=0
spark1:1:85 [0] NCCL INFO NET/IB: ncclIbConnectImpl: NCCL Dev 1 IbDev 1 Port 1 qp_num 734 mtu 3 GID 3 (0/109640AFFFF0000) ctsFifoRkey=0x1d5950 ctsFifoLkey=0x1d5950
spark1:1:85 [0] NCCL INFO NET/IB: ncclIbConnectImpl: IbDev 1 Port 1 qp_num 734 query_ece={supported=1, vendor_id=0x15b3, options=0x30000002, comp_mask=0x0}
spark1:1:85 [0] NCCL INFO NET/IB: ncclIbSenderQpsCreate: QP created: port=1 dev=0 devName=rocep1s0f1 ndevs=2 nmdevs=2 qp_num=10937 pkey=0 pd=0xebc348085b70 oooRq=0
spark1:1:85 [0] NCCL INFO NET/IB: ncclIbConnectImpl: NCCL Dev 0 IbDev 0 Port 1 qp_num 10937 mtu 3 GID 3 (0/108640AFFFF0000) ctsFifoRkey=0x18feff ctsFifoLkey=0x18feff
spark1:1:85 [0] NCCL INFO NET/IB: ncclIbConnectImpl: IbDev 0 Port 1 qp_num 10937 query_ece={supported=1, vendor_id=0x15b3, options=0x30000002, comp_mask=0x0}
spark1:1:85 [0] NCCL INFO NET/IB: ncclIbSenderQpsToRts: Set ECE: IbDev 1 Port 1 qp_num 731 set_ece={supported=1, vendor_id=0x15b3, options=0x30000002, comp_mask=0x0}
spark1:1:85 [0] NCCL INFO NET/IB: ncclIbReceiverQpsCreateToRts: QP created: port=1 dev=1 devName=roceP2p1s0f1 ndevs=2 nmdevs=2 qp_num=735 pkey=0 pd=0xebc348111da0 oooRq=0
spark1:1:85 [0] NCCL INFO NET/IB: ncclIbReceiverQpsCreateToRts: Flush QP created: port=1 dev=1 devName=roceP2p1s0f1 ndevs=2 nmdevs=2 qp_num=736 pkey=0 pd=0xebc348111da0
spark1:1:85 [0] NCCL INFO NET/IB: ncclIbSenderQpsToRts: Set ECE: IbDev 0 Port 1 qp_num 10934 set_ece={supported=1, vendor_id=0x15b3, options=0x30000002, comp_mask=0x0}
spark1:1:85 [0] NCCL INFO NET/IB: ncclIbReceiverQpsCreateToRts: QP created: port=1 dev=0 devName=rocep1s0f1 ndevs=2 nmdevs=2 qp_num=10938 pkey=0 pd=0xebc348085b70 oooRq=0
spark1:1:85 [0] NCCL INFO NET/IB: ncclIbReceiverQpsCreateToRts: Flush QP created: port=1 dev=0 devName=rocep1s0f1 ndevs=2 nmdevs=2 qp_num=10939 pkey=0 pd=0xebc348085b70
spark1:1:85 [0] NCCL INFO NET/IB: ncclIbSenderQpsToRts: Set ECE: IbDev 1 Port 1 qp_num 732 set_ece={supported=1, vendor_id=0x15b3, options=0x30000002, comp_mask=0x0}
spark1:1:85 [0] NCCL INFO NET/IB: ncclIbReceiverQpsCreateToRts: QP created: port=1 dev=1 devName=roceP2p1s0f1 ndevs=2 nmdevs=2 qp_num=737 pkey=0 pd=0xebc348111da0 oooRq=0
spark1:1:85 [0] NCCL INFO NET/IB: ncclIbReceiverQpsCreateToRts: Flush QP created: port=1 dev=1 devName=roceP2p1s0f1 ndevs=2 nmdevs=2 qp_num=738 pkey=0 pd=0xebc348111da0
spark1:1:85 [0] NCCL INFO NET/IB: ncclIbSenderQpsToRts: Set ECE: IbDev 0 Port 1 qp_num 10935 set_ece={supported=1, vendor_id=0x15b3, options=0x30000002, comp_mask=0x0}
spark1:1:85 [0] NCCL INFO NET/IB: ncclIbReceiverQpsCreateToRts: QP created: port=1 dev=0 devName=rocep1s0f1 ndevs=2 nmdevs=2 qp_num=10940 pkey=0 pd=0xebc348085b70 oooRq=0
spark1:1:85 [0] NCCL INFO NET/IB: ncclIbReceiverQpsCreateToRts: Flush QP created: port=1 dev=0 devName=rocep1s0f1 ndevs=2 nmdevs=2 qp_num=10941 pkey=0 pd=0xebc348085b70
spark1:1:85 [0] NCCL INFO NET/IB: ncclIbSenderQpsToRts: Set ECE: IbDev 1 Port 1 qp_num 733 set_ece={supported=1, vendor_id=0x15b3, options=0x30000002, comp_mask=0x0}
spark1:1:85 [0] NCCL INFO NET/IB: ncclIbReceiverQpsCreateToRts: QP created: port=1 dev=1 devName=roceP2p1s0f1 ndevs=2 nmdevs=2 qp_num=739 pkey=0 pd=0xebc348111da0 oooRq=0
spark1:1:85 [0] NCCL INFO NET/IB: ncclIbReceiverQpsCreateToRts: Flush QP created: port=1 dev=1 devName=roceP2p1s0f1 ndevs=2 nmdevs=2 qp_num=740 pkey=0 pd=0xebc348111da0
spark1:1:85 [0] NCCL INFO NET/IB: ncclIbSenderQpsToRts: Set ECE: IbDev 0 Port 1 qp_num 10936 set_ece={supported=1, vendor_id=0x15b3, options=0x30000002, comp_mask=0x0}
spark1:1:85 [0] NCCL INFO NET/IB: ncclIbReceiverQpsCreateToRts: QP created: port=1 dev=0 devName=rocep1s0f1 ndevs=2 nmdevs=2 qp_num=10942 pkey=0 pd=0xebc348085b70 oooRq=0
spark1:1:85 [0] NCCL INFO NET/IB: ncclIbReceiverQpsCreateToRts: Flush QP created: port=1 dev=0 devName=rocep1s0f1 ndevs=2 nmdevs=2 qp_num=10943 pkey=0 pd=0xebc348085b70
spark1:1:85 [0] NCCL INFO NET/IB: ncclIbSenderQpsToRts: Set ECE: IbDev 1 Port 1 qp_num 734 set_ece={supported=1, vendor_id=0x15b3, options=0x30000002, comp_mask=0x0}
spark1:1:85 [0] NCCL INFO NET/IB: ncclIbReceiverQpsCreateToRts: QP created: port=1 dev=1 devName=roceP2p1s0f1 ndevs=2 nmdevs=2 qp_num=741 pkey=0 pd=0xebc348111da0 oooRq=0
spark1:1:85 [0] NCCL INFO NET/IB: ncclIbReceiverQpsCreateToRts: Flush QP created: port=1 dev=1 devName=roceP2p1s0f1 ndevs=2 nmdevs=2 qp_num=742 pkey=0 pd=0xebc348111da0
spark1:1:85 [0] NCCL INFO NET/IB: ncclIbSenderQpsToRts: Set ECE: IbDev 0 Port 1 qp_num 10937 set_ece={supported=1, vendor_id=0x15b3, options=0x30000002, comp_mask=0x0}
spark1:1:85 [0] NCCL INFO NET/IB: ncclIbReceiverQpsCreateToRts: QP created: port=1 dev=0 devName=rocep1s0f1 ndevs=2 nmdevs=2 qp_num=10944 pkey=0 pd=0xebc348085b70 oooRq=0
spark1:1:85 [0] NCCL INFO NET/IB: ncclIbReceiverQpsCreateToRts: Flush QP created: port=1 dev=0 devName=rocep1s0f1 ndevs=2 nmdevs=2 qp_num=10945 pkey=0 pd=0xebc348085b70
spark1:1:85 [0] NCCL INFO NET/IB: ncclIbSenderQpsCreate: QP created: port=1 dev=1 devName=roceP2p1s0f1 ndevs=2 nmdevs=2 qp_num=743 pkey=0 pd=0xebc348111da0 oooRq=0
spark1:1:85 [0] NCCL INFO NET/IB: ncclIbConnectImpl: NCCL Dev 1 IbDev 1 Port 1 qp_num 743 mtu 3 GID 3 (0/109640AFFFF0000) ctsFifoRkey=0x1d6565 ctsFifoLkey=0x1d6565
spark1:1:85 [0] NCCL INFO NET/IB: ncclIbConnectImpl: IbDev 1 Port 1 qp_num 743 query_ece={supported=1, vendor_id=0x15b3, options=0x30000002, comp_mask=0x0}
spark1:1:85 [0] NCCL INFO NET/IB: ncclIbReceiverQpsCreateToRts: QP created: port=1 dev=1 devName=roceP2p1s0f1 ndevs=2 nmdevs=2 qp_num=744 pkey=0 pd=0xebc348111da0 oooRq=0
spark1:1:85 [0] NCCL INFO NET/IB: ncclIbReceiverQpsCreateToRts: Flush QP created: port=1 dev=1 devName=roceP2p1s0f1 ndevs=2 nmdevs=2 qp_num=745 pkey=0 pd=0xebc348111da0
spark1:1:85 [0] NCCL INFO NET/IB: ncclIbSenderQpsCreate: QP created: port=1 dev=0 devName=rocep1s0f1 ndevs=2 nmdevs=2 qp_num=10946 pkey=0 pd=0xebc348085b70 oooRq=0
spark1:1:85 [0] NCCL INFO NET/IB: ncclIbConnectImpl: NCCL Dev 0 IbDev 0 Port 1 qp_num 10946 mtu 3 GID 3 (0/108640AFFFF0000) ctsFifoRkey=0x1a5550 ctsFifoLkey=0x1a5550
spark1:1:85 [0] NCCL INFO NET/IB: ncclIbConnectImpl: IbDev 0 Port 1 qp_num 10946 query_ece={supported=1, vendor_id=0x15b3, options=0x30000002, comp_mask=0x0}
spark1:1:85 [0] NCCL INFO NET/IB: ncclIbSenderQpsCreate: QP created: port=1 dev=1 devName=roceP2p1s0f1 ndevs=2 nmdevs=2 qp_num=746 pkey=0 pd=0xebc348111da0 oooRq=0
spark1:1:85 [0] NCCL INFO NET/IB: ncclIbConnectImpl: NCCL Dev 1 IbDev 1 Port 1 qp_num 746 mtu 3 GID 3 (0/109640AFFFF0000) ctsFifoRkey=0x1d5859 ctsFifoLkey=0x1d5859
spark1:1:85 [0] NCCL INFO NET/IB: ncclIbConnectImpl: IbDev 1 Port 1 qp_num 746 query_ece={supported=1, vendor_id=0x15b3, options=0x30000002, comp_mask=0x0}
spark1:1:85 [0] NCCL INFO NET/IB: ncclIbSenderQpsCreate: QP created: port=1 dev=0 devName=rocep1s0f1 ndevs=2 nmdevs=2 qp_num=10947 pkey=0 pd=0xebc348085b70 oooRq=0
spark1:1:85 [0] NCCL INFO NET/IB: ncclIbConnectImpl: NCCL Dev 0 IbDev 0 Port 1 qp_num 10947 mtu 3 GID 3 (0/108640AFFFF0000) ctsFifoRkey=0x1a8584 ctsFifoLkey=0x1a8584
spark1:1:85 [0] NCCL INFO NET/IB: ncclIbConnectImpl: IbDev 0 Port 1 qp_num 10947 query_ece={supported=1, vendor_id=0x15b3, options=0x30000002, comp_mask=0x0}
spark1:1:85 [0] NCCL INFO NET/IB: ncclIbSenderQpsCreate: QP created: port=1 dev=1 devName=roceP2p1s0f1 ndevs=2 nmdevs=2 qp_num=747 pkey=0 pd=0xebc348111da0 oooRq=0
spark1:1:85 [0] NCCL INFO NET/IB: ncclIbConnectImpl: NCCL Dev 1 IbDev 1 Port 1 qp_num 747 mtu 3 GID 3 (0/109640AFFFF0000) ctsFifoRkey=0x1d5051 ctsFifoLkey=0x1d5051
spark1:1:85 [0] NCCL INFO NET/IB: ncclIbConnectImpl: IbDev 1 Port 1 qp_num 747 query_ece={supported=1, vendor_id=0x15b3, options=0x30000002, comp_mask=0x0}
spark1:1:85 [0] NCCL INFO NET/IB: ncclIbSenderQpsToRts: Set ECE: IbDev 1 Port 1 qp_num 743 set_ece={supported=1, vendor_id=0x15b3, options=0x30000002, comp_mask=0x0}
spark1:1:85 [0] NCCL INFO NET/IB: ncclIbReceiverQpsCreateToRts: QP created: port=1 dev=0 devName=rocep1s0f1 ndevs=2 nmdevs=2 qp_num=10948 pkey=0 pd=0xebc348085b70 oooRq=0
spark1:1:85 [0] NCCL INFO NET/IB: ncclIbReceiverQpsCreateToRts: Flush QP created: port=1 dev=0 devName=rocep1s0f1 ndevs=2 nmdevs=2 qp_num=10949 pkey=0 pd=0xebc348085b70
spark1:1:85 [0] NCCL INFO NET/IB: ncclIbSenderQpsToRts: Set ECE: IbDev 0 Port 1 qp_num 10946 set_ece={supported=1, vendor_id=0x15b3, options=0x30000002, comp_mask=0x0}
spark1:1:85 [0] NCCL INFO NET/IB: ncclIbSenderQpsToRts: Set ECE: IbDev 1 Port 1 qp_num 746 set_ece={supported=1, vendor_id=0x15b3, options=0x30000002, comp_mask=0x0}
spark1:1:85 [0] NCCL INFO NET/IB: ncclIbReceiverQpsCreateToRts: QP created: port=1 dev=1 devName=roceP2p1s0f1 ndevs=2 nmdevs=2 qp_num=748 pkey=0 pd=0xebc348111da0 oooRq=0
spark1:1:85 [0] NCCL INFO NET/IB: ncclIbReceiverQpsCreateToRts: Flush QP created: port=1 dev=1 devName=roceP2p1s0f1 ndevs=2 nmdevs=2 qp_num=749 pkey=0 pd=0xebc348111da0
spark1:1:85 [0] NCCL INFO NET/IB: ncclIbSenderQpsToRts: Set ECE: IbDev 0 Port 1 qp_num 10947 set_ece={supported=1, vendor_id=0x15b3, options=0x30000002, comp_mask=0x0}
spark1:1:85 [0] NCCL INFO NET/IB: ncclIbReceiverQpsCreateToRts: QP created: port=1 dev=0 devName=rocep1s0f1 ndevs=2 nmdevs=2 qp_num=10950 pkey=0 pd=0xebc348085b70 oooRq=0
spark1:1:85 [0] NCCL INFO NET/IB: ncclIbReceiverQpsCreateToRts: Flush QP created: port=1 dev=0 devName=rocep1s0f1 ndevs=2 nmdevs=2 qp_num=10951 pkey=0 pd=0xebc348085b70
spark1:1:85 [0] NCCL INFO NET/IB: ncclIbSenderQpsToRts: Set ECE: IbDev 1 Port 1 qp_num 747 set_ece={supported=1, vendor_id=0x15b3, options=0x30000002, comp_mask=0x0}
spark1:1:85 [0] NCCL INFO NET/IB: ncclIbReceiverQpsCreateToRts: QP created: port=1 dev=1 devName=roceP2p1s0f1 ndevs=2 nmdevs=2 qp_num=750 pkey=0 pd=0xebc348111da0 oooRq=0
spark1:1:85 [0] NCCL INFO NET/IB: ncclIbReceiverQpsCreateToRts: Flush QP created: port=1 dev=1 devName=roceP2p1s0f1 ndevs=2 nmdevs=2 qp_num=751 pkey=0 pd=0xebc348111da0
spark1:1:85 [0] NCCL INFO NET/IB: ncclIbReceiverQpsCreateToRts: QP created: port=1 dev=0 devName=rocep1s0f1 ndevs=2 nmdevs=2 qp_num=10952 pkey=0 pd=0xebc348085b70 oooRq=0
spark1:1:85 [0] NCCL INFO NET/IB: ncclIbReceiverQpsCreateToRts: Flush QP created: port=1 dev=0 devName=rocep1s0f1 ndevs=2 nmdevs=2 qp_num=10953 pkey=0 pd=0xebc348085b70
spark1:1:85 [0] NCCL INFO NET/IB: ncclIbSenderQpsCreate: QP created: port=1 dev=1 devName=roceP2p1s0f1 ndevs=2 nmdevs=2 qp_num=752 pkey=0 pd=0xebc348111da0 oooRq=0
spark1:1:85 [0] NCCL INFO NET/IB: ncclIbConnectImpl: NCCL Dev 1 IbDev 1 Port 1 qp_num 752 mtu 3 GID 3 (0/109640AFFFF0000) ctsFifoRkey=0x1d2f30 ctsFifoLkey=0x1d2f30
spark1:1:85 [0] NCCL INFO NET/IB: ncclIbConnectImpl: IbDev 1 Port 1 qp_num 752 query_ece={supported=1, vendor_id=0x15b3, options=0x30000002, comp_mask=0x0}
spark1:1:85 [0] NCCL INFO NET/IB: ncclIbSenderQpsCreate: QP created: port=1 dev=0 devName=rocep1s0f1 ndevs=2 nmdevs=2 qp_num=10954 pkey=0 pd=0xebc348085b70 oooRq=0
spark1:1:85 [0] NCCL INFO NET/IB: ncclIbConnectImpl: NCCL Dev 0 IbDev 0 Port 1 qp_num 10954 mtu 3 GID 3 (0/108640AFFFF0000) ctsFifoRkey=0x1a2625 ctsFifoLkey=0x1a2625
spark1:1:85 [0] NCCL INFO NET/IB: ncclIbConnectImpl: IbDev 0 Port 1 qp_num 10954 query_ece={supported=1, vendor_id=0x15b3, options=0x30000002, comp_mask=0x0}
spark1:1:85 [0] NCCL INFO NET/IB: ncclIbSenderQpsCreate: QP created: port=1 dev=1 devName=roceP2p1s0f1 ndevs=2 nmdevs=2 qp_num=753 pkey=0 pd=0xebc348111da0 oooRq=0
spark1:1:85 [0] NCCL INFO NET/IB: ncclIbConnectImpl: NCCL Dev 1 IbDev 1 Port 1 qp_num 753 mtu 3 GID 3 (0/109640AFFFF0000) ctsFifoRkey=0x1d2426 ctsFifoLkey=0x1d2426
spark1:1:85 [0] NCCL INFO NET/IB: ncclIbConnectImpl: IbDev 1 Port 1 qp_num 753 query_ece={supported=1, vendor_id=0x15b3, options=0x30000002, comp_mask=0x0}
spark1:1:85 [0] NCCL INFO NET/IB: ncclIbSenderQpsCreate: QP created: port=1 dev=0 devName=rocep1s0f1 ndevs=2 nmdevs=2 qp_num=10955 pkey=0 pd=0xebc348085b70 oooRq=0
spark1:1:85 [0] NCCL INFO NET/IB: ncclIbConnectImpl: NCCL Dev 0 IbDev 0 Port 1 qp_num 10955 mtu 3 GID 3 (0/108640AFFFF0000) ctsFifoRkey=0x205fd2 ctsFifoLkey=0x205fd2
spark1:1:85 [0] NCCL INFO NET/IB: ncclIbConnectImpl: IbDev 0 Port 1 qp_num 10955 query_ece={supported=1, vendor_id=0x15b3, options=0x30000002, comp_mask=0x0}
spark1:1:85 [0] NCCL INFO NET/IB: ncclIbSenderQpsCreate: QP created: port=1 dev=1 devName=roceP2p1s0f1 ndevs=2 nmdevs=2 qp_num=754 pkey=0 pd=0xebc348111da0 oooRq=0
spark1:1:85 [0] NCCL INFO NET/IB: ncclIbConnectImpl: NCCL Dev 1 IbDev 1 Port 1 qp_num 754 mtu 3 GID 3 (0/109640AFFFF0000) ctsFifoRkey=0x1d1d1c ctsFifoLkey=0x1d1d1c
spark1:1:85 [0] NCCL INFO NET/IB: ncclIbConnectImpl: IbDev 1 Port 1 qp_num 754 query_ece={supported=1, vendor_id=0x15b3, options=0x30000002, comp_mask=0x0}
spark1:1:85 [0] NCCL INFO NET/IB: ncclIbSenderQpsCreate: QP created: port=1 dev=0 devName=rocep1s0f1 ndevs=2 nmdevs=2 qp_num=10956 pkey=0 pd=0xebc348085b70 oooRq=0
spark1:1:85 [0] NCCL INFO NET/IB: ncclIbConnectImpl: NCCL Dev 0 IbDev 0 Port 1 qp_num 10956 mtu 3 GID 3 (0/108640AFFFF0000) ctsFifoRkey=0x1b4d4a ctsFifoLkey=0x1b4d4a
spark1:1:85 [0] NCCL INFO NET/IB: ncclIbConnectImpl: IbDev 0 Port 1 qp_num 10956 query_ece={supported=1, vendor_id=0x15b3, options=0x30000002, comp_mask=0x0}
spark1:1:85 [0] NCCL INFO NET/IB: ncclIbSenderQpsToRts: Set ECE: IbDev 0 Port 1 qp_num 10956 set_ece={supported=1, vendor_id=0x15b3, options=0x30000002, comp_mask=0x0}
spark1:1:85 [0] NCCL INFO NET/IB: ncclIbReceiverQpsCreateToRts: QP created: port=1 dev=1 devName=roceP2p1s0f1 ndevs=2 nmdevs=2 qp_num=755 pkey=0 pd=0xebc348111da0 oooRq=0
spark1:1:85 [0] NCCL INFO NET/IB: ncclIbReceiverQpsCreateToRts: Flush QP created: port=1 dev=1 devName=roceP2p1s0f1 ndevs=2 nmdevs=2 qp_num=756 pkey=0 pd=0xebc348111da0
spark1:1:85 [0] NCCL INFO NET/IB: ncclIbSenderQpsToRts: Set ECE: IbDev 1 Port 1 qp_num 752 set_ece={supported=1, vendor_id=0x15b3, options=0x30000002, comp_mask=0x0}
spark1:1:85 [0] NCCL INFO NET/IB: ncclIbReceiverQpsCreateToRts: QP created: port=1 dev=0 devName=rocep1s0f1 ndevs=2 nmdevs=2 qp_num=10957 pkey=0 pd=0xebc348085b70 oooRq=0
spark1:1:85 [0] NCCL INFO NET/IB: ncclIbReceiverQpsCreateToRts: Flush QP created: port=1 dev=0 devName=rocep1s0f1 ndevs=2 nmdevs=2 qp_num=10958 pkey=0 pd=0xebc348085b70
spark1:1:85 [0] NCCL INFO NET/IB: ncclIbSenderQpsToRts: Set ECE: IbDev 0 Port 1 qp_num 10954 set_ece={supported=1, vendor_id=0x15b3, options=0x30000002, comp_mask=0x0}
spark1:1:85 [0] NCCL INFO NET/IB: ncclIbReceiverQpsCreateToRts: QP created: port=1 dev=1 devName=roceP2p1s0f1 ndevs=2 nmdevs=2 qp_num=757 pkey=0 pd=0xebc348111da0 oooRq=0
spark1:1:85 [0] NCCL INFO NET/IB: ncclIbReceiverQpsCreateToRts: Flush QP created: port=1 dev=1 devName=roceP2p1s0f1 ndevs=2 nmdevs=2 qp_num=758 pkey=0 pd=0xebc348111da0
spark1:1:85 [0] NCCL INFO NET/IB: ncclIbSenderQpsToRts: Set ECE: IbDev 1 Port 1 qp_num 753 set_ece={supported=1, vendor_id=0x15b3, options=0x30000002, comp_mask=0x0}
spark1:1:85 [0] NCCL INFO NET/IB: ncclIbReceiverQpsCreateToRts: QP created: port=1 dev=0 devName=rocep1s0f1 ndevs=2 nmdevs=2 qp_num=10959 pkey=0 pd=0xebc348085b70 oooRq=0
spark1:1:85 [0] NCCL INFO NET/IB: ncclIbReceiverQpsCreateToRts: Flush QP created: port=1 dev=0 devName=rocep1s0f1 ndevs=2 nmdevs=2 qp_num=10960 pkey=0 pd=0xebc348085b70
spark1:1:85 [0] NCCL INFO NET/IB: ncclIbSenderQpsToRts: Set ECE: IbDev 0 Port 1 qp_num 10955 set_ece={supported=1, vendor_id=0x15b3, options=0x30000002, comp_mask=0x0}
spark1:1:85 [0] NCCL INFO NET/IB: ncclIbReceiverQpsCreateToRts: QP created: port=1 dev=1 devName=roceP2p1s0f1 ndevs=2 nmdevs=2 qp_num=759 pkey=0 pd=0xebc348111da0 oooRq=0
spark1:1:85 [0] NCCL INFO NET/IB: ncclIbReceiverQpsCreateToRts: Flush QP created: port=1 dev=1 devName=roceP2p1s0f1 ndevs=2 nmdevs=2 qp_num=760 pkey=0 pd=0xebc348111da0
spark1:1:85 [0] NCCL INFO NET/IB: ncclIbSenderQpsToRts: Set ECE: IbDev 1 Port 1 qp_num 754 set_ece={supported=1, vendor_id=0x15b3, options=0x30000002, comp_mask=0x0}
spark1:1:85 [0] NCCL INFO NET/IB: ncclIbSenderQpsCreate: QP created: port=1 dev=0 devName=rocep1s0f1 ndevs=2 nmdevs=2 qp_num=10961 pkey=0 pd=0xebc348085b70 oooRq=0
spark1:1:85 [0] NCCL INFO NET/IB: ncclIbConnectImpl: NCCL Dev 0 IbDev 0 Port 1 qp_num 10961 mtu 3 GID 3 (0/108640AFFFF0000) ctsFifoRkey=0x1a6a67 ctsFifoLkey=0x1a6a67
spark1:1:85 [0] NCCL INFO NET/IB: ncclIbConnectImpl: IbDev 0 Port 1 qp_num 10961 query_ece={supported=1, vendor_id=0x15b3, options=0x30000002, comp_mask=0x0}
spark1:1:85 [0] NCCL INFO NET/IB: ncclIbReceiverQpsCreateToRts: QP created: port=1 dev=0 devName=rocep1s0f1 ndevs=2 nmdevs=2 qp_num=10962 pkey=0 pd=0xebc348085b70 oooRq=0
spark1:1:85 [0] NCCL INFO NET/IB: ncclIbReceiverQpsCreateToRts: Flush QP created: port=1 dev=0 devName=rocep1s0f1 ndevs=2 nmdevs=2 qp_num=10963 pkey=0 pd=0xebc348085b70
spark1:1:85 [0] NCCL INFO NET/IB: ncclIbSenderQpsToRts: Set ECE: IbDev 0 Port 1 qp_num 10961 set_ece={supported=1, vendor_id=0x15b3, options=0x30000002, comp_mask=0x0}
spark1:1:85 [0] NCCL INFO NET/IB: ncclIbSenderQpsCreate: QP created: port=1 dev=1 devName=roceP2p1s0f1 ndevs=2 nmdevs=2 qp_num=761 pkey=0 pd=0xebc348111da0 oooRq=0
spark1:1:85 [0] NCCL INFO NET/IB: ncclIbConnectImpl: NCCL Dev 1 IbDev 1 Port 1 qp_num 761 mtu 3 GID 3 (0/109640AFFFF0000) ctsFifoRkey=0x1d0300 ctsFifoLkey=0x1d0300
spark1:1:85 [0] NCCL INFO NET/IB: ncclIbConnectImpl: IbDev 1 Port 1 qp_num 761 query_ece={supported=1, vendor_id=0x15b3, options=0x30000002, comp_mask=0x0}
spark1:1:85 [0] NCCL INFO NET/IB: ncclIbSenderQpsCreate: QP created: port=1 dev=0 devName=rocep1s0f1 ndevs=2 nmdevs=2 qp_num=10964 pkey=0 pd=0xebc348085b70 oooRq=0
spark1:1:85 [0] NCCL INFO NET/IB: ncclIbConnectImpl: NCCL Dev 0 IbDev 0 Port 1 qp_num 10964 mtu 3 GID 3 (0/108640AFFFF0000) ctsFifoRkey=0x1b5e5b ctsFifoLkey=0x1b5e5b
spark1:1:85 [0] NCCL INFO NET/IB: ncclIbConnectImpl: IbDev 0 Port 1 qp_num 10964 query_ece={supported=1, vendor_id=0x15b3, options=0x30000002, comp_mask=0x0}
spark1:1:85 [0] NCCL INFO NET/IB: ncclIbSenderQpsCreate: QP created: port=1 dev=1 devName=roceP2p1s0f1 ndevs=2 nmdevs=2 qp_num=762 pkey=0 pd=0xebc348111da0 oooRq=0
spark1:1:85 [0] NCCL INFO NET/IB: ncclIbConnectImpl: NCCL Dev 1 IbDev 1 Port 1 qp_num 762 mtu 3 GID 3 (0/109640AFFFF0000) ctsFifoRkey=0x1a2520 ctsFifoLkey=0x1a2520
spark1:1:85 [0] NCCL INFO NET/IB: ncclIbConnectImpl: IbDev 1 Port 1 qp_num 762 query_ece={supported=1, vendor_id=0x15b3, options=0x30000002, comp_mask=0x0}
spark1:1:85 [0] NCCL INFO NET/IB: ncclIbSenderQpsCreate: QP created: port=1 dev=0 devName=rocep1s0f1 ndevs=2 nmdevs=2 qp_num=10965 pkey=0 pd=0xebc348085b70 oooRq=0
spark1:1:85 [0] NCCL INFO NET/IB: ncclIbConnectImpl: NCCL Dev 0 IbDev 0 Port 1 qp_num 10965 mtu 3 GID 3 (0/108640AFFFF0000) ctsFifoRkey=0x1b7575 ctsFifoLkey=0x1b7575
spark1:1:85 [0] NCCL INFO NET/IB: ncclIbConnectImpl: IbDev 0 Port 1 qp_num 10965 query_ece={supported=1, vendor_id=0x15b3, options=0x30000002, comp_mask=0x0}
spark1:1:85 [0] NCCL INFO NET/IB: ncclIbSenderQpsCreate: QP created: port=1 dev=1 devName=roceP2p1s0f1 ndevs=2 nmdevs=2 qp_num=763 pkey=0 pd=0xebc348111da0 oooRq=0
spark1:1:85 [0] NCCL INFO NET/IB: ncclIbConnectImpl: NCCL Dev 1 IbDev 1 Port 1 qp_num 763 mtu 3 GID 3 (0/109640AFFFF0000) ctsFifoRkey=0x1cf0f1 ctsFifoLkey=0x1cf0f1
spark1:1:85 [0] NCCL INFO NET/IB: ncclIbConnectImpl: IbDev 1 Port 1 qp_num 763 query_ece={supported=1, vendor_id=0x15b3, options=0x30000002, comp_mask=0x0}
spark1:1:85 [0] NCCL INFO NET/IB: ncclIbSenderQpsCreate: QP created: port=1 dev=0 devName=rocep1s0f1 ndevs=2 nmdevs=2 qp_num=10966 pkey=0 pd=0xebc348085b70 oooRq=0
spark1:1:85 [0] NCCL INFO NET/IB: ncclIbConnectImpl: NCCL Dev 0 IbDev 0 Port 1 qp_num 10966 mtu 3 GID 3 (0/108640AFFFF0000) ctsFifoRkey=0x1b8a87 ctsFifoLkey=0x1b8a87
spark1:1:85 [0] NCCL INFO NET/IB: ncclIbConnectImpl: IbDev 0 Port 1 qp_num 10966 query_ece={supported=1, vendor_id=0x15b3, options=0x30000002, comp_mask=0x0}
spark1:1:85 [0] NCCL INFO NET/IB: ncclIbReceiverQpsCreateToRts: QP created: port=1 dev=1 devName=roceP2p1s0f1 ndevs=2 nmdevs=2 qp_num=764 pkey=0 pd=0xebc348111da0 oooRq=0
spark1:1:85 [0] NCCL INFO NET/IB: ncclIbReceiverQpsCreateToRts: Flush QP created: port=1 dev=1 devName=roceP2p1s0f1 ndevs=2 nmdevs=2 qp_num=765 pkey=0 pd=0xebc348111da0
spark1:1:85 [0] NCCL INFO NET/IB: ncclIbSenderQpsToRts: Set ECE: IbDev 1 Port 1 qp_num 761 set_ece={supported=1, vendor_id=0x15b3, options=0x30000002, comp_mask=0x0}
spark1:1:85 [0] NCCL INFO NET/IB: ncclIbSenderQpsToRts: Set ECE: IbDev 0 Port 1 qp_num 10964 set_ece={supported=1, vendor_id=0x15b3, options=0x30000002, comp_mask=0x0}
spark1:1:85 [0] NCCL INFO NET/IB: ncclIbReceiverQpsCreateToRts: QP created: port=1 dev=0 devName=rocep1s0f1 ndevs=2 nmdevs=2 qp_num=10967 pkey=0 pd=0xebc348085b70 oooRq=0
spark1:1:85 [0] NCCL INFO NET/IB: ncclIbReceiverQpsCreateToRts: Flush QP created: port=1 dev=0 devName=rocep1s0f1 ndevs=2 nmdevs=2 qp_num=10968 pkey=0 pd=0xebc348085b70
spark1:1:85 [0] NCCL INFO NET/IB: ncclIbSenderQpsToRts: Set ECE: IbDev 1 Port 1 qp_num 762 set_ece={supported=1, vendor_id=0x15b3, options=0x30000002, comp_mask=0x0}
spark1:1:85 [0] NCCL INFO NET/IB: ncclIbReceiverQpsCreateToRts: QP created: port=1 dev=1 devName=roceP2p1s0f1 ndevs=2 nmdevs=2 qp_num=766 pkey=0 pd=0xebc348111da0 oooRq=0
spark1:1:85 [0] NCCL INFO NET/IB: ncclIbReceiverQpsCreateToRts: Flush QP created: port=1 dev=1 devName=roceP2p1s0f1 ndevs=2 nmdevs=2 qp_num=767 pkey=0 pd=0xebc348111da0
spark1:1:85 [0] NCCL INFO NET/IB: ncclIbSenderQpsToRts: Set ECE: IbDev 0 Port 1 qp_num 10965 set_ece={supported=1, vendor_id=0x15b3, options=0x30000002, comp_mask=0x0}
spark1:1:85 [0] NCCL INFO NET/IB: ncclIbReceiverQpsCreateToRts: QP created: port=1 dev=0 devName=rocep1s0f1 ndevs=2 nmdevs=2 qp_num=10969 pkey=0 pd=0xebc348085b70 oooRq=0
spark1:1:85 [0] NCCL INFO NET/IB: ncclIbReceiverQpsCreateToRts: Flush QP created: port=1 dev=0 devName=rocep1s0f1 ndevs=2 nmdevs=2 qp_num=10970 pkey=0 pd=0xebc348085b70
spark1:1:85 [0] NCCL INFO NET/IB: ncclIbSenderQpsToRts: Set ECE: IbDev 1 Port 1 qp_num 763 set_ece={supported=1, vendor_id=0x15b3, options=0x30000002, comp_mask=0x0}
spark1:1:85 [0] NCCL INFO NET/IB: ncclIbReceiverQpsCreateToRts: QP created: port=1 dev=1 devName=roceP2p1s0f1 ndevs=2 nmdevs=2 qp_num=768 pkey=0 pd=0xebc348111da0 oooRq=0
spark1:1:85 [0] NCCL INFO NET/IB: ncclIbReceiverQpsCreateToRts: Flush QP created: port=1 dev=1 devName=roceP2p1s0f1 ndevs=2 nmdevs=2 qp_num=769 pkey=0 pd=0xebc348111da0
spark1:1:85 [0] NCCL INFO NET/IB: ncclIbSenderQpsToRts: Set ECE: IbDev 0 Port 1 qp_num 10966 set_ece={supported=1, vendor_id=0x15b3, options=0x30000002, comp_mask=0x0}
spark1:1:85 [0] NCCL INFO NET/IB: ncclIbReceiverQpsCreateToRts: QP created: port=1 dev=0 devName=rocep1s0f1 ndevs=2 nmdevs=2 qp_num=10971 pkey=0 pd=0xebc348085b70 oooRq=0
spark1:1:85 [0] NCCL INFO NET/IB: ncclIbReceiverQpsCreateToRts: Flush QP created: port=1 dev=0 devName=rocep1s0f1 ndevs=2 nmdevs=2 qp_num=10972 pkey=0 pd=0xebc348085b70
spark1:1:85 [0] NCCL INFO NET/IB: ncclIbSenderQpsCreate: QP created: port=1 dev=1 devName=roceP2p1s0f1 ndevs=2 nmdevs=2 qp_num=770 pkey=0 pd=0xebc348111da0 oooRq=0
spark1:1:85 [0] NCCL INFO NET/IB: ncclIbConnectImpl: NCCL Dev 1 IbDev 1 Port 1 qp_num 770 mtu 3 GID 3 (0/109640AFFFF0000) ctsFifoRkey=0x19b5b3 ctsFifoLkey=0x19b5b3
spark1:1:85 [0] NCCL INFO NET/IB: ncclIbConnectImpl: IbDev 1 Port 1 qp_num 770 query_ece={supported=1, vendor_id=0x15b3, options=0x30000002, comp_mask=0x0}
spark1:1:85 [0] NCCL INFO NET/IB: ncclIbReceiverQpsCreateToRts: QP created: port=1 dev=1 devName=roceP2p1s0f1 ndevs=2 nmdevs=2 qp_num=771 pkey=0 pd=0xebc348111da0 oooRq=0
spark1:1:85 [0] NCCL INFO NET/IB: ncclIbReceiverQpsCreateToRts: Flush QP created: port=1 dev=1 devName=roceP2p1s0f1 ndevs=2 nmdevs=2 qp_num=772 pkey=0 pd=0xebc348111da0
spark1:1:85 [0] NCCL INFO NET/IB: ncclIbSenderQpsToRts: Set ECE: IbDev 1 Port 1 qp_num 770 set_ece={supported=1, vendor_id=0x15b3, options=0x30000002, comp_mask=0x0}
spark1:1:85 [0] NCCL INFO NET/IB: ncclIbSenderQpsCreate: QP created: port=1 dev=0 devName=rocep1s0f1 ndevs=2 nmdevs=2 qp_num=10973 pkey=0 pd=0xebc348085b70 oooRq=0
spark1:1:85 [0] NCCL INFO NET/IB: ncclIbConnectImpl: NCCL Dev 0 IbDev 0 Port 1 qp_num 10973 mtu 3 GID 3 (0/108640AFFFF0000) ctsFifoRkey=0x198d8a ctsFifoLkey=0x198d8a
spark1:1:85 [0] NCCL INFO NET/IB: ncclIbConnectImpl: IbDev 0 Port 1 qp_num 10973 query_ece={supported=1, vendor_id=0x15b3, options=0x30000002, comp_mask=0x0}
spark1:1:85 [0] NCCL INFO NET/IB: ncclIbSenderQpsCreate: QP created: port=1 dev=1 devName=roceP2p1s0f1 ndevs=2 nmdevs=2 qp_num=773 pkey=0 pd=0xebc348111da0 oooRq=0
spark1:1:85 [0] NCCL INFO NET/IB: ncclIbConnectImpl: NCCL Dev 1 IbDev 1 Port 1 qp_num 773 mtu 3 GID 3 (0/109640AFFFF0000) ctsFifoRkey=0x1ce7e6 ctsFifoLkey=0x1ce7e6
spark1:1:85 [0] NCCL INFO NET/IB: ncclIbConnectImpl: IbDev 1 Port 1 qp_num 773 query_ece={supported=1, vendor_id=0x15b3, options=0x30000002, comp_mask=0x0}
spark1:1:85 [0] NCCL INFO NET/IB: ncclIbReceiverQpsCreateToRts: QP created: port=1 dev=0 devName=rocep1s0f1 ndevs=2 nmdevs=2 qp_num=10974 pkey=0 pd=0xebc348085b70 oooRq=0
spark1:1:85 [0] NCCL INFO NET/IB: ncclIbReceiverQpsCreateToRts: Flush QP created: port=1 dev=0 devName=rocep1s0f1 ndevs=2 nmdevs=2 qp_num=10975 pkey=0 pd=0xebc348085b70
spark1:1:85 [0] NCCL INFO NET/IB: ncclIbSenderQpsToRts: Set ECE: IbDev 1 Port 1 qp_num 773 set_ece={supported=1, vendor_id=0x15b3, options=0x30000002, comp_mask=0x0}
spark1:1:85 [0] NCCL INFO NET/IB: ncclIbReceiverQpsCreateToRts: QP created: port=1 dev=1 devName=roceP2p1s0f1 ndevs=2 nmdevs=2 qp_num=774 pkey=0 pd=0xebc348111da0 oooRq=0
spark1:1:85 [0] NCCL INFO NET/IB: ncclIbReceiverQpsCreateToRts: Flush QP created: port=1 dev=1 devName=roceP2p1s0f1 ndevs=2 nmdevs=2 qp_num=775 pk/usr/local/lib/python3.12/dist-packages/torch/distributed/c10d_logger.py:83: UserWarning: barrier(): using the device under current context. You can specify `device_id` in `init_process_group` to mute this warning.
  return func(*args, **kwargs)
           8       15.1 us     0.00 GB/s
          16       13.4 us     0.00 GB/s
          32       13.8 us     0.00 GB/s
          64       13.0 us     0.00 GB/s
         128       27.7 us     0.00 GB/s
         256       15.1 us     0.02 GB/s
         512       13.5 us     0.04 GB/s
        1024       14.6 us     0.07 GB/s
        2048       14.0 us     0.15 GB/s
        4096       16.1 us     0.26 GB/s
        8192       18.6 us     0.44 GB/s
       16384       18.6 us     0.88 GB/s
       32768       21.7 us     1.51 GB/s
       65536       31.0 us     2.11 GB/s
      131072       55.8 us     2.35 GB/s
      262144       88.0 us     2.98 GB/s
      524288      328.4 us     1.60 GB/s
     1048576      658.4 us     1.59 GB/s
     2097152      290.0 us     7.23 GB/s
     4194304      335.5 us    12.50 GB/s
     8388608      454.1 us    18.47 GB/s
    16777216      801.6 us    20.93 GB/s
    33554432     1577.8 us    21.27 GB/s
    67108864     3339.7 us    20.09 GB/s
   134217728     8412.8 us    15.95 GB/s
   268435456    14634.4 us    18.34 GB/s
ey=0 pd=0xebc348111da0
spark1:1:85 [0] NCCL INFO NET/IB: ncclIbSenderQpsToRts: Set ECE: IbDev 0 Port 1 qp_num 10973 set_ece={supported=1, vendor_id=0x15b3, options=0x30000002, comp_mask=0x0}
spark1:1:1 [0] NCCL INFO Connected all rings, use ring PXN 0 GDR 0
spark1:1:1 [0] NCCL INFO Connected all trees
spark1:1:1 [0] NCCL INFO Connected binomial trees
spark1:1:1 [0] NCCL INFO ncclOsDlopen(libnccl-tuner.so) failed: libnccl-tuner.so: cannot open shared object file: No such file or directory
spark1:1:1 [0] NCCL INFO TUNER/Plugin: Could not find: libnccl-tuner.so
spark1:1:1 [0] NCCL INFO threadThresholds 8/8/64 | 16/8/64 | 512 | 512
spark1:1:1 [0] NCCL INFO 64 coll channels, 64 collnet channels, 0 nvls channels, 64 p2p channels, 2 p2p channels per peer
spark1:1:1 [0] NCCL INFO Symmetric memory is not supported. cuMemEnable 0, globalGinSupport 0, cuMemGdrSupport 0
spark1:1:1 [0] NCCL INFO CC Off, workFifoBytes 1048576
spark1:1:1 [0] NCCL INFO ncclCommInitRankConfig comm 0x35d5bff0 rank 0 nranks 2 cudaDev 0 nvmlDev 0 busId f01000 commId 0x31de2006aa8f267d - Init COMPLETE
spark1:1:1 [0] NCCL INFO Init timings - ncclCommInitRankConfig: rank 0 nranks 2 total 1.74 (kernels 0.19, alloc 0.05, bootstrap 0.01, allgathers 0.00, topo 0.01, graphs 0.00, connections 1.49, rest 0.00)
