spark1:1:1 [0] NCCL INFO ncclOsDlopen(libnccl-env.so) failed: libnccl-env.so: cannot open shared object file: No such file or directory
spark1:1:1 [0] NCCL INFO ENV/Plugin: Could not find: libnccl-env.so
spark1:1:1 [0] NCCL INFO NCCL_SOCKET_IFNAME set to enp1s0f1np1
spark1:1:1 [0] NCCL INFO cudaDriverVersion 13000
spark1:1:1 [0] NCCL INFO NCCL version 2.30.7+cuda13.3
spark1:1:1 [0] NCCL INFO NCCL git version HEAD a5187fa2e
spark1:1:1 [0] NCCL INFO ncclOsDlopen(libnccl-net.so) failed: libnccl-net.so: cannot open shared object file: No such file or directory
spark1:1:1 [0] NCCL INFO NET/Plugin: Could not find: libnccl-net.so
spark1:1:1 [0] NCCL INFO dlvsym failed on mlx5dv_get_data_direct_sysfs_path - /lib/aarch64-linux-gnu/libmlx5.so: undefined symbol: mlx5dv_get_data_direct_sysfs_path, version MLX5_1.25 version MLX5_1.25
spark1:1:1 [0] NCCL INFO dlvsym failed on mlx5dv_reg_dmabuf_mr - /lib/aarch64-linux-gnu/libmlx5.so: undefined symbol: mlx5dv_reg_dmabuf_mr, version MLX5_1.25 version MLX5_1.25
spark1:1:1 [0] NCCL INFO NCCL_IB_HCA set to rocep1s0f1
spark1:1:1 [0] NCCL INFO NET/IB: [1] rocep1s0f1:uverbs1:1/RoCE provider=Mlx5 speed=200000 context=0x127b4460 pciPath=/sys/devices/pci0000:00/0000:00:00.0/0000:01:00.0 ar=0 oooRqSize=0
spark1:1:1 [0] NCCL INFO NET/IB : Made virtual device [0] name=rocep1s0f1 speed=200000 ndevs=1 rail=-1 plane=-1
spark1:1:1 [0] NCCL INFO NET/IB : Using [0]rocep1s0f1:1/RoCE [RO]; OOB enp1s0f1np1:10.100.8.1<0>
spark1:1:1 [0] NCCL INFO Initialized NET plugin IB
spark1:1:1 [0] NCCL INFO Assigned NET plugin IB to comm
spark1:1:1 [0] NCCL INFO ncclOsDlopen(libnccl-rma.so) failed: libnccl-rma.so: cannot open shared object file: No such file or directory
spark1:1:1 [0] NCCL INFO RMA/Plugin: Could not find: libnccl-rma.so
spark1:1:1 [0] NCCL INFO RMA/Plugin: Failed to load external plugin libnccl-rma.so, dlHandle: (nil), ncclRma: (nil)
spark1:1:1 [0] NCCL INFO RMA/Plugin: Assigned plugin RMA_IB_PROXY to comm
spark1:1:1 [0] NCCL INFO ncclOsDlopen(libnccl-gin.so) failed: libnccl-gin.so: cannot open shared object file: No such file or directory
spark1:1:1 [0] NCCL INFO GIN/Plugin: Could not find: libnccl-gin.so
spark1:1:1 [0] NCCL INFO GIN/Plugin: Failed to load external plugin libnccl-gin.so, dlHandle: (nil), ncclGin: (nil)
spark1:1:1 [0] NCCL INFO GIN/Plugin: Assigned plugin GIN_IB_GDAKI type 3 to comm
spark1:1:1 [0] NCCL INFO Using network IB
spark1:1:1 [0] NCCL INFO Loaded NVML from libnvidia-ml.so.1
spark1:1:1 [0] NCCL INFO [Rank 0] ncclCommInitRankConfig comm 0xfcf9d70 rank 0 nranks 2 cudaDev 0 nvmlDev 0 busId f01000 commId 0x2c718f10a0ab986d - Init START
spark1:1:1 [0] NCCL INFO RAS client listening socket at 127.0.0.1<28028>
spark1:1:1 [0] NCCL INFO Topology detection: could not read /sys/devices/system/node/node4294967295/cpumap, using empty affinity
spark1:1:1 [0] NCCL INFO TOPO/NET : Importing network plugins to topology
spark1:1:1 [0] NCCL INFO NET/GIN_IB_GDAKI : GPU Direct RDMA Disabled for HCA 0 'rocep1s0f1'
spark1:1:1 [0] NCCL INFO ncclTopoPopulateNics : Filled rocep1s0f1 in topo with pciPath=/sys/devices/pci0000:00/0000:00:00.0/0000:01:00.0 net=0 gin=1 rma=(null) keep=1 coll=(null) rail=-1 plane=-1
spark1:1:1 [0] NCCL INFO NET/RMA_IB_PROXY : GPU Direct RDMA Disabled for HCA 0 'rocep1s0f1'
spark1:1:1 [0] NCCL INFO ncclTopoPopulateNics : Filled rocep1s0f1 in topo with pciPath=/sys/devices/pci0000:00/0000:00:00.0/0000:01:00.0 net=0 gin=1 rma=1 keep=1 coll=(null) rail=-1 plane=-1
spark1:1:1 [0] NCCL INFO NET/IB : GPU Direct RDMA Disabled for HCA 0 'rocep1s0f1'
spark1:1:1 [0] NCCL INFO ncclTopoPopulateNics : Filled rocep1s0f1 in topo with pciPath=/sys/devices/pci0000:00/0000:00:00.0/0000:01:00.0 net=1 gin=1 rma=1 keep=1 coll=(null) rail=-1 plane=-1
spark1:1:1 [0] NCCL INFO === System : maxBw 12.0 totalBw 0.2 ===
spark1:1:1 [0] NCCL INFO CPU/0-ffffffffffffff (3/-1/-1)
spark1:1:1 [0] NCCL INFO + C2C[345.0] - DEV/0-f01000
spark1:1:1 [0] NCCL INFO + PCI[12.0] - NIC/0-1000
spark1:1:1 [0] NCCL INFO               + NET[25.0] - NET/0-0 (0/72817e000347bb4c/1/25.000000)
spark1:1:1 [0] NCCL INFO               + NET[25.0] - GIN/0-0
spark1:1:1 [0] NCCL INFO               + NET[25.0] - RMA/0-0
spark1:1:1 [0] NCCL INFO + PCI[0.2] - DEV/0-f01000 (10de2e1210de0000)
spark1:1:1 [0] NCCL INFO              + LOC[5000.0] - GPU/0-f01000
spark1:1:1 [0] NCCL INFO              + C2C[345.0] - CPU/0-ffffffffffffff
spark1:1:1 [0] NCCL INFO ==========================================
spark1:1:1 [0] NCCL INFO GPU/0-f01000 :GPU/0-f01000 (0/5000.0/LOC) CPU/0-ffffffffffffff (2/345.0/C2C) NET/0-0 (4/12.0/P2C) GIN/0-0 (4/12.0/PHB) RMA/0-0 (4/12.0/PHB) DEV/0-f01000 (1/5000.0/LOC) 
spark1:1:1 [0] NCCL INFO NET/0-0 :GPU/0-f01000 (4/12.0/P2C) CPU/0-ffffffffffffff (2/12.0/PHB) NET/0-0 (0/5000.0/LOC) GIN/0-0 (2/25.0/LOC) RMA/0-0 (2/25.0/LOC) DEV/0-f01000 (3/12.0/PHB) 
spark1:1:1 [0] NCCL INFO GIN/0-0 :GPU/0-f01000 (4/12.0/PHB) CPU/0-ffffffffffffff (2/12.0/PHB) NET/0-0 (2/25.0/LOC) GIN/0-0 (0/5000.0/LOC) RMA/0-0 (2/25.0/LOC) DEV/0-f01000 (3/12.0/PHB) 
spark1:1:1 [0] NCCL INFO RMA/0-0 :GPU/0-f01000 (4/12.0/PHB) CPU/0-ffffffffffffff (2/12.0/PHB) NET/0-0 (2/25.0/LOC) GIN/0-0 (2/25.0/LOC) RMA/0-0 (0/5000.0/LOC) DEV/0-f01000 (3/12.0/PHB) 
spark1:1:1 [0] NCCL INFO ncclTopoGetCpuAffinity: Affinity for GPU 0 is empty, ignoring. (GPU affinity =  ; CPU affinity = 0-19).
spark1:1:1 [0] NCCL INFO Pattern 4, crossNic 0, nChannels 32, bw 0.240000/0.240000, type LOC/P2C, sameChannels 1
spark1:1:1 [0] NCCL INFO  0 : NET/0-0 GPU/0-f01000 NET/0-0
spark1:1:1 [0] NCCL INFO  1 : NET/0-0 GPU/0-f01000 NET/0-0
spark1:1:1 [0] NCCL INFO  2 : NET/0-0 GPU/0-f01000 NET/0-0
spark1:1:1 [0] NCCL INFO  3 : NET/0-0 GPU/0-f01000 NET/0-0
spark1:1:1 [0] NCCL INFO  4 : NET/0-0 GPU/0-f01000 NET/0-0
spark1:1:1 [0] NCCL INFO  5 : NET/0-0 GPU/0-f01000 NET/0-0
spark1:1:1 [0] NCCL INFO  6 : NET/0-0 GPU/0-f01000 NET/0-0
spark1:1:1 [0] NCCL INFO  7 : NET/0-0 GPU/0-f01000 NET/0-0
spark1:1:1 [0] NCCL INFO  8 : NET/0-0 GPU/0-f01000 NET/0-0
spark1:1:1 [0] NCCL INFO  9 : NET/0-0 GPU/0-f01000 NET/0-0
spark1:1:1 [0] NCCL INFO 10 : NET/0-0 GPU/0-f01000 NET/0-0
spark1:1:1 [0] NCCL INFO 11 : NET/0-0 GPU/0-f01000 NET/0-0
spark1:1:1 [0] NCCL INFO 12 : NET/0-0 GPU/0-f01000 NET/0-0
spark1:1:1 [0] NCCL INFO 13 : NET/0-0 GPU/0-f01000 NET/0-0
spark1:1:1 [0] NCCL INFO 14 : NET/0-0 GPU/0-f01000 NET/0-0
spark1:1:1 [0] NCCL INFO 15 : NET/0-0 GPU/0-f01000 NET/0-0
spark1:1:1 [0] NCCL INFO 16 : NET/0-0 GPU/0-f01000 NET/0-0
spark1:1:1 [0] NCCL INFO 17 : NET/0-0 GPU/0-f01000 NET/0-0
spark1:1:1 [0] NCCL INFO 18 : NET/0-0 GPU/0-f01000 NET/0-0
spark1:1:1 [0] NCCL INFO 19 : NET/0-0 GPU/0-f01000 NET/0-0
spark1:1:1 [0] NCCL INFO 20 : NET/0-0 GPU/0-f01000 NET/0-0
spark1:1:1 [0] NCCL INFO 21 : NET/0-0 GPU/0-f01000 NET/0-0
spark1:1:1 [0] NCCL INFO 22 : NET/0-0 GPU/0-f01000 NET/0-0
spark1:1:1 [0] NCCL INFO 23 : NET/0-0 GPU/0-f01000 NET/0-0
spark1:1:1 [0] NCCL INFO 24 : NET/0-0 GPU/0-f01000 NET/0-0
spark1:1:1 [0] NCCL INFO 25 : NET/0-0 GPU/0-f01000 NET/0-0
spark1:1:1 [0] NCCL INFO 26 : NET/0-0 GPU/0-f01000 NET/0-0
spark1:1:1 [0] NCCL INFO 27 : NET/0-0 GPU/0-f01000 NET/0-0
spark1:1:1 [0] NCCL INFO 28 : NET/0-0 GPU/0-f01000 NET/0-0
spark1:1:1 [0] NCCL INFO 29 : NET/0-0 GPU/0-f01000 NET/0-0
spark1:1:1 [0] NCCL INFO 30 : NET/0-0 GPU/0-f01000 NET/0-0
spark1:1:1 [0] NCCL INFO 31 : NET/0-0 GPU/0-f01000 NET/0-0
spark1:1:1 [0] NCCL INFO Pattern 3, crossNic 0, nChannels 32, bw 0.240000/0.120000, type LOC/P2C, sameChannels 1
spark1:1:1 [0] NCCL INFO  0 : NET/0-0 GPU/0-f01000 NET/0-0
spark1:1:1 [0] NCCL INFO  1 : NET/0-0 GPU/0-f01000 NET/0-0
spark1:1:1 [0] NCCL INFO  2 : NET/0-0 GPU/0-f01000 NET/0-0
spark1:1:1 [0] NCCL INFO  3 : NET/0-0 GPU/0-f01000 NET/0-0
spark1:1:1 [0] NCCL INFO  4 : NET/0-0 GPU/0-f01000 NET/0-0
spark1:1:1 [0] NCCL INFO  5 : NET/0-0 GPU/0-f01000 NET/0-0
spark1:1:1 [0] NCCL INFO  6 : NET/0-0 GPU/0-f01000 NET/0-0
spark1:1:1 [0] NCCL INFO  7 : NET/0-0 GPU/0-f01000 NET/0-0
spark1:1:1 [0] NCCL INFO  8 : NET/0-0 GPU/0-f01000 NET/0-0
spark1:1:1 [0] NCCL INFO  9 : NET/0-0 GPU/0-f01000 NET/0-0
spark1:1:1 [0] NCCL INFO 10 : NET/0-0 GPU/0-f01000 NET/0-0
spark1:1:1 [0] NCCL INFO 11 : NET/0-0 GPU/0-f01000 NET/0-0
spark1:1:1 [0] NCCL INFO 12 : NET/0-0 GPU/0-f01000 NET/0-0
spark1:1:1 [0] NCCL INFO 13 : NET/0-0 GPU/0-f01000 NET/0-0
spark1:1:1 [0] NCCL INFO 14 : NET/0-0 GPU/0-f01000 NET/0-0
spark1:1:1 [0] NCCL INFO 15 : NET/0-0 GPU/0-f01000 NET/0-0
spark1:1:1 [0] NCCL INFO 16 : NET/0-0 GPU/0-f01000 NET/0-0
spark1:1:1 [0] NCCL INFO 17 : NET/0-0 GPU/0-f01000 NET/0-0
spark1:1:1 [0] NCCL INFO 18 : NET/0-0 GPU/0-f01000 NET/0-0
spark1:1:1 [0] NCCL INFO 19 : NET/0-0 GPU/0-f01000 NET/0-0
spark1:1:1 [0] NCCL INFO 20 : NET/0-0 GPU/0-f01000 NET/0-0
spark1:1:1 [0] NCCL INFO 21 : NET/0-0 GPU/0-f01000 NET/0-0
spark1:1:1 [0] NCCL INFO 22 : NET/0-0 GPU/0-f01000 NET/0-0
spark1:1:1 [0] NCCL INFO 23 : NET/0-0 GPU/0-f01000 NET/0-0
spark1:1:1 [0] NCCL INFO 24 : NET/0-0 GPU/0-f01000 NET/0-0
spark1:1:1 [0] NCCL INFO 25 : NET/0-0 GPU/0-f01000 NET/0-0
spark1:1:1 [0] NCCL INFO 26 : NET/0-0 GPU/0-f01000 NET/0-0
spark1:1:1 [0] NCCL INFO 27 : NET/0-0 GPU/0-f01000 NET/0-0
spark1:1:1 [0] NCCL INFO 28 : NET/0-0 GPU/0-f01000 NET/0-0
spark1:1:1 [0] NCCL INFO 29 : NET/0-0 GPU/0-f01000 NET/0-0
spark1:1:1 [0] NCCL INFO 30 : NET/0-0 GPU/0-f01000 NET/0-0
spark1:1:1 [0] NCCL INFO 31 : NET/0-0 GPU/0-f01000 NET/0-0
spark1:1:1 [0] NCCL INFO Rank 0: 1 Net devices
spark1:1:1 [0] NCCL INFO Rank 0: 0 CollNet devices
spark1:1:1 [0] NCCL INFO Local Net device counts across ranks: min 1 max 1
spark1:1:1 [0] NCCL INFO Local CollNet device counts across ranks: min 0 max 0
spark1:1:1 [0] NCCL INFO comm 0xfcf9d70 rank 0 nRanks 2 nNodes 2 localRanks 1 localRank 0 MNNVL 0
spark1:1:1 [0] NCCL INFO Tree 0 : -1 -> 0 -> 1/-1/-1
spark1:1:1 [0] NCCL INFO Tree 32 : 1 -> 0 -> -1/-1/-1
spark1:1:1 [0] NCCL INFO Tree 1 : -1 -> 0 -> 1/-1/-1
spark1:1:1 [0] NCCL INFO Tree 33 : 1 -> 0 -> -1/-1/-1
spark1:1:1 [0] NCCL INFO Tree 2 : -1 -> 0 -> 1/-1/-1
spark1:1:1 [0] NCCL INFO Tree 34 : 1 -> 0 -> -1/-1/-1
spark1:1:1 [0] NCCL INFO Tree 3 : -1 -> 0 -> 1/-1/-1
spark1:1:1 [0] NCCL INFO Tree 35 : 1 -> 0 -> -1/-1/-1
spark1:1:1 [0] NCCL INFO Tree 4 : -1 -> 0 -> 1/-1/-1
spark1:1:1 [0] NCCL INFO Tree 36 : 1 -> 0 -> -1/-1/-1
spark1:1:1 [0] NCCL INFO Tree 5 : -1 -> 0 -> 1/-1/-1
spark1:1:1 [0] NCCL INFO Tree 37 : 1 -> 0 -> -1/-1/-1
spark1:1:1 [0] NCCL INFO Tree 6 : -1 -> 0 -> 1/-1/-1
spark1:1:1 [0] NCCL INFO Tree 38 : 1 -> 0 -> -1/-1/-1
spark1:1:1 [0] NCCL INFO Tree 7 : -1 -> 0 -> 1/-1/-1
spark1:1:1 [0] NCCL INFO Tree 39 : 1 -> 0 -> -1/-1/-1
spark1:1:1 [0] NCCL INFO Tree 8 : -1 -> 0 -> 1/-1/-1
spark1:1:1 [0] NCCL INFO Tree 40 : 1 -> 0 -> -1/-1/-1
spark1:1:1 [0] NCCL INFO Tree 9 : -1 -> 0 -> 1/-1/-1
spark1:1:1 [0] NCCL INFO Tree 41 : 1 -> 0 -> -1/-1/-1
spark1:1:1 [0] NCCL INFO Tree 10 : -1 -> 0 -> 1/-1/-1
spark1:1:1 [0] NCCL INFO Tree 42 : 1 -> 0 -> -1/-1/-1
spark1:1:1 [0] NCCL INFO Tree 11 : -1 -> 0 -> 1/-1/-1
spark1:1:1 [0] NCCL INFO Tree 43 : 1 -> 0 -> -1/-1/-1
spark1:1:1 [0] NCCL INFO Tree 12 : -1 -> 0 -> 1/-1/-1
spark1:1:1 [0] NCCL INFO Tree 44 : 1 -> 0 -> -1/-1/-1
spark1:1:1 [0] NCCL INFO Tree 13 : -1 -> 0 -> 1/-1/-1
spark1:1:1 [0] NCCL INFO Tree 45 : 1 -> 0 -> -1/-1/-1
spark1:1:1 [0] NCCL INFO Tree 14 : -1 -> 0 -> 1/-1/-1
spark1:1:1 [0] NCCL INFO Tree 46 : 1 -> 0 -> -1/-1/-1
spark1:1:1 [0] NCCL INFO Tree 15 : -1 -> 0 -> 1/-1/-1
spark1:1:1 [0] NCCL INFO Tree 47 : 1 -> 0 -> -1/-1/-1
spark1:1:1 [0] NCCL INFO Tree 16 : -1 -> 0 -> 1/-1/-1
spark1:1:1 [0] NCCL INFO Tree 48 : 1 -> 0 -> -1/-1/-1
spark1:1:1 [0] NCCL INFO Tree 17 : -1 -> 0 -> 1/-1/-1
spark1:1:1 [0] NCCL INFO Tree 49 : 1 -> 0 -> -1/-1/-1
spark1:1:1 [0] NCCL INFO Tree 18 : -1 -> 0 -> 1/-1/-1
spark1:1:1 [0] NCCL INFO Tree 50 : 1 -> 0 -> -1/-1/-1
spark1:1:1 [0] NCCL INFO Tree 19 : -1 -> 0 -> 1/-1/-1
spark1:1:1 [0] NCCL INFO Tree 51 : 1 -> 0 -> -1/-1/-1
spark1:1:1 [0] NCCL INFO Tree 20 : -1 -> 0 -> 1/-1/-1
spark1:1:1 [0] NCCL INFO Tree 52 : 1 -> 0 -> -1/-1/-1
spark1:1:1 [0] NCCL INFO Tree 21 : -1 -> 0 -> 1/-1/-1
spark1:1:1 [0] NCCL INFO Tree 53 : 1 -> 0 -> -1/-1/-1
spark1:1:1 [0] NCCL INFO Tree 22 : -1 -> 0 -> 1/-1/-1
spark1:1:1 [0] NCCL INFO Tree 54 : 1 -> 0 -> -1/-1/-1
spark1:1:1 [0] NCCL INFO Tree 23 : -1 -> 0 -> 1/-1/-1
spark1:1:1 [0] NCCL INFO Tree 55 : 1 -> 0 -> -1/-1/-1
spark1:1:1 [0] NCCL INFO Tree 24 : -1 -> 0 -> 1/-1/-1
spark1:1:1 [0] NCCL INFO Tree 56 : 1 -> 0 -> -1/-1/-1
spark1:1:1 [0] NCCL INFO Tree 25 : -1 -> 0 -> 1/-1/-1
spark1:1:1 [0] NCCL INFO Tree 57 : 1 -> 0 -> -1/-1/-1
spark1:1:1 [0] NCCL INFO Tree 26 : -1 -> 0 -> 1/-1/-1
spark1:1:1 [0] NCCL INFO Tree 58 : 1 -> 0 -> -1/-1/-1
spark1:1:1 [0] NCCL INFO Tree 27 : -1 -> 0 -> 1/-1/-1
spark1:1:1 [0] NCCL INFO Tree 59 : 1 -> 0 -> -1/-1/-1
spark1:1:1 [0] NCCL INFO Tree 28 : -1 -> 0 -> 1/-1/-1
spark1:1:1 [0] NCCL INFO Tree 60 : 1 -> 0 -> -1/-1/-1
spark1:1:1 [0] NCCL INFO Tree 29 : -1 -> 0 -> 1/-1/-1
spark1:1:1 [0] NCCL INFO Tree 61 : 1 -> 0 -> -1/-1/-1
spark1:1:1 [0] NCCL INFO Tree 30 : -1 -> 0 -> 1/-1/-1
spark1:1:1 [0] NCCL INFO Tree 62 : 1 -> 0 -> -1/-1/-1
spark1:1:1 [0] NCCL INFO Tree 31 : -1 -> 0 -> 1/-1/-1
spark1:1:1 [0] NCCL INFO Tree 63 : 1 -> 0 -> -1/-1/-1
spark1:1:1 [0] NCCL INFO Channel 00/64 : 0 1
spark1:1:1 [0] NCCL INFO Channel 01/64 : 0 1
spark1:1:1 [0] NCCL INFO Channel 02/64 : 0 1
spark1:1:1 [0] NCCL INFO Channel 03/64 : 0 1
spark1:1:1 [0] NCCL INFO Channel 04/64 : 0 1
spark1:1:1 [0] NCCL INFO Channel 05/64 : 0 1
spark1:1:1 [0] NCCL INFO Channel 06/64 : 0 1
spark1:1:1 [0] NCCL INFO Channel 07/64 : 0 1
spark1:1:1 [0] NCCL INFO Channel 08/64 : 0 1
spark1:1:1 [0] NCCL INFO Channel 09/64 : 0 1
spark1:1:1 [0] NCCL INFO Channel 10/64 : 0 1
spark1:1:1 [0] NCCL INFO Channel 11/64 : 0 1
spark1:1:1 [0] NCCL INFO Channel 12/64 : 0 1
spark1:1:1 [0] NCCL INFO Channel 13/64 : 0 1
spark1:1:1 [0] NCCL INFO Channel 14/64 : 0 1
spark1:1:1 [0] NCCL INFO Channel 15/64 : 0 1
spark1:1:1 [0] NCCL INFO Channel 16/64 : 0 1
spark1:1:1 [0] NCCL INFO Channel 17/64 : 0 1
spark1:1:1 [0] NCCL INFO Channel 18/64 : 0 1
spark1:1:1 [0] NCCL INFO Channel 19/64 : 0 1
spark1:1:1 [0] NCCL INFO Channel 20/64 : 0 1
spark1:1:1 [0] NCCL INFO Channel 21/64 : 0 1
spark1:1:1 [0] NCCL INFO Channel 22/64 : 0 1
spark1:1:1 [0] NCCL INFO Channel 23/64 : 0 1
spark1:1:1 [0] NCCL INFO Channel 24/64 : 0 1
spark1:1:1 [0] NCCL INFO Channel 25/64 : 0 1
spark1:1:1 [0] NCCL INFO Channel 26/64 : 0 1
spark1:1:1 [0] NCCL INFO Channel 27/64 : 0 1
spark1:1:1 [0] NCCL INFO Channel 28/64 : 0 1
spark1:1:1 [0] NCCL INFO Channel 29/64 : 0 1
spark1:1:1 [0] NCCL INFO Channel 30/64 : 0 1
spark1:1:1 [0] NCCL INFO Channel 31/64 : 0 1
spark1:1:1 [0] NCCL INFO Channel 32/64 : 0 1
spark1:1:1 [0] NCCL INFO Channel 33/64 : 0 1
spark1:1:1 [0] NCCL INFO Channel 34/64 : 0 1
spark1:1:1 [0] NCCL INFO Channel 35/64 : 0 1
spark1:1:1 [0] NCCL INFO Channel 36/64 : 0 1
spark1:1:1 [0] NCCL INFO Channel 37/64 : 0 1
spark1:1:1 [0] NCCL INFO Channel 38/64 : 0 1
spark1:1:1 [0] NCCL INFO Channel 39/64 : 0 1
spark1:1:1 [0] NCCL INFO Channel 40/64 : 0 1
spark1:1:1 [0] NCCL INFO Channel 41/64 : 0 1
spark1:1:1 [0] NCCL INFO Channel 42/64 : 0 1
spark1:1:1 [0] NCCL INFO Channel 43/64 : 0 1
spark1:1:1 [0] NCCL INFO Channel 44/64 : 0 1
spark1:1:1 [0] NCCL INFO Channel 45/64 : 0 1
spark1:1:1 [0] NCCL INFO Channel 46/64 : 0 1
spark1:1:1 [0] NCCL INFO Channel 47/64 : 0 1
spark1:1:1 [0] NCCL INFO Channel 48/64 : 0 1
spark1:1:1 [0] NCCL INFO Channel 49/64 : 0 1
spark1:1:1 [0] NCCL INFO Channel 50/64 : 0 1
spark1:1:1 [0] NCCL INFO Channel 51/64 : 0 1
spark1:1:1 [0] NCCL INFO Channel 52/64 : 0 1
spark1:1:1 [0] NCCL INFO Channel 53/64 : 0 1
spark1:1:1 [0] NCCL INFO Channel 54/64 : 0 1
spark1:1:1 [0] NCCL INFO Channel 55/64 : 0 1
spark1:1:1 [0] NCCL INFO Channel 56/64 : 0 1
spark1:1:1 [0] NCCL INFO Channel 57/64 : 0 1
spark1:1:1 [0] NCCL INFO Channel 58/64 : 0 1
spark1:1:1 [0] NCCL INFO Channel 59/64 : 0 1
spark1:1:1 [0] NCCL INFO Channel 60/64 : 0 1
spark1:1:1 [0] NCCL INFO Channel 61/64 : 0 1
spark1:1:1 [0] NCCL INFO Channel 62/64 : 0 1
spark1:1:1 [0] NCCL INFO Channel 63/64 : 0 1
spark1:1:1 [0] NCCL INFO Ring 00 : 1 -> 0 -> 1
spark1:1:1 [0] NCCL INFO Ring 01 : 1 -> 0 -> 1
spark1:1:1 [0] NCCL INFO Ring 02 : 1 -> 0 -> 1
spark1:1:1 [0] NCCL INFO Ring 03 : 1 -> 0 -> 1
spark1:1:1 [0] NCCL INFO Ring 04 : 1 -> 0 -> 1
spark1:1:1 [0] NCCL INFO Ring 05 : 1 -> 0 -> 1
spark1:1:1 [0] NCCL INFO Ring 06 : 1 -> 0 -> 1
spark1:1:1 [0] NCCL INFO Ring 07 : 1 -> 0 -> 1
spark1:1:1 [0] NCCL INFO Ring 08 : 1 -> 0 -> 1
spark1:1:1 [0] NCCL INFO Ring 09 : 1 -> 0 -> 1
spark1:1:1 [0] NCCL INFO Ring 10 : 1 -> 0 -> 1
spark1:1:1 [0] NCCL INFO Ring 11 : 1 -> 0 -> 1
spark1:1:1 [0] NCCL INFO Ring 12 : 1 -> 0 -> 1
spark1:1:1 [0] NCCL INFO Ring 13 : 1 -> 0 -> 1
spark1:1:1 [0] NCCL INFO Ring 14 : 1 -> 0 -> 1
spark1:1:1 [0] NCCL INFO Ring 15 : 1 -> 0 -> 1
spark1:1:1 [0] NCCL INFO Ring 16 : 1 -> 0 -> 1
spark1:1:1 [0] NCCL INFO Ring 17 : 1 -> 0 -> 1
spark1:1:1 [0] NCCL INFO Ring 18 : 1 -> 0 -> 1
spark1:1:1 [0] NCCL INFO Ring 19 : 1 -> 0 -> 1
spark1:1:1 [0] NCCL INFO Ring 20 : 1 -> 0 -> 1
spark1:1:1 [0] NCCL INFO Ring 21 : 1 -> 0 -> 1
spark1:1:1 [0] NCCL INFO Ring 22 : 1 -> 0 -> 1
spark1:1:1 [0] NCCL INFO Ring 23 : 1 -> 0 -> 1
spark1:1:1 [0] NCCL INFO Ring 24 : 1 -> 0 -> 1
spark1:1:1 [0] NCCL INFO Ring 25 : 1 -> 0 -> 1
spark1:1:1 [0] NCCL INFO Ring 26 : 1 -> 0 -> 1
spark1:1:1 [0] NCCL INFO Ring 27 : 1 -> 0 -> 1
spark1:1:1 [0] NCCL INFO Ring 28 : 1 -> 0 -> 1
spark1:1:1 [0] NCCL INFO Ring 29 : 1 -> 0 -> 1
spark1:1:1 [0] NCCL INFO Ring 30 : 1 -> 0 -> 1
spark1:1:1 [0] NCCL INFO Ring 31 : 1 -> 0 -> 1
spark1:1:1 [0] NCCL INFO Ring 32 : 1 -> 0 -> 1
spark1:1:1 [0] NCCL INFO Ring 33 : 1 -> 0 -> 1
spark1:1:1 [0] NCCL INFO Ring 34 : 1 -> 0 -> 1
spark1:1:1 [0] NCCL INFO Ring 35 : 1 -> 0 -> 1
spark1:1:1 [0] NCCL INFO Ring 36 : 1 -> 0 -> 1
spark1:1:1 [0] NCCL INFO Ring 37 : 1 -> 0 -> 1
spark1:1:1 [0] NCCL INFO Ring 38 : 1 -> 0 -> 1
spark1:1:1 [0] NCCL INFO Ring 39 : 1 -> 0 -> 1
spark1:1:1 [0] NCCL INFO Ring 40 : 1 -> 0 -> 1
spark1:1:1 [0] NCCL INFO Ring 41 : 1 -> 0 -> 1
spark1:1:1 [0] NCCL INFO Ring 42 : 1 -> 0 -> 1
spark1:1:1 [0] NCCL INFO Ring 43 : 1 -> 0 -> 1
spark1:1:1 [0] NCCL INFO Ring 44 : 1 -> 0 -> 1
spark1:1:1 [0] NCCL INFO Ring 45 : 1 -> 0 -> 1
spark1:1:1 [0] NCCL INFO Ring 46 : 1 -> 0 -> 1
spark1:1:1 [0] NCCL INFO Ring 47 : 1 -> 0 -> 1
spark1:1:1 [0] NCCL INFO Ring 48 : 1 -> 0 -> 1
spark1:1:1 [0] NCCL INFO Ring 49 : 1 -> 0 -> 1
spark1:1:1 [0] NCCL INFO Ring 50 : 1 -> 0 -> 1
spark1:1:1 [0] NCCL INFO Ring 51 : 1 -> 0 -> 1
spark1:1:1 [0] NCCL INFO Ring 52 : 1 -> 0 -> 1
spark1:1:1 [0] NCCL INFO Ring 53 : 1 -> 0 -> 1
spark1:1:1 [0] NCCL INFO Ring 54 : 1 -> 0 -> 1
spark1:1:1 [0] NCCL INFO Ring 55 : 1 -> 0 -> 1
spark1:1:1 [0] NCCL INFO Ring 56 : 1 -> 0 -> 1
spark1:1:1 [0] NCCL INFO Ring 57 : 1 -> 0 -> 1
spark1:1:1 [0] NCCL INFO Ring 58 : 1 -> 0 -> 1
spark1:1:1 [0] NCCL INFO Ring 59 : 1 -> 0 -> 1
spark1:1:1 [0] NCCL INFO Ring 60 : 1 -> 0 -> 1
spark1:1:1 [0] NCCL INFO Ring 61 : 1 -> 0 -> 1
spark1:1:1 [0] NCCL INFO Ring 62 : 1 -> 0 -> 1
spark1:1:1 [0] NCCL INFO Ring 63 : 1 -> 0 -> 1
spark1:1:1 [0] NCCL INFO Trees [0] 1/-1/-1->0->-1 [1] 1/-1/-1->0->-1 [2] 1/-1/-1->0->-1 [3] 1/-1/-1->0->-1 [4] 1/-1/-1->0->-1 [5] 1/-1/-1->0->-1 [6] 1/-1/-1->0->-1 [7] 1/-1/-1->0->-1 [8] 1/-1/-1->0->-1 [9] 1/-1/-1->0->-1 [10] 1/-1/-1->0->-1 [11] 1/-1/-1->0->-1 [12] 1/-1/-1->0->-1 [13] 1/-1/-1->0->-1 [14] 1/-1/-1->0->-1 [15] 1/-1/-1->0->-1 [16] 1/-1/-1->0->-1 [17] 1/-1/-1->0->-1 [18] 1/-1/-1->0->-1 [19] 1/-1/-1->0->-1 [20] 1/-1/-1->0->-1 [21] 1/-1/-1->0->-1 [22] 1/-1/-1->0->-1 [23] 1/-1/-1->0->-1 [24] 1/-1/-1->0->-1 [25] 1/-1/-1->0->-1 [26] 1/-1/-1->0->-1 [27] 1/-1/-1->0->-1 [28] 1/-1/-1->0->-1 [29] 1/-1/-1->0->-1 [30] 1/-1/-1->0->-1 [31] 1/-1/-1->0->-1 [32] -1/-1/-1->0->1 [33] -1/-1/-1->0->1 [34] -1/-1/-1->0->1 [35] -1/-1/-1->0->1 [36] -1/-1/-1->0->1 [37] -1/-1/-1->0->1 [38] -1/-1/-1->0->1 [39] -1/-1/-1->0->1 [40] -1/-1/-1->0->1 [41] -1/-1/-1->0->1 [42] -1/-1/-1->0->1 [43] -1/-1/-1->0->1 [44] -1/-1/-1->0->1 [45] -1/-1/-1->0->1 [46] -1/-1/-1->0->1 [47] -1/-1/-1->0->1 [48] -1/-1/-1->0->1 [49] -1/-1/-1->0->1 [50] -1/-1/-1->0->1 [51] -1/-1/
spark1:1:1 [0] NCCL INFO P2P Chunksize set to 262144
spark1:1:1 [0] NCCL INFO Tuning P2P operations with maxP2pPeers = 2
spark1:1:1 [0] NCCL INFO ncclOsDlopen(libnccl-profiler.so) failed: libnccl-profiler.so: cannot open shared object file: No such file or directory
spark1:1:1 [0] NCCL INFO PROFILER/Plugin: Could not find: libnccl-profiler.so
spark1:1:1 [0] NCCL INFO Check P2P Type isAllDirectP2p 1 directMode 0 isAllCudaP2p 1
spark1:1:1 [0] NCCL INFO ncclP2pSchedule: group size used is 1
spark1:1:84 [0] NCCL INFO [Proxy Service] Device 0 CPU core 10
spark1:1:84 [0] NCCL INFO proxy listening socket at 10.100.8.1<39999>
spark1:1:85 [0] NCCL INFO [Proxy Service UDS] Device 0 CPU core 11
spark1:1:1 [0] NCCL INFO Channel 00/0 : 1[0] -> 0[0] [receive] via NET/IB/0
spark1:1:1 [0] NCCL INFO Channel 01/0 : 1[0] -> 0[0] [receive] via NET/IB/0
spark1:1:1 [0] NCCL INFO Channel 02/0 : 1[0] -> 0[0] [receive] via NET/IB/0
spark1:1:1 [0] NCCL INFO Channel 03/0 : 1[0] -> 0[0] [receive] via NET/IB/0
spark1:1:1 [0] NCCL INFO Channel 04/0 : 1[0] -> 0[0] [receive] via NET/IB/0
spark1:1:1 [0] NCCL INFO Channel 05/0 : 1[0] -> 0[0] [receive] via NET/IB/0
spark1:1:1 [0] NCCL INFO Channel 06/0 : 1[0] -> 0[0] [receive] via NET/IB/0
spark1:1:86 [0] NCCL INFO [Proxy Progress] Device 0 CPU core 1
spark1:1:1 [0] NCCL INFO Channel 07/0 : 1[0] -> 0[0] [receive] via NET/IB/0
spark1:1:1 [0] NCCL INFO Channel 08/0 : 1[0] -> 0[0] [receive] via NET/IB/0
spark1:1:1 [0] NCCL INFO Channel 09/0 : 1[0] -> 0[0] [receive] via NET/IB/0
spark1:1:1 [0] NCCL INFO Channel 10/0 : 1[0] -> 0[0] [receive] via NET/IB/0
spark1:1:1 [0] NCCL INFO Channel 11/0 : 1[0] -> 0[0] [receive] via NET/IB/0
spark1:1:1 [0] NCCL INFO Channel 12/0 : 1[0] -> 0[0] [receive] via NET/IB/0
spark1:1:1 [0] NCCL INFO Channel 13/0 : 1[0] -> 0[0] [receive] via NET/IB/0
spark1:1:1 [0] NCCL INFO Channel 14/0 : 1[0] -> 0[0] [receive] via NET/IB/0
spark1:1:1 [0] NCCL INFO Channel 15/0 : 1[0] -> 0[0] [receive] via NET/IB/0
spark1:1:1 [0] NCCL INFO Channel 16/0 : 1[0] -> 0[0] [receive] via NET/IB/0
spark1:1:1 [0] NCCL INFO Channel 17/0 : 1[0] -> 0[0] [receive] via NET/IB/0
spark1:1:1 [0] NCCL INFO Channel 18/0 : 1[0] -> 0[0] [receive] via NET/IB/0
spark1:1:1 [0] NCCL INFO Channel 19/0 : 1[0] -> 0[0] [receive] via NET/IB/0
spark1:1:1 [0] NCCL INFO Channel 20/0 : 1[0] -> 0[0] [receive] via NET/IB/0
spark1:1:1 [0] NCCL INFO Channel 21/0 : 1[0] -> 0[0] [receive] via NET/IB/0
spark1:1:1 [0] NCCL INFO Channel 22/0 : 1[0] -> 0[0] [receive] via NET/IB/0
spark1:1:1 [0] NCCL INFO Channel 23/0 : 1[0] -> 0[0] [receive] via NET/IB/0
spark1:1:1 [0] NCCL INFO Channel 24/0 : 1[0] -> 0[0] [receive] via NET/IB/0
spark1:1:1 [0] NCCL INFO Channel 25/0 : 1[0] -> 0[0] [receive] via NET/IB/0
spark1:1:1 [0] NCCL INFO Channel 26/0 : 1[0] -> 0[0] [receive] via NET/IB/0
spark1:1:1 [0] NCCL INFO Channel 27/0 : 1[0] -> 0[0] [receive] via NET/IB/0
spark1:1:1 [0] NCCL INFO Channel 28/0 : 1[0] -> 0[0] [receive] via NET/IB/0
spark1:1:1 [0] NCCL INFO Channel 29/0 : 1[0] -> 0[0] [receive] via NET/IB/0
spark1:1:1 [0] NCCL INFO Channel 30/0 : 1[0] -> 0[0] [receive] via NET/IB/0
spark1:1:1 [0] NCCL INFO Channel 31/0 : 1[0] -> 0[0] [receive] via NET/IB/0
spark1:1:1 [0] NCCL INFO Channel 32/0 : 1[0] -> 0[0] [receive] via NET/IB/0
spark1:1:1 [0] NCCL INFO Channel 33/0 : 1[0] -> 0[0] [receive] via NET/IB/0
spark1:1:1 [0] NCCL INFO Channel 34/0 : 1[0] -> 0[0] [receive] via NET/IB/0
spark1:1:1 [0] NCCL INFO Channel 35/0 : 1[0] -> 0[0] [receive] via NET/IB/0
spark1:1:1 [0] NCCL INFO Channel 36/0 : 1[0] -> 0[0] [receive] via NET/IB/0
spark1:1:1 [0] NCCL INFO Channel 37/0 : 1[0] -> 0[0] [receive] via NET/IB/0
spark1:1:1 [0] NCCL INFO Channel 38/0 : 1[0] -> 0[0] [receive] via NET/IB/0
spark1:1:1 [0] NCCL INFO Channel 39/0 : 1[0] -> 0[0] [receive] via NET/IB/0
spark1:1:1 [0] NCCL INFO Channel 40/0 : 1[0] -> 0[0] [receive] via NET/IB/0
spark1:1:1 [0] NCCL INFO Channel 41/0 : 1[0] -> 0[0] [receive] via NET/IB/0
spark1:1:1 [0] NCCL INFO Channel 42/0 : 1[0] -> 0[0] [receive] via NET/IB/0
spark1:1:1 [0] NCCL INFO Channel 43/0 : 1[0] -> 0[0] [receive] via NET/IB/0
spark1:1:1 [0] NCCL INFO Channel 44/0 : 1[0] -> 0[0] [receive] via NET/IB/0
spark1:1:1 [0] NCCL INFO Channel 45/0 : 1[0] -> 0[0] [receive] via NET/IB/0
spark1:1:1 [0] NCCL INFO Channel 46/0 : 1[0] -> 0[0] [receive] via NET/IB/0
spark1:1:1 [0] NCCL INFO Channel 47/0 : 1[0] -> 0[0] [receive] via NET/IB/0
spark1:1:1 [0] NCCL INFO Channel 48/0 : 1[0] -> 0[0] [receive] via NET/IB/0
spark1:1:1 [0] NCCL INFO Channel 49/0 : 1[0] -> 0[0] [receive] via NET/IB/0
spark1:1:1 [0] NCCL INFO Channel 50/0 : 1[0] -> 0[0] [receive] via NET/IB/0
spark1:1:1 [0] NCCL INFO Channel 51/0 : 1[0] -> 0[0] [receive] via NET/IB/0
spark1:1:1 [0] NCCL INFO Channel 52/0 : 1[0] -> 0[0] [receive] via NET/IB/0
spark1:1:1 [0] NCCL INFO Channel 53/0 : 1[0] -> 0[0] [receive] via NET/IB/0
spark1:1:1 [0] NCCL INFO Channel 54/0 : 1[0] -> 0[0] [receive] via NET/IB/0
spark1:1:1 [0] NCCL INFO Channel 55/0 : 1[0] -> 0[0] [receive] via NET/IB/0
spark1:1:1 [0] NCCL INFO Channel 56/0 : 1[0] -> 0[0] [receive] via NET/IB/0
spark1:1:1 [0] NCCL INFO Channel 57/0 : 1[0] -> 0[0] [receive] via NET/IB/0
spark1:1:1 [0] NCCL INFO Channel 58/0 : 1[0] -> 0[0] [receive] via NET/IB/0
spark1:1:1 [0] NCCL INFO Channel 59/0 : 1[0] -> 0[0] [receive] via NET/IB/0
spark1:1:1 [0] NCCL INFO Channel 60/0 : 1[0] -> 0[0] [receive] via NET/IB/0
spark1:1:1 [0] NCCL INFO Channel 61/0 : 1[0] -> 0[0] [receive] via NET/IB/0
spark1:1:1 [0] NCCL INFO Channel 62/0 : 1[0] -> 0[0] [receive] via NET/IB/0
spark1:1:1 [0] NCCL INFO Channel 63/0 : 1[0] -> 0[0] [receive] via NET/IB/0
spark1:1:1 [0] NCCL INFO Channel 00/0 : 0[0] -> 1[0] [send] via NET/IB/0
spark1:1:1 [0] NCCL INFO Channel 01/0 : 0[0] -> 1[0] [send] via NET/IB/0
spark1:1:1 [0] NCCL INFO Channel 02/0 : 0[0] -> 1[0] [send] via NET/IB/0
spark1:1:1 [0] NCCL INFO Channel 03/0 : 0[0] -> 1[0] [send] via NET/IB/0
spark1:1:1 [0] NCCL INFO Channel 04/0 : 0[0] -> 1[0] [send] via NET/IB/0
spark1:1:1 [0] NCCL INFO Channel 05/0 : 0[0] -> 1[0] [send] via NET/IB/0
spark1:1:1 [0] NCCL INFO Channel 06/0 : 0[0] -> 1[0] [send] via NET/IB/0
spark1:1:1 [0] NCCL INFO Channel 07/0 : 0[0] -> 1[0] [send] via NET/IB/0
spark1:1:1 [0] NCCL INFO Channel 08/0 : 0[0] -> 1[0] [send] via NET/IB/0
spark1:1:1 [0] NCCL INFO Channel 09/0 : 0[0] -> 1[0] [send] via NET/IB/0
spark1:1:1 [0] NCCL INFO Channel 10/0 : 0[0] -> 1[0] [send] via NET/IB/0
spark1:1:1 [0] NCCL INFO Channel 11/0 : 0[0] -> 1[0] [send] via NET/IB/0
spark1:1:1 [0] NCCL INFO Channel 12/0 : 0[0] -> 1[0] [send] via NET/IB/0
spark1:1:1 [0] NCCL INFO Channel 13/0 : 0[0] -> 1[0] [send] via NET/IB/0
spark1:1:1 [0] NCCL INFO Channel 14/0 : 0[0] -> 1[0] [send] via NET/IB/0
spark1:1:1 [0] NCCL INFO Channel 15/0 : 0[0] -> 1[0] [send] via NET/IB/0
spark1:1:1 [0] NCCL INFO Channel 16/0 : 0[0] -> 1[0] [send] via NET/IB/0
spark1:1:1 [0] NCCL INFO Channel 17/0 : 0[0] -> 1[0] [send] via NET/IB/0
spark1:1:1 [0] NCCL INFO Channel 18/0 : 0[0] -> 1[0] [send] via NET/IB/0
spark1:1:1 [0] NCCL INFO Channel 19/0 : 0[0] -> 1[0] [send] via NET/IB/0
spark1:1:1 [0] NCCL INFO Channel 20/0 : 0[0] -> 1[0] [send] via NET/IB/0
spark1:1:1 [0] NCCL INFO Channel 21/0 : 0[0] -> 1[0] [send] via NET/IB/0
spark1:1:1 [0] NCCL INFO Channel 22/0 : 0[0] -> 1[0] [send] via NET/IB/0
spark1:1:1 [0] NCCL INFO Channel 23/0 : 0[0] -> 1[0] [send] via NET/IB/0
spark1:1:1 [0] NCCL INFO Channel 24/0 : 0[0] -> 1[0] [send] via NET/IB/0
spark1:1:1 [0] NCCL INFO Channel 25/0 : 0[0] -> 1[0] [send] via NET/IB/0
spark1:1:1 [0] NCCL INFO Channel 26/0 : 0[0] -> 1[0] [send] via NET/IB/0
spark1:1:1 [0] NCCL INFO Channel 27/0 : 0[0] -> 1[0] [send] via NET/IB/0
spark1:1:1 [0] NCCL INFO Channel 28/0 : 0[0] -> 1[0] [send] via NET/IB/0
spark1:1:1 [0] NCCL INFO Channel 29/0 : 0[0] -> 1[0] [send] via NET/IB/0
spark1:1:1 [0] NCCL INFO Channel 30/0 : 0[0] -> 1[0] [send] via NET/IB/0
spark1:1:1 [0] NCCL INFO Channel 31/0 : 0[0] -> 1[0] [send] via NET/IB/0
spark1:1:1 [0] NCCL INFO Channel 32/0 : 0[0] -> 1[0] [send] via NET/IB/0
spark1:1:1 [0] NCCL INFO Channel 33/0 : 0[0] -> 1[0] [send] via NET/IB/0
spark1:1:1 [0] NCCL INFO Channel 34/0 : 0[0] -> 1[0] [send] via NET/IB/0
spark1:1:1 [0] NCCL INFO Channel 35/0 : 0[0] -> 1[0] [send] via NET/IB/0
spark1:1:1 [0] NCCL INFO Channel 36/0 : 0[0] -> 1[0] [send] via NET/IB/0
spark1:1:1 [0] NCCL INFO Channel 37/0 : 0[0] -> 1[0] [send] via NET/IB/0
spark1:1:1 [0] NCCL INFO Channel 38/0 : 0[0] -> 1[0] [send] via NET/IB/0
spark1:1:1 [0] NCCL INFO Channel 39/0 : 0[0] -> 1[0] [send] via NET/IB/0
spark1:1:1 [0] NCCL INFO Channel 40/0 : 0[0] -> 1[0] [send] via NET/IB/0
spark1:1:1 [0] NCCL INFO Channel 41/0 : 0[0] -> 1[0] [send] via NET/IB/0
spark1:1:1 [0] NCCL INFO Channel 42/0 : 0[0] -> 1[0] [send] via NET/IB/0
spark1:1:1 [0] NCCL INFO Channel 43/0 : 0[0] -> 1[0] [send] via NET/IB/0
spark1:1:1 [0] NCCL INFO Channel 44/0 : 0[0] -> 1[0] [send] via NET/IB/0
spark1:1:1 [0] NCCL INFO Channel 45/0 : 0[0] -> 1[0] [send] via NET/IB/0
spark1:1:1 [0] NCCL INFO Channel 46/0 : 0[0] -> 1[0] [send] via NET/IB/0
spark1:1:1 [0] NCCL INFO Channel 47/0 : 0[0] -> 1[0] [send] via NET/IB/0
spark1:1:1 [0] NCCL INFO Channel 48/0 : 0[0] -> 1[0] [send] via NET/IB/0
spark1:1:1 [0] NCCL INFO Channel 49/0 : 0[0] -> 1[0] [send] via NET/IB/0
spark1:1:1 [0] NCCL INFO Channel 50/0 : 0[0] -> 1[0] [send] via NET/IB/0
spark1:1:1 [0] NCCL INFO Channel 51/0 : 0[0] -> 1[0] [send] via NET/IB/0
spark1:1:1 [0] NCCL INFO Channel 52/0 : 0[0] -> 1[0] [send] via NET/IB/0
spark1:1:1 [0] NCCL INFO Channel 53/0 : 0[0] -> 1[0] [send] via NET/IB/0
spark1:1:1 [0] NCCL INFO Channel 54/0 : 0[0] -> 1[0] [send] via NET/IB/0
spark1:1:1 [0] NCCL INFO Channel 55/0 : 0[0] -> 1[0] [send] via NET/IB/0
spark1:1:1 [0] NCCL INFO Channel 56/0 : 0[0] -> 1[0] [send] via NET/IB/0
spark1:1:1 [0] NCCL INFO Channel 57/0 : 0[0] -> 1[0] [send] via NET/IB/0
spark1:1:1 [0] NCCL INFO Channel 58/0 : 0[0] -> 1[0] [send] via NET/IB/0
spark1:1:1 [0] NCCL INFO Channel 59/0 : 0[0] -> 1[0] [send] via NET/IB/0
spark1:1:1 [0] NCCL INFO Channel 60/0 : 0[0] -> 1[0] [send] via NET/IB/0
spark1:1:1 [0] NCCL INFO Channel 61/0 : 0[0] -> 1[0] [send] via NET/IB/0
spark1:1:1 [0] NCCL INFO Channel 62/0 : 0[0] -> 1[0] [send] via NET/IB/0
spark1:1:1 [0] NCCL INFO Channel 63/0 : 0[0] -> 1[0] [send] via NET/IB/0
spark1:1:84 [0] NCCL INFO NET/IB: ncclIbResiliencyInit: Resiliency is disabled on the send communicator (comm=0xeb23e0042000)
spark1:1:84 [0] NCCL INFO NET/IB: ncclIbResiliencyInit: Resiliency is disabled on the recv communicator (comm=0xeb23e0086000)
spark1:1:84 [0] NCCL INFO NET/IB: ncclIbRecvCommInit: Receive work requests will be posted on-demand
spark1:1:84 [0] NCCL INFO NET/IB: ncclIbResiliencyInit: Resiliency is disabled on the send communicator (comm=0xeb23e00ce000)
spark1:1:84 [0] NCCL INFO NET/IB: ncclIbResiliencyInit: Resiliency is disabled on the recv communicator (comm=0xeb23e0112000)
spark1:1:84 [0] NCCL INFO NET/IB: ncclIbRecvCommInit: Receive work requests will be posted on-demand
spark1:1:84 [0] NCCL INFO NET/IB: ncclIbResiliencyInit: Resiliency is disabled on the send communicator (comm=0xeb23e015a000)
spark1:1:84 [0] NCCL INFO NET/IB: ncclIbResiliencyInit: Resiliency is disabled on the recv communicator (comm=0xeb23e019e000)
spark1:1:84 [0] NCCL INFO NET/IB: ncclIbRecvCommInit: Receive work requests will be posted on-demand
spark1:1:84 [0] NCCL INFO NET/IB: ncclIbResiliencyInit: Resiliency is disabled on the send communicator (comm=0xeb23e01e6000)
spark1:1:84 [0] NCCL INFO NET/IB: ncclIbResiliencyInit: Resiliency is disabled on the recv communicator (comm=0xeb23e022a000)
spark1:1:84 [0] NCCL INFO NET/IB: ncclIbRecvCommInit: Receive work requests will be posted on-demand
spark1:1:84 [0] NCCL INFO NET/IB: ncclIbResiliencyInit: Resiliency is disabled on the send communicator (comm=0xeb23e0272000)
spark1:1:84 [0] NCCL INFO NET/IB: ncclIbResiliencyInit: Resiliency is disabled on the recv communicator (comm=0xeb23e02b6000)
spark1:1:84 [0] NCCL INFO NET/IB: ncclIbRecvCommInit: Receive work requests will be posted on-demand
spark1:1:84 [0] NCCL INFO NET/IB: ncclIbResiliencyInit: Resiliency is disabled on the send communicator (comm=0xeb23e02fe000)
spark1:1:84 [0] NCCL INFO NET/IB: ncclIbResiliencyInit: Resiliency is disabled on the recv communicator (comm=0xeb23e0342000)
spark1:1:84 [0] NCCL INFO NET/IB: ncclIbRecvCommInit: Receive work requests will be posted on-demand
spark1:1:84 [0] NCCL INFO NET/IB: ncclIbResiliencyInit: Resiliency is disabled on the send communicator (comm=0xeb23e038a000)
spark1:1:84 [0] NCCL INFO NET/IB: ncclIbSenderQpsCreate: QP created: port=1 dev=0 devName=rocep1s0f1 ndevs=1 nmdevs=1 qp_num=10688 pkey=0 pd=0xeb23e00cdc70 oooRq=0
spark1:1:84 [0] NCCL INFO NET/IB: ncclIbConnectImpl: NCCL Dev 0 IbDev 0 Port 1 qp_num 10688 mtu 3 GID 3 (0/108640AFFFF0000) ctsFifoRkey=0x197b77 ctsFifoLkey=0x197b77
spark1:1:84 [0] NCCL INFO NET/IB: ncclIbConnectImpl: IbDev 0 Port 1 qp_num 10688 query_ece={supported=1, vendor_id=0x15b3, options=0x30000002, comp_mask=0x0}
spark1:1:84 [0] NCCL INFO NET/IB: ncclIbReceiverQpsCreateToRts: QP created: port=1 dev=0 devName=rocep1s0f1 ndevs=1 nmdevs=1 qp_num=10689 pkey=0 pd=0xeb23e00cdc70 oooRq=0
spark1:1:84 [0] NCCL INFO NET/IB: ncclIbReceiverQpsCreateToRts: Flush QP created: port=1 dev=0 devName=rocep1s0f1 ndevs=1 nmdevs=1 qp_num=10690 pkey=0 pd=0xeb23e00cdc70
spark1:1:84 [0] NCCL INFO NET/IB: ncclIbSenderQpsCreate: QP created: port=1 dev=0 devName=rocep1s0f1 ndevs=1 nmdevs=1 qp_num=10691 pkey=0 pd=0xeb23e00cdc70 oooRq=0
spark1:1:84 [0] NCCL INFO NET/IB: ncclIbConnectImpl: NCCL Dev 0 IbDev 0 Port 1 qp_num 10691 mtu 3 GID 3 (0/108640AFFFF0000) ctsFifoRkey=0x189391 ctsFifoLkey=0x189391
spark1:1:84 [0] NCCL INFO NET/IB: ncclIbConnectImpl: IbDev 0 Port 1 qp_num 10691 query_ece={supported=1, vendor_id=0x15b3, options=0x30000002, comp_mask=0x0}
spark1:1:84 [0] NCCL INFO NET/IB: ncclIbReceiverQpsCreateToRts: QP created: port=1 dev=0 devName=rocep1s0f1 ndevs=1 nmdevs=1 qp_num=10692 pkey=0 pd=0xeb23e00cdc70 oooRq=0
spark1:1:84 [0] NCCL INFO NET/IB: ncclIbReceiverQpsCreateToRts: Flush QP created: port=1 dev=0 devName=rocep1s0f1 ndevs=1 nmdevs=1 qp_num=10693 pkey=0 pd=0xeb23e00cdc70
spark1:1:84 [0] NCCL INFO NET/IB: ncclIbSenderQpsCreate: QP created: port=1 dev=0 devName=rocep1s0f1 ndevs=1 nmdevs=1 qp_num=10694 pkey=0 pd=0xeb23e00cdc70 oooRq=0
spark1:1:84 [0] NCCL INFO NET/IB: ncclIbConnectImpl: NCCL Dev 0 IbDev 0 Port 1 qp_num 10694 mtu 3 GID 3 (0/108640AFFFF0000) ctsFifoRkey=0x18c3be ctsFifoLkey=0x18c3be
spark1:1:84 [0] NCCL INFO NET/IB: ncclIbConnectImpl: IbDev 0 Port 1 qp_num 10694 query_ece={supported=1, vendor_id=0x15b3, options=0x30000002, comp_mask=0x0}
spark1:1:84 [0] NCCL INFO NET/IB: ncclIbSenderQpsCreate: QP created: port=1 dev=0 devName=rocep1s0f1 ndevs=1 nmdevs=1 qp_num=10695 pkey=0 pd=0xeb23e00cdc70 oooRq=0
spark1:1:84 [0] NCCL INFO NET/IB: ncclIbConnectImpl: NCCL Dev 0 IbDev 0 Port 1 qp_num 10695 mtu 3 GID 3 (0/108640AFFFF0000) ctsFifoRkey=0x18d6cc ctsFifoLkey=0x18d6cc
spark1:1:84 [0] NCCL INFO NET/IB: ncclIbConnectImpl: IbDev 0 Port 1 qp_num 10695 query_ece={supported=1, vendor_id=0x15b3, options=0x30000002, comp_mask=0x0}
spark1:1:84 [0] NCCL INFO NET/IB: ncclIbSenderQpsCreate: QP created: port=1 dev=0 devName=rocep1s0f1 ndevs=1 nmdevs=1 qp_num=10696 pkey=0 pd=0xeb23e00cdc70 oooRq=0
spark1:1:84 [0] NCCL INFO NET/IB: ncclIbConnectImpl: NCCL Dev 0 IbDev 0 Port 1 qp_num 10696 mtu 3 GID 3 (0/108640AFFFF0000) ctsFifoRkey=0x18d9d9 ctsFifoLkey=0x18d9d9
spark1:1:84 [0] NCCL INFO NET/IB: ncclIbConnectImpl: IbDev 0 Port 1 qp_num 10696 query_ece={supported=1, vendor_id=0x15b3, options=0x30000002, comp_mask=0x0}
spark1:1:84 [0] NCCL INFO NET/IB: ncclIbResiliencyInit: Resiliency is disabled on the recv communicator (comm=0xeb23e0573000)
spark1:1:84 [0] NCCL INFO NET/IB: ncclIbRecvCommInit: Receive work requests will be posted on-demand
spark1:1:84 [0] NCCL INFO NET/IB: ncclIbSenderQpsToRts: Set ECE: IbDev 0 Port 1 qp_num 10688 set_ece={supported=1, vendor_id=0x15b3, options=0x30000002, comp_mask=0x0}
spark1:1:84 [0] NCCL INFO NET/IB: ncclIbSenderQpsToRts: Set ECE: IbDev 0 Port 1 qp_num 10691 set_ece={supported=1, vendor_id=0x15b3, options=0x30000002, comp_mask=0x0}
spark1:1:84 [0] NCCL INFO NET/IB: ncclIbSenderQpsToRts: Set ECE: IbDev 0 Port 1 qp_num 10694 set_ece={supported=1, vendor_id=0x15b3, options=0x30000002, comp_mask=0x0}
spark1:1:84 [0] NCCL INFO NET/IB: ncclIbReceiverQpsCreateToRts: QP created: port=1 dev=0 devName=rocep1s0f1 ndevs=1 nmdevs=1 qp_num=10697 pkey=0 pd=0xeb23e00cdc70 oooRq=0
spark1:1:84 [0] NCCL INFO NET/IB: ncclIbReceiverQpsCreateToRts: Flush QP created: port=1 dev=0 devName=rocep1s0f1 ndevs=1 nmdevs=1 qp_num=10698 pkey=0 pd=0xeb23e00cdc70
spark1:1:84 [0] NCCL INFO NET/IB: ncclIbSenderQpsToRts: Set ECE: IbDev 0 Port 1 qp_num 10695 set_ece={supported=1, vendor_id=0x15b3, options=0x30000002, comp_mask=0x0}
spark1:1:84 [0] NCCL INFO NET/IB: ncclIbReceiverQpsCreateToRts: QP created: port=1 dev=0 devName=rocep1s0f1 ndevs=1 nmdevs=1 qp_num=10699 pkey=0 pd=0xeb23e00cdc70 oooRq=0
spark1:1:84 [0] NCCL INFO NET/IB: ncclIbReceiverQpsCreateToRts: Flush QP created: port=1 dev=0 devName=rocep1s0f1 ndevs=1 nmdevs=1 qp_num=10700 pkey=0 pd=0xeb23e00cdc70
spark1:1:84 [0] NCCL INFO NET/IB: ncclIbSenderQpsToRts: Set ECE: IbDev 0 Port 1 qp_num 10696 set_ece={supported=1, vendor_id=0x15b3, options=0x30000002, comp_mask=0x0}
spark1:1:84 [0] NCCL INFO NET/IB: ncclIbReceiverQpsCreateToRts: QP created: port=1 dev=0 devName=rocep1s0f1 ndevs=1 nmdevs=1 qp_num=10701 pkey=0 pd=0xeb23e00cdc70 oooRq=0
spark1:1:84 [0] NCCL INFO NET/IB: ncclIbReceiverQpsCreateToRts: Flush QP created: port=1 dev=0 devName=rocep1s0f1 ndevs=1 nmdevs=1 qp_num=10702 pkey=0 pd=0xeb23e00cdc70
spark1:1:84 [0] NCCL INFO NET/IB: ncclIbSenderQpsCreate: QP created: port=1 dev=0 devName=rocep1s0f1 ndevs=1 nmdevs=1 qp_num=10703 pkey=0 pd=0xeb23e00cdc70 oooRq=0
spark1:1:84 [0] NCCL INFO NET/IB: ncclIbConnectImpl: NCCL Dev 0 IbDev 0 Port 1 qp_num 10703 mtu 3 GID 3 (0/108640AFFFF0000) ctsFifoRkey=0x18ebef ctsFifoLkey=0x18ebef
spark1:1:84 [0] NCCL INFO NET/IB: ncclIbConnectImpl: IbDev 0 Port 1 qp_num 10703 query_ece={supported=1, vendor_id=0x15b3, options=0x30000002, comp_mask=0x0}
spark1:1:84 [0] NCCL INFO NET/IB: ncclIbResiliencyInit: Resiliency is disabled on the send communicator (comm=0xeb23e06ca000)
spark1:1:84 [0] NCCL INFO NET/IB: ncclIbResiliencyInit: Resiliency is disabled on the recv communicator (comm=0xeb23e070e000)
spark1:1:84 [0] NCCL INFO NET/IB: ncclIbRecvCommInit: Receive work requests will be posted on-demand
spark1:1:84 [0] NCCL INFO NET/IB: ncclIbResiliencyInit: Resiliency is disabled on the send communicator (comm=0xeb23e0753000)
spark1:1:84 [0] NCCL INFO NET/IB: ncclIbResiliencyInit: Resiliency is disabled on the recv communicator (comm=0xeb23e0794000)
spark1:1:84 [0] NCCL INFO NET/IB: ncclIbRecvCommInit: Receive work requests will be posted on-demand
spark1:1:84 [0] NCCL INFO NET/IB: ncclIbResiliencyInit: Resiliency is disabled on the send communicator (comm=0xeb23e07d9000)
spark1:1:84 [0] NCCL INFO NET/IB: ncclIbResiliencyInit: Resiliency is disabled on the recv communicator (comm=0xeb23e081d000)
spark1:1:84 [0] NCCL INFO NET/IB: ncclIbRecvCommInit: Receive work requests will be posted on-demand
spark1:1:84 [0] NCCL INFO NET/IB: ncclIbResiliencyInit: Resiliency is disabled on the send communicator (comm=0xeb23e0865000)
spark1:1:84 [0] NCCL INFO NET/IB: ncclIbResiliencyInit: Resiliency is disabled on the recv communicator (comm=0xeb23e08a9000)
spark1:1:84 [0] NCCL INFO NET/IB: ncclIbRecvCommInit: Receive work requests will be posted on-demand
spark1:1:84 [0] NCCL INFO NET/IB: ncclIbResiliencyInit: Resiliency is disabled on the send communicator (comm=0xeb23e08f1000)
spark1:1:84 [0] NCCL INFO NET/IB: ncclIbResiliencyInit: Resiliency is disabled on the recv communicator (comm=0xeb23e0935000)
spark1:1:84 [0] NCCL INFO NET/IB: ncclIbRecvCommInit: Receive work requests will be posted on-demand
spark1:1:84 [0] NCCL INFO NET/IB: ncclIbResiliencyInit: Resiliency is disabled on the send communicator (comm=0xeb23e097d000)
spark1:1:84 [0] NCCL INFO NET/IB: ncclIbReceiverQpsCreateToRts: QP created: port=1 dev=0 devName=rocep1s0f1 ndevs=1 nmdevs=1 qp_num=10704 pkey=0 pd=0xeb23e00cdc70 oooRq=0
spark1:1:84 [0] NCCL INFO NET/IB: ncclIbReceiverQpsCreateToRts: Flush QP created: port=1 dev=0 devName=rocep1s0f1 ndevs=1 nmdevs=1 qp_num=10705 pkey=0 pd=0xeb23e00cdc70
spark1:1:84 [0] NCCL INFO NET/IB: ncclIbResiliencyInit: Resiliency is disabled on the recv communicator (comm=0xeb23e0a11000)
spark1:1:84 [0] NCCL INFO NET/IB: ncclIbRecvCommInit: Receive work requests will be posted on-demand
spark1:1:84 [0] NCCL INFO NET/IB: ncclIbSenderQpsToRts: Set ECE: IbDev 0 Port 1 qp_num 10703 set_ece={supported=1, vendor_id=0x15b3, options=0x30000002, comp_mask=0x0}
spark1:1:84 [0] NCCL INFO NET/IB: ncclIbResiliencyInit: Resiliency is disabled on the send communicator (comm=0xeb23e0a59000)
spark1:1:84 [0] NCCL INFO NET/IB: ncclIbResiliencyInit: Resiliency is disabled on the recv communicator (comm=0xeb23e0a9d000)
spark1:1:84 [0] NCCL INFO NET/IB: ncclIbRecvCommInit: Receive work requests will be posted on-demand
spark1:1:84 [0] NCCL INFO NET/IB: ncclIbResiliencyInit: Resiliency is disabled on the send communicator (comm=0xeb23e0ae5000)
spark1:1:84 [0] NCCL INFO NET/IB: ncclIbResiliencyInit: Resiliency is disabled on the recv communicator (comm=0xeb23e0b29000)
spark1:1:84 [0] NCCL INFO NET/IB: ncclIbRecvCommInit: Receive work requests will be posted on-demand
spark1:1:84 [0] NCCL INFO NET/IB: ncclIbResiliencyInit: Resiliency is disabled on the send communicator (comm=0xeb23e0b71000)
spark1:1:84 [0] NCCL INFO NET/IB: ncclIbResiliencyInit: Resiliency is disabled on the recv communicator (comm=0xeb23e0bb5000)
spark1:1:84 [0] NCCL INFO NET/IB: ncclIbRecvCommInit: Receive work requests will be posted on-demand
spark1:1:84 [0] NCCL INFO NET/IB: ncclIbResiliencyInit: Resiliency is disabled on the send communicator (comm=0xeb23e0bfd000)
spark1:1:84 [0] NCCL INFO NET/IB: ncclIbResiliencyInit: Resiliency is disabled on the recv communicator (comm=0xeb23e0c41000)
spark1:1:84 [0] NCCL INFO NET/IB: ncclIbRecvCommInit: Receive work requests will be posted on-demand
spark1:1:84 [0] NCCL INFO NET/IB: ncclIbResiliencyInit: Resiliency is disabled on the send communicator (comm=0xeb23e0c89000)
spark1:1:84 [0] NCCL INFO NET/IB: ncclIbResiliencyInit: Resiliency is disabled on the recv communicator (comm=0xeb23e0ccd000)
spark1:1:84 [0] NCCL INFO NET/IB: ncclIbRecvCommInit: Receive work requests will be posted on-demand
spark1:1:84 [0] NCCL INFO NET/IB: ncclIbResiliencyInit: Resiliency is disabled on the send communicator (comm=0xeb23e0d15000)
spark1:1:84 [0] NCCL INFO NET/IB: ncclIbResiliencyInit: Resiliency is disabled on the recv communicator (comm=0xeb23e0d59000)
spark1:1:84 [0] NCCL INFO NET/IB: ncclIbRecvCommInit: Receive work requests will be posted on-demand
spark1:1:84 [0] NCCL INFO NET/IB: ncclIbResiliencyInit: Resiliency is disabled on the send communicator (comm=0xeb23e0da1000)
spark1:1:84 [0] NCCL INFO NET/IB: ncclIbResiliencyInit: Resiliency is disabled on the recv communicator (comm=0xeb23e0de5000)
spark1:1:84 [0] NCCL INFO NET/IB: ncclIbRecvCommInit: Receive work requests will be posted on-demand
spark1:1:84 [0] NCCL INFO NET/IB: ncclIbReceiverQpsCreateToRts: QP created: port=1 dev=0 devName=rocep1s0f1 ndevs=1 nmdevs=1 qp_num=10706 pkey=0 pd=0xeb23e00cdc70 oooRq=0
spark1:1:84 [0] NCCL INFO NET/IB: ncclIbReceiverQpsCreateToRts: Flush QP created: port=1 dev=0 devName=rocep1s0f1 ndevs=1 nmdevs=1 qp_num=10707 pkey=0 pd=0xeb23e00cdc70
spark1:1:84 [0] NCCL INFO NET/IB: ncclIbSenderQpsCreate: QP created: port=1 dev=0 devName=rocep1s0f1 ndevs=1 nmdevs=1 qp_num=10708 pkey=0 pd=0xeb23e00cdc70 oooRq=0
spark1:1:84 [0] NCCL INFO NET/IB: ncclIbConnectImpl: NCCL Dev 0 IbDev 0 Port 1 qp_num 10708 mtu 3 GID 3 (0/108640AFFFF0000) ctsFifoRkey=0x18feff ctsFifoLkey=0x18feff
spark1:1:84 [0] NCCL INFO NET/IB: ncclIbConnectImpl: IbDev 0 Port 1 qp_num 10708 query_ece={supported=1, vendor_id=0x15b3, options=0x30000002, comp_mask=0x0}
spark1:1:84 [0] NCCL INFO NET/IB: ncclIbSenderQpsCreate: QP created: port=1 dev=0 devName=rocep1s0f1 ndevs=1 nmdevs=1 qp_num=10709 pkey=0 pd=0xeb23e00cdc70 oooRq=0
spark1:1:84 [0] NCCL INFO NET/IB: ncclIbConnectImpl: NCCL Dev 0 IbDev 0 Port 1 qp_num 10709 mtu 3 GID 3 (0/108640AFFFF0000) ctsFifoRkey=0x1ab5b2 ctsFifoLkey=0x1ab5b2
spark1:1:84 [0] NCCL INFO NET/IB: ncclIbConnectImpl: IbDev 0 Port 1 qp_num 10709 query_ece={supported=1, vendor_id=0x15b3, options=0x30000002, comp_mask=0x0}
spark1:1:84 [0] NCCL INFO NET/IB: ncclIbSenderQpsCreate: QP created: port=1 dev=0 devName=rocep1s0f1 ndevs=1 nmdevs=1 qp_num=10710 pkey=0 pd=0xeb23e00cdc70 oooRq=0
spark1:1:84 [0] NCCL INFO NET/IB: ncclIbConnectImpl: NCCL Dev 0 IbDev 0 Port 1 qp_num 10710 mtu 3 GID 3 (0/108640AFFFF0000) ctsFifoRkey=0x1aa8a6 ctsFifoLkey=0x1aa8a6
spark1:1:84 [0] NCCL INFO NET/IB: ncclIbConnectImpl: IbDev 0 Port 1 qp_num 10710 query_ece={supported=1, vendor_id=0x15b3, options=0x30000002, comp_mask=0x0}
spark1:1:84 [0] NCCL INFO NET/IB: ncclIbSenderQpsCreate: QP created: port=1 dev=0 devName=rocep1s0f1 ndevs=1 nmdevs=1 qp_num=10711 pkey=0 pd=0xeb23e00cdc70 oooRq=0
spark1:1:84 [0] NCCL INFO NET/IB: ncclIbConnectImpl: NCCL Dev 0 IbDev 0 Port 1 qp_num 10711 mtu 3 GID 3 (0/108640AFFFF0000) ctsFifoRkey=0x199e9b ctsFifoLkey=0x199e9b
spark1:1:84 [0] NCCL INFO NET/IB: ncclIbConnectImpl: IbDev 0 Port 1 qp_num 10711 query_ece={supported=1, vendor_id=0x15b3, options=0x30000002, comp_mask=0x0}
spark1:1:84 [0] NCCL INFO NET/IB: ncclIbSenderQpsCreate: QP created: port=1 dev=0 devName=rocep1s0f1 ndevs=1 nmdevs=1 qp_num=10712 pkey=0 pd=0xeb23e00cdc70 oooRq=0
spark1:1:84 [0] NCCL INFO NET/IB: ncclIbConnectImpl: NCCL Dev 0 IbDev 0 Port 1 qp_num 10712 mtu 3 GID 3 (0/108640AFFFF0000) ctsFifoRkey=0x198483 ctsFifoLkey=0x198483
spark1:1:84 [0] NCCL INFO NET/IB: ncclIbConnectImpl: IbDev 0 Port 1 qp_num 10712 query_ece={supported=1, vendor_id=0x15b3, options=0x30000002, comp_mask=0x0}
spark1:1:84 [0] NCCL INFO NET/IB: ncclIbSenderQpsCreate: QP created: port=1 dev=0 devName=rocep1s0f1 ndevs=1 nmdevs=1 qp_num=10713 pkey=0 pd=0xeb23e00cdc70 oooRq=0
spark1:1:84 [0] NCCL INFO NET/IB: ncclIbConnectImpl: NCCL Dev 0 IbDev 0 Port 1 qp_num 10713 mtu 3 GID 3 (0/108640AFFFF0000) ctsFifoRkey=0x195653 ctsFifoLkey=0x195653
spark1:1:84 [0] NCCL INFO NET/IB: ncclIbConnectImpl: IbDev 0 Port 1 qp_num 10713 query_ece={supported=1, vendor_id=0x15b3, options=0x30000002, comp_mask=0x0}
spark1:1:84 [0] NCCL INFO NET/IB: ncclIbSenderQpsCreate: QP created: port=1 dev=0 devName=rocep1s0f1 ndevs=1 nmdevs=1 qp_num=10714 pkey=0 pd=0xeb23e00cdc70 oooRq=0
spark1:1:84 [0] NCCL INFO NET/IB: ncclIbConnectImpl: NCCL Dev 0 IbDev 0 Port 1 qp_num 10714 mtu 3 GID 3 (0/108640AFFFF0000) ctsFifoRkey=0x196f6c ctsFifoLkey=0x196f6c
spark1:1:84 [0] NCCL INFO NET/IB: ncclIbConnectImpl: IbDev 0 Port 1 qp_num 10714 query_ece={supported=1, vendor_id=0x15b3, options=0x30000002, comp_mask=0x0}
spark1:1:84 [0] NCCL INFO NET/IB: ncclIbSenderQpsCreate: QP created: port=1 dev=0 devName=rocep1s0f1 ndevs=1 nmdevs=1 qp_num=10715 pkey=0 pd=0xeb23e00cdc70 oooRq=0
spark1:1:84 [0] NCCL INFO NET/IB: ncclIbConnectImpl: NCCL Dev 0 IbDev 0 Port 1 qp_num 10715 mtu 3 GID 3 (0/108640AFFFF0000) ctsFifoRkey=0x1b3430 ctsFifoLkey=0x1b3430
spark1:1:84 [0] NCCL INFO NET/IB: ncclIbConnectImpl: IbDev 0 Port 1 qp_num 10715 query_ece={supported=1, vendor_id=0x15b3, options=0x30000002, comp_mask=0x0}
spark1:1:84 [0] NCCL INFO NET/IB: ncclIbResiliencyInit: Resiliency is disabled on the send communicator (comm=0xeb23e1009000)
spark1:1:84 [0] NCCL INFO NET/IB: ncclIbSenderQpsCreate: QP created: port=1 dev=0 devName=rocep1s0f1 ndevs=1 nmdevs=1 qp_num=10716 pkey=0 pd=0xeb23e00cdc70 oooRq=0
spark1:1:84 [0] NCCL INFO NET/IB: ncclIbConnectImpl: NCCL Dev 0 IbDev 0 Port 1 qp_num 10716 mtu 3 GID 3 (0/108640AFFFF0000) ctsFifoRkey=0x190706 ctsFifoLkey=0x190706
spark1:1:84 [0] NCCL INFO NET/IB: ncclIbConnectImpl: IbDev 0 Port 1 qp_num 10716 query_ece={supported=1, vendor_id=0x15b3, options=0x30000002, comp_mask=0x0}
spark1:1:84 [0] NCCL INFO NET/IB: ncclIbSenderQpsToRts: Set ECE: IbDev 0 Port 1 qp_num 10708 set_ece={supported=1, vendor_id=0x15b3, options=0x30000002, comp_mask=0x0}
spark1:1:84 [0] NCCL INFO NET/IB: ncclIbReceiverQpsCreateToRts: QP created: port=1 dev=0 devName=rocep1s0f1 ndevs=1 nmdevs=1 qp_num=10717 pkey=0 pd=0xeb23e00cdc70 oooRq=0
spark1:1:84 [0] NCCL INFO NET/IB: ncclIbReceiverQpsCreateToRts: Flush QP created: port=1 dev=0 devName=rocep1s0f1 ndevs=1 nmdevs=1 qp_num=10718 pkey=0 pd=0xeb23e00cdc70
spark1:1:84 [0] NCCL INFO NET/IB: ncclIbSenderQpsToRts: Set ECE: IbDev 0 Port 1 qp_num 10709 set_ece={supported=1, vendor_id=0x15b3, options=0x30000002, comp_mask=0x0}
spark1:1:84 [0] NCCL INFO NET/IB: ncclIbReceiverQpsCreateToRts: QP created: port=1 dev=0 devName=rocep1s0f1 ndevs=1 nmdevs=1 qp_num=10719 pkey=0 pd=0xeb23e00cdc70 oooRq=0
spark1:1:84 [0] NCCL INFO NET/IB: ncclIbReceiverQpsCreateToRts: Flush QP created: port=1 dev=0 devName=rocep1s0f1 ndevs=1 nmdevs=1 qp_num=10720 pkey=0 pd=0xeb23e00cdc70
spark1:1:84 [0] NCCL INFO NET/IB: ncclIbSenderQpsToRts: Set ECE: IbDev 0 Port 1 qp_num 10710 set_ece={supported=1, vendor_id=0x15b3, options=0x30000002, comp_mask=0x0}
spark1:1:84 [0] NCCL INFO NET/IB: ncclIbReceiverQpsCreateToRts: QP created: port=1 dev=0 devName=rocep1s0f1 ndevs=1 nmdevs=1 qp_num=10721 pkey=0 pd=0xeb23e00cdc70 oooRq=0
spark1:1:84 [0] NCCL INFO NET/IB: ncclIbReceiverQpsCreateToRts: Flush QP created: port=1 dev=0 devName=rocep1s0f1 ndevs=1 nmdevs=1 qp_num=10722 pkey=0 pd=0xeb23e00cdc70
spark1:1:84 [0] NCCL INFO NET/IB: ncclIbSenderQpsToRts: Set ECE: IbDev 0 Port 1 qp_num 10711 set_ece={supported=1, vendor_id=0x15b3, options=0x30000002, comp_mask=0x0}
spark1:1:84 [0] NCCL INFO NET/IB: ncclIbReceiverQpsCreateToRts: QP created: port=1 dev=0 devName=rocep1s0f1 ndevs=1 nmdevs=1 qp_num=10723 pkey=0 pd=0xeb23e00cdc70 oooRq=0
spark1:1:84 [0] NCCL INFO NET/IB: ncclIbReceiverQpsCreateToRts: Flush QP created: port=1 dev=0 devName=rocep1s0f1 ndevs=1 nmdevs=1 qp_num=10724 pkey=0 pd=0xeb23e00cdc70
spark1:1:84 [0] NCCL INFO NET/IB: ncclIbSenderQpsToRts: Set ECE: IbDev 0 Port 1 qp_num 10712 set_ece={supported=1, vendor_id=0x15b3, options=0x30000002, comp_mask=0x0}
spark1:1:84 [0] NCCL INFO NET/IB: ncclIbReceiverQpsCreateToRts: QP created: port=1 dev=0 devName=rocep1s0f1 ndevs=1 nmdevs=1 qp_num=10725 pkey=0 pd=0xeb23e00cdc70 oooRq=0
spark1:1:84 [0] NCCL INFO NET/IB: ncclIbReceiverQpsCreateToRts: Flush QP created: port=1 dev=0 devName=rocep1s0f1 ndevs=1 nmdevs=1 qp_num=10726 pkey=0 pd=0xeb23e00cdc70
spark1:1:84 [0] NCCL INFO NET/IB: ncclIbSenderQpsToRts: Set ECE: IbDev 0 Port 1 qp_num 10713 set_ece={supported=1, vendor_id=0x15b3, options=0x30000002, comp_mask=0x0}
spark1:1:84 [0] NCCL INFO NET/IB: ncclIbReceiverQpsCreateToRts: QP created: port=1 dev=0 devName=rocep1s0f1 ndevs=1 nmdevs=1 qp_num=10727 pkey=0 pd=0xeb23e00cdc70 oooRq=0
spark1:1:84 [0] NCCL INFO NET/IB: ncclIbReceiverQpsCreateToRts: Flush QP created: port=1 dev=0 devName=rocep1s0f1 ndevs=1 nmdevs=1 qp_num=10728 pkey=0 pd=0xeb23e00cdc70
spark1:1:84 [0] NCCL INFO NET/IB: ncclIbSenderQpsToRts: Set ECE: IbDev 0 Port 1 qp_num 10714 set_ece={supported=1, vendor_id=0x15b3, options=0x30000002, comp_mask=0x0}
spark1:1:84 [0] NCCL INFO NET/IB: ncclIbReceiverQpsCreateToRts: QP created: port=1 dev=0 devName=rocep1s0f1 ndevs=1 nmdevs=1 qp_num=10729 pkey=0 pd=0xeb23e00cdc70 oooRq=0
spark1:1:84 [0] NCCL INFO NET/IB: ncclIbReceiverQpsCreateToRts: Flush QP created: port=1 dev=0 devName=rocep1s0f1 ndevs=1 nmdevs=1 qp_num=10730 pkey=0 pd=0xeb23e00cdc70
spark1:1:84 [0] NCCL INFO NET/IB: ncclIbSenderQpsToRts: Set ECE: IbDev 0 Port 1 qp_num 10715 set_ece={supported=1, vendor_id=0x15b3, options=0x30000002, comp_mask=0x0}
spark1:1:84 [0] NCCL INFO NET/IB: ncclIbReceiverQpsCreateToRts: QP created: port=1 dev=0 devName=rocep1s0f1 ndevs=1 nmdevs=1 qp_num=10731 pkey=0 pd=0xeb23e00cdc70 oooRq=0
spark1:1:84 [0] NCCL INFO NET/IB: ncclIbReceiverQpsCreateToRts: Flush QP created: port=1 dev=0 devName=rocep1s0f1 ndevs=1 nmdevs=1 qp_num=10732 pkey=0 pd=0xeb23e00cdc70
spark1:1:84 [0] NCCL INFO NET/IB: ncclIbSenderQpsCreate: QP created: port=1 dev=0 devName=rocep1s0f1 ndevs=1 nmdevs=1 qp_num=10733 pkey=0 pd=0xeb23e00cdc70 oooRq=0
spark1:1:84 [0] NCCL INFO NET/IB: ncclIbConnectImpl: NCCL Dev 0 IbDev 0 Port 1 qp_num 10733 mtu 3 GID 3 (0/108640AFFFF0000) ctsFifoRkey=0x1afafa ctsFifoLkey=0x1afafa
spark1:1:84 [0] NCCL INFO NET/IB: ncclIbConnectImpl: IbDev 0 Port 1 qp_num 10733 query_ece={supported=1, vendor_id=0x15b3, options=0x30000002, comp_mask=0x0}
spark1:1:84 [0] NCCL INFO NET/IB: ncclIbReceiverQpsCreateToRts: QP created: port=1 dev=0 devName=rocep1s0f1 ndevs=1 nmdevs=1 qp_num=10734 pkey=0 pd=0xeb23e00cdc70 oooRq=0
spark1:1:84 [0] NCCL INFO NET/IB: ncclIbReceiverQpsCreateToRts: Flush QP created: port=1 dev=0 devName=rocep1s0f1 ndevs=1 nmdevs=1 qp_num=10735 pkey=0 pd=0xeb23e00cdc70
spark1:1:84 [0] NCCL INFO NET/IB: ncclIbResiliencyInit: Resiliency is disabled on the recv communicator (comm=0xeb23e1368000)
spark1:1:84 [0] NCCL INFO NET/IB: ncclIbRecvCommInit: Receive work requests will be posted on-demand
spark1:1:84 [0] NCCL INFO NET/IB: ncclIbSenderQpsToRts: Set ECE: IbDev 0 Port 1 qp_num 10716 set_ece={supported=1, vendor_id=0x15b3, options=0x30000002, comp_mask=0x0}
spark1:1:84 [0] NCCL INFO NET/IB: ncclIbSenderQpsToRts: Set ECE: IbDev 0 Port 1 qp_num 10733 set_ece={supported=1, vendor_id=0x15b3, options=0x30000002, comp_mask=0x0}
spark1:1:84 [0] NCCL INFO NET/IB: ncclIbSenderQpsCreate: QP created: port=1 dev=0 devName=rocep1s0f1 ndevs=1 nmdevs=1 qp_num=10736 pkey=0 pd=0xeb23e00cdc70 oooRq=0
spark1:1:84 [0] NCCL INFO NET/IB: ncclIbConnectImpl: NCCL Dev 0 IbDev 0 Port 1 qp_num 10736 mtu 3 GID 3 (0/108640AFFFF0000) ctsFifoRkey=0x1b9390 ctsFifoLkey=0x1b9390
spark1:1:84 [0] NCCL INFO NET/IB: ncclIbConnectImpl: IbDev 0 Port 1 qp_num 10736 query_ece={supported=1, vendor_id=0x15b3, options=0x30000002, comp_mask=0x0}
spark1:1:84 [0] NCCL INFO NET/IB: ncclIbSenderQpsCreate: QP created: port=1 dev=0 devName=rocep1s0f1 ndevs=1 nmdevs=1 qp_num=10737 pkey=0 pd=0xeb23e00cdc70 oooRq=0
spark1:1:84 [0] NCCL INFO NET/IB: ncclIbConnectImpl: NCCL Dev 0 IbDev 0 Port 1 qp_num 10737 mtu 3 GID 3 (0/108640AFFFF0000) ctsFifoRkey=0x1b3e3d ctsFifoLkey=0x1b3e3d
spark1:1:84 [0] NCCL INFO NET/IB: ncclIbConnectImpl: IbDev 0 Port 1 qp_num 10737 query_ece={supported=1, vendor_id=0x15b3, options=0x30000002, comp_mask=0x0}
spark1:1:84 [0] NCCL INFO NET/IB: ncclIbSenderQpsCreate: QP created: port=1 dev=0 devName=rocep1s0f1 ndevs=1 nmdevs=1 qp_num=10738 pkey=0 pd=0xeb23e00cdc70 oooRq=0
spark1:1:84 [0] NCCL INFO NET/IB: ncclIbConnectImpl: NCCL Dev 0 IbDev 0 Port 1 qp_num 10738 mtu 3 GID 3 (0/108640AFFFF0000) ctsFifoRkey=0x1a3b38 ctsFifoLkey=0x1a3b38
spark1:1:84 [0] NCCL INFO NET/IB: ncclIbConnectImpl: IbDev 0 Port 1 qp_num 10738 query_ece={supported=1, vendor_id=0x15b3, options=0x30000002, comp_mask=0x0}
spark1:1:84 [0] NCCL INFO NET/IB: ncclIbSenderQpsCreate: QP created: port=1 dev=0 devName=rocep1s0f1 ndevs=1 nmdevs=1 qp_num=10739 pkey=0 pd=0xeb23e00cdc70 oooRq=0
spark1:1:84 [0] NCCL INFO NET/IB: ncclIbConnectImpl: NCCL Dev 0 IbDev 0 Port 1 qp_num 10739 mtu 3 GID 3 (0/108640AFFFF0000) ctsFifoRkey=0x19cfcd ctsFifoLkey=0x19cfcd
spark1:1:84 [0] NCCL INFO NET/IB: ncclIbConnectImpl: IbDev 0 Port 1 qp_num 10739 query_ece={supported=1, vendor_id=0x15b3, options=0x30000002, comp_mask=0x0}
spark1:1:84 [0] NCCL INFO NET/IB: ncclIbSenderQpsCreate: QP created: port=1 dev=0 devName=rocep1s0f1 ndevs=1 nmdevs=1 qp_num=10740 pkey=0 pd=0xeb23e00cdc70 oooRq=0
spark1:1:84 [0] NCCL INFO NET/IB: ncclIbConnectImpl: NCCL Dev 0 IbDev 0 Port 1 qp_num 10740 mtu 3 GID 3 (0/108640AFFFF0000) ctsFifoRkey=0x19b8b5 ctsFifoLkey=0x19b8b5
spark1:1:84 [0] NCCL INFO NET/IB: ncclIbConnectImpl: IbDev 0 Port 1 qp_num 10740 query_ece={supported=1, vendor_id=0x15b3, options=0x30000002, comp_mask=0x0}
spark1:1:84 [0] NCCL INFO NET/IB: ncclIbResiliencyInit: Resiliency is disabled on the send communicator (comm=0xeb23e1496000)
spark1:1:84 [0] NCCL INFO NET/IB: ncclIbReceiverQpsCreateToRts: QP created: port=1 dev=0 devName=rocep1s0f1 ndevs=1 nmdevs=1 qp_num=10741 pkey=0 pd=0xeb23e00cdc70 oooRq=0
spark1:1:84 [0] NCCL INFO NET/IB: ncclIbReceiverQpsCreateToRts: Flush QP created: port=1 dev=0 devName=rocep1s0f1 ndevs=1 nmdevs=1 qp_num=10742 pkey=0 pd=0xeb23e00cdc70
spark1:1:84 [0] NCCL INFO NET/IB: ncclIbResiliencyInit: Resiliency is disabled on the recv communicator (comm=0xeb23e1528000)
spark1:1:84 [0] NCCL INFO NET/IB: ncclIbRecvCommInit: Receive work requests will be posted on-demand
spark1:1:84 [0] NCCL INFO NET/IB: ncclIbSenderQpsToRts: Set ECE: IbDev 0 Port 1 qp_num 10736 set_ece={supported=1, vendor_id=0x15b3, options=0x30000002, comp_mask=0x0}
spark1:1:84 [0] NCCL INFO NET/IB: ncclIbSenderQpsToRts: Set ECE: IbDev 0 Port 1 qp_num 10737 set_ece={supported=1, vendor_id=0x15b3, options=0x30000002, comp_mask=0x0}
spark1:1:84 [0] NCCL INFO NET/IB: ncclIbReceiverQpsCreateToRts: QP created: port=1 dev=0 devName=rocep1s0f1 ndevs=1 nmdevs=1 qp_num=10743 pkey=0 pd=0xeb23e00cdc70 oooRq=0
spark1:1:84 [0] NCCL INFO NET/IB: ncclIbReceiverQpsCreateToRts: Flush QP created: port=1 dev=0 devName=rocep1s0f1 ndevs=1 nmdevs=1 qp_num=10744 pkey=0 pd=0xeb23e00cdc70
spark1:1:84 [0] NCCL INFO NET/IB: ncclIbSenderQpsToRts: Set ECE: IbDev 0 Port 1 qp_num 10738 set_ece={supported=1, vendor_id=0x15b3, options=0x30000002, comp_mask=0x0}
spark1:1:84 [0] NCCL INFO NET/IB: ncclIbReceiverQpsCreateToRts: QP created: port=1 dev=0 devName=rocep1s0f1 ndevs=1 nmdevs=1 qp_num=10745 pkey=0 pd=0xeb23e00cdc70 oooRq=0
spark1:1:84 [0] NCCL INFO NET/IB: ncclIbReceiverQpsCreateToRts: Flush QP created: port=1 dev=0 devName=rocep1s0f1 ndevs=1 nmdevs=1 qp_num=10746 pkey=0 pd=0xeb23e00cdc70
spark1:1:84 [0] NCCL INFO NET/IB: ncclIbSenderQpsToRts: Set ECE: IbDev 0 Port 1 qp_num 10739 set_ece={supported=1, vendor_id=0x15b3, options=0x30000002, comp_mask=0x0}
spark1:1:84 [0] NCCL INFO NET/IB: ncclIbReceiverQpsCreateToRts: QP created: port=1 dev=0 devName=rocep1s0f1 ndevs=1 nmdevs=1 qp_num=10747 pkey=0 pd=0xeb23e00cdc70 oooRq=0
spark1:1:84 [0] NCCL INFO NET/IB: ncclIbReceiverQpsCreateToRts: Flush QP created: port=1 dev=0 devName=rocep1s0f1 ndevs=1 nmdevs=1 qp_num=10748 pkey=0 pd=0xeb23e00cdc70
spark1:1:84 [0] NCCL INFO NET/IB: ncclIbSenderQpsToRts: Set ECE: IbDev 0 Port 1 qp_num 10740 set_ece={supported=1, vendor_id=0x15b3, options=0x30000002, comp_mask=0x0}
spark1:1:84 [0] NCCL INFO NET/IB: ncclIbReceiverQpsCreateToRts: QP created: port=1 dev=0 devName=rocep1s0f1 ndevs=1 nmdevs=1 qp_num=10749 pkey=0 pd=0xeb23e00cdc70 oooRq=0
spark1:1:84 [0] NCCL INFO NET/IB: ncclIbReceiverQpsCreateToRts: Flush QP created: port=1 dev=0 devName=rocep1s0f1 ndevs=1 nmdevs=1 qp_num=10750 pkey=0 pd=0xeb23e00cdc70
spark1:1:84 [0] NCCL INFO NET/IB: ncclIbSenderQpsCreate: QP created: port=1 dev=0 devName=rocep1s0f1 ndevs=1 nmdevs=1 qp_num=10751 pkey=0 pd=0xeb23e00cdc70 oooRq=0
spark1:1:84 [0] NCCL INFO NET/IB: ncclIbConnectImpl: NCCL Dev 0 IbDev 0 Port 1 qp_num 10751 mtu 3 GID 3 (0/108640AFFFF0000) ctsFifoRkey=0x196261 ctsFifoLkey=0x196261
spark1:1:84 [0] NCCL INFO NET/IB: ncclIbConnectImpl: IbDev 0 Port 1 qp_num 10751 query_ece={supported=1, vendor_id=0x15b3, options=0x30000002, comp_mask=0x0}
spark1:1:84 [0] NCCL INFO NET/IB: ncclIbReceiverQpsCreateToRts: QP created: port=1 dev=0 devName=rocep1s0f1 ndevs=1 nmdevs=1 qp_num=10752 pkey=0 pd=0xeb23e00cdc70 oooRq=0
spark1:1:84 [0] NCCL INFO NET/IB: ncclIbReceiverQpsCreateToRts: Flush QP created: port=1 dev=0 devName=rocep1s0f1 ndevs=1 nmdevs=1 qp_num=10753 pkey=0 pd=0xeb23e00cdc70
spark1:1:84 [0] NCCL INFO NET/IB: ncclIbResiliencyInit: Resiliency is disabled on the send communicator (comm=0xeb23e171e000)
spark1:1:84 [0] NCCL INFO NET/IB: ncclIbResiliencyInit: Resiliency is disabled on the recv communicator (comm=0xeb23e1762000)
spark1:1:84 [0] NCCL INFO NET/IB: ncclIbRecvCommInit: Receive work requests will be posted on-demand
spark1:1:84 [0] NCCL INFO NET/IB: ncclIbResiliencyInit: Resiliency is disabled on the send communicator (comm=0xeb23e17a7000)
spark1:1:84 [0] NCCL INFO NET/IB: ncclIbResiliencyInit: Resiliency is disabled on the recv communicator (comm=0xeb23e17e8000)
spark1:1:84 [0] NCCL INFO NET/IB: ncclIbRecvCommInit: Receive work requests will be posted on-demand
spark1:1:84 [0] NCCL INFO NET/IB: ncclIbResiliencyInit: Resiliency is disabled on the send communicator (comm=0xeb23e182d000)
spark1:1:84 [0] NCCL INFO NET/IB: ncclIbResiliencyInit: Resiliency is disabled on the recv communicator (comm=0xeb23e186e000)
spark1:1:84 [0] NCCL INFO NET/IB: ncclIbRecvCommInit: Receive work requests will be posted on-demand
spark1:1:84 [0] NCCL INFO NET/IB: ncclIbResiliencyInit: Resiliency is disabled on the send communicator (comm=0xeb23e18b6000)
spark1:1:84 [0] NCCL INFO NET/IB: ncclIbResiliencyInit: Resiliency is disabled on the recv communicator (comm=0xeb23e18fa000)
spark1:1:84 [0] NCCL INFO NET/IB: ncclIbRecvCommInit: Receive work requests will be posted on-demand
spark1:1:84 [0] NCCL INFO NET/IB: ncclIbResiliencyInit: Resiliency is disabled on the send communicator (comm=0xeb23e1942000)
spark1:1:84 [0] NCCL INFO NET/IB: ncclIbResiliencyInit: Resiliency is disabled on the recv communicator (comm=0xeb23e1986000)
spark1:1:84 [0] NCCL INFO NET/IB: ncclIbRecvCommInit: Receive work requests will be posted on-demand
spark1:1:84 [0] NCCL INFO NET/IB: ncclIbResiliencyInit: Resiliency is disabled on the send communicator (comm=0xeb23e19ce000)
spark1:1:84 [0] NCCL INFO NET/IB: ncclIbResiliencyInit: Resiliency is disabled on the recv communicator (comm=0xeb23e1a12000)
spark1:1:84 [0] NCCL INFO NET/IB: ncclIbRecvCommInit: Receive work requests will be posted on-demand
spark1:1:84 [0] NCCL INFO NET/IB: ncclIbResiliencyInit: Resiliency is disabled on the send communicator (comm=0xeb23e1a5a000)
spark1:1:84 [0] NCCL INFO NET/IB: ncclIbResiliencyInit: Resiliency is disabled on the recv communicator (comm=0xeb23e1a9e000)
spark1:1:84 [0] NCCL INFO NET/IB: ncclIbRecvCommInit: Receive work requests will be posted on-demand
spark1:1:84 [0] NCCL INFO NET/IB: ncclIbResiliencyInit: Resiliency is disabled on the send communicator (comm=0xeb23e1ae6000)
spark1:1:84 [0] NCCL INFO NET/IB: ncclIbResiliencyInit: Resiliency is disabled on the recv communicator (comm=0xeb23e1b2a000)
spark1:1:84 [0] NCCL INFO NET/IB: ncclIbRecvCommInit: Receive work requests will be posted on-demand
spark1:1:84 [0] NCCL INFO NET/IB: ncclIbResiliencyInit: Resiliency is disabled on the send communicator (comm=0xeb23e1b72000)
spark1:1:84 [0] NCCL INFO NET/IB: ncclIbResiliencyInit: Resiliency is disabled on the recv communicator (comm=0xeb23e1bb6000)
spark1:1:84 [0] NCCL INFO NET/IB: ncclIbRecvCommInit: Receive work requests will be posted on-demand
spark1:1:84 [0] NCCL INFO NET/IB: ncclIbResiliencyInit: Resiliency is disabled on the send communicator (comm=0xeb23e1bfe000)
spark1:1:84 [0] NCCL INFO NET/IB: ncclIbResiliencyInit: Resiliency is disabled on the recv communicator (comm=0xeb23e1c42000)
spark1:1:84 [0] NCCL INFO NET/IB: ncclIbRecvCommInit: Receive work requests will be posted on-demand
spark1:1:84 [0] NCCL INFO NET/IB: ncclIbResiliencyInit: Resiliency is disabled on the send communicator (comm=0xeb23e1c8a000)
spark1:1:84 [0] NCCL INFO NET/IB: ncclIbResiliencyInit: Resiliency is disabled on the recv communicator (comm=0xeb23e1cce000)
spark1:1:84 [0] NCCL INFO NET/IB: ncclIbRecvCommInit: Receive work requests will be posted on-demand
spark1:1:84 [0] NCCL INFO NET/IB: ncclIbResiliencyInit: Resiliency is disabled on the send communicator (comm=0xeb23e1d16000)
spark1:1:84 [0] NCCL INFO NET/IB: ncclIbResiliencyInit: Resiliency is disabled on the recv communicator (comm=0xeb23e1d5a000)
spark1:1:84 [0] NCCL INFO NET/IB: ncclIbRecvCommInit: Receive work requests will be posted on-demand
spark1:1:84 [0] NCCL INFO NET/IB: ncclIbResiliencyInit: Resiliency is disabled on the send communicator (comm=0xeb23e1da2000)
spark1:1:84 [0] NCCL INFO NET/IB: ncclIbResiliencyInit: Resiliency is disabled on the recv communicator (comm=0xeb23e1de6000)
spark1:1:84 [0] NCCL INFO NET/IB: ncclIbRecvCommInit: Receive work requests will be posted on-demand
spark1:1:84 [0] NCCL INFO NET/IB: ncclIbResiliencyInit: Resiliency is disabled on the send communicator (comm=0xeb23e1e2e000)
spark1:1:84 [0] NCCL INFO NET/IB: ncclIbResiliencyInit: Resiliency is disabled on the recv communicator (comm=0xeb23e1e72000)
spark1:1:84 [0] NCCL INFO NET/IB: ncclIbRecvCommInit: Receive work requests will be posted on-demand
spark1:1:84 [0] NCCL INFO NET/IB: ncclIbResiliencyInit: Resiliency is disabled on the send communicator (comm=0xeb23e1eba000)
spark1:1:84 [0] NCCL INFO NET/IB: ncclIbResiliencyInit: Resiliency is disabled on the recv communicator (comm=0xeb23e1efb000)
spark1:1:84 [0] NCCL INFO NET/IB: ncclIbRecvCommInit: Receive work requests will be posted on-demand
spark1:1:84 [0] NCCL INFO NET/IB: ncclIbResiliencyInit: Resiliency is disabled on the send communicator (comm=0xeb23e1f43000)
spark1:1:84 [0] NCCL INFO NET/IB: ncclIbResiliencyInit: Resiliency is disabled on the recv communicator (comm=0xeb23e1f87000)
spark1:1:84 [0] NCCL INFO NET/IB: ncclIbRecvCommInit: Receive work requests will be posted on-demand
spark1:1:84 [0] NCCL INFO NET/IB: ncclIbResiliencyInit: Resiliency is disabled on the send communicator (comm=0xeb23e1fcf000)
spark1:1:84 [0] NCCL INFO NET/IB: ncclIbResiliencyInit: Resiliency is disabled on the recv communicator (comm=0xeb23e2013000)
spark1:1:84 [0] NCCL INFO NET/IB: ncclIbRecvCommInit: Receive work requests will be posted on-demand
spark1:1:84 [0] NCCL INFO NET/IB: ncclIbResiliencyInit: Resiliency is disabled on the send communicator (comm=0xeb23e205b000)
spark1:1:84 [0] NCCL INFO NET/IB: ncclIbResiliencyInit: Resiliency is disabled on the recv communicator (comm=0xeb23e209f000)
spark1:1:84 [0] NCCL INFO NET/IB: ncclIbRecvCommInit: Receive work requests will be posted on-demand
spark1:1:84 [0] NCCL INFO NET/IB: ncclIbResiliencyInit: Resiliency is disabled on the send communicator (comm=0xeb23e20e7000)
spark1:1:84 [0] NCCL INFO NET/IB: ncclIbResiliencyInit: Resiliency is disabled on the recv communicator (comm=0xeb23e212b000)
spark1:1:84 [0] NCCL INFO NET/IB: ncclIbRecvCommInit: Receive work requests will be posted on-demand
spark1:1:84 [0] NCCL INFO NET/IB: ncclIbResiliencyInit: Resiliency is disabled on the send communicator (comm=0xeb23e2173000)
spark1:1:84 [0] NCCL INFO NET/IB: ncclIbResiliencyInit: Resiliency is disabled on the recv communicator (comm=0xeb23e21b7000)
spark1:1:84 [0] NCCL INFO NET/IB: ncclIbRecvCommInit: Receive work requests will be posted on-demand
spark1:1:84 [0] NCCL INFO NET/IB: ncclIbResiliencyInit: Resiliency is disabled on the send communicator (comm=0xeb23e21ff000)
spark1:1:84 [0] NCCL INFO NET/IB: ncclIbResiliencyInit: Resiliency is disabled on the recv communicator (comm=0xeb23e2243000)
spark1:1:84 [0] NCCL INFO NET/IB: ncclIbRecvCommInit: Receive work requests will be posted on-demand
spark1:1:84 [0] NCCL INFO NET/IB: ncclIbResiliencyInit: Resiliency is disabled on the send communicator (comm=0xeb23e228b000)
spark1:1:84 [0] NCCL INFO NET/IB: ncclIbResiliencyInit: Resiliency is disabled on the recv communicator (comm=0xeb23e22cf000)
spark1:1:84 [0] NCCL INFO NET/IB: ncclIbRecvCommInit: Receive work requests will be posted on-demand
spark1:1:84 [0] NCCL INFO NET/IB: ncclIbResiliencyInit: Resiliency is disabled on the send communicator (comm=0xeb23e2317000)
spark1:1:84 [0] NCCL INFO NET/IB: ncclIbResiliencyInit: Resiliency is disabled on the recv communicator (comm=0xeb23e235b000)
spark1:1:84 [0] NCCL INFO NET/IB: ncclIbRecvCommInit: Receive work requests will be posted on-demand
spark1:1:84 [0] NCCL INFO NET/IB: ncclIbResiliencyInit: Resiliency is disabled on the send communicator (comm=0xeb23e23a3000)
spark1:1:84 [0] NCCL INFO NET/IB: ncclIbResiliencyInit: Resiliency is disabled on the recv communicator (comm=0xeb23e23e7000)
spark1:1:84 [0] NCCL INFO NET/IB: ncclIbRecvCommInit: Receive work requests will be posted on-demand
spark1:1:84 [0] NCCL INFO NET/IB: ncclIbResiliencyInit: Resiliency is disabled on the send communicator (comm=0xeb23e242f000)
spark1:1:84 [0] NCCL INFO NET/IB: ncclIbResiliencyInit: Resiliency is disabled on the recv communicator (comm=0xeb23e2473000)
spark1:1:84 [0] NCCL INFO NET/IB: ncclIbRecvCommInit: Receive work requests will be posted on-demand
spark1:1:84 [0] NCCL INFO NET/IB: ncclIbResiliencyInit: Resiliency is disabled on the send communicator (comm=0xeb23e24bb000)
spark1:1:84 [0] NCCL INFO NET/IB: ncclIbResiliencyInit: Resiliency is disabled on the recv communicator (comm=0xeb23e24ff000)
spark1:1:84 [0] NCCL INFO NET/IB: ncclIbRecvCommInit: Receive work requests will be posted on-demand
spark1:1:84 [0] NCCL INFO NET/IB: ncclIbResiliencyInit: Resiliency is disabled on the send communicator (comm=0xeb23e2547000)
spark1:1:84 [0] NCCL INFO NET/IB: ncclIbResiliencyInit: Resiliency is disabled on the recv communicator (comm=0xeb23e258b000)
spark1:1:84 [0] NCCL INFO NET/IB: ncclIbRecvCommInit: Receive work requests will be posted on-demand
spark1:1:84 [0] NCCL INFO NET/IB: ncclIbResiliencyInit: Resiliency is disabled on the send communicator (comm=0xeb23e25d3000)
spark1:1:84 [0] NCCL INFO NET/IB: ncclIbResiliencyInit: Resiliency is disabled on the recv communicator (comm=0xeb23e2617000)
spark1:1:84 [0] NCCL INFO NET/IB: ncclIbRecvCommInit: Receive work requests will be posted on-demand
spark1:1:84 [0] NCCL INFO NET/IB: ncclIbResiliencyInit: Resiliency is disabled on the send communicator (comm=0xeb23e265f000)
spark1:1:84 [0] NCCL INFO NET/IB: ncclIbResiliencyInit: Resiliency is disabled on the recv communicator (comm=0xeb23e26a3000)
spark1:1:84 [0] NCCL INFO NET/IB: ncclIbRecvCommInit: Receive work requests will be posted on-demand
spark1:1:84 [0] NCCL INFO NET/IB: ncclIbResiliencyInit: Resiliency is disabled on the send communicator (comm=0xeb23e26eb000)
spark1:1:84 [0] NCCL INFO NET/IB: ncclIbResiliencyInit: Resiliency is disabled on the recv communicator (comm=0xeb23e272f000)
spark1:1:84 [0] NCCL INFO NET/IB: ncclIbRecvCommInit: Receive work requests will be posted on-demand
spark1:1:84 [0] NCCL INFO NET/IB: ncclIbResiliencyInit: Resiliency is disabled on the send communicator (comm=0xeb23e2777000)
spark1:1:84 [0] NCCL INFO NET/IB: ncclIbResiliencyInit: Resiliency is disabled on the recv communicator (comm=0xeb23e27bb000)
spark1:1:84 [0] NCCL INFO NET/IB: ncclIbRecvCommInit: Receive work requests will be posted on-demand
spark1:1:84 [0] NCCL INFO NET/IB: ncclIbResiliencyInit: Resiliency is disabled on the send communicator (comm=0xeb23e2803000)
spark1:1:84 [0] NCCL INFO NET/IB: ncclIbResiliencyInit: Resiliency is disabled on the recv communicator (comm=0xeb23e2847000)
spark1:1:84 [0] NCCL INFO NET/IB: ncclIbRecvCommInit: Receive work requests will be posted on-demand
spark1:1:84 [0] NCCL INFO NET/IB: ncclIbResiliencyInit: Resiliency is disabled on the send communicator (comm=0xeb23e288f000)
spark1:1:84 [0] NCCL INFO NET/IB: ncclIbResiliencyInit: Resiliency is disabled on the recv communicator (comm=0xeb23e28d3000)
spark1:1:84 [0] NCCL INFO NET/IB: ncclIbRecvCommInit: Receive work requests will be posted on-demand
spark1:1:84 [0] NCCL INFO NET/IB: ncclIbResiliencyInit: Resiliency is disabled on the send communicator (comm=0xeb23e291b000)
spark1:1:84 [0] NCCL INFO NET/IB: ncclIbResiliencyInit: Resiliency is disabled on the recv communicator (comm=0xeb23e295f000)
spark1:1:84 [0] NCCL INFO NET/IB: ncclIbRecvCommInit: Receive work requests will be posted on-demand
spark1:1:84 [0] NCCL INFO NET/IB: ncclIbResiliencyInit: Resiliency is disabled on the send communicator (comm=0xeb23e29a7000)
spark1:1:84 [0] NCCL INFO NET/IB: ncclIbResiliencyInit: Resiliency is disabled on the recv communicator (comm=0xeb23e29eb000)
spark1:1:84 [0] NCCL INFO NET/IB: ncclIbRecvCommInit: Receive work requests will be posted on-demand
spark1:1:84 [0] NCCL INFO NET/IB: ncclIbResiliencyInit: Resiliency is disabled on the send communicator (comm=0xeb23e2a33000)
spark1:1:84 [0] NCCL INFO NET/IB: ncclIbResiliencyInit: Resiliency is disabled on the recv communicator (comm=0xeb23e2a77000)
spark1:1:84 [0] NCCL INFO NET/IB: ncclIbRecvCommInit: Receive work requests will be posted on-demand
spark1:1:84 [0] NCCL INFO NET/IB: ncclIbResiliencyInit: Resiliency is disabled on the send communicator (comm=0xeb23e2abf000)
spark1:1:84 [0] NCCL INFO NET/IB: ncclIbResiliencyInit: Resiliency is disabled on the recv communicator (comm=0xeb23e2b03000)
spark1:1:84 [0] NCCL INFO NET/IB: ncclIbRecvCommInit: Receive work requests will be posted on-demand
spark1:1:84 [0] NCCL INFO NET/IB: ncclIbResiliencyInit: Resiliency is disabled on the send communicator (comm=0xeb23e2b4b000)
spark1:1:84 [0] NCCL INFO NET/IB: ncclIbResiliencyInit: Resiliency is disabled on the recv communicator (comm=0xeb23e2b8f000)
spark1:1:84 [0] NCCL INFO NET/IB: ncclIbRecvCommInit: Receive work requests will be posted on-demand
spark1:1:84 [0] NCCL INFO NET/IB: ncclIbSenderQpsToRts: Set ECE: IbDev 0 Port 1 qp_num 10751 set_ece={supported=1, vendor_id=0x15b3, options=0x30000002, comp_mask=0x0}
spark1:1:84 [0] NCCL INFO NET/IB: ncclIbSenderQpsCreate: QP created: port=1 dev=0 devName=rocep1s0f1 ndevs=1 nmdevs=1 qp_num=10754 pkey=0 pd=0xeb23e00cdc70 oooRq=0
spark1:1:84 [0] NCCL INFO NET/IB: ncclIbConnectImpl: NCCL Dev 0 IbDev 0 Port 1 qp_num 10754 mtu 3 GID 3 (0/108640AFFFF0000) ctsFifoRkey=0x177775 ctsFifoLkey=0x177775
spark1:1:84 [0] NCCL INFO NET/IB: ncclIbConnectImpl: IbDev 0 Port 1 qp_num 10754 query_ece={supported=1, vendor_id=0x15b3, options=0x30000002, comp_mask=0x0}
spark1:1:84 [0] NCCL INFO NET/IB: ncclIbReceiverQpsCreateToRts: QP created: port=1 dev=0 devName=rocep1s0f1 ndevs=1 nmdevs=1 qp_num=10755 pkey=0 pd=0xeb23e00cdc70 oooRq=0
spark1:1:84 [0] NCCL INFO NET/IB: ncclIbReceiverQpsCreateToRts: Flush QP created: port=1 dev=0 devName=rocep1s0f1 ndevs=1 nmdevs=1 qp_num=10756 pkey=0 pd=0xeb23e00cdc70
spark1:1:84 [0] NCCL INFO NET/IB: ncclIbSenderQpsCreate: QP created: port=1 dev=0 devName=rocep1s0f1 ndevs=1 nmdevs=1 qp_num=10757 pkey=0 pd=0xeb23e00cdc70 oooRq=0
spark1:1:84 [0] NCCL INFO NET/IB: ncclIbConnectImpl: NCCL Dev 0 IbDev 0 Port 1 qp_num 10757 mtu 3 GID 3 (0/108640AFFFF0000) ctsFifoRkey=0x19f3f0 ctsFifoLkey=0x19f3f0
spark1:1:84 [0] NCCL INFO NET/IB: ncclIbConnectImpl: IbDev 0 Port 1 qp_num 10757 query_ece={supported=1, vendor_id=0x15b3, options=0x30000002, comp_mask=0x0}
spark1:1:84 [0] NCCL INFO NET/IB: ncclIbReceiverQpsCreateToRts: QP created: port=1 dev=0 devName=rocep1s0f1 ndevs=1 nmdevs=1 qp_num=10758 pkey=0 pd=0xeb23e00cdc70 oooRq=0
spark1:1:84 [0] NCCL INFO NET/IB: ncclIbReceiverQpsCreateToRts: Flush QP created: port=1 dev=0 devName=rocep1s0f1 ndevs=1 nmdevs=1 qp_num=10759 pkey=0 pd=0xeb23e00cdc70
spark1:1:84 [0] NCCL INFO NET/IB: ncclIbSenderQpsCreate: QP created: port=1 dev=0 devName=rocep1s0f1 ndevs=1 nmdevs=1 qp_num=10760 pkey=0 pd=0xeb23e00cdc70 oooRq=0
spark1:1:84 [0] NCCL INFO NET/IB: ncclIbConnectImpl: NCCL Dev 0 IbDev 0 Port 1 qp_num 10760 mtu 3 GID 3 (0/108640AFFFF0000) ctsFifoRkey=0x1b5754 ctsFifoLkey=0x1b5754
spark1:1:84 [0] NCCL INFO NET/IB: ncclIbConnectImpl: IbDev 0 Port 1 qp_num 10760 query_ece={supported=1, vendor_id=0x15b3, options=0x30000002, comp_mask=0x0}
spark1:1:84 [0] NCCL INFO NET/IB: ncclIbReceiverQpsCreateToRts: QP created: port=1 dev=0 devName=rocep1s0f1 ndevs=1 nmdevs=1 qp_num=10761 pkey=0 pd=0xeb23e00cdc70 oooRq=0
spark1:1:84 [0] NCCL INFO NET/IB: ncclIbReceiverQpsCreateToRts: Flush QP created: port=1 dev=0 devName=rocep1s0f1 ndevs=1 nmdevs=1 qp_num=10762 pkey=0 pd=0xeb23e00cdc70
spark1:1:84 [0] NCCL INFO NET/IB: ncclIbSenderQpsCreate: QP created: port=1 dev=0 devName=rocep1s0f1 ndevs=1 nmdevs=1 qp_num=10763 pkey=0 pd=0xeb23e00cdc70 oooRq=0
spark1:1:84 [0] NCCL INFO NET/IB: ncclIbConnectImpl: NCCL Dev 0 IbDev 0 Port 1 qp_num 10763 mtu 3 GID 3 (0/108640AFFFF0000) ctsFifoRkey=0x17a5a2 ctsFifoLkey=0x17a5a2
spark1:1:84 [0] NCCL INFO NET/IB: ncclIbConnectImpl: IbDev 0 Port 1 qp_num 10763 query_ece={supported=1, vendor_id=0x15b3, options=0x30000002, comp_mask=0x0}
spark1:1:84 [0] NCCL INFO NET/IB: ncclIbReceiverQpsCreateToRts: QP created: port=1 dev=0 devName=rocep1s0f1 ndevs=1 nmdevs=1 qp_num=10764 pkey=0 pd=0xeb23e00cdc70 oooRq=0
spark1:1:84 [0] NCCL INFO NET/IB: ncclIbReceiverQpsCreateToRts: Flush QP created: port=1 dev=0 devName=rocep1s0f1 ndevs=1 nmdevs=1 qp_num=10765 pkey=0 pd=0xeb23e00cdc70
spark1:1:84 [0] NCCL INFO NET/IB: ncclIbSenderQpsCreate: QP created: port=1 dev=0 devName=rocep1s0f1 ndevs=1 nmdevs=1 qp_num=10766 pkey=0 pd=0xeb23e00cdc70 oooRq=0
spark1:1:84 [0] NCCL INFO NET/IB: ncclIbConnectImpl: NCCL Dev 0 IbDev 0 Port 1 qp_num 10766 mtu 3 GID 3 (0/108640AFFFF0000) ctsFifoRkey=0x17f0ed ctsFifoLkey=0x17f0ed
spark1:1:84 [0] NCCL INFO NET/IB: ncclIbConnectImpl: IbDev 0 Port 1 qp_num 10766 query_ece={supported=1, vendor_id=0x15b3, options=0x30000002, comp_mask=0x0}
spark1:1:84 [0] NCCL INFO NET/IB: ncclIbReceiverQpsCreateToRts: QP created: port=1 dev=0 devName=rocep1s0f1 ndevs=1 nmdevs=1 qp_num=10767 pkey=0 pd=0xeb23e00cdc70 oooRq=0
spark1:1:84 [0] NCCL INFO NET/IB: ncclIbReceiverQpsCreateToRts: Flush QP created: port=1 dev=0 devName=rocep1s0f1 ndevs=1 nmdevs=1 qp_num=10768 pkey=0 pd=0xeb23e00cdc70
spark1:1:84 [0] NCCL INFO NET/IB: ncclIbSenderQpsCreate: QP created: port=1 dev=0 devName=rocep1s0f1 ndevs=1 nmdevs=1 qp_num=10769 pkey=0 pd=0xeb23e00cdc70 oooRq=0
spark1:1:84 [0] NCCL INFO NET/IB: ncclIbConnectImpl: NCCL Dev 0 IbDev 0 Port 1 qp_num 10769 mtu 3 GID 3 (0/108640AFFFF0000) ctsFifoRkey=0x180802 ctsFifoLkey=0x180802
spark1:1:84 [0] NCCL INFO NET/IB: ncclIbConnectImpl: IbDev 0 Port 1 qp_num 10769 query_ece={supported=1, vendor_id=0x15b3, options=0x30000002, comp_mask=0x0}
spark1:1:84 [0] NCCL INFO NET/IB: ncclIbReceiverQpsCreateToRts: QP created: port=1 dev=0 devName=rocep1s0f1 ndevs=1 nmdevs=1 qp_num=10770 pkey=0 pd=0xeb23e00cdc70 oooRq=0
spark1:1:84 [0] NCCL INFO NET/IB: ncclIbReceiverQpsCreateToRts: Flush QP created: port=1 dev=0 devName=rocep1s0f1 ndevs=1 nmdevs=1 qp_num=10771 pkey=0 pd=0xeb23e00cdc70
spark1:1:84 [0] NCCL INFO NET/IB: ncclIbSenderQpsCreate: QP created: port=1 dev=0 devName=rocep1s0f1 ndevs=1 nmdevs=1 qp_num=10772 pkey=0 pd=0xeb23e00cdc70 oooRq=0
spark1:1:84 [0] NCCL INFO NET/IB: ncclIbConnectImpl: NCCL Dev 0 IbDev 0 Port 1 qp_num 10772 mtu 3 GID 3 (0/108640AFFFF0000) ctsFifoRkey=0x182725 ctsFifoLkey=0x182725
spark1:1:84 [0] NCCL INFO NET/IB: ncclIbConnectImpl: IbDev 0 Port 1 qp_num 10772 query_ece={supported=1, vendor_id=0x15b3, options=0x30000002, comp_mask=0x0}
spark1:1:84 [0] NCCL INFO NET/IB: ncclIbReceiverQpsCreateToRts: QP created: port=1 dev=0 devName=rocep1s0f1 ndevs=1 nmdevs=1 qp_num=10773 pkey=0 pd=0xeb23e00cdc70 oooRq=0
spark1:1:84 [0] NCCL INFO NET/IB: ncclIbReceiverQpsCreateToRts: Flush QP created: port=1 dev=0 devName=rocep1s0f1 ndevs=1 nmdevs=1 qp_num=10774 pkey=0 pd=0xeb23e00cdc70
spark1:1:84 [0] NCCL INFO NET/IB: ncclIbSenderQpsCreate: QP created: port=1 dev=0 devName=rocep1s0f1 ndevs=1 nmdevs=1 qp_num=10775 pkey=0 pd=0xeb23e00cdc70 oooRq=0
spark1:1:84 [0] NCCL INFO NET/IB: ncclIbConnectImpl: NCCL Dev 0 IbDev 0 Port 1 qp_num 10775 mtu 3 GID 3 (0/108640AFFFF0000) ctsFifoRkey=0x185353 ctsFifoLkey=0x185353
spark1:1:84 [0] NCCL INFO NET/IB: ncclIbConnectImpl: IbDev 0 Port 1 qp_num 10775 query_ece={supported=1, vendor_id=0x15b3, options=0x30000002, comp_mask=0x0}
spark1:1:84 [0] NCCL INFO NET/IB: ncclIbReceiverQpsCreateToRts: QP created: port=1 dev=0 devName=rocep1s0f1 ndevs=1 nmdevs=1 qp_num=10776 pkey=0 pd=0xeb23e00cdc70 oooRq=0
spark1:1:84 [0] NCCL INFO NET/IB: ncclIbReceiverQpsCreateToRts: Flush QP created: port=1 dev=0 devName=rocep1s0f1 ndevs=1 nmdevs=1 qp_num=10777 pkey=0 pd=0xeb23e00cdc70
spark1:1:84 [0] NCCL INFO NET/IB: ncclIbSenderQpsCreate: QP created: port=1 dev=0 devName=rocep1s0f1 ndevs=1 nmdevs=1 qp_num=10778 pkey=0 pd=0xeb23e00cdc70 oooRq=0
spark1:1:84 [0] NCCL INFO NET/IB: ncclIbConnectImpl: NCCL Dev 0 IbDev 0 Port 1 qp_num 10778 mtu 3 GID 3 (0/108640AFFFF0000) ctsFifoRkey=0x174a4b ctsFifoLkey=0x174a4b
spark1:1:84 [0] NCCL INFO NET/IB: ncclIbConnectImpl: IbDev 0 Port 1 qp_num 10778 query_ece={supported=1, vendor_id=0x15b3, options=0x30000002, comp_mask=0x0}
spark1:1:84 [0] NCCL INFO NET/IB: ncclIbReceiverQpsCreateToRts: QP created: port=1 dev=0 devName=rocep1s0f1 ndevs=1 nmdevs=1 qp_num=10779 pkey=0 pd=0xeb23e00cdc70 oooRq=0
spark1:1:84 [0] NCCL INFO NET/IB: ncclIbReceiverQpsCreateToRts: Flush QP created: port=1 dev=0 devName=rocep1s0f1 ndevs=1 nmdevs=1 qp_num=10780 pkey=0 pd=0xeb23e00cdc70
spark1:1:84 [0] NCCL INFO NET/IB: ncclIbSenderQpsCreate: QP created: port=1 dev=0 devName=rocep1s0f1 ndevs=1 nmdevs=1 qp_num=10781 pkey=0 pd=0xeb23e00cdc70 oooRq=0
spark1:1:84 [0] NCCL INFO NET/IB: ncclIbConnectImpl: NCCL Dev 0 IbDev 0 Port 1 qp_num 10781 mtu 3 GID 3 (0/108640AFFFF0000) ctsFifoRkey=0x175653 ctsFifoLkey=0x175653
spark1:1:84 [0] NCCL INFO NET/IB: ncclIbConnectImpl: IbDev 0 Port 1 qp_num 10781 query_ece={supported=1, vendor_id=0x15b3, options=0x30000002, comp_mask=0x0}
spark1:1:84 [0] NCCL INFO NET/IB: ncclIbReceiverQpsCreateToRts: QP created: port=1 dev=0 devName=rocep1s0f1 ndevs=1 nmdevs=1 qp_num=10782 pkey=0 pd=0xeb23e00cdc70 oooRq=0
spark1:1:84 [0] NCCL INFO NET/IB: ncclIbReceiverQpsCreateToRts: Flush QP created: port=1 dev=0 devName=rocep1s0f1 ndevs=1 nmdevs=1 qp_num=10783 pkey=0 pd=0xeb23e00cdc70
spark1:1:84 [0] NCCL INFO NET/IB: ncclIbSenderQpsCreate: QP created: port=1 dev=0 devName=rocep1s0f1 ndevs=1 nmdevs=1 qp_num=10784 pkey=0 pd=0xeb23e00cdc70 oooRq=0
spark1:1:84 [0] NCCL INFO NET/IB: ncclIbConnectImpl: NCCL Dev 0 IbDev 0 Port 1 qp_num 10784 mtu 3 GID 3 (0/108640AFFFF0000) ctsFifoRkey=0x17625e ctsFifoLkey=0x17625e
spark1:1:84 [0] NCCL INFO NET/IB: ncclIbConnectImpl: IbDev 0 Port 1 qp_num 10784 query_ece={supported=1, vendor_id=0x15b3, options=0x30000002, comp_mask=0x0}
spark1:1:84 [0] NCCL INFO NET/IB: ncclIbReceiverQpsCreateToRts: QP created: port=1 dev=0 devName=rocep1s0f1 ndevs=1 nmdevs=1 qp_num=10785 pkey=0 pd=0xeb23e00cdc70 oooRq=0
spark1:1:84 [0] NCCL INFO NET/IB: ncclIbReceiverQpsCreateToRts: Flush QP created: port=1 dev=0 devName=rocep1s0f1 ndevs=1 nmdevs=1 qp_num=10786 pkey=0 pd=0xeb23e00cdc70
spark1:1:84 [0] NCCL INFO NET/IB: ncclIbSenderQpsCreate: QP created: port=1 dev=0 devName=rocep1s0f1 ndevs=1 nmdevs=1 qp_num=10787 pkey=0 pd=0xeb23e00cdc70 oooRq=0
spark1:1:84 [0] NCCL INFO NET/IB: ncclIbConnectImpl: NCCL Dev 0 IbDev 0 Port 1 qp_num 10787 mtu 3 GID 3 (0/108640AFFFF0000) ctsFifoRkey=0x176b6b ctsFifoLkey=0x176b6b
spark1:1:84 [0] NCCL INFO NET/IB: ncclIbConnectImpl: IbDev 0 Port 1 qp_num 10787 query_ece={supported=1, vendor_id=0x15b3, options=0x30000002, comp_mask=0x0}
spark1:1:84 [0] NCCL INFO NET/IB: ncclIbReceiverQpsCreateToRts: QP created: port=1 dev=0 devName=rocep1s0f1 ndevs=1 nmdevs=1 qp_num=10788 pkey=0 pd=0xeb23e00cdc70 oooRq=0
spark1:1:84 [0] NCCL INFO NET/IB: ncclIbReceiverQpsCreateToRts: Flush QP created: port=1 dev=0 devName=rocep1s0f1 ndevs=1 nmdevs=1 qp_num=10789 pkey=0 pd=0xeb23e00cdc70
spark1:1:84 [0] NCCL INFO NET/IB: ncclIbSenderQpsCreate: QP created: port=1 dev=0 devName=rocep1s0f1 ndevs=1 nmdevs=1 qp_num=10790 pkey=0 pd=0xeb23e00cdc70 oooRq=0
spark1:1:84 [0] NCCL INFO NET/IB: ncclIbConnectImpl: NCCL Dev 0 IbDev 0 Port 1 qp_num 10790 mtu 3 GID 3 (0/108640AFFFF0000) ctsFifoRkey=0x17c6c3 ctsFifoLkey=0x17c6c3
spark1:1:84 [0] NCCL INFO NET/IB: ncclIbConnectImpl: IbDev 0 Port 1 qp_num 10790 query_ece={supported=1, vendor_id=0x15b3, options=0x30000002, comp_mask=0x0}
spark1:1:84 [0] NCCL INFO NET/IB: ncclIbReceiverQpsCreateToRts: QP created: port=1 dev=0 devName=rocep1s0f1 ndevs=1 nmdevs=1 qp_num=10791 pkey=0 pd=0xeb23e00cdc70 oooRq=0
spark1:1:84 [0] NCCL INFO NET/IB: ncclIbReceiverQpsCreateToRts: Flush QP created: port=1 dev=0 devName=rocep1s0f1 ndevs=1 nmdevs=1 qp_num=10792 pkey=0 pd=0xeb23e00cdc70
spark1:1:84 [0] NCCL INFO NET/IB: ncclIbSenderQpsCreate: QP created: port=1 dev=0 devName=rocep1s0f1 ndevs=1 nmdevs=1 qp_num=10793 pkey=0 pd=0xeb23e00cdc70 oooRq=0
spark1:1:84 [0] NCCL INFO NET/IB: ncclIbConnectImpl: NCCL Dev 0 IbDev 0 Port 1 qp_num 10793 mtu 3 GID 3 (0/108640AFFFF0000) ctsFifoRkey=0x179997 ctsFifoLkey=0x179997
spark1:1:84 [0] NCCL INFO NET/IB: ncclIbConnectImpl: IbDev 0 Port 1 qp_num 10793 query_ece={supported=1, vendor_id=0x15b3, options=0x30000002, comp_mask=0x0}
spark1:1:84 [0] NCCL INFO NET/IB: ncclIbReceiverQpsCreateToRts: QP created: port=1 dev=0 devName=rocep1s0f1 ndevs=1 nmdevs=1 qp_num=10794 pkey=0 pd=0xeb23e00cdc70 oooRq=0
spark1:1:84 [0] NCCL INFO NET/IB: ncclIbReceiverQpsCreateToRts: Flush QP created: port=1 dev=0 devName=rocep1s0f1 ndevs=1 nmdevs=1 qp_num=10795 pkey=0 pd=0xeb23e00cdc70
spark1:1:84 [0] NCCL INFO NET/IB: ncclIbSenderQpsCreate: QP created: port=1 dev=0 devName=rocep1s0f1 ndevs=1 nmdevs=1 qp_num=10796 pkey=0 pd=0xeb23e00cdc70 oooRq=0
spark1:1:84 [0] NCCL INFO NET/IB: ncclIbConnectImpl: NCCL Dev 0 IbDev 0 Port 1 qp_num 10796 mtu 3 GID 3 (0/108640AFFFF0000) ctsFifoRkey=0x17afad ctsFifoLkey=0x17afad
spark1:1:84 [0] NCCL INFO NET/IB: ncclIbConnectImpl: IbDev 0 Port 1 qp_num 10796 query_ece={supported=1, vendor_id=0x15b3, options=0x30000002, comp_mask=0x0}
spark1:1:84 [0] NCCL INFO NET/IB: ncclIbReceiverQpsCreateToRts: QP created: port=1 dev=0 devName=rocep1s0f1 ndevs=1 nmdevs=1 qp_num=10797 pkey=0 pd=0xeb23e00cdc70 oooRq=0
spark1:1:84 [0] NCCL INFO NET/IB: ncclIbReceiverQpsCreateToRts: Flush QP created: port=1 dev=0 devName=rocep1s0f1 ndevs=1 nmdevs=1 qp_num=10798 pkey=0 pd=0xeb23e00cdc70
spark1:1:84 [0] NCCL INFO NET/IB: ncclIbResiliencyInit: Resiliency is disabled on the send communicator (comm=0xeb23e336e000)
spark1:1:84 [0] NCCL INFO NET/IB: ncclIbSenderQpsToRts: Set ECE: IbDev 0 Port 1 qp_num 10754 set_ece={supported=1, vendor_id=0x15b3, options=0x30000002, comp_mask=0x0}
spark1:1:84 [0] NCCL INFO NET/IB: ncclIbSenderQpsToRts: Set ECE: IbDev 0 Port 1 qp_num 10757 set_ece={supported=1, vendor_id=0x15b3, options=0x30000002, comp_mask=0x0}
spark1:1:84 [0] NCCL INFO NET/IB: ncclIbSenderQpsToRts: Set ECE: IbDev 0 Port 1 qp_num 10760 set_ece={supported=1, vendor_id=0x15b3, options=0x30000002, comp_mask=0x0}
spark1:1:84 [0] NCCL INFO NET/IB: ncclIbSenderQpsToRts: Set ECE: IbDev 0 Port 1 qp_num 10763 set_ece={supported=1, vendor_id=0x15b3, options=0x30000002, comp_mask=0x0}
spark1:1:84 [0] NCCL INFO NET/IB: ncclIbSenderQpsToRts: Set ECE: IbDev 0 Port 1 qp_num 10766 set_ece={supported=1, vendor_id=0x15b3, options=0x30000002, comp_mask=0x0}
spark1:1:84 [0] NCCL INFO NET/IB: ncclIbSenderQpsToRts: Set ECE: IbDev 0 Port 1 qp_num 10769 set_ece={supported=1, vendor_id=0x15b3, options=0x30000002, comp_mask=0x0}
spark1:1:84 [0] NCCL INFO NET/IB: ncclIbSenderQpsToRts: Set ECE: IbDev 0 Port 1 qp_num 10772 set_ece={supported=1, vendor_id=0x15b3, options=0x30000002, comp_mask=0x0}
spark1:1:84 [0] NCCL INFO NET/IB: ncclIbSenderQpsToRts: Set ECE: IbDev 0 Port 1 qp_num 10775 set_ece={supported=1, vendor_id=0x15b3, options=0x30000002, comp_mask=0x0}
spark1:1:84 [0] NCCL INFO NET/IB: ncclIbSenderQpsToRts: Set ECE: IbDev 0 Port 1 qp_num 10778 set_ece={supported=1, vendor_id=0x15b3, options=0x30000002, comp_mask=0x0}
spark1:1:84 [0] NCCL INFO NET/IB: ncclIbSenderQpsToRts: Set ECE: IbDev 0 Port 1 qp_num 10781 set_ece={supported=1, vendor_id=0x15b3, options=0x30000002, comp_mask=0x0}
spark1:1:84 [0] NCCL INFO NET/IB: ncclIbSenderQpsToRts: Set ECE: IbDev 0 Port 1 qp_num 10784 set_ece={supported=1, vendor_id=0x15b3, options=0x30000002, comp_mask=0x0}
spark1:1:84 [0] NCCL INFO NET/IB: ncclIbSenderQpsToRts: Set ECE: IbDev 0 Port 1 qp_num 10787 set_ece={supported=1, vendor_id=0x15b3, options=0x30000002, comp_mask=0x0}
spark1:1:84 [0] NCCL INFO NET/IB: ncclIbSenderQpsToRts: Set ECE: IbDev 0 Port 1 qp_num 10790 set_ece={supported=1, vendor_id=0x15b3, options=0x30000002, comp_mask=0x0}
spark1:1:84 [0] NCCL INFO NET/IB: ncclIbSenderQpsToRts: Set ECE: IbDev 0 Port 1 qp_num 10793 set_ece={supported=1, vendor_id=0x15b3, options=0x30000002, comp_mask=0x0}
spark1:1:84 [0] NCCL INFO NET/IB: ncclIbSenderQpsToRts: Set ECE: IbDev 0 Port 1 qp_num 10796 set_ece={supported=1, vendor_id=0x15b3, options=0x30000002, comp_mask=0x0}
spark1:1:84 [0] NCCL INFO NET/IB: ncclIbSenderQpsCreate: QP created: port=1 dev=0 devName=rocep1s0f1 ndevs=1 nmdevs=1 qp_num=10799 pkey=0 pd=0xeb23e00cdc70 oooRq=0
spark1:1:84 [0] NCCL INFO NET/IB: ncclIbConnectImpl: NCCL Dev 0 IbDev 0 Port 1 qp_num 10799 mtu 3 GID 3 (0/108640AFFFF0000) ctsFifoRkey=0x197a78 ctsFifoLkey=0x197a78
spark1:1:84 [0] NCCL INFO NET/IB: ncclIbConnectImpl: IbDev 0 Port 1 qp_num 10799 query_ece={supported=1, vendor_id=0x15b3, options=0x30000002, comp_mask=0x0}
spark1:1:84 [0] NCCL INFO NET/IB: ncclIbReceiverQpsCreateToRts: QP created: port=1 dev=0 devName=rocep1s0f1 ndevs=1 nmdevs=1 qp_num=10800 pkey=0 pd=0xeb23e00cdc70 oooRq=0
spark1:1:84 [0] NCCL INFO NET/IB: ncclIbReceiverQpsCreateToRts: Flush QP created: port=1 dev=0 devName=rocep1s0f1 ndevs=1 nmdevs=1 qp_num=10801 pkey=0 pd=0xeb23e00cdc70
spark1:1:84 [0] NCCL INFO NET/IB: ncclIbResiliencyInit: Resiliency is disabled on the recv communicator (comm=0xeb23e3428000)
spark1:1:84 [0] NCCL INFO NET/IB: ncclIbRecvCommInit: Receive work requests will be posted on-demand
spark1:1:84 [0] NCCL INFO NET/IB: ncclIbResiliencyInit: Resiliency is disabled on the send communicator (comm=0xeb23e346d000)
spark1:1:84 [0] NCCL INFO NET/IB: ncclIbResiliencyInit: Resiliency is disabled on the recv communicator (comm=0xeb23e34ae000)
spark1:1:84 [0] NCCL INFO NET/IB: ncclIbRecvCommInit: Receive work requests will be posted on-demand
spark1:1:84 [0] NCCL INFO NET/IB: ncclIbResiliencyInit: Resiliency is disabled on the send communicator (comm=0xeb23e34f3000)
spark1:1:84 [0] NCCL INFO NET/IB: ncclIbResiliencyInit: Resiliency is disabled on the recv communicator (comm=0xeb23e3534000)
spark1:1:84 [0] NCCL INFO NET/IB: ncclIbRecvCommInit: Receive work requests will be posted on-demand
spark1:1:84 [0] NCCL INFO NET/IB: ncclIbResiliencyInit: Resiliency is disabled on the send communicator (comm=0xeb23e3579000)
spark1:1:84 [0] NCCL INFO NET/IB: ncclIbResiliencyInit: Resiliency is disabled on the recv communicator (comm=0xeb23e35ba000)
spark1:1:84 [0] NCCL INFO NET/IB: ncclIbRecvCommInit: Receive work requests will be posted on-demand
spark1:1:84 [0] NCCL INFO NET/IB: ncclIbSenderQpsToRts: Set ECE: IbDev 0 Port 1 qp_num 10799 set_ece={supported=1, vendor_id=0x15b3, options=0x30000002, comp_mask=0x0}
spark1:1:84 [0] NCCL INFO NET/IB: ncclIbSenderQpsCreate: QP created: port=1 dev=0 devName=rocep1s0f1 ndevs=1 nmdevs=1 qp_num=10802 pkey=0 pd=0xeb23e00cdc70 oooRq=0
spark1:1:84 [0] NCCL INFO NET/IB: ncclIbConnectImpl: NCCL Dev 0 IbDev 0 Port 1 qp_num 10802 mtu 3 GID 3 (0/108640AFFFF0000) ctsFifoRkey=0x1b7f7c ctsFifoLkey=0x1b7f7c
spark1:1:84 [0] NCCL INFO NET/IB: ncclIbConnectImpl: IbDev 0 Port 1 qp_num 10802 query_ece={supported=1, vendor_id=0x15b3, options=0x30000002, comp_mask=0x0}
spark1:1:84 [0] NCCL INFO NET/IB: ncclIbSenderQpsCreate: QP created: port=1 dev=0 devName=rocep1s0f1 ndevs=1 nmdevs=1 qp_num=10803 pkey=0 pd=0xeb23e00cdc70 oooRq=0
spark1:1:84 [0] NCCL INFO NET/IB: ncclIbConnectImpl: NCCL Dev 0 IbDev 0 Port 1 qp_num 10803 mtu 3 GID 3 (0/108640AFFFF0000) ctsFifoRkey=0x1b0603 ctsFifoLkey=0x1b0603
spark1:1:84 [0] NCCL INFO NET/IB: ncclIbConnectImpl: IbDev 0 Port 1 qp_num 10803 query_ece={supported=1, vendor_id=0x15b3, options=0x30000002, comp_mask=0x0}
spark1:1:84 [0] NCCL INFO NET/IB: ncclIbSenderQpsCreate: QP created: port=1 dev=0 devName=rocep1s0f1 ndevs=1 nmdevs=1 qp_num=10804 pkey=0 pd=0xeb23e00cdc70 oooRq=0
spark1:1:84 [0] NCCL INFO NET/IB: ncclIbConnectImpl: NCCL Dev 0 IbDev 0 Port 1 qp_num 10804 mtu 3 GID 3 (0/108640AFFFF0000) ctsFifoRkey=0x19e7e4 ctsFifoLkey=0x19e7e4
spark1:1:84 [0] NCCL INFO NET/IB: ncclIbConnectImpl: IbDev 0 Port 1 qp_num 10804 query_ece={supported=1, vendor_id=0x15b3, options=0x30000002, comp_mask=0x0}
spark1:1:84 [0] NCCL INFO NET/IB: ncclIbSenderQpsCreate: QP created: port=1 dev=0 devName=rocep1s0f1 ndevs=1 nmdevs=1 qp_num=10805 pkey=0 pd=0xeb23e00cdc70 oooRq=0
spark1:1:84 [0] NCCL INFO NET/IB: ncclIbConnectImpl: NCCL Dev 0 IbDev 0 Port 1 qp_num 10805 mtu 3 GID 3 (0/108640AFFFF0000) ctsFifoRkey=0x19c4c1 ctsFifoLkey=0x19c4c1
spark1:1:84 [0] NCCL INFO NET/IB: ncclIbConnectImpl: IbDev 0 Port 1 qp_num 10805 query_ece={supported=1, vendor_id=0x15b3, options=0x30000002, comp_mask=0x0}
spark1:1:84 [0] NCCL INFO NET/IB: ncclIbSenderQpsCreate: QP created: port=1 dev=0 devName=rocep1s0f1 ndevs=1 nmdevs=1 qp_num=10806 pkey=0 pd=0xeb23e00cdc70 oooRq=0
spark1:1:84 [0] NCCL INFO NET/IB: ncclIbConnectImpl: NCCL Dev 0 IbDev 0 Port 1 qp_num 10806 mtu 3 GID 3 (0/108640AFFFF0000) ctsFifoRkey=0x19928d ctsFifoLkey=0x19928d
spark1:1:84 [0] NCCL INFO NET/IB: ncclIbConnectImpl: IbDev 0 Port 1 qp_num 10806 query_ece={supported=1, vendor_id=0x15b3, options=0x30000002, comp_mask=0x0}
spark1:1:84 [0] NCCL INFO NET/IB: ncclIbSenderQpsToRts: Set ECE: IbDev 0 Port 1 qp_num 10802 set_ece={supported=1, vendor_id=0x15b3, options=0x30000002, comp_mask=0x0}
spark1:1:84 [0] NCCL INFO NET/IB: ncclIbReceiverQpsCreateToRts: QP created: port=1 dev=0 devName=rocep1s0f1 ndevs=1 nmdevs=1 qp_num=10807 pkey=0 pd=0xeb23e00cdc70 oooRq=0
spark1:1:84 [0] NCCL INFO NET/IB: ncclIbReceiverQpsCreateToRts: Flush QP created: port=1 dev=0 devName=rocep1s0f1 ndevs=1 nmdevs=1 qp_num=10808 pkey=0 pd=0xeb23e00cdc70
spark1:1:84 [0] NCCL INFO NET/IB: ncclIbSenderQpsToRts: Set ECE: IbDev 0 Port 1 qp_num 10803 set_ece={supported=1, vendor_id=0x15b3, options=0x30000002, comp_mask=0x0}
spark1:1:84 [0] NCCL INFO NET/IB: ncclIbReceiverQpsCreateToRts: QP created: port=1 dev=0 devName=rocep1s0f1 ndevs=1 nmdevs=1 qp_num=10809 pkey=0 pd=0xeb23e00cdc70 oooRq=0
spark1:1:84 [0] NCCL INFO NET/IB: ncclIbReceiverQpsCreateToRts: Flush QP created: port=1 dev=0 devName=rocep1s0f1 ndevs=1 nmdevs=1 qp_num=10810 pkey=0 pd=0xeb23e00cdc70
spark1:1:84 [0] NCCL INFO NET/IB: ncclIbSenderQpsToRts: Set ECE: IbDev 0 Port 1 qp_num 10804 set_ece={supported=1, vendor_id=0x15b3, options=0x30000002, comp_mask=0x0}
spark1:1:84 [0] NCCL INFO NET/IB: ncclIbReceiverQpsCreateToRts: QP created: port=1 dev=0 devName=rocep1s0f1 ndevs=1 nmdevs=1 qp_num=10811 pkey=0 pd=0xeb23e00cdc70 oooRq=0
spark1:1:84 [0] NCCL INFO NET/IB: ncclIbReceiverQpsCreateToRts: Flush QP created: port=1 dev=0 devName=rocep1s0f1 ndevs=1 nmdevs=1 qp_num=10812 pkey=0 pd=0xeb23e00cdc70
spark1:1:84 [0] NCCL INFO NET/IB: ncclIbSenderQpsToRts: Set ECE: IbDev 0 Port 1 qp_num 10805 set_ece={supported=1, vendor_id=0x15b3, options=0x30000002, comp_mask=0x0}
spark1:1:84 [0] NCCL INFO NET/IB: ncclIbReceiverQpsCreateToRts: QP created: port=1 dev=0 devName=rocep1s0f1 ndevs=1 nmdevs=1 qp_num=10813 pkey=0 pd=0xeb23e00cdc70 oooRq=0
spark1:1:84 [0] NCCL INFO NET/IB: ncclIbReceiverQpsCreateToRts: Flush QP created: port=1 dev=0 devName=rocep1s0f1 ndevs=1 nmdevs=1 qp_num=10814 pkey=0 pd=0xeb23e00cdc70
spark1:1:84 [0] NCCL INFO NET/IB: ncclIbSenderQpsToRts: Set ECE: IbDev 0 Port 1 qp_num 10806 set_ece={supported=1, vendor_id=0x15b3, options=0x30000002, comp_mask=0x0}
spark1:1:84 [0] NCCL INFO NET/IB: ncclIbReceiverQpsCreateToRts: QP created: port=1 dev=0 devName=rocep1s0f1 ndevs=1 nmdevs=1 qp_num=10815 pkey=0 pd=0xeb23e00cdc70 oooRq=0
spark1:1:84 [0] NCCL INFO NET/IB: ncclIbReceiverQpsCreateToRts: Flush QP created: port=1 dev=0 devName=rocep1s0f1 ndevs=1 nmdevs=1 qp_num=10816 pkey=0 pd=0xeb23e00cdc70
spark1:1:84 [0] NCCL INFO NET/IB: ncclIbSenderQpsCreate: QP created: port=1 dev=0 devName=rocep1s0f1 ndevs=1 nmdevs=1 qp_num=10817 pkey=0 pd=0xeb23e00cdc70 oooRq=0
spark1:1:84 [0] NCCL INFO NET/IB: ncclIbConnectImpl: NCCL Dev 0 IbDev 0 Port 1 qp_num 10817 mtu 3 GID 3 (0/108640AFFFF0000) ctsFifoRkey=0x1a9e9b ctsFifoLkey=0x1a9e9b
spark1:1:84 [0] NCCL INFO NET/IB: ncclIbConnectImpl: IbDev 0 Port 1 qp_num 10817 query_ece={supported=1, vendor_id=0x15b3, options=0x30000002, comp_mask=0x0}
spark1:1:84 [0] NCCL INFO NET/IB: ncclIbReceiverQpsCreateToRts: QP created: port=1 dev=0 devName=rocep1s0f1 ndevs=1 nmdevs=1 qp_num=10818 pkey=0 pd=0xeb23e00cdc70 oooRq=0
spark1:1:84 [0] NCCL INFO NET/IB: ncclIbReceiverQpsCreateToRts: Flush QP created: port=1 dev=0 devName=rocep1s0f1 ndevs=1 nmdevs=1 qp_num=10819 pkey=0 pd=0xeb23e00cdc70
spark1:1:84 [0] NCCL INFO NET/IB: ncclIbSenderQpsToRts: Set ECE: IbDev 0 Port 1 qp_num 10817 set_ece={supported=1, vendor_id=0x15b3, options=0x30000002, comp_mask=0x0}
spark1:1:84 [0] NCCL INFO NET/IB: ncclIbSenderQpsCreate: QP created: port=1 dev=0 devName=rocep1s0f1 ndevs=1 nmdevs=1 qp_num=10820 pkey=0 pd=0xeb23e00cdc70 oooRq=0
spark1:1:84 [0] NCCL INFO NET/IB: ncclIbConnectImpl: NCCL Dev 0 IbDev 0 Port 1 qp_num 10820 mtu 3 GID 3 (0/108640AFFFF0000) ctsFifoRkey=0x1a8584 ctsFifoLkey=0x1a8584
spark1:1:84 [0] NCCL INFO NET/IB: ncclIbConnectImpl: IbDev 0 Port 1 qp_num 10820 query_ece={supported=1, vendor_id=0x15b3, options=0x30000002, comp_mask=0x0}
spark1:1:84 [0] NCCL INFO NET/IB: ncclIbSenderQpsCreate: QP created: port=1 dev=0 devName=rocep1s0f1 ndevs=1 nmdevs=1 qp_num=10821 pkey=0 pd=0xeb23e00cdc70 oooRq=0
spark1:1:84 [0] NCCL INFO NET/IB: ncclIbConnectImpl: NCCL Dev 0 IbDev 0 Port 1 qp_num 10821 mtu 3 GID 3 (0/108640AFFFF0000) ctsFifoRkey=0x1a5550 ctsFifoLkey=0x1a5550
spark1:1:84 [0] NCCL INFO NET/IB: ncclIbConnectImpl: IbDev 0 Port 1 qp_num 10821 query_ece={supported=1, vendor_id=0x15b3, options=0x30000002, comp_mask=0x0}
spark1:1:84 [0] NCCL INFO NET/IB: ncclIbSenderQpsCreate: QP created: port=1 dev=0 devName=rocep1s0f1 ndevs=1 nmdevs=1 qp_num=10822 pkey=0 pd=0xeb23e00cdc70 oooRq=0
spark1:1:84 [0] NCCL INFO NET/IB: ncclIbConnectImpl: NCCL Dev 0 IbDev 0 Port 1 qp_num 10822 mtu 3 GID 3 (0/108640AFFFF0000) ctsFifoRkey=0x1a2321 ctsFifoLkey=0x1a2321
spark1:1:84 [0] NCCL INFO NET/IB: ncclIbConnectImpl: IbDev 0 Port 1 qp_num 10822 query_ece={supported=1, vendor_id=0x15b3, options=0x30000002, comp_mask=0x0}
spark1:1:84 [0] NCCL INFO NET/IB: ncclIbSenderQpsCreate: QP created: port=1 dev=0 devName=rocep1s0f1 ndevs=1 nmdevs=1 qp_num=10823 pkey=0 pd=0xeb23e00cdc70 oooRq=0
spark1:1:84 [0] NCCL INFO NET/IB: ncclIbConnectImpl: NCCL Dev 0 IbDev 0 Port 1 qp_num 10823 mtu 3 GID 3 (0/108640AFFFF0000) ctsFifoRkey=0x19aca7 ctsFifoLkey=0x19aca7
spark1:1:84 [0] NCCL INFO NET/IB: ncclIbConnectImpl: IbDev 0 Port 1 qp_num 10823 query_ece={supported=1, vendor_id=0x15b3, options=0x30000002, comp_mask=0x0}
spark1:1:84 [0] NCCL INFO NET/IB: ncclIbSenderQpsCreate: QP created: port=1 dev=0 devName=rocep1s0f1 ndevs=1 nmdevs=1 qp_num=10824 pkey=0 pd=0xeb23e00cdc70 oooRq=0
spark1:1:84 [0] NCCL INFO NET/IB: ncclIbConnectImpl: NCCL Dev 0 IbDev 0 Port 1 qp_num 10824 mtu 3 GID 3 (0/108640AFFFF0000) ctsFifoRkey=0x1b7474 ctsFifoLkey=0x1b7474
spark1:1:84 [0] NCCL INFO NET/IB: ncclIbConnectImpl: IbDev 0 Port 1 qp_num 10824 query_ece={supported=1, vendor_id=0x15b3, options=0x30000002, comp_mask=0x0}
spark1:1:84 [0] NCCL INFO NET/IB: ncclIbSenderQpsToRts: Set ECE: IbDev 0 Port 1 qp_num 10820 set_ece={supported=1, vendor_id=0x15b3, options=0x30000002, comp_mask=0x0}
spark1:1:84 [0] NCCL INFO NET/IB: ncclIbReceiverQpsCreateToRts: QP created: port=1 dev=0 devName=rocep1s0f1 ndevs=1 nmdevs=1 qp_num=10825 pkey=0 pd=0xeb23e00cdc70 oooRq=0
spark1:1:84 [0] NCCL INFO NET/IB: ncclIbReceiverQpsCreateToRts: Flush QP created: port=1 dev=0 devName=rocep1s0f1 ndevs=1 nmdevs=1 qp_num=10826 pkey=0 pd=0xeb23e00cdc70
spark1:1:84 [0] NCCL INFO NET/IB: ncclIbSenderQpsToRts: Set ECE: IbDev 0 Port 1 qp_num 10821 set_ece={supported=1, vendor_id=0x15b3, options=0x30000002, comp_mask=0x0}
spark1:1:84 [0] NCCL INFO NET/IB: ncclIbReceiverQpsCreateToRts: QP created: port=1 dev=0 devName=rocep1s0f1 ndevs=1 nmdevs=1 qp_num=10827 pkey=0 pd=0xeb23e00cdc70 oooRq=0
spark1:1:84 [0] NCCL INFO NET/IB: ncclIbReceiverQpsCreateToRts: Flush QP created: port=1 dev=0 devName=rocep1s0f1 ndevs=1 nmdevs=1 qp_num=10828 pkey=0 pd=0xeb23e00cdc70
spark1:1:84 [0] NCCL INFO NET/IB: ncclIbSenderQpsToRts: Set ECE: IbDev 0 Port 1 qp_num 10822 set_ece={supported=1, vendor_id=0x15b3, options=0x30000002, comp_mask=0x0}
spark1:1:84 [0] NCCL INFO NET/IB: ncclIbReceiverQpsCreateToRts: QP created: port=1 dev=0 devName=rocep1s0f1 ndevs=1 nmdevs=1 qp_num=10829 pkey=0 pd=0xeb23e00cdc70 oooRq=0
spark1:1:84 [0] NCCL INFO NET/IB: ncclIbReceiverQpsCreateToRts: Flush QP created: port=1 dev=0 devName=rocep1s0f1 ndevs=1 nmdevs=1 qp_num=10830 pkey=0 pd=0xeb23e00cdc70
spark1:1:84 [0] NCCL INFO NET/IB: ncclIbSenderQpsToRts: Set ECE: IbDev 0 Port 1 qp_num 10823 set_ece={supported=1, vendor_id=0x15b3, options=0x30000002, comp_mask=0x0}
spark1:1:84 [0] NCCL INFO NET/IB: ncclIbReceiverQpsCreateToRts: QP created: port=1 dev=0 devName=rocep1s0f1 ndevs=1 nmdevs=1 qp_num=10831 pkey=0 pd=0xeb23e00cdc70 oooRq=0
spark1:1:84 [0] NCCL INFO NET/IB: ncclIbReceiverQpsCreateToRts: Flush QP created: port=1 dev=0 devName=rocep1s0f1 ndevs=1 nmdevs=1 qp_num=10832 pkey=0 pd=0xeb23e00cdc70
spark1:1:84 [0] NCCL INFO NET/IB: ncclIbSenderQpsToRts: Set ECE: IbDev 0 Port 1 qp_num 10824 set_ece={supported=1, vendor_id=0x15b3, options=0x30000002, comp_mask=0x0}
spark1:1:84 [0] NCCL INFO NET/IB: ncclIbReceiverQpsCreateToRts: QP created: port=1 dev=0 devName=rocep1s0f1 ndevs=1 nmdevs=1 qp_num=10833 pkey=0 pd=0xeb23e00cdc70 oooRq=0
spark1:1:84 [0] NCCL INFO NET/IB: ncclIbReceiverQpsCreateToRts: Flush QP created: port=1 dev=0 devName=rocep1s0f1 ndevs=1 nmdevs=1 qp_num=10834 pkey=0 pd=0xeb23e00cdc70
spark1:1:84 [0] NCCL INFO NET/IB: ncclIbSenderQpsCreate: QP created: port=1 dev=0 devName=rocep1s0f1 ndevs=1 nmdevs=1 qp_num=10835 pkey=0 pd=0xeb23e00cdc70 oooRq=0
spark1:1:84 [0] NCCL INFO NET/IB: ncclIbConnectImpl: NCCL Dev 0 IbDev 0 Port 1 qp_num 10835 mtu 3 GID 3 (0/108640AFFFF0000) ctsFifoRkey=0x1badab ctsFifoLkey=0x1badab
spark1:1:84 [0] NCCL INFO NET/IB: ncclIbConnectImpl: IbDev 0 Port 1 qp_num 10835 query_ece={supported=1, vendor_id=0x15b3, options=0x30000002, comp_mask=0x0}
spark1:1:84 [0] NCCL INFO NET/IB: ncclIbReceiverQpsCreateToRts: QP created: port=1 dev=0 devName=rocep1s0f1 ndevs=1 nmdevs=1 qp_num=10836 pkey=0 pd=0xeb23e00cdc70 oooRq=0
spark1:1:84 [0] NCCL INFO NET/IB: ncclIbReceiverQpsCreateToRts: Flush QP created: port=1 dev=0 devName=rocep1s0f1 ndevs=1 nmdevs=1 qp_num=10837 pkey=0 pd=0xeb23e00cdc70
spark1:1:84 [0] NCCL INFO NET/IB: ncclIbSenderQpsToRts: Set ECE: IbDev 0 Port 1 qp_num 10835 set_ece={supported=1, vendor_id=0x15b3, options=0x30000002, comp_mask=0x0}
spark1:1:84 [0] NCCL INFO NET/IB: ncclIbSenderQpsCreate: QP created: port=1 dev=0 devName=rocep1s0f1 ndevs=1 nmdevs=1 qp_num=10838 pkey=0 pd=0xeb23e00cdc70 oooRq=0
spark1:1:84 [0] NCCL INFO NET/IB: ncclIbConnectImpl: NCCL Dev 0 IbDev 0 Port 1 qp_num 10838 mtu 3 GID 3 (0/108640AFFFF0000) ctsFifoRkey=0x1b9c9a ctsFifoLkey=0x1b9c9a
spark1:1:84 [0] NCCL INFO NET/IB: ncclIbConnectImpl: IbDev 0 Port 1 qp_num 10838 query_ece={supported=1, vendor_id=0x15b3, options=0x30000002, comp_mask=0x0}
spark1:1:84 [0] NCCL INFO NET/IB: ncclIbSenderQpsCreate: QP created: port=1 dev=0 devName=rocep1s0f1 ndevs=1 nmdevs=1 qp_num=10839 pkey=0 pd=0xeb23e00cdc70 oooRq=0
spark1:1:84 [0] NCCL INFO NET/IB: ncclIbConnectImpl: NCCL Dev 0 IbDev 0 Port 1 qp_num 10839 mtu 3 GID 3 (0/108640AFFFF0000) ctsFifoRkey=0x1a695f ctsFifoLkey=0x1a695f
spark1:1:84 [0] NCCL INFO NET/IB: ncclIbConnectImpl: IbDev 0 Port 1 qp_num 10839 query_ece={supported=1, vendor_id=0x15b3, options=0x30000002, comp_mask=0x0}
spark1:1:84 [0] NCCL INFO NET/IB: ncclIbSenderQpsCreate: QP created: port=1 dev=0 devName=rocep1s0f1 ndevs=1 nmdevs=1 qp_num=10840 pkey=0 pd=0xeb23e00cdc70 oooRq=0
spark1:1:84 [0] NCCL INFO NET/IB: ncclIbConnectImpl: NCCL Dev 0 IbDev 0 Port 1 qp_num 10840 mtu 3 GID 3 (0/108640AFFFF0000) ctsFifoRkey=0x1a1916 ctsFifoLkey=0x1a1916
spark1:1:84 [0] NCCL INFO NET/IB: ncclIbConnectImpl: IbDev 0 Port 1 qp_num 10840 query_ece={supported=1, vendor_id=0x15b3, options=0x30000002, comp_mask=0x0}
spark1:1:84 [0] NCCL INFO NET/IB: ncclIbSenderQpsCreate: QP created: port=1 dev=0 devName=rocep1s0f1 ndevs=1 nmdevs=1 qp_num=10841 pkey=0 pd=0xeb23e00cdc70 oooRq=0
spark1:1:84 [0] NCCL INFO NET/IB: ncclIbConnectImpl: NCCL Dev 0 IbDev 0 Port 1 qp_num 10841 mtu 3 GID 3 (0/108640AFFFF0000) ctsFifoRkey=0x19635f ctsFifoLkey=0x19635f
spark1:1:84 [0] NCCL INFO NET/IB: ncclIbConnectImpl: IbDev 0 Port 1 qp_num 10841 query_ece={supported=1, vendor_id=0x15b3, options=0x30000002, comp_mask=0x0}
spark1:1:84 [0] NCCL INFO NET/IB: ncclIbSenderQpsCreate: QP created: port=1 dev=0 devName=rocep1s0f1 ndevs=1 nmdevs=1 qp_num=10842 pkey=0 pd=0xeb23e00cdc70 oooRq=0
spark1:1:84 [0] NCCL INFO NET/IB: ncclIbConnectImpl: NCCL Dev 0 IbDev 0 Port 1 qp_num 10842 mtu 3 GID 3 (0/108640AFFFF0000) ctsFifoRkey=0x1b8986 ctsFifoLkey=0x1b8986
spark1:1:84 [0] NCCL INFO NET/IB: ncclIbConnectImpl: IbDev 0 Port 1 qp_num 10842 query_ece={supported=1, vendor_id=0x15b3, options=0x30000002, comp_mask=0x0}
spark1:1:84 [0] NCCL INFO NET/IB: ncclIbSenderQpsToRts: Set ECE: IbDev 0 Port 1 qp_num 10838 set_ece={supported=1, vendor_id=0x15b3, options=0x30000002, comp_mask=0x0}
spark1:1:84 [0] NCCL INFO NET/IB: ncclIbReceiverQpsCreateToRts: QP created: port=1 dev=0 devName=rocep1s0f1 ndevs=1 nmdevs=1 qp_num=10843 pkey=0 pd=0xeb23e00cdc70 oooRq=0
spark1:1:84 [0] NCCL INFO NET/IB: ncclIbReceiverQpsCreateToRts: Flush QP created: port=1 dev=0 devName=rocep1s0f1 ndevs=1 nmdevs=1 qp_num=10844 pkey=0 pd=0xeb23e00cdc70
spark1:1:84 [0] NCCL INFO NET/IB: ncclIbSenderQpsToRts: Set ECE: IbDev 0 Port 1 qp_num 10839 set_ece={supported=1, vendor_id=0x15b3, options=0x30000002, comp_mask=0x0}
spark1:1:84 [0] NCCL INFO NET/IB: ncclIbReceiverQpsCreateToRts: QP created: port=1 dev=0 devName=rocep1s0f1 ndevs=1 nmdevs=1 qp_num=10845 pkey=0 pd=0xeb23e00cdc70 oooRq=0
spark1:1:84 [0] NCCL INFO NET/IB: ncclIbReceiverQpsCreateToRts: Flush QP created: port=1 dev=0 devName=rocep1s0f1 ndevs=1 nmdevs=1 qp_num=10846 pkey=0 pd=0xeb23e00cdc70
spark1:1:84 [0] NCCL INFO NET/IB: ncclIbSenderQpsToRts: Set ECE: IbDev 0 Port 1 qp_num 10840 set_ece={supported=1, vendor_id=0x15b3, options=0x30000002, comp_mask=0x0}
spark1:1:84 [0] NCCL INFO NET/IB: ncclIbReceiverQpsCreateToRts: QP created: port=1 dev=0 devName=rocep1s0f1 ndevs=1 nmdevs=1 qp_num=10847 pkey=0 pd=0xeb23e00cdc70 oooRq=0
spark1:1:84 [0] NCCL INFO NET/IB: ncclIbReceiverQpsCreateToRts: Flush QP created: port=1 dev=0 devName=rocep1s0f1 ndevs=1 nmdevs=1 qp_num=10848 pkey=0 pd=0xeb23e00cdc70
spark1:1:84 [0] NCCL INFO NET/IB: ncclIbSenderQpsToRts: Set ECE: IbDev 0 Port 1 qp_num 10841 set_ece={supported=1, vendor_id=0x15b3, options=0x30000002, comp_mask=0x0}
spark1:1:84 [0] NCCL INFO NET/IB: ncclIbReceiverQpsCreateToRts: QP created: port=1 dev=0 devName=rocep1s0f1 ndevs=1 nmdevs=1 qp_num=10849 pkey=0 pd=0xeb23e00cdc70 oooRq=0
spark1:1:84 [0] NCCL INFO NET/IB: ncclIbReceiverQpsCreateToRts: Flush QP created: port=1 dev=0 devName=rocep1s0f1 ndevs=1 nmdevs=1 qp_num=10850 pkey=0 pd=0xeb23e00cdc70
spark1:1:84 [0] NCCL INFO NET/IB: ncclIbSenderQpsToRts: Set ECE: IbDev 0 Port 1 qp_num 10842 set_ece={supported=1, vendor_id=0x15b3, options=0x30000002, comp_mask=0x0}
spark1:1:84 [0] NCCL INFO NET/IB: ncclIbReceiverQpsCreateToRts: QP created: port=1 dev=0 devName=rocep1s0f1 ndevs=1 nmdevs=1 qp_num=10851 pkey=0 pd=0xeb23e00cdc70 oooRq=0
spark1:1:84 [0] NCCL INFO NET/IB: ncclIbReceiverQpsCreateToRts: Flush QP created: port=1 dev=0 devName=rocep1s0f1 ndevs=1 nmdevs=1 qp_num=10852 pkey=0 pd=0xeb23e00cdc70
spark1:1:84 [0] NCCL INFO NET/IB: ncclIbSenderQpsCreate: QP created: port=1 dev=0 devName=rocep1s0f1 ndevs=1 nmdevs=1 qp_num=10853 pkey=0 pd=0xeb23e00cdc70 oooRq=0
spark1:1:84 [0] NCCL INFO NET/IB: ncclIbConnectImpl: NCCL Dev 0 IbDev 0 Port 1 qp_num 10853 mtu 3 GID 3 (0/108640AFFFF0000) ctsFifoRkey=0x1b4b49 ctsFifoLkey=0x1b4b49
spark1:1:84 [0] NCCL INFO NET/IB: ncclIbConnectImpl: IbDev 0 Port 1 qp_num 10853 query_ece={supported=1, vendor_id=0x15b3, options=0x30000002, comp_mask=0x0}
spark1:1:84 [0] NCCL INFO NET/IB: ncclIbReceiverQpsCreateToRts: QP created: port=1 dev=0 devName=rocep1s0f1 ndevs=1 nmdevs=1 qp_num=10854 pkey=0 pd=0xeb23e00cdc70 oooRq=0
spark1:1:84 [0] NCCL INFO NET/IB: ncclIbReceiverQpsCreateToRts: Flush QP created: port=1 dev=0 devName=rocep1s0f1 ndevs=1 nmdevs=1 qp_num=10855 pkey=0 pd=0xeb23e00cdc70
spark1:1:84 [0] NCCL INFO NET/IB: ncclIbSenderQpsToRts: Set ECE: IbDev 0 Port 1 qp_num 10853 set_ece={supported=1, vendor_id=0x15b3, options=0x30000002, comp_mask=0x0}
spark1:1:84 [0] NCCL INFO NET/IB: ncclIbSenderQpsCreate: QP created: port=1 dev=0 devName=rocep1s0f1 ndevs=1 nmdevs=1 qp_num=10856 pkey=0 pd=0xeb23e00cdc70 oooRq=0
spark1:1:84 [0] NCCL INFO NET/IB: ncclIbConnectImpl: NCCL Dev 0 IbDev 0 Port 1 qp_num 10856 mtu 3 GID 3 (0/108640AFFFF0000) ctsFifoRkey=0x1b2825 ctsFifoLkey=0x1b2825
spark1:1:84 [0] NCCL INFO NET/IB: ncclIbConnectImpl: IbDev 0 Port 1 qp_num 10856 query_ece={supported=1, vendor_id=0x15b3, options=0x30000002, comp_mask=0x0}
spark1:1:84 [0] NCCL INFO NET/IB: ncclIbSenderQpsCreate: QP created: port=1 dev=0 devName=rocep1s0f1 ndevs=1 nmdevs=1 qp_num=10857 pkey=0 pd=0xeb23e00cdc70 oooRq=0
spark1:1:84 [0] NCCL INFO NET/IB: ncclIbConnectImpl: NCCL Dev 0 IbDev 0 Port 1 qp_num 10857 mtu 3 GID 3 (0/108640AFFFF0000) ctsFifoRkey=0x1af1ee ctsFifoLkey=0x1af1ee
spark1:1:84 [0] NCCL INFO NET/IB: ncclIbConnectImpl: IbDev 0 Port 1 qp_num 10857 query_ece={supported=1, vendor_id=0x15b3, options=0x30000002, comp_mask=0x0}
spark1:1:84 [0] NCCL INFO NET/IB: ncclIbSenderQpsToRts: Set ECE: IbDev 0 Port 1 qp_num 10856 set_ece={supported=1, vendor_id=0x15b3, options=0x30000002, comp_mask=0x0}
spark1:1:84 [0] NCCL INFO NET/IB: ncclIbReceiverQpsCreateToRts: QP created: port=1 dev=0 devName=rocep1s0f1 ndevs=1 nmdevs=1 qp_num=10858 pkey=0 pd=0xeb23e00cdc70 oooRq=0
spark1:1:84 [0] NCCL INFO NET/IB: ncclIbReceiverQpsCreateToRts: Flush QP created: port=1 dev=0 devName=rocep1s0f1 ndevs=1 nmdevs=1 qp_num=10859 pkey=0 pd=0xeb23e00cdc70
spark1:1:84 [0] NCCL INFO NET/IB: ncclIbSenderQpsCreate: QP created: port=1 dev=0 devName=rocep1s0f1 ndevs=1 nmdevs=1 qp_num=10860 pkey=0 pd=0xeb23e00cdc70 oooRq=0
spark1:1:84 [0] NCCL INFO NET/IB: ncclIbConnectImpl: NCCL Dev 0 IbDev 0 Port 1 qp_num 10860 mtu 3 GID 3 (0/108640AFFFF0000) ctsFifoRkey=0x19dad8 ctsFifoLkey=0x19dad8
spark1:1:84 [0] NCCL INFO NET/IB: ncclIbConnectImpl: IbDev 0 Port 1 qp_num 10860 query_ece={supported=1, vendor_id=0x15b3, options=0x30000002, comp_mask=0x0}
spark1:1:84 [0] NCCL INFO NET/IB: ncclIbReceiverQpsCreateToRts: QP created: port=1 dev=0 devName=rocep1s0f1 ndevs=1 nmdevs=1 qp_num=10861 pkey=0 pd=0xeb23e00cdc70 oooRq=0
spark1:1:84 [0] NCCL INFO NET/IB: ncclIbReceiverQpsCreateToRts: Flush QP created: port=1 dev=0 devName=rocep1s0f1 ndevs=1 nmdevs=1 qp_num=10862 pkey=0 pd=0xeb23e00cdc70
spark1:1:84 [0] NCCL INFO NET/IB: ncclIbReceiverQpsCreateToRts: QP created: port=1 dev=0 devName=rocep1s0f1 ndevs=1 nmdevs=1 qp_num=10863 pkey=0 pd=0xeb23e00cdc70 oooRq=0
spark1:1:84 [0] NCCL INFO NET/IB: ncclIbReceiverQpsCreateToRts: Flush QP created: port=1 dev=0 devName=rocep1s0f1 ndevs=1 nmdevs=1 qp_num=10864 pkey=0 pd=0xeb23e00cdc70
spark1:1:84 [0] NCCL INFO NET/IB: ncclIbSenderQpsToRts: Set ECE: IbDev 0 Port 1 qp_num 10857 set_ece={supported=1, vendor_id=0x15b3, options=0x30000002, comp_mask=0x0}
spark1:1:84 [0] NCCL INFO NET/IB: ncclIbSenderQpsToRts: Set ECE: IbDev 0 Port 1 qp_num 10860 set_ece={supported=1, vendor_id=0x15b3, options=0x30000002, comp_mask=0x0}
spark1:1:84 [0] NCCL INFO NET/IB: ncclIbReceiverQpsCreateToRts: QP created: port=1 dev=0 devName=rocep1s0f1 ndevs=1 nmdevs=1 qp_num=10865 pkey=0 pd=0xeb23e00cdc70 oooRq=0
spark1:1:84 [0] NCCL INFO NET/IB: ncclIbReceiverQpsCreateToRts: Flush QP created: port=1 dev=0 devName=rocep1s0f1 ndevs=1 nmdevs=1 qp_num=10866 pkey=0 pd=0xeb23e00cdc70
spark1:1:84 [0] NCCL INFO NET/IB: ncclIbSenderQpsCreate: QP created: port=1 dev=0 devName=rocep1s0f1 ndevs=1 nmdevs=1 qp_num=10867 pkey=0 pd=0xeb23e00cdc70 oooRq=0
spark1:1:84 [0] NCCL INFO NET/IB: ncclIbConnectImpl: NCCL Dev 0 IbDev 0 Port 1 qp_num 10867 mtu 3 GID 3 (0/108640AFFFF0000) ctsFifoRkey=0x188988 ctsFifoLkey=0x188988
spark1:1:84 [0] NCCL INFO NET/IB: ncclIbConnectImpl: IbDev 0 Port 1 qp_num 10867 query_ece={supported=1, vendor_id=0x15b3, options=0x30000002, comp_mask=0x0}
spark1:1:84 [0] NCCL INFO NET/IB: ncclIbSenderQpsCreate: QP created: port=1 dev=0 devName=rocep1s0f1 ndevs=1 nmdevs=1 qp_num=10868 pkey=0 pd=0xeb23e00cdc70 oooRq=0
spark1:1:84 [0] NCCL INFO NET/IB: ncclIbConnectImpl: NCCL Dev 0 IbDev 0 Port 1 qp_num 10868 mtu 3 GID 3 (0/108640AFFFF0000) ctsFifoRkey=0x193c2f ctsFifoLkey=0x193c2f
spark1:1:84 [0] NCCL INFO NET/IB: ncclIbConnectImpl: IbDev 0 Port 1 qp_num 10868 query_ece={supported=1, vendor_id=0x15b3, options=0x30000002, comp_mask=0x0}
spark1:1:84 [0] NCCL INFO NET/IB: ncclIbSenderQpsCreate: QP created: port=1 dev=0 devName=rocep1s0f1 ndevs=1 nmdevs=1 qp_num=10869 pkey=0 pd=0xeb23e00cdc70 oooRq=0
spark1:1:84 [0] NCCL INFO NET/IB: ncclIbConnectImpl: NCCL Dev 0 IbDev 0 Port 1 qp_num 10869 mtu 3 GID 3 (0/108640AFFFF0000) ctsFifoRkey=0x190d0b ctsFifoLkey=0x190d0b
spark1:1:84 [0] NCCL INFO NET/IB: ncclIbConnectImpl: IbDev 0 Port 1 qp_num 10869 query_ece={supported=1, vendor_id=0x15b3, options=0x30000002, comp_mask=0x0}
spark1:1:84 [0] NCCL INFO NET/IB: ncclIbSenderQpsCreate: QP created: port=1 dev=0 devName=rocep1s0f1 ndevs=1 nmdevs=1 qp_num=10870 pkey=0 pd=0xeb23e00cdc70 oooRq=0
spark1:1:84 [0] NCCL INFO NET/IB: ncclIbConnectImpl: NCCL Dev 0 IbDev 0 Port 1 qp_num 10870 mtu 3 GID 3 (0/108640AFFFF0000) ctsFifoRkey=0x190202 ctsFifoLkey=0x190202
spark1:1:84 [0] NCCL INFO NET/IB: ncclIbConnectImpl: IbDev 0 Port 1 qp_num 10870 query_ece={supported=1, vendor_id=0x15b3, options=0x30000002, comp_mask=0x0}
spark1:1:84 [0] NCCL INFO NET/IB: ncclIbSenderQpsCreate: QP created: port=1 dev=0 devName=rocep1s0f1 ndevs=1 nmdevs=1 qp_num=10871 pkey=0 pd=0xeb23e00cdc70 oooRq=0
spark1:1:84 [0] NCCL INFO NET/IB: ncclIbConnectImpl: NCCL Dev 0 IbDev 0 Port 1 qp_num 10871 mtu 3 GID 3 (0/108640AFFFF0000) ctsFifoRkey=0x18615b ctsFifoLkey=0x18615b
spark1:1:84 [0] NCCL INFO NET/IB: ncclIbConnectImpl: IbDev 0 Port 1 qp_num 10871 query_ece={supported=1, vendor_id=0x15b3, options=0x30000002, comp_mask=0x0}
spark1:1:84 [0] NCCL INFO NET/IB: ncclIbSenderQpsToRts: Set ECE: IbDev 0 Port 1 qp_num 10871 set_ece={supported=1, vendor_id=0x15b3, options=0x30000002, comp_mask=0x0}
spark1:1:84 /usr/local/lib/python3.12/dist-packages/torch/distributed/c10d_logger.py:83: UserWarning: barrier(): using the device under current context. You can specify `device_id` in `init_process_group` to mute this warning.
  return func(*args, **kwargs)
           8       15.7 us     0.00 GB/s
          16       13.8 us     0.00 GB/s
          32       13.2 us     0.00 GB/s
          64       12.9 us     0.00 GB/s
         128       13.1 us     0.01 GB/s
         256       13.9 us     0.02 GB/s
         512       14.0 us     0.04 GB/s
        1024       15.9 us     0.06 GB/s
        2048       15.2 us     0.13 GB/s
        4096       16.0 us     0.26 GB/s
        8192       18.1 us     0.45 GB/s
       16384       19.9 us     0.82 GB/s
       32768       24.1 us     1.36 GB/s
       65536       61.1 us     1.07 GB/s
      131072       47.9 us     2.73 GB/s
      262144       95.0 us     2.76 GB/s
      524288      261.7 us     2.00 GB/s
     1048576      747.1 us     1.40 GB/s
     2097152      313.0 us     6.70 GB/s
     4194304      409.4 us    10.25 GB/s
     8388608      757.8 us    11.07 GB/s
    16777216     1484.4 us    11.30 GB/s
    33554432     2808.9 us    11.95 GB/s
    67108864     6399.4 us    10.49 GB/s
   134217728    13926.8 us     9.64 GB/s
   268435456    28769.7 us     9.33 GB/s
[0] NCCL INFO NET/IB: ncclIbReceiverQpsCreateToRts: QP created: port=1 dev=0 devName=rocep1s0f1 ndevs=1 nmdevs=1 qp_num=10872 pkey=0 pd=0xeb23e00cdc70 oooRq=0
spark1:1:84 [0] NCCL INFO NET/IB: ncclIbReceiverQpsCreateToRts: Flush QP created: port=1 dev=0 devName=rocep1s0f1 ndevs=1 nmdevs=1 qp_num=10873 pkey=0 pd=0xeb23e00cdc70
spark1:1:84 [0] NCCL INFO NET/IB: ncclIbSenderQpsToRts: Set ECE: IbDev 0 Port 1 qp_num 10867 set_ece={supported=1, vendor_id=0x15b3, options=0x30000002, comp_mask=0x0}
spark1:1:84 [0] NCCL INFO NET/IB: ncclIbSenderQpsToRts: Set ECE: IbDev 0 Port 1 qp_num 10868 set_ece={supported=1, vendor_id=0x15b3, options=0x30000002, comp_mask=0x0}
spark1:1:84 [0] NCCL INFO NET/IB: ncclIbReceiverQpsCreateToRts: QP created: port=1 dev=0 devName=rocep1s0f1 ndevs=1 nmdevs=1 qp_num=10874 pkey=0 pd=0xeb23e00cdc70 oooRq=0
spark1:1:84 [0] NCCL INFO NET/IB: ncclIbReceiverQpsCreateToRts: Flush QP created: port=1 dev=0 devName=rocep1s0f1 ndevs=1 nmdevs=1 qp_num=10875 pkey=0 pd=0xeb23e00cdc70
spark1:1:84 [0] NCCL INFO NET/IB: ncclIbSenderQpsToRts: Set ECE: IbDev 0 Port 1 qp_num 10869 set_ece={supported=1, vendor_id=0x15b3, options=0x30000002, comp_mask=0x0}
spark1:1:84 [0] NCCL INFO NET/IB: ncclIbReceiverQpsCreateToRts: QP created: port=1 dev=0 devName=rocep1s0f1 ndevs=1 nmdevs=1 qp_num=10876 pkey=0 pd=0xeb23e00cdc70 oooRq=0
spark1:1:84 [0] NCCL INFO NET/IB: ncclIbReceiverQpsCreateToRts: Flush QP created: port=1 dev=0 devName=rocep1s0f1 ndevs=1 nmdevs=1 qp_num=10877 pkey=0 pd=0xeb23e00cdc70
spark1:1:84 [0] NCCL INFO NET/IB: ncclIbSenderQpsToRts: Set ECE: IbDev 0 Port 1 qp_num 10870 set_ece={supported=1, vendor_id=0x15b3, options=0x30000002, comp_mask=0x0}
spark1:1:84 [0] NCCL INFO NET/IB: ncclIbReceiverQpsCreateToRts: QP created: port=1 dev=0 devName=rocep1s0f1 ndevs=1 nmdevs=1 qp_num=10878 pkey=0 pd=0xeb23e00cdc70 oooRq=0
spark1:1:84 [0] NCCL INFO NET/IB: ncclIbReceiverQpsCreateToRts: Flush QP created: port=1 dev=0 devName=rocep1s0f1 ndevs=1 nmdevs=1 qp_num=10879 pkey=0 pd=0xeb23e00cdc70
spark1:1:1 [0] NCCL INFO Connected all rings, use ring PXN 0 GDR 0
spark1:1:1 [0] NCCL INFO Connected all trees
spark1:1:1 [0] NCCL INFO Connected binomial trees
spark1:1:1 [0] NCCL INFO ncclOsDlopen(libnccl-tuner.so) failed: libnccl-tuner.so: cannot open shared object file: No such file or directory
spark1:1:1 [0] NCCL INFO TUNER/Plugin: Could not find: libnccl-tuner.so
spark1:1:1 [0] NCCL INFO threadThresholds 8/8/64 | 16/8/64 | 512 | 512
spark1:1:1 [0] NCCL INFO 64 coll channels, 64 collnet channels, 0 nvls channels, 64 p2p channels, 1 p2p channels per peer
spark1:1:1 [0] NCCL INFO Symmetric memory is not supported. cuMemEnable 0, globalGinSupport 0, cuMemGdrSupport 0
spark1:1:1 [0] NCCL INFO CC Off, workFifoBytes 1048576
spark1:1:1 [0] NCCL INFO ncclCommInitRankConfig comm 0xfcf9d70 rank 0 nranks 2 cudaDev 0 nvmlDev 0 busId f01000 commId 0x2c718f10a0ab986d - Init COMPLETE
spark1:1:1 [0] NCCL INFO Init timings - ncclCommInitRankConfig: rank 0 nranks 2 total 1.82 (kernels 0.16, alloc 0.06, bootstrap 0.03, allgathers 0.00, topo 0.01, graphs 0.00, connections 1.56, rest 0.00)
