spark2:1:1 [0] NCCL INFO ncclOsDlopen(libnccl-env.so) failed: libnccl-env.so: cannot open shared object file: No such file or directory
spark2:1:1 [0] NCCL INFO ENV/Plugin: Could not find: libnccl-env.so
spark2:1:1 [0] NCCL INFO cudaDriverVersion 13000
spark2:1:1 [0] NCCL INFO NCCL_SOCKET_IFNAME set to enp1s0f1np1
spark2:1:1 [0] NCCL INFO NCCL version 2.30.7+cuda13.3
spark2:1:1 [0] NCCL INFO NCCL git version HEAD a5187fa2e
spark2:1:1 [0] NCCL INFO ncclOsDlopen(libnccl-net.so) failed: libnccl-net.so: cannot open shared object file: No such file or directory
spark2:1:1 [0] NCCL INFO NET/Plugin: Could not find: libnccl-net.so
spark2:1:1 [0] NCCL INFO dlvsym failed on mlx5dv_get_data_direct_sysfs_path - /lib/aarch64-linux-gnu/libmlx5.so: undefined symbol: mlx5dv_get_data_direct_sysfs_path, version MLX5_1.25 version MLX5_1.25
spark2:1:1 [0] NCCL INFO dlvsym failed on mlx5dv_reg_dmabuf_mr - /lib/aarch64-linux-gnu/libmlx5.so: undefined symbol: mlx5dv_reg_dmabuf_mr, version MLX5_1.25 version MLX5_1.25
spark2:1:1 [0] NCCL INFO NCCL_IB_HCA set to rocep1s0f1
spark2:1:1 [0] NCCL INFO NET/IB: [1] rocep1s0f1:uverbs1:1/RoCE provider=Mlx5 speed=200000 context=0x4bfafc70 pciPath=/sys/devices/pci0000:00/0000:00:00.0/0000:01:00.0 ar=0 oooRqSize=0
spark2:1:1 [0] NCCL INFO NET/IB : Made virtual device [0] name=rocep1s0f1 speed=200000 ndevs=1 rail=-1 plane=-1
spark2:1:1 [0] NCCL INFO NET/IB : Using [0]rocep1s0f1:1/RoCE [RO]; OOB enp1s0f1np1:10.100.8.2<0>
spark2:1:1 [0] NCCL INFO Initialized NET plugin IB
spark2:1:1 [0] NCCL INFO Assigned NET plugin IB to comm
spark2:1:1 [0] NCCL INFO ncclOsDlopen(libnccl-rma.so) failed: libnccl-rma.so: cannot open shared object file: No such file or directory
spark2:1:1 [0] NCCL INFO RMA/Plugin: Could not find: libnccl-rma.so
spark2:1:1 [0] NCCL INFO RMA/Plugin: Failed to load external plugin libnccl-rma.so, dlHandle: (nil), ncclRma: (nil)
spark2:1:1 [0] NCCL INFO RMA/Plugin: Assigned plugin RMA_IB_PROXY to comm
spark2:1:1 [0] NCCL INFO ncclOsDlopen(libnccl-gin.so) failed: libnccl-gin.so: cannot open shared object file: No such file or directory
spark2:1:1 [0] NCCL INFO GIN/Plugin: Could not find: libnccl-gin.so
spark2:1:1 [0] NCCL INFO GIN/Plugin: Failed to load external plugin libnccl-gin.so, dlHandle: (nil), ncclGin: (nil)
spark2:1:1 [0] NCCL INFO GIN/Plugin: Assigned plugin GIN_IB_GDAKI type 3 to comm
spark2:1:1 [0] NCCL INFO Using network IB
spark2:1:1 [0] NCCL INFO Loaded NVML from libnvidia-ml.so.1
spark2:1:1 [0] NCCL INFO [Rank 1] ncclCommInitRankConfig comm 0x494f4440 rank 1 nranks 2 cudaDev 0 nvmlDev 0 busId f01000 commId 0x2c718f10a0ab986d - Init START
spark2:1:1 [0] NCCL INFO RAS client listening socket at 127.0.0.1<28028>
spark2:1:1 [0] NCCL INFO Topology detection: could not read /sys/devices/system/node/node4294967295/cpumap, using empty affinity
spark2:1:1 [0] NCCL INFO TOPO/NET : Importing network plugins to topology
spark2:1:1 [0] NCCL INFO NET/GIN_IB_GDAKI : GPU Direct RDMA Disabled for HCA 0 'rocep1s0f1'
spark2:1:1 [0] NCCL INFO ncclTopoPopulateNics : Filled rocep1s0f1 in topo with pciPath=/sys/devices/pci0000:00/0000:00:00.0/0000:01:00.0 net=0 gin=1 rma=(null) keep=1 coll=(null) rail=-1 plane=-1
spark2:1:1 [0] NCCL INFO NET/RMA_IB_PROXY : GPU Direct RDMA Disabled for HCA 0 'rocep1s0f1'
spark2:1:1 [0] NCCL INFO ncclTopoPopulateNics : Filled rocep1s0f1 in topo with pciPath=/sys/devices/pci0000:00/0000:00:00.0/0000:01:00.0 net=0 gin=1 rma=1 keep=1 coll=(null) rail=-1 plane=-1
spark2:1:1 [0] NCCL INFO NET/IB : GPU Direct RDMA Disabled for HCA 0 'rocep1s0f1'
spark2:1:1 [0] NCCL INFO ncclTopoPopulateNics : Filled rocep1s0f1 in topo with pciPath=/sys/devices/pci0000:00/0000:00:00.0/0000:01:00.0 net=1 gin=1 rma=1 keep=1 coll=(null) rail=-1 plane=-1
spark2:1:1 [0] NCCL INFO === System : maxBw 12.0 totalBw 0.2 ===
spark2:1:1 [0] NCCL INFO CPU/0-ffffffffffffff (3/-1/-1)
spark2:1:1 [0] NCCL INFO + C2C[345.0] - DEV/0-f01000
spark2:1:1 [0] NCCL INFO + PCI[12.0] - NIC/0-1000
spark2:1:1 [0] NCCL INFO               + NET[25.0] - NET/0-0 (0/4a127f000347bb4c/1/25.000000)
spark2:1:1 [0] NCCL INFO               + NET[25.0] - GIN/0-0
spark2:1:1 [0] NCCL INFO               + NET[25.0] - RMA/0-0
spark2:1:1 [0] NCCL INFO + PCI[0.2] - DEV/0-f01000 (10de2e1210de0000)
spark2:1:1 [0] NCCL INFO              + LOC[5000.0] - GPU/0-f01000
spark2:1:1 [0] NCCL INFO              + C2C[345.0] - CPU/0-ffffffffffffff
spark2:1:1 [0] NCCL INFO ==========================================
spark2:1:1 [0] NCCL INFO GPU/0-f01000 :GPU/0-f01000 (0/5000.0/LOC) CPU/0-ffffffffffffff (2/345.0/C2C) NET/0-0 (4/12.0/P2C) GIN/0-0 (4/12.0/PHB) RMA/0-0 (4/12.0/PHB) DEV/0-f01000 (1/5000.0/LOC) 
spark2:1:1 [0] NCCL INFO NET/0-0 :GPU/0-f01000 (4/12.0/P2C) CPU/0-ffffffffffffff (2/12.0/PHB) NET/0-0 (0/5000.0/LOC) GIN/0-0 (2/25.0/LOC) RMA/0-0 (2/25.0/LOC) DEV/0-f01000 (3/12.0/PHB) 
spark2:1:1 [0] NCCL INFO GIN/0-0 :GPU/0-f01000 (4/12.0/PHB) CPU/0-ffffffffffffff (2/12.0/PHB) NET/0-0 (2/25.0/LOC) GIN/0-0 (0/5000.0/LOC) RMA/0-0 (2/25.0/LOC) DEV/0-f01000 (3/12.0/PHB) 
spark2:1:1 [0] NCCL INFO RMA/0-0 :GPU/0-f01000 (4/12.0/PHB) CPU/0-ffffffffffffff (2/12.0/PHB) NET/0-0 (2/25.0/LOC) GIN/0-0 (2/25.0/LOC) RMA/0-0 (0/5000.0/LOC) DEV/0-f01000 (3/12.0/PHB) 
spark2:1:1 [0] NCCL INFO ncclTopoGetCpuAffinity: Affinity for GPU 0 is empty, ignoring. (GPU affinity =  ; CPU affinity = 0-19).
spark2:1:1 [0] NCCL INFO Pattern 4, crossNic 0, nChannels 32, bw 0.240000/0.240000, type LOC/P2C, sameChannels 1
spark2:1:1 [0] NCCL INFO  0 : NET/0-0 GPU/0-f01000 NET/0-0
spark2:1:1 [0] NCCL INFO  1 : NET/0-0 GPU/0-f01000 NET/0-0
spark2:1:1 [0] NCCL INFO  2 : NET/0-0 GPU/0-f01000 NET/0-0
spark2:1:1 [0] NCCL INFO  3 : NET/0-0 GPU/0-f01000 NET/0-0
spark2:1:1 [0] NCCL INFO  4 : NET/0-0 GPU/0-f01000 NET/0-0
spark2:1:1 [0] NCCL INFO  5 : NET/0-0 GPU/0-f01000 NET/0-0
spark2:1:1 [0] NCCL INFO  6 : NET/0-0 GPU/0-f01000 NET/0-0
spark2:1:1 [0] NCCL INFO  7 : NET/0-0 GPU/0-f01000 NET/0-0
spark2:1:1 [0] NCCL INFO  8 : NET/0-0 GPU/0-f01000 NET/0-0
spark2:1:1 [0] NCCL INFO  9 : NET/0-0 GPU/0-f01000 NET/0-0
spark2:1:1 [0] NCCL INFO 10 : NET/0-0 GPU/0-f01000 NET/0-0
spark2:1:1 [0] NCCL INFO 11 : NET/0-0 GPU/0-f01000 NET/0-0
spark2:1:1 [0] NCCL INFO 12 : NET/0-0 GPU/0-f01000 NET/0-0
spark2:1:1 [0] NCCL INFO 13 : NET/0-0 GPU/0-f01000 NET/0-0
spark2:1:1 [0] NCCL INFO 14 : NET/0-0 GPU/0-f01000 NET/0-0
spark2:1:1 [0] NCCL INFO 15 : NET/0-0 GPU/0-f01000 NET/0-0
spark2:1:1 [0] NCCL INFO 16 : NET/0-0 GPU/0-f01000 NET/0-0
spark2:1:1 [0] NCCL INFO 17 : NET/0-0 GPU/0-f01000 NET/0-0
spark2:1:1 [0] NCCL INFO 18 : NET/0-0 GPU/0-f01000 NET/0-0
spark2:1:1 [0] NCCL INFO 19 : NET/0-0 GPU/0-f01000 NET/0-0
spark2:1:1 [0] NCCL INFO 20 : NET/0-0 GPU/0-f01000 NET/0-0
spark2:1:1 [0] NCCL INFO 21 : NET/0-0 GPU/0-f01000 NET/0-0
spark2:1:1 [0] NCCL INFO 22 : NET/0-0 GPU/0-f01000 NET/0-0
spark2:1:1 [0] NCCL INFO 23 : NET/0-0 GPU/0-f01000 NET/0-0
spark2:1:1 [0] NCCL INFO 24 : NET/0-0 GPU/0-f01000 NET/0-0
spark2:1:1 [0] NCCL INFO 25 : NET/0-0 GPU/0-f01000 NET/0-0
spark2:1:1 [0] NCCL INFO 26 : NET/0-0 GPU/0-f01000 NET/0-0
spark2:1:1 [0] NCCL INFO 27 : NET/0-0 GPU/0-f01000 NET/0-0
spark2:1:1 [0] NCCL INFO 28 : NET/0-0 GPU/0-f01000 NET/0-0
spark2:1:1 [0] NCCL INFO 29 : NET/0-0 GPU/0-f01000 NET/0-0
spark2:1:1 [0] NCCL INFO 30 : NET/0-0 GPU/0-f01000 NET/0-0
spark2:1:1 [0] NCCL INFO 31 : NET/0-0 GPU/0-f01000 NET/0-0
spark2:1:1 [0] NCCL INFO Pattern 3, crossNic 0, nChannels 32, bw 0.240000/0.120000, type LOC/P2C, sameChannels 1
spark2:1:1 [0] NCCL INFO  0 : NET/0-0 GPU/0-f01000 NET/0-0
spark2:1:1 [0] NCCL INFO  1 : NET/0-0 GPU/0-f01000 NET/0-0
spark2:1:1 [0] NCCL INFO  2 : NET/0-0 GPU/0-f01000 NET/0-0
spark2:1:1 [0] NCCL INFO  3 : NET/0-0 GPU/0-f01000 NET/0-0
spark2:1:1 [0] NCCL INFO  4 : NET/0-0 GPU/0-f01000 NET/0-0
spark2:1:1 [0] NCCL INFO  5 : NET/0-0 GPU/0-f01000 NET/0-0
spark2:1:1 [0] NCCL INFO  6 : NET/0-0 GPU/0-f01000 NET/0-0
spark2:1:1 [0] NCCL INFO  7 : NET/0-0 GPU/0-f01000 NET/0-0
spark2:1:1 [0] NCCL INFO  8 : NET/0-0 GPU/0-f01000 NET/0-0
spark2:1:1 [0] NCCL INFO  9 : NET/0-0 GPU/0-f01000 NET/0-0
spark2:1:1 [0] NCCL INFO 10 : NET/0-0 GPU/0-f01000 NET/0-0
spark2:1:1 [0] NCCL INFO 11 : NET/0-0 GPU/0-f01000 NET/0-0
spark2:1:1 [0] NCCL INFO 12 : NET/0-0 GPU/0-f01000 NET/0-0
spark2:1:1 [0] NCCL INFO 13 : NET/0-0 GPU/0-f01000 NET/0-0
spark2:1:1 [0] NCCL INFO 14 : NET/0-0 GPU/0-f01000 NET/0-0
spark2:1:1 [0] NCCL INFO 15 : NET/0-0 GPU/0-f01000 NET/0-0
spark2:1:1 [0] NCCL INFO 16 : NET/0-0 GPU/0-f01000 NET/0-0
spark2:1:1 [0] NCCL INFO 17 : NET/0-0 GPU/0-f01000 NET/0-0
spark2:1:1 [0] NCCL INFO 18 : NET/0-0 GPU/0-f01000 NET/0-0
spark2:1:1 [0] NCCL INFO 19 : NET/0-0 GPU/0-f01000 NET/0-0
spark2:1:1 [0] NCCL INFO 20 : NET/0-0 GPU/0-f01000 NET/0-0
spark2:1:1 [0] NCCL INFO 21 : NET/0-0 GPU/0-f01000 NET/0-0
spark2:1:1 [0] NCCL INFO 22 : NET/0-0 GPU/0-f01000 NET/0-0
spark2:1:1 [0] NCCL INFO 23 : NET/0-0 GPU/0-f01000 NET/0-0
spark2:1:1 [0] NCCL INFO 24 : NET/0-0 GPU/0-f01000 NET/0-0
spark2:1:1 [0] NCCL INFO 25 : NET/0-0 GPU/0-f01000 NET/0-0
spark2:1:1 [0] NCCL INFO 26 : NET/0-0 GPU/0-f01000 NET/0-0
spark2:1:1 [0] NCCL INFO 27 : NET/0-0 GPU/0-f01000 NET/0-0
spark2:1:1 [0] NCCL INFO 28 : NET/0-0 GPU/0-f01000 NET/0-0
spark2:1:1 [0] NCCL INFO 29 : NET/0-0 GPU/0-f01000 NET/0-0
spark2:1:1 [0] NCCL INFO 30 : NET/0-0 GPU/0-f01000 NET/0-0
spark2:1:1 [0] NCCL INFO 31 : NET/0-0 GPU/0-f01000 NET/0-0
spark2:1:1 [0] NCCL INFO Rank 1: 1 Net devices
spark2:1:1 [0] NCCL INFO Rank 1: 0 CollNet devices
spark2:1:1 [0] NCCL INFO comm 0x494f4440 rank 1 nRanks 2 nNodes 2 localRanks 1 localRank 0 MNNVL 0
spark2:1:1 [0] NCCL INFO Tree 0 : 0 -> 1 -> -1/-1/-1
spark2:1:1 [0] NCCL INFO Tree 32 : -1 -> 1 -> 0/-1/-1
spark2:1:1 [0] NCCL INFO Tree 1 : 0 -> 1 -> -1/-1/-1
spark2:1:1 [0] NCCL INFO Tree 33 : -1 -> 1 -> 0/-1/-1
spark2:1:1 [0] NCCL INFO Tree 2 : 0 -> 1 -> -1/-1/-1
spark2:1:1 [0] NCCL INFO Tree 34 : -1 -> 1 -> 0/-1/-1
spark2:1:1 [0] NCCL INFO Tree 3 : 0 -> 1 -> -1/-1/-1
spark2:1:1 [0] NCCL INFO Tree 35 : -1 -> 1 -> 0/-1/-1
spark2:1:1 [0] NCCL INFO Tree 4 : 0 -> 1 -> -1/-1/-1
spark2:1:1 [0] NCCL INFO Tree 36 : -1 -> 1 -> 0/-1/-1
spark2:1:1 [0] NCCL INFO Tree 5 : 0 -> 1 -> -1/-1/-1
spark2:1:1 [0] NCCL INFO Tree 37 : -1 -> 1 -> 0/-1/-1
spark2:1:1 [0] NCCL INFO Tree 6 : 0 -> 1 -> -1/-1/-1
spark2:1:1 [0] NCCL INFO Tree 38 : -1 -> 1 -> 0/-1/-1
spark2:1:1 [0] NCCL INFO Tree 7 : 0 -> 1 -> -1/-1/-1
spark2:1:1 [0] NCCL INFO Tree 39 : -1 -> 1 -> 0/-1/-1
spark2:1:1 [0] NCCL INFO Tree 8 : 0 -> 1 -> -1/-1/-1
spark2:1:1 [0] NCCL INFO Tree 40 : -1 -> 1 -> 0/-1/-1
spark2:1:1 [0] NCCL INFO Tree 9 : 0 -> 1 -> -1/-1/-1
spark2:1:1 [0] NCCL INFO Tree 41 : -1 -> 1 -> 0/-1/-1
spark2:1:1 [0] NCCL INFO Tree 10 : 0 -> 1 -> -1/-1/-1
spark2:1:1 [0] NCCL INFO Tree 42 : -1 -> 1 -> 0/-1/-1
spark2:1:1 [0] NCCL INFO Tree 11 : 0 -> 1 -> -1/-1/-1
spark2:1:1 [0] NCCL INFO Tree 43 : -1 -> 1 -> 0/-1/-1
spark2:1:1 [0] NCCL INFO Tree 12 : 0 -> 1 -> -1/-1/-1
spark2:1:1 [0] NCCL INFO Tree 44 : -1 -> 1 -> 0/-1/-1
spark2:1:1 [0] NCCL INFO Tree 13 : 0 -> 1 -> -1/-1/-1
spark2:1:1 [0] NCCL INFO Tree 45 : -1 -> 1 -> 0/-1/-1
spark2:1:1 [0] NCCL INFO Tree 14 : 0 -> 1 -> -1/-1/-1
spark2:1:1 [0] NCCL INFO Tree 46 : -1 -> 1 -> 0/-1/-1
spark2:1:1 [0] NCCL INFO Tree 15 : 0 -> 1 -> -1/-1/-1
spark2:1:1 [0] NCCL INFO Tree 47 : -1 -> 1 -> 0/-1/-1
spark2:1:1 [0] NCCL INFO Tree 16 : 0 -> 1 -> -1/-1/-1
spark2:1:1 [0] NCCL INFO Tree 48 : -1 -> 1 -> 0/-1/-1
spark2:1:1 [0] NCCL INFO Tree 17 : 0 -> 1 -> -1/-1/-1
spark2:1:1 [0] NCCL INFO Tree 49 : -1 -> 1 -> 0/-1/-1
spark2:1:1 [0] NCCL INFO Tree 18 : 0 -> 1 -> -1/-1/-1
spark2:1:1 [0] NCCL INFO Tree 50 : -1 -> 1 -> 0/-1/-1
spark2:1:1 [0] NCCL INFO Tree 19 : 0 -> 1 -> -1/-1/-1
spark2:1:1 [0] NCCL INFO Tree 51 : -1 -> 1 -> 0/-1/-1
spark2:1:1 [0] NCCL INFO Tree 20 : 0 -> 1 -> -1/-1/-1
spark2:1:1 [0] NCCL INFO Tree 52 : -1 -> 1 -> 0/-1/-1
spark2:1:1 [0] NCCL INFO Tree 21 : 0 -> 1 -> -1/-1/-1
spark2:1:1 [0] NCCL INFO Tree 53 : -1 -> 1 -> 0/-1/-1
spark2:1:1 [0] NCCL INFO Tree 22 : 0 -> 1 -> -1/-1/-1
spark2:1:1 [0] NCCL INFO Tree 54 : -1 -> 1 -> 0/-1/-1
spark2:1:1 [0] NCCL INFO Tree 23 : 0 -> 1 -> -1/-1/-1
spark2:1:1 [0] NCCL INFO Tree 55 : -1 -> 1 -> 0/-1/-1
spark2:1:1 [0] NCCL INFO Tree 24 : 0 -> 1 -> -1/-1/-1
spark2:1:1 [0] NCCL INFO Tree 56 : -1 -> 1 -> 0/-1/-1
spark2:1:1 [0] NCCL INFO Tree 25 : 0 -> 1 -> -1/-1/-1
spark2:1:1 [0] NCCL INFO Tree 57 : -1 -> 1 -> 0/-1/-1
spark2:1:1 [0] NCCL INFO Tree 26 : 0 -> 1 -> -1/-1/-1
spark2:1:1 [0] NCCL INFO Tree 58 : -1 -> 1 -> 0/-1/-1
spark2:1:1 [0] NCCL INFO Tree 27 : 0 -> 1 -> -1/-1/-1
spark2:1:1 [0] NCCL INFO Tree 59 : -1 -> 1 -> 0/-1/-1
spark2:1:1 [0] NCCL INFO Tree 28 : 0 -> 1 -> -1/-1/-1
spark2:1:1 [0] NCCL INFO Tree 60 : -1 -> 1 -> 0/-1/-1
spark2:1:1 [0] NCCL INFO Tree 29 : 0 -> 1 -> -1/-1/-1
spark2:1:1 [0] NCCL INFO Tree 61 : -1 -> 1 -> 0/-1/-1
spark2:1:1 [0] NCCL INFO Tree 30 : 0 -> 1 -> -1/-1/-1
spark2:1:1 [0] NCCL INFO Tree 62 : -1 -> 1 -> 0/-1/-1
spark2:1:1 [0] NCCL INFO Tree 31 : 0 -> 1 -> -1/-1/-1
spark2:1:1 [0] NCCL INFO Tree 63 : -1 -> 1 -> 0/-1/-1
spark2:1:1 [0] NCCL INFO Ring 00 : 0 -> 1 -> 0
spark2:1:1 [0] NCCL INFO Ring 01 : 0 -> 1 -> 0
spark2:1:1 [0] NCCL INFO Ring 02 : 0 -> 1 -> 0
spark2:1:1 [0] NCCL INFO Ring 03 : 0 -> 1 -> 0
spark2:1:1 [0] NCCL INFO Ring 04 : 0 -> 1 -> 0
spark2:1:1 [0] NCCL INFO Ring 05 : 0 -> 1 -> 0
spark2:1:1 [0] NCCL INFO Ring 06 : 0 -> 1 -> 0
spark2:1:1 [0] NCCL INFO Ring 07 : 0 -> 1 -> 0
spark2:1:1 [0] NCCL INFO Ring 08 : 0 -> 1 -> 0
spark2:1:1 [0] NCCL INFO Ring 09 : 0 -> 1 -> 0
spark2:1:1 [0] NCCL INFO Ring 10 : 0 -> 1 -> 0
spark2:1:1 [0] NCCL INFO Ring 11 : 0 -> 1 -> 0
spark2:1:1 [0] NCCL INFO Ring 12 : 0 -> 1 -> 0
spark2:1:1 [0] NCCL INFO Ring 13 : 0 -> 1 -> 0
spark2:1:1 [0] NCCL INFO Ring 14 : 0 -> 1 -> 0
spark2:1:1 [0] NCCL INFO Ring 15 : 0 -> 1 -> 0
spark2:1:1 [0] NCCL INFO Ring 16 : 0 -> 1 -> 0
spark2:1:1 [0] NCCL INFO Ring 17 : 0 -> 1 -> 0
spark2:1:1 [0] NCCL INFO Ring 18 : 0 -> 1 -> 0
spark2:1:1 [0] NCCL INFO Ring 19 : 0 -> 1 -> 0
spark2:1:1 [0] NCCL INFO Ring 20 : 0 -> 1 -> 0
spark2:1:1 [0] NCCL INFO Ring 21 : 0 -> 1 -> 0
spark2:1:1 [0] NCCL INFO Ring 22 : 0 -> 1 -> 0
spark2:1:1 [0] NCCL INFO Ring 23 : 0 -> 1 -> 0
spark2:1:1 [0] NCCL INFO Ring 24 : 0 -> 1 -> 0
spark2:1:1 [0] NCCL INFO Ring 25 : 0 -> 1 -> 0
spark2:1:1 [0] NCCL INFO Ring 26 : 0 -> 1 -> 0
spark2:1:1 [0] NCCL INFO Ring 27 : 0 -> 1 -> 0
spark2:1:1 [0] NCCL INFO Ring 28 : 0 -> 1 -> 0
spark2:1:1 [0] NCCL INFO Ring 29 : 0 -> 1 -> 0
spark2:1:1 [0] NCCL INFO Ring 30 : 0 -> 1 -> 0
spark2:1:1 [0] NCCL INFO Ring 31 : 0 -> 1 -> 0
spark2:1:1 [0] NCCL INFO Ring 32 : 0 -> 1 -> 0
spark2:1:1 [0] NCCL INFO Ring 33 : 0 -> 1 -> 0
spark2:1:1 [0] NCCL INFO Ring 34 : 0 -> 1 -> 0
spark2:1:1 [0] NCCL INFO Ring 35 : 0 -> 1 -> 0
spark2:1:1 [0] NCCL INFO Ring 36 : 0 -> 1 -> 0
spark2:1:1 [0] NCCL INFO Ring 37 : 0 -> 1 -> 0
spark2:1:1 [0] NCCL INFO Ring 38 : 0 -> 1 -> 0
spark2:1:1 [0] NCCL INFO Ring 39 : 0 -> 1 -> 0
spark2:1:1 [0] NCCL INFO Ring 40 : 0 -> 1 -> 0
spark2:1:1 [0] NCCL INFO Ring 41 : 0 -> 1 -> 0
spark2:1:1 [0] NCCL INFO Ring 42 : 0 -> 1 -> 0
spark2:1:1 [0] NCCL INFO Ring 43 : 0 -> 1 -> 0
spark2:1:1 [0] NCCL INFO Ring 44 : 0 -> 1 -> 0
spark2:1:1 [0] NCCL INFO Ring 45 : 0 -> 1 -> 0
spark2:1:1 [0] NCCL INFO Ring 46 : 0 -> 1 -> 0
spark2:1:1 [0] NCCL INFO Ring 47 : 0 -> 1 -> 0
spark2:1:1 [0] NCCL INFO Ring 48 : 0 -> 1 -> 0
spark2:1:1 [0] NCCL INFO Ring 49 : 0 -> 1 -> 0
spark2:1:1 [0] NCCL INFO Ring 50 : 0 -> 1 -> 0
spark2:1:1 [0] NCCL INFO Ring 51 : 0 -> 1 -> 0
spark2:1:1 [0] NCCL INFO Ring 52 : 0 -> 1 -> 0
spark2:1:1 [0] NCCL INFO Ring 53 : 0 -> 1 -> 0
spark2:1:1 [0] NCCL INFO Ring 54 : 0 -> 1 -> 0
spark2:1:1 [0] NCCL INFO Ring 55 : 0 -> 1 -> 0
spark2:1:1 [0] NCCL INFO Ring 56 : 0 -> 1 -> 0
spark2:1:1 [0] NCCL INFO Ring 57 : 0 -> 1 -> 0
spark2:1:1 [0] NCCL INFO Ring 58 : 0 -> 1 -> 0
spark2:1:1 [0] NCCL INFO Ring 59 : 0 -> 1 -> 0
spark2:1:1 [0] NCCL INFO Ring 60 : 0 -> 1 -> 0
spark2:1:1 [0] NCCL INFO Ring 61 : 0 -> 1 -> 0
spark2:1:1 [0] NCCL INFO Ring 62 : 0 -> 1 -> 0
spark2:1:1 [0] NCCL INFO Ring 63 : 0 -> 1 -> 0
spark2:1:1 [0] NCCL INFO Trees [0] -1/-1/-1->1->0 [1] -1/-1/-1->1->0 [2] -1/-1/-1->1->0 [3] -1/-1/-1->1->0 [4] -1/-1/-1->1->0 [5] -1/-1/-1->1->0 [6] -1/-1/-1->1->0 [7] -1/-1/-1->1->0 [8] -1/-1/-1->1->0 [9] -1/-1/-1->1->0 [10] -1/-1/-1->1->0 [11] -1/-1/-1->1->0 [12] -1/-1/-1->1->0 [13] -1/-1/-1->1->0 [14] -1/-1/-1->1->0 [15] -1/-1/-1->1->0 [16] -1/-1/-1->1->0 [17] -1/-1/-1->1->0 [18] -1/-1/-1->1->0 [19] -1/-1/-1->1->0 [20] -1/-1/-1->1->0 [21] -1/-1/-1->1->0 [22] -1/-1/-1->1->0 [23] -1/-1/-1->1->0 [24] -1/-1/-1->1->0 [25] -1/-1/-1->1->0 [26] -1/-1/-1->1->0 [27] -1/-1/-1->1->0 [28] -1/-1/-1->1->0 [29] -1/-1/-1->1->0 [30] -1/-1/-1->1->0 [31] -1/-1/-1->1->0 [32] 0/-1/-1->1->-1 [33] 0/-1/-1->1->-1 [34] 0/-1/-1->1->-1 [35] 0/-1/-1->1->-1 [36] 0/-1/-1->1->-1 [37] 0/-1/-1->1->-1 [38] 0/-1/-1->1->-1 [39] 0/-1/-1->1->-1 [40] 0/-1/-1->1->-1 [41] 0/-1/-1->1->-1 [42] 0/-1/-1->1->-1 [43] 0/-1/-1->1->-1 [44] 0/-1/-1->1->-1 [45] 0/-1/-1->1->-1 [46] 0/-1/-1->1->-1 [47] 0/-1/-1->1->-1 [48] 0/-1/-1->1->-1 [49] 0/-1/-1->1->-1 [50] 0/-1/-1->1->-1 [51] 0/-1/-
spark2:1:1 [0] NCCL INFO P2P Chunksize set to 262144
spark2:1:1 [0] NCCL INFO Tuning P2P operations with maxP2pPeers = 2
spark2:1:1 [0] NCCL INFO ncclOsDlopen(libnccl-profiler.so) failed: libnccl-profiler.so: cannot open shared object file: No such file or directory
spark2:1:1 [0] NCCL INFO PROFILER/Plugin: Could not find: libnccl-profiler.so
spark2:1:1 [0] NCCL INFO Check P2P Type isAllDirectP2p 1 directMode 0 isAllCudaP2p 1
spark2:1:1 [0] NCCL INFO ncclP2pSchedule: group size used is 1
spark2:1:82 [0] NCCL INFO [Proxy Service UDS] Device 0 CPU core 17
spark2:1:81 [0] NCCL INFO [Proxy Service] Device 0 CPU core 6
spark2:1:81 [0] NCCL INFO proxy listening socket at 10.100.8.2<56945>
spark2:1:83 [0] NCCL INFO [Proxy Progress] Device 0 CPU core 6
spark2:1:1 [0] NCCL INFO Channel 00/0 : 0[0] -> 1[0] [receive] via NET/IB/0
spark2:1:1 [0] NCCL INFO Channel 01/0 : 0[0] -> 1[0] [receive] via NET/IB/0
spark2:1:1 [0] NCCL INFO Channel 02/0 : 0[0] -> 1[0] [receive] via NET/IB/0
spark2:1:1 [0] NCCL INFO Channel 03/0 : 0[0] -> 1[0] [receive] via NET/IB/0
spark2:1:1 [0] NCCL INFO Channel 04/0 : 0[0] -> 1[0] [receive] via NET/IB/0
spark2:1:1 [0] NCCL INFO Channel 05/0 : 0[0] -> 1[0] [receive] via NET/IB/0
spark2:1:1 [0] NCCL INFO Channel 06/0 : 0[0] -> 1[0] [receive] via NET/IB/0
spark2:1:1 [0] NCCL INFO Channel 07/0 : 0[0] -> 1[0] [receive] via NET/IB/0
spark2:1:1 [0] NCCL INFO Channel 08/0 : 0[0] -> 1[0] [receive] via NET/IB/0
spark2:1:1 [0] NCCL INFO Channel 09/0 : 0[0] -> 1[0] [receive] via NET/IB/0
spark2:1:1 [0] NCCL INFO Channel 10/0 : 0[0] -> 1[0] [receive] via NET/IB/0
spark2:1:1 [0] NCCL INFO Channel 11/0 : 0[0] -> 1[0] [receive] via NET/IB/0
spark2:1:1 [0] NCCL INFO Channel 12/0 : 0[0] -> 1[0] [receive] via NET/IB/0
spark2:1:1 [0] NCCL INFO Channel 13/0 : 0[0] -> 1[0] [receive] via NET/IB/0
spark2:1:1 [0] NCCL INFO Channel 14/0 : 0[0] -> 1[0] [receive] via NET/IB/0
spark2:1:1 [0] NCCL INFO Channel 15/0 : 0[0] -> 1[0] [receive] via NET/IB/0
spark2:1:1 [0] NCCL INFO Channel 16/0 : 0[0] -> 1[0] [receive] via NET/IB/0
spark2:1:1 [0] NCCL INFO Channel 17/0 : 0[0] -> 1[0] [receive] via NET/IB/0
spark2:1:1 [0] NCCL INFO Channel 18/0 : 0[0] -> 1[0] [receive] via NET/IB/0
spark2:1:1 [0] NCCL INFO Channel 19/0 : 0[0] -> 1[0] [receive] via NET/IB/0
spark2:1:1 [0] NCCL INFO Channel 20/0 : 0[0] -> 1[0] [receive] via NET/IB/0
spark2:1:1 [0] NCCL INFO Channel 21/0 : 0[0] -> 1[0] [receive] via NET/IB/0
spark2:1:1 [0] NCCL INFO Channel 22/0 : 0[0] -> 1[0] [receive] via NET/IB/0
spark2:1:1 [0] NCCL INFO Channel 23/0 : 0[0] -> 1[0] [receive] via NET/IB/0
spark2:1:1 [0] NCCL INFO Channel 24/0 : 0[0] -> 1[0] [receive] via NET/IB/0
spark2:1:1 [0] NCCL INFO Channel 25/0 : 0[0] -> 1[0] [receive] via NET/IB/0
spark2:1:1 [0] NCCL INFO Channel 26/0 : 0[0] -> 1[0] [receive] via NET/IB/0
spark2:1:1 [0] NCCL INFO Channel 27/0 : 0[0] -> 1[0] [receive] via NET/IB/0
spark2:1:1 [0] NCCL INFO Channel 28/0 : 0[0] -> 1[0] [receive] via NET/IB/0
spark2:1:1 [0] NCCL INFO Channel 29/0 : 0[0] -> 1[0] [receive] via NET/IB/0
spark2:1:1 [0] NCCL INFO Channel 30/0 : 0[0] -> 1[0] [receive] via NET/IB/0
spark2:1:1 [0] NCCL INFO Channel 31/0 : 0[0] -> 1[0] [receive] via NET/IB/0
spark2:1:1 [0] NCCL INFO Channel 32/0 : 0[0] -> 1[0] [receive] via NET/IB/0
spark2:1:1 [0] NCCL INFO Channel 33/0 : 0[0] -> 1[0] [receive] via NET/IB/0
spark2:1:1 [0] NCCL INFO Channel 34/0 : 0[0] -> 1[0] [receive] via NET/IB/0
spark2:1:1 [0] NCCL INFO Channel 35/0 : 0[0] -> 1[0] [receive] via NET/IB/0
spark2:1:1 [0] NCCL INFO Channel 36/0 : 0[0] -> 1[0] [receive] via NET/IB/0
spark2:1:1 [0] NCCL INFO Channel 37/0 : 0[0] -> 1[0] [receive] via NET/IB/0
spark2:1:1 [0] NCCL INFO Channel 38/0 : 0[0] -> 1[0] [receive] via NET/IB/0
spark2:1:1 [0] NCCL INFO Channel 39/0 : 0[0] -> 1[0] [receive] via NET/IB/0
spark2:1:1 [0] NCCL INFO Channel 40/0 : 0[0] -> 1[0] [receive] via NET/IB/0
spark2:1:1 [0] NCCL INFO Channel 41/0 : 0[0] -> 1[0] [receive] via NET/IB/0
spark2:1:1 [0] NCCL INFO Channel 42/0 : 0[0] -> 1[0] [receive] via NET/IB/0
spark2:1:1 [0] NCCL INFO Channel 43/0 : 0[0] -> 1[0] [receive] via NET/IB/0
spark2:1:1 [0] NCCL INFO Channel 44/0 : 0[0] -> 1[0] [receive] via NET/IB/0
spark2:1:1 [0] NCCL INFO Channel 45/0 : 0[0] -> 1[0] [receive] via NET/IB/0
spark2:1:1 [0] NCCL INFO Channel 46/0 : 0[0] -> 1[0] [receive] via NET/IB/0
spark2:1:1 [0] NCCL INFO Channel 47/0 : 0[0] -> 1[0] [receive] via NET/IB/0
spark2:1:1 [0] NCCL INFO Channel 48/0 : 0[0] -> 1[0] [receive] via NET/IB/0
spark2:1:1 [0] NCCL INFO Channel 49/0 : 0[0] -> 1[0] [receive] via NET/IB/0
spark2:1:1 [0] NCCL INFO Channel 50/0 : 0[0] -> 1[0] [receive] via NET/IB/0
spark2:1:1 [0] NCCL INFO Channel 51/0 : 0[0] -> 1[0] [receive] via NET/IB/0
spark2:1:1 [0] NCCL INFO Channel 52/0 : 0[0] -> 1[0] [receive] via NET/IB/0
spark2:1:1 [0] NCCL INFO Channel 53/0 : 0[0] -> 1[0] [receive] via NET/IB/0
spark2:1:1 [0] NCCL INFO Channel 54/0 : 0[0] -> 1[0] [receive] via NET/IB/0
spark2:1:1 [0] NCCL INFO Channel 55/0 : 0[0] -> 1[0] [receive] via NET/IB/0
spark2:1:1 [0] NCCL INFO Channel 56/0 : 0[0] -> 1[0] [receive] via NET/IB/0
spark2:1:1 [0] NCCL INFO Channel 57/0 : 0[0] -> 1[0] [receive] via NET/IB/0
spark2:1:1 [0] NCCL INFO Channel 58/0 : 0[0] -> 1[0] [receive] via NET/IB/0
spark2:1:1 [0] NCCL INFO Channel 59/0 : 0[0] -> 1[0] [receive] via NET/IB/0
spark2:1:1 [0] NCCL INFO Channel 60/0 : 0[0] -> 1[0] [receive] via NET/IB/0
spark2:1:1 [0] NCCL INFO Channel 61/0 : 0[0] -> 1[0] [receive] via NET/IB/0
spark2:1:1 [0] NCCL INFO Channel 62/0 : 0[0] -> 1[0] [receive] via NET/IB/0
spark2:1:1 [0] NCCL INFO Channel 63/0 : 0[0] -> 1[0] [receive] via NET/IB/0
spark2:1:1 [0] NCCL INFO Channel 00/0 : 1[0] -> 0[0] [send] via NET/IB/0
spark2:1:1 [0] NCCL INFO Channel 01/0 : 1[0] -> 0[0] [send] via NET/IB/0
spark2:1:1 [0] NCCL INFO Channel 02/0 : 1[0] -> 0[0] [send] via NET/IB/0
spark2:1:1 [0] NCCL INFO Channel 03/0 : 1[0] -> 0[0] [send] via NET/IB/0
spark2:1:1 [0] NCCL INFO Channel 04/0 : 1[0] -> 0[0] [send] via NET/IB/0
spark2:1:1 [0] NCCL INFO Channel 05/0 : 1[0] -> 0[0] [send] via NET/IB/0
spark2:1:1 [0] NCCL INFO Channel 06/0 : 1[0] -> 0[0] [send] via NET/IB/0
spark2:1:1 [0] NCCL INFO Channel 07/0 : 1[0] -> 0[0] [send] via NET/IB/0
spark2:1:1 [0] NCCL INFO Channel 08/0 : 1[0] -> 0[0] [send] via NET/IB/0
spark2:1:1 [0] NCCL INFO Channel 09/0 : 1[0] -> 0[0] [send] via NET/IB/0
spark2:1:1 [0] NCCL INFO Channel 10/0 : 1[0] -> 0[0] [send] via NET/IB/0
spark2:1:1 [0] NCCL INFO Channel 11/0 : 1[0] -> 0[0] [send] via NET/IB/0
spark2:1:1 [0] NCCL INFO Channel 12/0 : 1[0] -> 0[0] [send] via NET/IB/0
spark2:1:1 [0] NCCL INFO Channel 13/0 : 1[0] -> 0[0] [send] via NET/IB/0
spark2:1:1 [0] NCCL INFO Channel 14/0 : 1[0] -> 0[0] [send] via NET/IB/0
spark2:1:1 [0] NCCL INFO Channel 15/0 : 1[0] -> 0[0] [send] via NET/IB/0
spark2:1:1 [0] NCCL INFO Channel 16/0 : 1[0] -> 0[0] [send] via NET/IB/0
spark2:1:1 [0] NCCL INFO Channel 17/0 : 1[0] -> 0[0] [send] via NET/IB/0
spark2:1:1 [0] NCCL INFO Channel 18/0 : 1[0] -> 0[0] [send] via NET/IB/0
spark2:1:1 [0] NCCL INFO Channel 19/0 : 1[0] -> 0[0] [send] via NET/IB/0
spark2:1:1 [0] NCCL INFO Channel 20/0 : 1[0] -> 0[0] [send] via NET/IB/0
spark2:1:1 [0] NCCL INFO Channel 21/0 : 1[0] -> 0[0] [send] via NET/IB/0
spark2:1:1 [0] NCCL INFO Channel 22/0 : 1[0] -> 0[0] [send] via NET/IB/0
spark2:1:1 [0] NCCL INFO Channel 23/0 : 1[0] -> 0[0] [send] via NET/IB/0
spark2:1:1 [0] NCCL INFO Channel 24/0 : 1[0] -> 0[0] [send] via NET/IB/0
spark2:1:1 [0] NCCL INFO Channel 25/0 : 1[0] -> 0[0] [send] via NET/IB/0
spark2:1:1 [0] NCCL INFO Channel 26/0 : 1[0] -> 0[0] [send] via NET/IB/0
spark2:1:1 [0] NCCL INFO Channel 27/0 : 1[0] -> 0[0] [send] via NET/IB/0
spark2:1:1 [0] NCCL INFO Channel 28/0 : 1[0] -> 0[0] [send] via NET/IB/0
spark2:1:1 [0] NCCL INFO Channel 29/0 : 1[0] -> 0[0] [send] via NET/IB/0
spark2:1:1 [0] NCCL INFO Channel 30/0 : 1[0] -> 0[0] [send] via NET/IB/0
spark2:1:1 [0] NCCL INFO Channel 31/0 : 1[0] -> 0[0] [send] via NET/IB/0
spark2:1:1 [0] NCCL INFO Channel 32/0 : 1[0] -> 0[0] [send] via NET/IB/0
spark2:1:1 [0] NCCL INFO Channel 33/0 : 1[0] -> 0[0] [send] via NET/IB/0
spark2:1:1 [0] NCCL INFO Channel 34/0 : 1[0] -> 0[0] [send] via NET/IB/0
spark2:1:1 [0] NCCL INFO Channel 35/0 : 1[0] -> 0[0] [send] via NET/IB/0
spark2:1:1 [0] NCCL INFO Channel 36/0 : 1[0] -> 0[0] [send] via NET/IB/0
spark2:1:1 [0] NCCL INFO Channel 37/0 : 1[0] -> 0[0] [send] via NET/IB/0
spark2:1:1 [0] NCCL INFO Channel 38/0 : 1[0] -> 0[0] [send] via NET/IB/0
spark2:1:1 [0] NCCL INFO Channel 39/0 : 1[0] -> 0[0] [send] via NET/IB/0
spark2:1:1 [0] NCCL INFO Channel 40/0 : 1[0] -> 0[0] [send] via NET/IB/0
spark2:1:1 [0] NCCL INFO Channel 41/0 : 1[0] -> 0[0] [send] via NET/IB/0
spark2:1:1 [0] NCCL INFO Channel 42/0 : 1[0] -> 0[0] [send] via NET/IB/0
spark2:1:1 [0] NCCL INFO Channel 43/0 : 1[0] -> 0[0] [send] via NET/IB/0
spark2:1:1 [0] NCCL INFO Channel 44/0 : 1[0] -> 0[0] [send] via NET/IB/0
spark2:1:1 [0] NCCL INFO Channel 45/0 : 1[0] -> 0[0] [send] via NET/IB/0
spark2:1:1 [0] NCCL INFO Channel 46/0 : 1[0] -> 0[0] [send] via NET/IB/0
spark2:1:1 [0] NCCL INFO Channel 47/0 : 1[0] -> 0[0] [send] via NET/IB/0
spark2:1:1 [0] NCCL INFO Channel 48/0 : 1[0] -> 0[0] [send] via NET/IB/0
spark2:1:1 [0] NCCL INFO Channel 49/0 : 1[0] -> 0[0] [send] via NET/IB/0
spark2:1:1 [0] NCCL INFO Channel 50/0 : 1[0] -> 0[0] [send] via NET/IB/0
spark2:1:1 [0] NCCL INFO Channel 51/0 : 1[0] -> 0[0] [send] via NET/IB/0
spark2:1:1 [0] NCCL INFO Channel 52/0 : 1[0] -> 0[0] [send] via NET/IB/0
spark2:1:1 [0] NCCL INFO Channel 53/0 : 1[0] -> 0[0] [send] via NET/IB/0
spark2:1:1 [0] NCCL INFO Channel 54/0 : 1[0] -> 0[0] [send] via NET/IB/0
spark2:1:1 [0] NCCL INFO Channel 55/0 : 1[0] -> 0[0] [send] via NET/IB/0
spark2:1:1 [0] NCCL INFO Channel 56/0 : 1[0] -> 0[0] [send] via NET/IB/0
spark2:1:1 [0] NCCL INFO Channel 57/0 : 1[0] -> 0[0] [send] via NET/IB/0
spark2:1:1 [0] NCCL INFO Channel 58/0 : 1[0] -> 0[0] [send] via NET/IB/0
spark2:1:1 [0] NCCL INFO Channel 59/0 : 1[0] -> 0[0] [send] via NET/IB/0
spark2:1:1 [0] NCCL INFO Channel 60/0 : 1[0] -> 0[0] [send] via NET/IB/0
spark2:1:1 [0] NCCL INFO Channel 61/0 : 1[0] -> 0[0] [send] via NET/IB/0
spark2:1:1 [0] NCCL INFO Channel 62/0 : 1[0] -> 0[0] [send] via NET/IB/0
spark2:1:1 [0] NCCL INFO Channel 63/0 : 1[0] -> 0[0] [send] via NET/IB/0
spark2:1:81 [0] NCCL INFO NET/IB: ncclIbResiliencyInit: Resiliency is disabled on the send communicator (comm=0xefcb14042000)
spark2:1:81 [0] NCCL INFO NET/IB: ncclIbResiliencyInit: Resiliency is disabled on the recv communicator (comm=0xefcb14086000)
spark2:1:81 [0] NCCL INFO NET/IB: ncclIbRecvCommInit: Receive work requests will be posted on-demand
spark2:1:81 [0] NCCL INFO NET/IB: ncclIbResiliencyInit: Resiliency is disabled on the send communicator (comm=0xefcb140ce000)
spark2:1:81 [0] NCCL INFO NET/IB: ncclIbSenderQpsCreate: QP created: port=1 dev=0 devName=rocep1s0f1 ndevs=1 nmdevs=1 qp_num=46364 pkey=0 pd=0xefcb14041e20 oooRq=0
spark2:1:81 [0] NCCL INFO NET/IB: ncclIbConnectImpl: NCCL Dev 0 IbDev 0 Port 1 qp_num 46364 mtu 3 GID 4 (0/208640AFFFF0000) ctsFifoRkey=0x1be5e2 ctsFifoLkey=0x1be5e2
spark2:1:81 [0] NCCL INFO NET/IB: ncclIbConnectImpl: IbDev 0 Port 1 qp_num 46364 query_ece={supported=1, vendor_id=0x15b3, options=0x30000002, comp_mask=0x0}
spark2:1:81 [0] NCCL INFO NET/IB: ncclIbSenderQpsCreate: QP created: port=1 dev=0 devName=rocep1s0f1 ndevs=1 nmdevs=1 qp_num=46365 pkey=0 pd=0xefcb14041e20 oooRq=0
spark2:1:81 [0] NCCL INFO NET/IB: ncclIbConnectImpl: NCCL Dev 0 IbDev 0 Port 1 qp_num 46365 mtu 3 GID 4 (0/208640AFFFF0000) ctsFifoRkey=0x1be2df ctsFifoLkey=0x1be2df
spark2:1:81 [0] NCCL INFO NET/IB: ncclIbConnectImpl: IbDev 0 Port 1 qp_num 46365 query_ece={supported=1, vendor_id=0x15b3, options=0x30000002, comp_mask=0x0}
spark2:1:81 [0] NCCL INFO NET/IB: ncclIbResiliencyInit: Resiliency is disabled on the recv communicator (comm=0xefcb14180000)
spark2:1:81 [0] NCCL INFO NET/IB: ncclIbRecvCommInit: Receive work requests will be posted on-demand
spark2:1:81 [0] NCCL INFO NET/IB: ncclIbResiliencyInit: Resiliency is disabled on the send communicator (comm=0xefcb141c8000)
spark2:1:81 [0] NCCL INFO NET/IB: ncclIbResiliencyInit: Resiliency is disabled on the recv communicator (comm=0xefcb1420c000)
spark2:1:81 [0] NCCL INFO NET/IB: ncclIbRecvCommInit: Receive work requests will be posted on-demand
spark2:1:81 [0] NCCL INFO NET/IB: ncclIbResiliencyInit: Resiliency is disabled on the send communicator (comm=0xefcb14254000)
spark2:1:81 [0] NCCL INFO NET/IB: ncclIbResiliencyInit: Resiliency is disabled on the recv communicator (comm=0xefcb14298000)
spark2:1:81 [0] NCCL INFO NET/IB: ncclIbRecvCommInit: Receive work requests will be posted on-demand
spark2:1:81 [0] NCCL INFO NET/IB: ncclIbResiliencyInit: Resiliency is disabled on the send communicator (comm=0xefcb142e0000)
spark2:1:81 [0] NCCL INFO NET/IB: ncclIbReceiverQpsCreateToRts: QP created: port=1 dev=0 devName=rocep1s0f1 ndevs=1 nmdevs=1 qp_num=46366 pkey=0 pd=0xefcb14041e20 oooRq=0
spark2:1:81 [0] NCCL INFO NET/IB: ncclIbReceiverQpsCreateToRts: Flush QP created: port=1 dev=0 devName=rocep1s0f1 ndevs=1 nmdevs=1 qp_num=46367 pkey=0 pd=0xefcb14041e20
spark2:1:81 [0] NCCL INFO NET/IB: ncclIbResiliencyInit: Resiliency is disabled on the recv communicator (comm=0xefcb14374000)
spark2:1:81 [0] NCCL INFO NET/IB: ncclIbRecvCommInit: Receive work requests will be posted on-demand
spark2:1:81 [0] NCCL INFO NET/IB: ncclIbSenderQpsToRts: Set ECE: IbDev 0 Port 1 qp_num 46364 set_ece={supported=1, vendor_id=0x15b3, options=0x30000002, comp_mask=0x0}
spark2:1:81 [0] NCCL INFO NET/IB: ncclIbSenderQpsToRts: Set ECE: IbDev 0 Port 1 qp_num 46365 set_ece={supported=1, vendor_id=0x15b3, options=0x30000002, comp_mask=0x0}
spark2:1:81 [0] NCCL INFO NET/IB: ncclIbReceiverQpsCreateToRts: QP created: port=1 dev=0 devName=rocep1s0f1 ndevs=1 nmdevs=1 qp_num=46368 pkey=0 pd=0xefcb14041e20 oooRq=0
spark2:1:81 [0] NCCL INFO NET/IB: ncclIbReceiverQpsCreateToRts: Flush QP created: port=1 dev=0 devName=rocep1s0f1 ndevs=1 nmdevs=1 qp_num=46369 pkey=0 pd=0xefcb14041e20
spark2:1:81 [0] NCCL INFO NET/IB: ncclIbSenderQpsCreate: QP created: port=1 dev=0 devName=rocep1s0f1 ndevs=1 nmdevs=1 qp_num=46370 pkey=0 pd=0xefcb14041e20 oooRq=0
spark2:1:81 [0] NCCL INFO NET/IB: ncclIbConnectImpl: NCCL Dev 0 IbDev 0 Port 1 qp_num 46370 mtu 3 GID 4 (0/208640AFFFF0000) ctsFifoRkey=0x1fd5e0 ctsFifoLkey=0x1fd5e0
spark2:1:81 [0] NCCL INFO NET/IB: ncclIbConnectImpl: IbDev 0 Port 1 qp_num 46370 query_ece={supported=1, vendor_id=0x15b3, options=0x30000002, comp_mask=0x0}
spark2:1:81 [0] NCCL INFO NET/IB: ncclIbReceiverQpsCreateToRts: QP created: port=1 dev=0 devName=rocep1s0f1 ndevs=1 nmdevs=1 qp_num=46371 pkey=0 pd=0xefcb14041e20 oooRq=0
spark2:1:81 [0] NCCL INFO NET/IB: ncclIbReceiverQpsCreateToRts: Flush QP created: port=1 dev=0 devName=rocep1s0f1 ndevs=1 nmdevs=1 qp_num=46372 pkey=0 pd=0xefcb14041e20
spark2:1:81 [0] NCCL INFO NET/IB: ncclIbSenderQpsCreate: QP created: port=1 dev=0 devName=rocep1s0f1 ndevs=1 nmdevs=1 qp_num=46373 pkey=0 pd=0xefcb14041e20 oooRq=0
spark2:1:81 [0] NCCL INFO NET/IB: ncclIbConnectImpl: NCCL Dev 0 IbDev 0 Port 1 qp_num 46373 mtu 3 GID 4 (0/208640AFFFF0000) ctsFifoRkey=0x1bd7d4 ctsFifoLkey=0x1bd7d4
spark2:1:81 [0] NCCL INFO NET/IB: ncclIbConnectImpl: IbDev 0 Port 1 qp_num 46373 query_ece={supported=1, vendor_id=0x15b3, options=0x30000002, comp_mask=0x0}
spark2:1:81 [0] NCCL INFO NET/IB: ncclIbReceiverQpsCreateToRts: QP created: port=1 dev=0 devName=rocep1s0f1 ndevs=1 nmdevs=1 qp_num=46374 pkey=0 pd=0xefcb14041e20 oooRq=0
spark2:1:81 [0] NCCL INFO NET/IB: ncclIbReceiverQpsCreateToRts: Flush QP created: port=1 dev=0 devName=rocep1s0f1 ndevs=1 nmdevs=1 qp_num=46375 pkey=0 pd=0xefcb14041e20
spark2:1:81 [0] NCCL INFO NET/IB: ncclIbSenderQpsCreate: QP created: port=1 dev=0 devName=rocep1s0f1 ndevs=1 nmdevs=1 qp_num=46376 pkey=0 pd=0xefcb14041e20 oooRq=0
spark2:1:81 [0] NCCL INFO NET/IB: ncclIbConnectImpl: NCCL Dev 0 IbDev 0 Port 1 qp_num 46376 mtu 3 GID 4 (0/208640AFFFF0000) ctsFifoRkey=0x1bd6d3 ctsFifoLkey=0x1bd6d3
spark2:1:81 [0] NCCL INFO NET/IB: ncclIbConnectImpl: IbDev 0 Port 1 qp_num 46376 query_ece={supported=1, vendor_id=0x15b3, options=0x30000002, comp_mask=0x0}
spark2:1:81 [0] NCCL INFO NET/IB: ncclIbReceiverQpsCreateToRts: QP created: port=1 dev=0 devName=rocep1s0f1 ndevs=1 nmdevs=1 qp_num=46377 pkey=0 pd=0xefcb14041e20 oooRq=0
spark2:1:81 [0] NCCL INFO NET/IB: ncclIbReceiverQpsCreateToRts: Flush QP created: port=1 dev=0 devName=rocep1s0f1 ndevs=1 nmdevs=1 qp_num=46378 pkey=0 pd=0xefcb14041e20
spark2:1:81 [0] NCCL INFO NET/IB: ncclIbResiliencyInit: Resiliency is disabled on the send communicator (comm=0xefcb1458d000)
spark2:1:81 [0] NCCL INFO NET/IB: ncclIbResiliencyInit: Resiliency is disabled on the recv communicator (comm=0xefcb145d1000)
spark2:1:81 [0] NCCL INFO NET/IB: ncclIbRecvCommInit: Receive work requests will be posted on-demand
spark2:1:81 [0] NCCL INFO NET/IB: ncclIbSenderQpsToRts: Set ECE: IbDev 0 Port 1 qp_num 46370 set_ece={supported=1, vendor_id=0x15b3, options=0x30000002, comp_mask=0x0}
spark2:1:81 [0] NCCL INFO NET/IB: ncclIbSenderQpsToRts: Set ECE: IbDev 0 Port 1 qp_num 46373 set_ece={supported=1, vendor_id=0x15b3, options=0x30000002, comp_mask=0x0}
spark2:1:81 [0] NCCL INFO NET/IB: ncclIbSenderQpsToRts: Set ECE: IbDev 0 Port 1 qp_num 46376 set_ece={supported=1, vendor_id=0x15b3, options=0x30000002, comp_mask=0x0}
spark2:1:81 [0] NCCL INFO NET/IB: ncclIbSenderQpsCreate: QP created: port=1 dev=0 devName=rocep1s0f1 ndevs=1 nmdevs=1 qp_num=46379 pkey=0 pd=0xefcb14041e20 oooRq=0
spark2:1:81 [0] NCCL INFO NET/IB: ncclIbConnectImpl: NCCL Dev 0 IbDev 0 Port 1 qp_num 46379 mtu 3 GID 4 (0/208640AFFFF0000) ctsFifoRkey=0x1bd3d0 ctsFifoLkey=0x1bd3d0
spark2:1:81 [0] NCCL INFO NET/IB: ncclIbConnectImpl: IbDev 0 Port 1 qp_num 46379 query_ece={supported=1, vendor_id=0x15b3, options=0x30000002, comp_mask=0x0}
spark2:1:81 [0] NCCL INFO NET/IB: ncclIbReceiverQpsCreateToRts: QP created: port=1 dev=0 devName=rocep1s0f1 ndevs=1 nmdevs=1 qp_num=46380 pkey=0 pd=0xefcb14041e20 oooRq=0
spark2:1:81 [0] NCCL INFO NET/IB: ncclIbReceiverQpsCreateToRts: Flush QP created: port=1 dev=0 devName=rocep1s0f1 ndevs=1 nmdevs=1 qp_num=46381 pkey=0 pd=0xefcb14041e20
spark2:1:81 [0] NCCL INFO NET/IB: ncclIbResiliencyInit: Resiliency is disabled on the send communicator (comm=0xefcb1468c000)
spark2:1:81 [0] NCCL INFO NET/IB: ncclIbSenderQpsToRts: Set ECE: IbDev 0 Port 1 qp_num 46379 set_ece={supported=1, vendor_id=0x15b3, options=0x30000002, comp_mask=0x0}
spark2:1:81 [0] NCCL INFO NET/IB: ncclIbSenderQpsCreate: QP created: port=1 dev=0 devName=rocep1s0f1 ndevs=1 nmdevs=1 qp_num=46382 pkey=0 pd=0xefcb14041e20 oooRq=0
spark2:1:81 [0] NCCL INFO NET/IB: ncclIbConnectImpl: NCCL Dev 0 IbDev 0 Port 1 qp_num 46382 mtu 3 GID 4 (0/208640AFFFF0000) ctsFifoRkey=0x1ba1a0 ctsFifoLkey=0x1ba1a0
spark2:1:81 [0] NCCL INFO NET/IB: ncclIbConnectImpl: IbDev 0 Port 1 qp_num 46382 query_ece={supported=1, vendor_id=0x15b3, options=0x30000002, comp_mask=0x0}
spark2:1:81 [0] NCCL INFO NET/IB: ncclIbResiliencyInit: Resiliency is disabled on the recv communicator (comm=0xefcb146fb000)
spark2:1:81 [0] NCCL INFO NET/IB: ncclIbRecvCommInit: Receive work requests will be posted on-demand
spark2:1:81 [0] NCCL INFO NET/IB: ncclIbResiliencyInit: Resiliency is disabled on the send communicator (comm=0xefcb14740000)
spark2:1:81 [0] NCCL INFO NET/IB: ncclIbResiliencyInit: Resiliency is disabled on the recv communicator (comm=0xefcb14784000)
spark2:1:81 [0] NCCL INFO NET/IB: ncclIbRecvCommInit: Receive work requests will be posted on-demand
spark2:1:81 [0] NCCL INFO NET/IB: ncclIbResiliencyInit: Resiliency is disabled on the send communicator (comm=0xefcb147cc000)
spark2:1:81 [0] NCCL INFO NET/IB: ncclIbResiliencyInit: Resiliency is disabled on the recv communicator (comm=0xefcb14810000)
spark2:1:81 [0] NCCL INFO NET/IB: ncclIbRecvCommInit: Receive work requests will be posted on-demand
spark2:1:81 [0] NCCL INFO NET/IB: ncclIbResiliencyInit: Resiliency is disabled on the send communicator (comm=0xefcb14858000)
spark2:1:81 [0] NCCL INFO NET/IB: ncclIbResiliencyInit: Resiliency is disabled on the recv communicator (comm=0xefcb1489c000)
spark2:1:81 [0] NCCL INFO NET/IB: ncclIbRecvCommInit: Receive work requests will be posted on-demand
spark2:1:81 [0] NCCL INFO NET/IB: ncclIbResiliencyInit: Resiliency is disabled on the send communicator (comm=0xefcb148e4000)
spark2:1:81 [0] NCCL INFO NET/IB: ncclIbResiliencyInit: Resiliency is disabled on the recv communicator (comm=0xefcb14928000)
spark2:1:81 [0] NCCL INFO NET/IB: ncclIbRecvCommInit: Receive work requests will be posted on-demand
spark2:1:81 [0] NCCL INFO NET/IB: ncclIbResiliencyInit: Resiliency is disabled on the send communicator (comm=0xefcb14970000)
spark2:1:81 [0] NCCL INFO NET/IB: ncclIbResiliencyInit: Resiliency is disabled on the recv communicator (comm=0xefcb149b4000)
spark2:1:81 [0] NCCL INFO NET/IB: ncclIbRecvCommInit: Receive work requests will be posted on-demand
spark2:1:81 [0] NCCL INFO NET/IB: ncclIbResiliencyInit: Resiliency is disabled on the send communicator (comm=0xefcb149fc000)
spark2:1:81 [0] NCCL INFO NET/IB: ncclIbResiliencyInit: Resiliency is disabled on the recv communicator (comm=0xefcb14a40000)
spark2:1:81 [0] NCCL INFO NET/IB: ncclIbRecvCommInit: Receive work requests will be posted on-demand
spark2:1:81 [0] NCCL INFO NET/IB: ncclIbResiliencyInit: Resiliency is disabled on the send communicator (comm=0xefcb14a88000)
spark2:1:81 [0] NCCL INFO NET/IB: ncclIbResiliencyInit: Resiliency is disabled on the recv communicator (comm=0xefcb14acc000)
spark2:1:81 [0] NCCL INFO NET/IB: ncclIbRecvCommInit: Receive work requests will be posted on-demand
spark2:1:81 [0] NCCL INFO NET/IB: ncclIbResiliencyInit: Resiliency is disabled on the send communicator (comm=0xefcb14b14000)
spark2:1:81 [0] NCCL INFO NET/IB: ncclIbResiliencyInit: Resiliency is disabled on the recv communicator (comm=0xefcb14b58000)
spark2:1:81 [0] NCCL INFO NET/IB: ncclIbRecvCommInit: Receive work requests will be posted on-demand
spark2:1:81 [0] NCCL INFO NET/IB: ncclIbResiliencyInit: Resiliency is disabled on the send communicator (comm=0xefcb14ba0000)
spark2:1:81 [0] NCCL INFO NET/IB: ncclIbSenderQpsToRts: Set ECE: IbDev 0 Port 1 qp_num 46382 set_ece={supported=1, vendor_id=0x15b3, options=0x30000002, comp_mask=0x0}
spark2:1:81 [0] NCCL INFO NET/IB: ncclIbSenderQpsCreate: QP created: port=1 dev=0 devName=rocep1s0f1 ndevs=1 nmdevs=1 qp_num=46383 pkey=0 pd=0xefcb14041e20 oooRq=0
spark2:1:81 [0] NCCL INFO NET/IB: ncclIbConnectImpl: NCCL Dev 0 IbDev 0 Port 1 qp_num 46383 mtu 3 GID 4 (0/208640AFFFF0000) ctsFifoRkey=0x1bd0cd ctsFifoLkey=0x1bd0cd
spark2:1:81 [0] NCCL INFO NET/IB: ncclIbConnectImpl: IbDev 0 Port 1 qp_num 46383 query_ece={supported=1, vendor_id=0x15b3, options=0x30000002, comp_mask=0x0}
spark2:1:81 [0] NCCL INFO NET/IB: ncclIbReceiverQpsCreateToRts: QP created: port=1 dev=0 devName=rocep1s0f1 ndevs=1 nmdevs=1 qp_num=46384 pkey=0 pd=0xefcb14041e20 oooRq=0
spark2:1:81 [0] NCCL INFO NET/IB: ncclIbReceiverQpsCreateToRts: Flush QP created: port=1 dev=0 devName=rocep1s0f1 ndevs=1 nmdevs=1 qp_num=46385 pkey=0 pd=0xefcb14041e20
spark2:1:81 [0] NCCL INFO NET/IB: ncclIbSenderQpsCreate: QP created: port=1 dev=0 devName=rocep1s0f1 ndevs=1 nmdevs=1 qp_num=46386 pkey=0 pd=0xefcb14041e20 oooRq=0
spark2:1:81 [0] NCCL INFO NET/IB: ncclIbConnectImpl: NCCL Dev 0 IbDev 0 Port 1 qp_num 46386 mtu 3 GID 4 (0/208640AFFFF0000) ctsFifoRkey=0x1bbdba ctsFifoLkey=0x1bbdba
spark2:1:81 [0] NCCL INFO NET/IB: ncclIbConnectImpl: IbDev 0 Port 1 qp_num 46386 query_ece={supported=1, vendor_id=0x15b3, options=0x30000002, comp_mask=0x0}
spark2:1:81 [0] NCCL INFO NET/IB: ncclIbReceiverQpsCreateToRts: QP created: port=1 dev=0 devName=rocep1s0f1 ndevs=1 nmdevs=1 qp_num=46387 pkey=0 pd=0xefcb14041e20 oooRq=0
spark2:1:81 [0] NCCL INFO NET/IB: ncclIbReceiverQpsCreateToRts: Flush QP created: port=1 dev=0 devName=rocep1s0f1 ndevs=1 nmdevs=1 qp_num=46388 pkey=0 pd=0xefcb14041e20
spark2:1:81 [0] NCCL INFO NET/IB: ncclIbSenderQpsCreate: QP created: port=1 dev=0 devName=rocep1s0f1 ndevs=1 nmdevs=1 qp_num=46389 pkey=0 pd=0xefcb14041e20 oooRq=0
spark2:1:81 [0] NCCL INFO NET/IB: ncclIbConnectImpl: NCCL Dev 0 IbDev 0 Port 1 qp_num 46389 mtu 3 GID 4 (0/208640AFFFF0000) ctsFifoRkey=0x1fc5d7 ctsFifoLkey=0x1fc5d7
spark2:1:81 [0] NCCL INFO NET/IB: ncclIbConnectImpl: IbDev 0 Port 1 qp_num 46389 query_ece={supported=1, vendor_id=0x15b3, options=0x30000002, comp_mask=0x0}
spark2:1:81 [0] NCCL INFO NET/IB: ncclIbReceiverQpsCreateToRts: QP created: port=1 dev=0 devName=rocep1s0f1 ndevs=1 nmdevs=1 qp_num=46390 pkey=0 pd=0xefcb14041e20 oooRq=0
spark2:1:81 [0] NCCL INFO NET/IB: ncclIbReceiverQpsCreateToRts: Flush QP created: port=1 dev=0 devName=rocep1s0f1 ndevs=1 nmdevs=1 qp_num=46391 pkey=0 pd=0xefcb14041e20
spark2:1:81 [0] NCCL INFO NET/IB: ncclIbSenderQpsCreate: QP created: port=1 dev=0 devName=rocep1s0f1 ndevs=1 nmdevs=1 qp_num=46392 pkey=0 pd=0xefcb14041e20 oooRq=0
spark2:1:81 [0] NCCL INFO NET/IB: ncclIbConnectImpl: NCCL Dev 0 IbDev 0 Port 1 qp_num 46392 mtu 3 GID 4 (0/208640AFFFF0000) ctsFifoRkey=0x1bdbd9 ctsFifoLkey=0x1bdbd9
spark2:1:81 [0] NCCL INFO NET/IB: ncclIbConnectImpl: IbDev 0 Port 1 qp_num 46392 query_ece={supported=1, vendor_id=0x15b3, options=0x30000002, comp_mask=0x0}
spark2:1:81 [0] NCCL INFO NET/IB: ncclIbReceiverQpsCreateToRts: QP created: port=1 dev=0 devName=rocep1s0f1 ndevs=1 nmdevs=1 qp_num=46393 pkey=0 pd=0xefcb14041e20 oooRq=0
spark2:1:81 [0] NCCL INFO NET/IB: ncclIbReceiverQpsCreateToRts: Flush QP created: port=1 dev=0 devName=rocep1s0f1 ndevs=1 nmdevs=1 qp_num=46394 pkey=0 pd=0xefcb14041e20
spark2:1:81 [0] NCCL INFO NET/IB: ncclIbSenderQpsCreate: QP created: port=1 dev=0 devName=rocep1s0f1 ndevs=1 nmdevs=1 qp_num=46395 pkey=0 pd=0xefcb14041e20 oooRq=0
spark2:1:81 [0] NCCL INFO NET/IB: ncclIbConnectImpl: NCCL Dev 0 IbDev 0 Port 1 qp_num 46395 mtu 3 GID 4 (0/208640AFFFF0000) ctsFifoRkey=0x1bcbc8 ctsFifoLkey=0x1bcbc8
spark2:1:81 [0] NCCL INFO NET/IB: ncclIbConnectImpl: IbDev 0 Port 1 qp_num 46395 query_ece={supported=1, vendor_id=0x15b3, options=0x30000002, comp_mask=0x0}
spark2:1:81 [0] NCCL INFO NET/IB: ncclIbReceiverQpsCreateToRts: QP created: port=1 dev=0 devName=rocep1s0f1 ndevs=1 nmdevs=1 qp_num=46396 pkey=0 pd=0xefcb14041e20 oooRq=0
spark2:1:81 [0] NCCL INFO NET/IB: ncclIbReceiverQpsCreateToRts: Flush QP created: port=1 dev=0 devName=rocep1s0f1 ndevs=1 nmdevs=1 qp_num=46397 pkey=0 pd=0xefcb14041e20
spark2:1:81 [0] NCCL INFO NET/IB: ncclIbSenderQpsCreate: QP created: port=1 dev=0 devName=rocep1s0f1 ndevs=1 nmdevs=1 qp_num=46398 pkey=0 pd=0xefcb14041e20 oooRq=0
spark2:1:81 [0] NCCL INFO NET/IB: ncclIbConnectImpl: NCCL Dev 0 IbDev 0 Port 1 qp_num 46398 mtu 3 GID 4 (0/208640AFFFF0000) ctsFifoRkey=0x1b8986 ctsFifoLkey=0x1b8986
spark2:1:81 [0] NCCL INFO NET/IB: ncclIbConnectImpl: IbDev 0 Port 1 qp_num 46398 query_ece={supported=1, vendor_id=0x15b3, options=0x30000002, comp_mask=0x0}
spark2:1:81 [0] NCCL INFO NET/IB: ncclIbReceiverQpsCreateToRts: QP created: port=1 dev=0 devName=rocep1s0f1 ndevs=1 nmdevs=1 qp_num=46399 pkey=0 pd=0xefcb14041e20 oooRq=0
spark2:1:81 [0] NCCL INFO NET/IB: ncclIbReceiverQpsCreateToRts: Flush QP created: port=1 dev=0 devName=rocep1s0f1 ndevs=1 nmdevs=1 qp_num=46400 pkey=0 pd=0xefcb14041e20
spark2:1:81 [0] NCCL INFO NET/IB: ncclIbSenderQpsCreate: QP created: port=1 dev=0 devName=rocep1s0f1 ndevs=1 nmdevs=1 qp_num=46401 pkey=0 pd=0xefcb14041e20 oooRq=0
spark2:1:81 [0] NCCL INFO NET/IB: ncclIbConnectImpl: NCCL Dev 0 IbDev 0 Port 1 qp_num 46401 mtu 3 GID 4 (0/208640AFFFF0000) ctsFifoRkey=0x1fb3ce ctsFifoLkey=0x1fb3ce
spark2:1:81 [0] NCCL INFO NET/IB: ncclIbConnectImpl: IbDev 0 Port 1 qp_num 46401 query_ece={supported=1, vendor_id=0x15b3, options=0x30000002, comp_mask=0x0}
spark2:1:81 [0] NCCL INFO NET/IB: ncclIbReceiverQpsCreateToRts: QP created: port=1 dev=0 devName=rocep1s0f1 ndevs=1 nmdevs=1 qp_num=46402 pkey=0 pd=0xefcb14041e20 oooRq=0
spark2:1:81 [0] NCCL INFO NET/IB: ncclIbReceiverQpsCreateToRts: Flush QP created: port=1 dev=0 devName=rocep1s0f1 ndevs=1 nmdevs=1 qp_num=46403 pkey=0 pd=0xefcb14041e20
spark2:1:81 [0] NCCL INFO NET/IB: ncclIbSenderQpsCreate: QP created: port=1 dev=0 devName=rocep1s0f1 ndevs=1 nmdevs=1 qp_num=46404 pkey=0 pd=0xefcb14041e20 oooRq=0
spark2:1:81 [0] NCCL INFO NET/IB: ncclIbConnectImpl: NCCL Dev 0 IbDev 0 Port 1 qp_num 46404 mtu 3 GID 4 (0/208640AFFFF0000) ctsFifoRkey=0x1b6763 ctsFifoLkey=0x1b6763
spark2:1:81 [0] NCCL INFO NET/IB: ncclIbConnectImpl: IbDev 0 Port 1 qp_num 46404 query_ece={supported=1, vendor_id=0x15b3, options=0x30000002, comp_mask=0x0}
spark2:1:81 [0] NCCL INFO NET/IB: ncclIbReceiverQpsCreateToRts: QP created: port=1 dev=0 devName=rocep1s0f1 ndevs=1 nmdevs=1 qp_num=46405 pkey=0 pd=0xefcb14041e20 oooRq=0
spark2:1:81 [0] NCCL INFO NET/IB: ncclIbReceiverQpsCreateToRts: Flush QP created: port=1 dev=0 devName=rocep1s0f1 ndevs=1 nmdevs=1 qp_num=46406 pkey=0 pd=0xefcb14041e20
spark2:1:81 [0] NCCL INFO NET/IB: ncclIbSenderQpsCreate: QP created: port=1 dev=0 devName=rocep1s0f1 ndevs=1 nmdevs=1 qp_num=46407 pkey=0 pd=0xefcb14041e20 oooRq=0
spark2:1:81 [0] NCCL INFO NET/IB: ncclIbConnectImpl: NCCL Dev 0 IbDev 0 Port 1 qp_num 46407 mtu 3 GID 4 (0/208640AFFFF0000) ctsFifoRkey=0x1bc5c2 ctsFifoLkey=0x1bc5c2
spark2:1:81 [0] NCCL INFO NET/IB: ncclIbConnectImpl: IbDev 0 Port 1 qp_num 46407 query_ece={supported=1, vendor_id=0x15b3, options=0x30000002, comp_mask=0x0}
spark2:1:81 [0] NCCL INFO NET/IB: ncclIbResiliencyInit: Resiliency is disabled on the recv communicator (comm=0xefcb15020000)
spark2:1:81 [0] NCCL INFO NET/IB: ncclIbRecvCommInit: Receive work requests will be posted on-demand
spark2:1:81 [0] NCCL INFO NET/IB: ncclIbReceiverQpsCreateToRts: QP created: port=1 dev=0 devName=rocep1s0f1 ndevs=1 nmdevs=1 qp_num=46408 pkey=0 pd=0xefcb14041e20 oooRq=0
spark2:1:81 [0] NCCL INFO NET/IB: ncclIbReceiverQpsCreateToRts: Flush QP created: port=1 dev=0 devName=rocep1s0f1 ndevs=1 nmdevs=1 qp_num=46409 pkey=0 pd=0xefcb14041e20
spark2:1:81 [0] NCCL INFO NET/IB: ncclIbSenderQpsToRts: Set ECE: IbDev 0 Port 1 qp_num 46383 set_ece={supported=1, vendor_id=0x15b3, options=0x30000002, comp_mask=0x0}
spark2:1:81 [0] NCCL INFO NET/IB: ncclIbSenderQpsToRts: Set ECE: IbDev 0 Port 1 qp_num 46386 set_ece={supported=1, vendor_id=0x15b3, options=0x30000002, comp_mask=0x0}
spark2:1:81 [0] NCCL INFO NET/IB: ncclIbSenderQpsToRts: Set ECE: IbDev 0 Port 1 qp_num 46389 set_ece={supported=1, vendor_id=0x15b3, options=0x30000002, comp_mask=0x0}
spark2:1:81 [0] NCCL INFO NET/IB: ncclIbSenderQpsToRts: Set ECE: IbDev 0 Port 1 qp_num 46392 set_ece={supported=1, vendor_id=0x15b3, options=0x30000002, comp_mask=0x0}
spark2:1:81 [0] NCCL INFO NET/IB: ncclIbSenderQpsToRts: Set ECE: IbDev 0 Port 1 qp_num 46395 set_ece={supported=1, vendor_id=0x15b3, options=0x30000002, comp_mask=0x0}
spark2:1:81 [0] NCCL INFO NET/IB: ncclIbSenderQpsToRts: Set ECE: IbDev 0 Port 1 qp_num 46398 set_ece={supported=1, vendor_id=0x15b3, options=0x30000002, comp_mask=0x0}
spark2:1:81 [0] NCCL INFO NET/IB: ncclIbSenderQpsToRts: Set ECE: IbDev 0 Port 1 qp_num 46401 set_ece={supported=1, vendor_id=0x15b3, options=0x30000002, comp_mask=0x0}
spark2:1:81 [0] NCCL INFO NET/IB: ncclIbSenderQpsToRts: Set ECE: IbDev 0 Port 1 qp_num 46404 set_ece={supported=1, vendor_id=0x15b3, options=0x30000002, comp_mask=0x0}
spark2:1:81 [0] NCCL INFO NET/IB: ncclIbSenderQpsToRts: Set ECE: IbDev 0 Port 1 qp_num 46407 set_ece={supported=1, vendor_id=0x15b3, options=0x30000002, comp_mask=0x0}
spark2:1:81 [0] NCCL INFO NET/IB: ncclIbReceiverQpsCreateToRts: QP created: port=1 dev=0 devName=rocep1s0f1 ndevs=1 nmdevs=1 qp_num=46410 pkey=0 pd=0xefcb14041e20 oooRq=0
spark2:1:81 [0] NCCL INFO NET/IB: ncclIbReceiverQpsCreateToRts: Flush QP created: port=1 dev=0 devName=rocep1s0f1 ndevs=1 nmdevs=1 qp_num=46411 pkey=0 pd=0xefcb14041e20
spark2:1:81 [0] NCCL INFO NET/IB: ncclIbResiliencyInit: Resiliency is disabled on the send communicator (comm=0xefcb15100000)
spark2:1:81 [0] NCCL INFO NET/IB: ncclIbResiliencyInit: Resiliency is disabled on the recv communicator (comm=0xefcb15141000)
spark2:1:81 [0] NCCL INFO NET/IB: ncclIbRecvCommInit: Receive work requests will be posted on-demand
spark2:1:81 [0] NCCL INFO NET/IB: ncclIbResiliencyInit: Resiliency is disabled on the send communicator (comm=0xefcb15186000)
spark2:1:81 [0] NCCL INFO NET/IB: ncclIbResiliencyInit: Resiliency is disabled on the recv communicator (comm=0xefcb151c7000)
spark2:1:81 [0] NCCL INFO NET/IB: ncclIbRecvCommInit: Receive work requests will be posted on-demand
spark2:1:81 [0] NCCL INFO NET/IB: ncclIbResiliencyInit: Resiliency is disabled on the send communicator (comm=0xefcb1520c000)
spark2:1:81 [0] NCCL INFO NET/IB: ncclIbResiliencyInit: Resiliency is disabled on the recv communicator (comm=0xefcb1524d000)
spark2:1:81 [0] NCCL INFO NET/IB: ncclIbRecvCommInit: Receive work requests will be posted on-demand
spark2:1:81 [0] NCCL INFO NET/IB: ncclIbResiliencyInit: Resiliency is disabled on the send communicator (comm=0xefcb15292000)
spark2:1:81 [0] NCCL INFO NET/IB: ncclIbResiliencyInit: Resiliency is disabled on the recv communicator (comm=0xefcb152d3000)
spark2:1:81 [0] NCCL INFO NET/IB: ncclIbRecvCommInit: Receive work requests will be posted on-demand
spark2:1:81 [0] NCCL INFO NET/IB: ncclIbResiliencyInit: Resiliency is disabled on the send communicator (comm=0xefcb15318000)
spark2:1:81 [0] NCCL INFO NET/IB: ncclIbResiliencyInit: Resiliency is disabled on the recv communicator (comm=0xefcb15359000)
spark2:1:81 [0] NCCL INFO NET/IB: ncclIbRecvCommInit: Receive work requests will be posted on-demand
spark2:1:81 [0] NCCL INFO NET/IB: ncclIbResiliencyInit: Resiliency is disabled on the send communicator (comm=0xefcb1539e000)
spark2:1:81 [0] NCCL INFO NET/IB: ncclIbResiliencyInit: Resiliency is disabled on the recv communicator (comm=0xefcb153df000)
spark2:1:81 [0] NCCL INFO NET/IB: ncclIbRecvCommInit: Receive work requests will be posted on-demand
spark2:1:81 [0] NCCL INFO NET/IB: ncclIbResiliencyInit: Resiliency is disabled on the send communicator (comm=0xefcb15424000)
spark2:1:81 [0] NCCL INFO NET/IB: ncclIbResiliencyInit: Resiliency is disabled on the recv communicator (comm=0xefcb15465000)
spark2:1:81 [0] NCCL INFO NET/IB: ncclIbRecvCommInit: Receive work requests will be posted on-demand
spark2:1:81 [0] NCCL INFO NET/IB: ncclIbResiliencyInit: Resiliency is disabled on the send communicator (comm=0xefcb154aa000)
spark2:1:81 [0] NCCL INFO NET/IB: ncclIbResiliencyInit: Resiliency is disabled on the recv communicator (comm=0xefcb154eb000)
spark2:1:81 [0] NCCL INFO NET/IB: ncclIbRecvCommInit: Receive work requests will be posted on-demand
spark2:1:81 [0] NCCL INFO NET/IB: ncclIbResiliencyInit: Resiliency is disabled on the send communicator (comm=0xefcb15530000)
spark2:1:81 [0] NCCL INFO NET/IB: ncclIbResiliencyInit: Resiliency is disabled on the recv communicator (comm=0xefcb15574000)
spark2:1:81 [0] NCCL INFO NET/IB: ncclIbRecvCommInit: Receive work requests will be posted on-demand
spark2:1:81 [0] NCCL INFO NET/IB: ncclIbResiliencyInit: Resiliency is disabled on the send communicator (comm=0xefcb155bc000)
spark2:1:81 [0] NCCL INFO NET/IB: ncclIbResiliencyInit: Resiliency is disabled on the recv communicator (comm=0xefcb15600000)
spark2:1:81 [0] NCCL INFO NET/IB: ncclIbRecvCommInit: Receive work requests will be posted on-demand
spark2:1:81 [0] NCCL INFO NET/IB: ncclIbResiliencyInit: Resiliency is disabled on the send communicator (comm=0xefcb15648000)
spark2:1:81 [0] NCCL INFO NET/IB: ncclIbResiliencyInit: Resiliency is disabled on the recv communicator (comm=0xefcb1568c000)
spark2:1:81 [0] NCCL INFO NET/IB: ncclIbRecvCommInit: Receive work requests will be posted on-demand
spark2:1:81 [0] NCCL INFO NET/IB: ncclIbResiliencyInit: Resiliency is disabled on the send communicator (comm=0xefcb156d4000)
spark2:1:81 [0] NCCL INFO NET/IB: ncclIbResiliencyInit: Resiliency is disabled on the recv communicator (comm=0xefcb15718000)
spark2:1:81 [0] NCCL INFO NET/IB: ncclIbRecvCommInit: Receive work requests will be posted on-demand
spark2:1:81 [0] NCCL INFO NET/IB: ncclIbResiliencyInit: Resiliency is disabled on the send communicator (comm=0xefcb15760000)
spark2:1:81 [0] NCCL INFO NET/IB: ncclIbResiliencyInit: Resiliency is disabled on the recv communicator (comm=0xefcb157a4000)
spark2:1:81 [0] NCCL INFO NET/IB: ncclIbRecvCommInit: Receive work requests will be posted on-demand
spark2:1:81 [0] NCCL INFO NET/IB: ncclIbResiliencyInit: Resiliency is disabled on the send communicator (comm=0xefcb157ec000)
spark2:1:81 [0] NCCL INFO NET/IB: ncclIbResiliencyInit: Resiliency is disabled on the recv communicator (comm=0xefcb15830000)
spark2:1:81 [0] NCCL INFO NET/IB: ncclIbRecvCommInit: Receive work requests will be posted on-demand
spark2:1:81 [0] NCCL INFO NET/IB: ncclIbResiliencyInit: Resiliency is disabled on the send communicator (comm=0xefcb15878000)
spark2:1:81 [0] NCCL INFO NET/IB: ncclIbResiliencyInit: Resiliency is disabled on the recv communicator (comm=0xefcb158bc000)
spark2:1:81 [0] NCCL INFO NET/IB: ncclIbRecvCommInit: Receive work requests will be posted on-demand
spark2:1:81 [0] NCCL INFO NET/IB: ncclIbResiliencyInit: Resiliency is disabled on the send communicator (comm=0xefcb15904000)
spark2:1:81 [0] NCCL INFO NET/IB: ncclIbResiliencyInit: Resiliency is disabled on the recv communicator (comm=0xefcb15948000)
spark2:1:81 [0] NCCL INFO NET/IB: ncclIbRecvCommInit: Receive work requests will be posted on-demand
spark2:1:81 [0] NCCL INFO NET/IB: ncclIbResiliencyInit: Resiliency is disabled on the send communicator (comm=0xefcb15990000)
spark2:1:81 [0] NCCL INFO NET/IB: ncclIbResiliencyInit: Resiliency is disabled on the recv communicator (comm=0xefcb159d4000)
spark2:1:81 [0] NCCL INFO NET/IB: ncclIbRecvCommInit: Receive work requests will be posted on-demand
spark2:1:81 [0] NCCL INFO NET/IB: ncclIbResiliencyInit: Resiliency is disabled on the send communicator (comm=0xefcb15a1c000)
spark2:1:81 [0] NCCL INFO NET/IB: ncclIbResiliencyInit: Resiliency is disabled on the recv communicator (comm=0xefcb15a60000)
spark2:1:81 [0] NCCL INFO NET/IB: ncclIbRecvCommInit: Receive work requests will be posted on-demand
spark2:1:81 [0] NCCL INFO NET/IB: ncclIbResiliencyInit: Resiliency is disabled on the send communicator (comm=0xefcb15aa8000)
spark2:1:81 [0] NCCL INFO NET/IB: ncclIbResiliencyInit: Resiliency is disabled on the recv communicator (comm=0xefcb15aec000)
spark2:1:81 [0] NCCL INFO NET/IB: ncclIbRecvCommInit: Receive work requests will be posted on-demand
spark2:1:81 [0] NCCL INFO NET/IB: ncclIbResiliencyInit: Resiliency is disabled on the send communicator (comm=0xefcb15b34000)
spark2:1:81 [0] NCCL INFO NET/IB: ncclIbResiliencyInit: Resiliency is disabled on the recv communicator (comm=0xefcb15b78000)
spark2:1:81 [0] NCCL INFO NET/IB: ncclIbRecvCommInit: Receive work requests will be posted on-demand
spark2:1:81 [0] NCCL INFO NET/IB: ncclIbResiliencyInit: Resiliency is disabled on the send communicator (comm=0xefcb15bc0000)
spark2:1:81 [0] NCCL INFO NET/IB: ncclIbSenderQpsCreate: QP created: port=1 dev=0 devName=rocep1s0f1 ndevs=1 nmdevs=1 qp_num=46412 pkey=0 pd=0xefcb14041e20 oooRq=0
spark2:1:81 [0] NCCL INFO NET/IB: ncclIbConnectImpl: NCCL Dev 0 IbDev 0 Port 1 qp_num 46412 mtu 3 GID 4 (0/208640AFFFF0000) ctsFifoRkey=0x1bbebb ctsFifoLkey=0x1bbebb
spark2:1:81 [0] NCCL INFO NET/IB: ncclIbConnectImpl: IbDev 0 Port 1 qp_num 46412 query_ece={supported=1, vendor_id=0x15b3, options=0x30000002, comp_mask=0x0}
spark2:1:81 [0] NCCL INFO NET/IB: ncclIbReceiverQpsCreateToRts: QP created: port=1 dev=0 devName=rocep1s0f1 ndevs=1 nmdevs=1 qp_num=46413 pkey=0 pd=0xefcb14041e20 oooRq=0
spark2:1:81 [0] NCCL INFO NET/IB: ncclIbReceiverQpsCreateToRts: Flush QP created: port=1 dev=0 devName=rocep1s0f1 ndevs=1 nmdevs=1 qp_num=46414 pkey=0 pd=0xefcb14041e20
spark2:1:81 [0] NCCL INFO NET/IB: ncclIbSenderQpsCreate: QP created: port=1 dev=0 devName=rocep1s0f1 ndevs=1 nmdevs=1 qp_num=46415 pkey=0 pd=0xefcb14041e20 oooRq=0
spark2:1:81 [0] NCCL INFO NET/IB: ncclIbConnectImpl: NCCL Dev 0 IbDev 0 Port 1 qp_num 46415 mtu 3 GID 4 (0/208640AFFFF0000) ctsFifoRkey=0x1bcfcc ctsFifoLkey=0x1bcfcc
spark2:1:81 [0] NCCL INFO NET/IB: ncclIbConnectImpl: IbDev 0 Port 1 qp_num 46415 query_ece={supported=1, vendor_id=0x15b3, options=0x30000002, comp_mask=0x0}
spark2:1:81 [0] NCCL INFO NET/IB: ncclIbReceiverQpsCreateToRts: QP created: port=1 dev=0 devName=rocep1s0f1 ndevs=1 nmdevs=1 qp_num=46416 pkey=0 pd=0xefcb14041e20 oooRq=0
spark2:1:81 [0] NCCL INFO NET/IB: ncclIbReceiverQpsCreateToRts: Flush QP created: port=1 dev=0 devName=rocep1s0f1 ndevs=1 nmdevs=1 qp_num=46417 pkey=0 pd=0xefcb14041e20
spark2:1:81 [0] NCCL INFO NET/IB: ncclIbSenderQpsCreate: QP created: port=1 dev=0 devName=rocep1s0f1 ndevs=1 nmdevs=1 qp_num=46418 pkey=0 pd=0xefcb14041e20 oooRq=0
spark2:1:81 [0] NCCL INFO NET/IB: ncclIbConnectImpl: NCCL Dev 0 IbDev 0 Port 1 qp_num 46418 mtu 3 GID 4 (0/208640AFFFF0000) ctsFifoRkey=0x1b3b38 ctsFifoLkey=0x1b3b38
spark2:1:81 [0] NCCL INFO NET/IB: ncclIbConnectImpl: IbDev 0 Port 1 qp_num 46418 query_ece={supported=1, vendor_id=0x15b3, options=0x30000002, comp_mask=0x0}
spark2:1:81 [0] NCCL INFO NET/IB: ncclIbReceiverQpsCreateToRts: QP created: port=1 dev=0 devName=rocep1s0f1 ndevs=1 nmdevs=1 qp_num=46419 pkey=0 pd=0xefcb14041e20 oooRq=0
spark2:1:81 [0] NCCL INFO NET/IB: ncclIbReceiverQpsCreateToRts: Flush QP created: port=1 dev=0 devName=rocep1s0f1 ndevs=1 nmdevs=1 qp_num=46420 pkey=0 pd=0xefcb14041e20
spark2:1:81 [0] NCCL INFO NET/IB: ncclIbSenderQpsCreate: QP created: port=1 dev=0 devName=rocep1s0f1 ndevs=1 nmdevs=1 qp_num=46421 pkey=0 pd=0xefcb14041e20 oooRq=0
spark2:1:81 [0] NCCL INFO NET/IB: ncclIbConnectImpl: NCCL Dev 0 IbDev 0 Port 1 qp_num 46421 mtu 3 GID 4 (0/208640AFFFF0000) ctsFifoRkey=0x1bc3c0 ctsFifoLkey=0x1bc3c0
spark2:1:81 [0] NCCL INFO NET/IB: ncclIbConnectImpl: IbDev 0 Port 1 qp_num 46421 query_ece={supported=1, vendor_id=0x15b3, options=0x30000002, comp_mask=0x0}
spark2:1:81 [0] NCCL INFO NET/IB: ncclIbReceiverQpsCreateToRts: QP created: port=1 dev=0 devName=rocep1s0f1 ndevs=1 nmdevs=1 qp_num=46422 pkey=0 pd=0xefcb14041e20 oooRq=0
spark2:1:81 [0] NCCL INFO NET/IB: ncclIbReceiverQpsCreateToRts: Flush QP created: port=1 dev=0 devName=rocep1s0f1 ndevs=1 nmdevs=1 qp_num=46423 pkey=0 pd=0xefcb14041e20
spark2:1:81 [0] NCCL INFO NET/IB: ncclIbSenderQpsCreate: QP created: port=1 dev=0 devName=rocep1s0f1 ndevs=1 nmdevs=1 qp_num=46424 pkey=0 pd=0xefcb14041e20 oooRq=0
spark2:1:81 [0] NCCL INFO NET/IB: ncclIbConnectImpl: NCCL Dev 0 IbDev 0 Port 1 qp_num 46424 mtu 3 GID 4 (0/208640AFFFF0000) ctsFifoRkey=0x1e71b1 ctsFifoLkey=0x1e71b1
spark2:1:81 [0] NCCL INFO NET/IB: ncclIbConnectImpl: IbDev 0 Port 1 qp_num 46424 query_ece={supported=1, vendor_id=0x15b3, options=0x30000002, comp_mask=0x0}
spark2:1:81 [0] NCCL INFO NET/IB: ncclIbReceiverQpsCreateToRts: QP created: port=1 dev=0 devName=rocep1s0f1 ndevs=1 nmdevs=1 qp_num=46425 pkey=0 pd=0xefcb14041e20 oooRq=0
spark2:1:81 [0] NCCL INFO NET/IB: ncclIbReceiverQpsCreateToRts: Flush QP created: port=1 dev=0 devName=rocep1s0f1 ndevs=1 nmdevs=1 qp_num=46426 pkey=0 pd=0xefcb14041e20
spark2:1:81 [0] NCCL INFO NET/IB: ncclIbSenderQpsCreate: QP created: port=1 dev=0 devName=rocep1s0f1 ndevs=1 nmdevs=1 qp_num=46427 pkey=0 pd=0xefcb14041e20 oooRq=0
spark2:1:81 [0] NCCL INFO NET/IB: ncclIbConnectImpl: NCCL Dev 0 IbDev 0 Port 1 qp_num 46427 mtu 3 GID 4 (0/208640AFFFF0000) ctsFifoRkey=0x1bb5b2 ctsFifoLkey=0x1bb5b2
spark2:1:81 [0] NCCL INFO NET/IB: ncclIbConnectImpl: IbDev 0 Port 1 qp_num 46427 query_ece={supported=1, vendor_id=0x15b3, options=0x30000002, comp_mask=0x0}
spark2:1:81 [0] NCCL INFO NET/IB: ncclIbResiliencyInit: Resiliency is disabled on the recv communicator (comm=0xefcb15ec0000)
spark2:1:81 [0] NCCL INFO NET/IB: ncclIbRecvCommInit: Receive work requests will be posted on-demand
spark2:1:81 [0] NCCL INFO NET/IB: ncclIbSenderQpsToRts: Set ECE: IbDev 0 Port 1 qp_num 46412 set_ece={supported=1, vendor_id=0x15b3, options=0x30000002, comp_mask=0x0}
spark2:1:81 [0] NCCL INFO NET/IB: ncclIbSenderQpsToRts: Set ECE: IbDev 0 Port 1 qp_num 46415 set_ece={supported=1, vendor_id=0x15b3, options=0x30000002, comp_mask=0x0}
spark2:1:81 [0] NCCL INFO NET/IB: ncclIbSenderQpsToRts: Set ECE: IbDev 0 Port 1 qp_num 46418 set_ece={supported=1, vendor_id=0x15b3, options=0x30000002, comp_mask=0x0}
spark2:1:81 [0] NCCL INFO NET/IB: ncclIbSenderQpsToRts: Set ECE: IbDev 0 Port 1 qp_num 46421 set_ece={supported=1, vendor_id=0x15b3, options=0x30000002, comp_mask=0x0}
spark2:1:81 [0] NCCL INFO NET/IB: ncclIbSenderQpsToRts: Set ECE: IbDev 0 Port 1 qp_num 46424 set_ece={supported=1, vendor_id=0x15b3, options=0x30000002, comp_mask=0x0}
spark2:1:81 [0] NCCL INFO NET/IB: ncclIbSenderQpsToRts: Set ECE: IbDev 0 Port 1 qp_num 46427 set_ece={supported=1, vendor_id=0x15b3, options=0x30000002, comp_mask=0x0}
spark2:1:81 [0] NCCL INFO NET/IB: ncclIbReceiverQpsCreateToRts: QP created: port=1 dev=0 devName=rocep1s0f1 ndevs=1 nmdevs=1 qp_num=46428 pkey=0 pd=0xefcb14041e20 oooRq=0
spark2:1:81 [0] NCCL INFO NET/IB: ncclIbReceiverQpsCreateToRts: Flush QP created: port=1 dev=0 devName=rocep1s0f1 ndevs=1 nmdevs=1 qp_num=46429 pkey=0 pd=0xefcb14041e20
spark2:1:81 [0] NCCL INFO NET/IB: ncclIbSenderQpsCreate: QP created: port=1 dev=0 devName=rocep1s0f1 ndevs=1 nmdevs=1 qp_num=46430 pkey=0 pd=0xefcb14041e20 oooRq=0
spark2:1:81 [0] NCCL INFO NET/IB: ncclIbConnectImpl: NCCL Dev 0 IbDev 0 Port 1 qp_num 46430 mtu 3 GID 4 (0/208640AFFFF0000) ctsFifoRkey=0x1b2320 ctsFifoLkey=0x1b2320
spark2:1:81 [0] NCCL INFO NET/IB: ncclIbConnectImpl: IbDev 0 Port 1 qp_num 46430 query_ece={supported=1, vendor_id=0x15b3, options=0x30000002, comp_mask=0x0}
spark2:1:81 [0] NCCL INFO NET/IB: ncclIbSenderQpsCreate: QP created: port=1 dev=0 devName=rocep1s0f1 ndevs=1 nmdevs=1 qp_num=46431 pkey=0 pd=0xefcb14041e20 oooRq=0
spark2:1:81 [0] NCCL INFO NET/IB: ncclIbConnectImpl: NCCL Dev 0 IbDev 0 Port 1 qp_num 46431 mtu 3 GID 4 (0/208640AFFFF0000) ctsFifoRkey=0x1baeab ctsFifoLkey=0x1baeab
spark2:1:81 [0] NCCL INFO NET/IB: ncclIbConnectImpl: IbDev 0 Port 1 qp_num 46431 query_ece={supported=1, vendor_id=0x15b3, options=0x30000002, comp_mask=0x0}
spark2:1:81 [0] NCCL INFO NET/IB: ncclIbSenderQpsCreate: QP created: port=1 dev=0 devName=rocep1s0f1 ndevs=1 nmdevs=1 qp_num=46432 pkey=0 pd=0xefcb14041e20 oooRq=0
spark2:1:81 [0] NCCL INFO NET/IB: ncclIbConnectImpl: NCCL Dev 0 IbDev 0 Port 1 qp_num 46432 mtu 3 GID 4 (0/208640AFFFF0000) ctsFifoRkey=0x1b9594 ctsFifoLkey=0x1b9594
spark2:1:81 [0] NCCL INFO NET/IB: ncclIbConnectImpl: IbDev 0 Port 1 qp_num 46432 query_ece={supported=1, vendor_id=0x15b3, options=0x30000002, comp_mask=0x0}
spark2:1:81 [0] NCCL INFO NET/IB: ncclIbSenderQpsCreate: QP created: port=1 dev=0 devName=rocep1s0f1 ndevs=1 nmdevs=1 qp_num=46433 pkey=0 pd=0xefcb14041e20 oooRq=0
spark2:1:81 [0] NCCL INFO NET/IB: ncclIbConnectImpl: NCCL Dev 0 IbDev 0 Port 1 qp_num 46433 mtu 3 GID 4 (0/208640AFFFF0000) ctsFifoRkey=0x1b1714 ctsFifoLkey=0x1b1714
spark2:1:81 [0] NCCL INFO NET/IB: ncclIbConnectImpl: IbDev 0 Port 1 qp_num 46433 query_ece={supported=1, vendor_id=0x15b3, options=0x30000002, comp_mask=0x0}
spark2:1:81 [0] NCCL INFO NET/IB: ncclIbSenderQpsCreate: QP created: port=1 dev=0 devName=rocep1s0f1 ndevs=1 nmdevs=1 qp_num=46434 pkey=0 pd=0xefcb14041e20 oooRq=0
spark2:1:81 [0] NCCL INFO NET/IB: ncclIbConnectImpl: NCCL Dev 0 IbDev 0 Port 1 qp_num 46434 mtu 3 GID 4 (0/208640AFFFF0000) ctsFifoRkey=0x1e55a1 ctsFifoLkey=0x1e55a1
spark2:1:81 [0] NCCL INFO NET/IB: ncclIbConnectImpl: IbDev 0 Port 1 qp_num 46434 query_ece={supported=1, vendor_id=0x15b3, options=0x30000002, comp_mask=0x0}
spark2:1:81 [0] NCCL INFO NET/IB: ncclIbSenderQpsCreate: QP created: port=1 dev=0 devName=rocep1s0f1 ndevs=1 nmdevs=1 qp_num=46435 pkey=0 pd=0xefcb14041e20 oooRq=0
spark2:1:81 [0] NCCL INFO NET/IB: ncclIbConnectImpl: NCCL Dev 0 IbDev 0 Port 1 qp_num 46435 mtu 3 GID 4 (0/208640AFFFF0000) ctsFifoRkey=0x1b0c09 ctsFifoLkey=0x1b0c09
spark2:1:81 [0] NCCL INFO NET/IB: ncclIbConnectImpl: IbDev 0 Port 1 qp_num 46435 query_ece={supported=1, vendor_id=0x15b3, options=0x30000002, comp_mask=0x0}
spark2:1:81 [0] NCCL INFO NET/IB: ncclIbSenderQpsCreate: QP created: port=1 dev=0 devName=rocep1s0f1 ndevs=1 nmdevs=1 qp_num=46436 pkey=0 pd=0xefcb14041e20 oooRq=0
spark2:1:81 [0] NCCL INFO NET/IB: ncclIbConnectImpl: NCCL Dev 0 IbDev 0 Port 1 qp_num 46436 mtu 3 GID 4 (0/208640AFFFF0000) ctsFifoRkey=0x1b918d ctsFifoLkey=0x1b918d
spark2:1:81 [0] NCCL INFO NET/IB: ncclIbConnectImpl: IbDev 0 Port 1 qp_num 46436 query_ece={supported=1, vendor_id=0x15b3, options=0x30000002, comp_mask=0x0}
spark2:1:81 [0] NCCL INFO NET/IB: ncclIbSenderQpsCreate: QP created: port=1 dev=0 devName=rocep1s0f1 ndevs=1 nmdevs=1 qp_num=46437 pkey=0 pd=0xefcb14041e20 oooRq=0
spark2:1:81 [0] NCCL INFO NET/IB: ncclIbConnectImpl: NCCL Dev 0 IbDev 0 Port 1 qp_num 46437 mtu 3 GID 4 (0/208640AFFFF0000) ctsFifoRkey=0x1afffd ctsFifoLkey=0x1afffd
spark2:1:81 [0] NCCL INFO NET/IB: ncclIbConnectImpl: IbDev 0 Port 1 qp_num 46437 query_ece={supported=1, vendor_id=0x15b3, options=0x30000002, comp_mask=0x0}
spark2:1:81 [0] NCCL INFO NET/IB: ncclIbSenderQpsCreate: QP created: port=1 dev=0 devName=rocep1s0f1 ndevs=1 nmdevs=1 qp_num=46438 pkey=0 pd=0xefcb14041e20 oooRq=0
spark2:1:81 [0] NCCL INFO NET/IB: ncclIbConnectImpl: NCCL Dev 0 IbDev 0 Port 1 qp_num 46438 mtu 3 GID 4 (0/208640AFFFF0000) ctsFifoRkey=0x1e4e9c ctsFifoLkey=0x1e4e9c
spark2:1:81 [0] NCCL INFO NET/IB: ncclIbConnectImpl: IbDev 0 Port 1 qp_num 46438 query_ece={supported=1, vendor_id=0x15b3, options=0x30000002, comp_mask=0x0}
spark2:1:81 [0] NCCL INFO NET/IB: ncclIbSenderQpsCreate: QP created: port=1 dev=0 devName=rocep1s0f1 ndevs=1 nmdevs=1 qp_num=46439 pkey=0 pd=0xefcb14041e20 oooRq=0
spark2:1:81 [0] NCCL INFO NET/IB: ncclIbConnectImpl: NCCL Dev 0 IbDev 0 Port 1 qp_num 46439 mtu 3 GID 4 (0/208640AFFFF0000) ctsFifoRkey=0x1af4f1 ctsFifoLkey=0x1af4f1
spark2:1:81 [0] NCCL INFO NET/IB: ncclIbConnectImpl: IbDev 0 Port 1 qp_num 46439 query_ece={supported=1, vendor_id=0x15b3, options=0x30000002, comp_mask=0x0}
spark2:1:81 [0] NCCL INFO NET/IB: ncclIbSenderQpsCreate: QP created: port=1 dev=0 devName=rocep1s0f1 ndevs=1 nmdevs=1 qp_num=46440 pkey=0 pd=0xefcb14041e20 oooRq=0
spark2:1:81 [0] NCCL INFO NET/IB: ncclIbConnectImpl: NCCL Dev 0 IbDev 0 Port 1 qp_num 46440 mtu 3 GID 4 (0/208640AFFFF0000) ctsFifoRkey=0x1b8784 ctsFifoLkey=0x1b8784
spark2:1:81 [0] NCCL INFO NET/IB: ncclIbConnectImpl: IbDev 0 Port 1 qp_num 46440 query_ece={supported=1, vendor_id=0x15b3, options=0x30000002, comp_mask=0x0}
spark2:1:81 [0] NCCL INFO NET/IB: ncclIbSenderQpsCreate: QP created: port=1 dev=0 devName=rocep1s0f1 ndevs=1 nmdevs=1 qp_num=46441 pkey=0 pd=0xefcb14041e20 oooRq=0
spark2:1:81 [0] NCCL INFO NET/IB: ncclIbConnectImpl: NCCL Dev 0 IbDev 0 Port 1 qp_num 46441 mtu 3 GID 4 (0/208640AFFFF0000) ctsFifoRkey=0x1aeae5 ctsFifoLkey=0x1aeae5
spark2:1:81 [0] NCCL INFO NET/IB: ncclIbConnectImpl: IbDev 0 Port 1 qp_num 46441 query_ece={supported=1, vendor_id=0x15b3, options=0x30000002, comp_mask=0x0}
spark2:1:81 [0] NCCL INFO NET/IB: ncclIbSenderQpsCreate: QP created: port=1 dev=0 devName=rocep1s0f1 ndevs=1 nmdevs=1 qp_num=46442 pkey=0 pd=0xefcb14041e20 oooRq=0
spark2:1:81 [0] NCCL INFO NET/IB: ncclIbConnectImpl: NCCL Dev 0 IbDev 0 Port 1 qp_num 46442 mtu 3 GID 4 (0/208640AFFFF0000) ctsFifoRkey=0x1e4897 ctsFifoLkey=0x1e4897
spark2:1:81 [0] NCCL INFO NET/IB: ncclIbConnectImpl: IbDev 0 Port 1 qp_num 46442 query_ece={supported=1, vendor_id=0x15b3, options=0x30000002, comp_mask=0x0}
spark2:1:81 [0] NCCL INFO NET/IB: ncclIbSenderQpsCreate: QP created: port=1 dev=0 devName=rocep1s0f1 ndevs=1 nmdevs=1 qp_num=46443 pkey=0 pd=0xefcb14041e20 oooRq=0
spark2:1:81 [0] NCCL INFO NET/IB: ncclIbConnectImpl: NCCL Dev 0 IbDev 0 Port 1 qp_num 46443 mtu 3 GID 4 (0/208640AFFFF0000) ctsFifoRkey=0x1addd9 ctsFifoLkey=0x1addd9
spark2:1:81 [0] NCCL INFO NET/IB: ncclIbConnectImpl: IbDev 0 Port 1 qp_num 46443 query_ece={supported=1, vendor_id=0x15b3, options=0x30000002, comp_mask=0x0}
spark2:1:81 [0] NCCL INFO NET/IB: ncclIbSenderQpsCreate: QP created: port=1 dev=0 devName=rocep1s0f1 ndevs=1 nmdevs=1 qp_num=46444 pkey=0 pd=0xefcb14041e20 oooRq=0
spark2:1:81 [0] NCCL INFO NET/IB: ncclIbConnectImpl: NCCL Dev 0 IbDev 0 Port 1 qp_num 46444 mtu 3 GID 4 (0/208640AFFFF0000) ctsFifoRkey=0x1b7c79 ctsFifoLkey=0x1b7c79
spark2:1:81 [0] NCCL INFO NET/IB: ncclIbConnectImpl: IbDev 0 Port 1 qp_num 46444 query_ece={supported=1, vendor_id=0x15b3, options=0x30000002, comp_mask=0x0}
spark2:1:81 [0] NCCL INFO NET/IB: ncclIbResiliencyInit: Resiliency is disabled on the send communicator (comm=0xefcb16232000)
spark2:1:81 [0] NCCL INFO NET/IB: ncclIbSenderQpsToRts: Set ECE: IbDev 0 Port 1 qp_num 46430 set_ece={supported=1, vendor_id=0x15b3, options=0x30000002, comp_mask=0x0}
spark2:1:81 [0] NCCL INFO NET/IB: ncclIbReceiverQpsCreateToRts: QP created: port=1 dev=0 devName=rocep1s0f1 ndevs=1 nmdevs=1 qp_num=46445 pkey=0 pd=0xefcb14041e20 oooRq=0
spark2:1:81 [0] NCCL INFO NET/IB: ncclIbReceiverQpsCreateToRts: Flush QP created: port=1 dev=0 devName=rocep1s0f1 ndevs=1 nmdevs=1 qp_num=46446 pkey=0 pd=0xefcb14041e20
spark2:1:81 [0] NCCL INFO NET/IB: ncclIbSenderQpsToRts: Set ECE: IbDev 0 Port 1 qp_num 46431 set_ece={supported=1, vendor_id=0x15b3, options=0x30000002, comp_mask=0x0}
spark2:1:81 [0] NCCL INFO NET/IB: ncclIbReceiverQpsCreateToRts: QP created: port=1 dev=0 devName=rocep1s0f1 ndevs=1 nmdevs=1 qp_num=46447 pkey=0 pd=0xefcb14041e20 oooRq=0
spark2:1:81 [0] NCCL INFO NET/IB: ncclIbReceiverQpsCreateToRts: Flush QP created: port=1 dev=0 devName=rocep1s0f1 ndevs=1 nmdevs=1 qp_num=46448 pkey=0 pd=0xefcb14041e20
spark2:1:81 [0] NCCL INFO NET/IB: ncclIbSenderQpsToRts: Set ECE: IbDev 0 Port 1 qp_num 46432 set_ece={supported=1, vendor_id=0x15b3, options=0x30000002, comp_mask=0x0}
spark2:1:81 [0] NCCL INFO NET/IB: ncclIbReceiverQpsCreateToRts: QP created: port=1 dev=0 devName=rocep1s0f1 ndevs=1 nmdevs=1 qp_num=46449 pkey=0 pd=0xefcb14041e20 oooRq=0
spark2:1:81 [0] NCCL INFO NET/IB: ncclIbReceiverQpsCreateToRts: Flush QP created: port=1 dev=0 devName=rocep1s0f1 ndevs=1 nmdevs=1 qp_num=46450 pkey=0 pd=0xefcb14041e20
spark2:1:81 [0] NCCL INFO NET/IB: ncclIbSenderQpsToRts: Set ECE: IbDev 0 Port 1 qp_num 46433 set_ece={supported=1, vendor_id=0x15b3, options=0x30000002, comp_mask=0x0}
spark2:1:81 [0] NCCL INFO NET/IB: ncclIbReceiverQpsCreateToRts: QP created: port=1 dev=0 devName=rocep1s0f1 ndevs=1 nmdevs=1 qp_num=46451 pkey=0 pd=0xefcb14041e20 oooRq=0
spark2:1:81 [0] NCCL INFO NET/IB: ncclIbReceiverQpsCreateToRts: Flush QP created: port=1 dev=0 devName=rocep1s0f1 ndevs=1 nmdevs=1 qp_num=46452 pkey=0 pd=0xefcb14041e20
spark2:1:81 [0] NCCL INFO NET/IB: ncclIbSenderQpsToRts: Set ECE: IbDev 0 Port 1 qp_num 46434 set_ece={supported=1, vendor_id=0x15b3, options=0x30000002, comp_mask=0x0}
spark2:1:81 [0] NCCL INFO NET/IB: ncclIbReceiverQpsCreateToRts: QP created: port=1 dev=0 devName=rocep1s0f1 ndevs=1 nmdevs=1 qp_num=46453 pkey=0 pd=0xefcb14041e20 oooRq=0
spark2:1:81 [0] NCCL INFO NET/IB: ncclIbReceiverQpsCreateToRts: Flush QP created: port=1 dev=0 devName=rocep1s0f1 ndevs=1 nmdevs=1 qp_num=46454 pkey=0 pd=0xefcb14041e20
spark2:1:81 [0] NCCL INFO NET/IB: ncclIbSenderQpsToRts: Set ECE: IbDev 0 Port 1 qp_num 46435 set_ece={supported=1, vendor_id=0x15b3, options=0x30000002, comp_mask=0x0}
spark2:1:81 [0] NCCL INFO NET/IB: ncclIbReceiverQpsCreateToRts: QP created: port=1 dev=0 devName=rocep1s0f1 ndevs=1 nmdevs=1 qp_num=46455 pkey=0 pd=0xefcb14041e20 oooRq=0
spark2:1:81 [0] NCCL INFO NET/IB: ncclIbReceiverQpsCreateToRts: Flush QP created: port=1 dev=0 devName=rocep1s0f1 ndevs=1 nmdevs=1 qp_num=46456 pkey=0 pd=0xefcb14041e20
spark2:1:81 [0] NCCL INFO NET/IB: ncclIbSenderQpsToRts: Set ECE: IbDev 0 Port 1 qp_num 46436 set_ece={supported=1, vendor_id=0x15b3, options=0x30000002, comp_mask=0x0}
spark2:1:81 [0] NCCL INFO NET/IB: ncclIbReceiverQpsCreateToRts: QP created: port=1 dev=0 devName=rocep1s0f1 ndevs=1 nmdevs=1 qp_num=46457 pkey=0 pd=0xefcb14041e20 oooRq=0
spark2:1:81 [0] NCCL INFO NET/IB: ncclIbReceiverQpsCreateToRts: Flush QP created: port=1 dev=0 devName=rocep1s0f1 ndevs=1 nmdevs=1 qp_num=46458 pkey=0 pd=0xefcb14041e20
spark2:1:81 [0] NCCL INFO NET/IB: ncclIbSenderQpsToRts: Set ECE: IbDev 0 Port 1 qp_num 46437 set_ece={supported=1, vendor_id=0x15b3, options=0x30000002, comp_mask=0x0}
spark2:1:81 [0] NCCL INFO NET/IB: ncclIbReceiverQpsCreateToRts: QP created: port=1 dev=0 devName=rocep1s0f1 ndevs=1 nmdevs=1 qp_num=46459 pkey=0 pd=0xefcb14041e20 oooRq=0
spark2:1:81 [0] NCCL INFO NET/IB: ncclIbReceiverQpsCreateToRts: Flush QP created: port=1 dev=0 devName=rocep1s0f1 ndevs=1 nmdevs=1 qp_num=46460 pkey=0 pd=0xefcb14041e20
spark2:1:81 [0] NCCL INFO NET/IB: ncclIbSenderQpsToRts: Set ECE: IbDev 0 Port 1 qp_num 46438 set_ece={supported=1, vendor_id=0x15b3, options=0x30000002, comp_mask=0x0}
spark2:1:81 [0] NCCL INFO NET/IB: ncclIbReceiverQpsCreateToRts: QP created: port=1 dev=0 devName=rocep1s0f1 ndevs=1 nmdevs=1 qp_num=46461 pkey=0 pd=0xefcb14041e20 oooRq=0
spark2:1:81 [0] NCCL INFO NET/IB: ncclIbReceiverQpsCreateToRts: Flush QP created: port=1 dev=0 devName=rocep1s0f1 ndevs=1 nmdevs=1 qp_num=46462 pkey=0 pd=0xefcb14041e20
spark2:1:81 [0] NCCL INFO NET/IB: ncclIbSenderQpsToRts: Set ECE: IbDev 0 Port 1 qp_num 46439 set_ece={supported=1, vendor_id=0x15b3, options=0x30000002, comp_mask=0x0}
spark2:1:81 [0] NCCL INFO NET/IB: ncclIbReceiverQpsCreateToRts: QP created: port=1 dev=0 devName=rocep1s0f1 ndevs=1 nmdevs=1 qp_num=46463 pkey=0 pd=0xefcb14041e20 oooRq=0
spark2:1:81 [0] NCCL INFO NET/IB: ncclIbReceiverQpsCreateToRts: Flush QP created: port=1 dev=0 devName=rocep1s0f1 ndevs=1 nmdevs=1 qp_num=46464 pkey=0 pd=0xefcb14041e20
spark2:1:81 [0] NCCL INFO NET/IB: ncclIbSenderQpsToRts: Set ECE: IbDev 0 Port 1 qp_num 46440 set_ece={supported=1, vendor_id=0x15b3, options=0x30000002, comp_mask=0x0}
spark2:1:81 [0] NCCL INFO NET/IB: ncclIbReceiverQpsCreateToRts: QP created: port=1 dev=0 devName=rocep1s0f1 ndevs=1 nmdevs=1 qp_num=46465 pkey=0 pd=0xefcb14041e20 oooRq=0
spark2:1:81 [0] NCCL INFO NET/IB: ncclIbReceiverQpsCreateToRts: Flush QP created: port=1 dev=0 devName=rocep1s0f1 ndevs=1 nmdevs=1 qp_num=46466 pkey=0 pd=0xefcb14041e20
spark2:1:81 [0] NCCL INFO NET/IB: ncclIbSenderQpsToRts: Set ECE: IbDev 0 Port 1 qp_num 46441 set_ece={supported=1, vendor_id=0x15b3, options=0x30000002, comp_mask=0x0}
spark2:1:81 [0] NCCL INFO NET/IB: ncclIbReceiverQpsCreateToRts: QP created: port=1 dev=0 devName=rocep1s0f1 ndevs=1 nmdevs=1 qp_num=46467 pkey=0 pd=0xefcb14041e20 oooRq=0
spark2:1:81 [0] NCCL INFO NET/IB: ncclIbReceiverQpsCreateToRts: Flush QP created: port=1 dev=0 devName=rocep1s0f1 ndevs=1 nmdevs=1 qp_num=46468 pkey=0 pd=0xefcb14041e20
spark2:1:81 [0] NCCL INFO NET/IB: ncclIbSenderQpsToRts: Set ECE: IbDev 0 Port 1 qp_num 46442 set_ece={supported=1, vendor_id=0x15b3, options=0x30000002, comp_mask=0x0}
spark2:1:81 [0] NCCL INFO NET/IB: ncclIbReceiverQpsCreateToRts: QP created: port=1 dev=0 devName=rocep1s0f1 ndevs=1 nmdevs=1 qp_num=46469 pkey=0 pd=0xefcb14041e20 oooRq=0
spark2:1:81 [0] NCCL INFO NET/IB: ncclIbReceiverQpsCreateToRts: Flush QP created: port=1 dev=0 devName=rocep1s0f1 ndevs=1 nmdevs=1 qp_num=46470 pkey=0 pd=0xefcb14041e20
spark2:1:81 [0] NCCL INFO NET/IB: ncclIbSenderQpsToRts: Set ECE: IbDev 0 Port 1 qp_num 46443 set_ece={supported=1, vendor_id=0x15b3, options=0x30000002, comp_mask=0x0}
spark2:1:81 [0] NCCL INFO NET/IB: ncclIbReceiverQpsCreateToRts: QP created: port=1 dev=0 devName=rocep1s0f1 ndevs=1 nmdevs=1 qp_num=46471 pkey=0 pd=0xefcb14041e20 oooRq=0
spark2:1:81 [0] NCCL INFO NET/IB: ncclIbReceiverQpsCreateToRts: Flush QP created: port=1 dev=0 devName=rocep1s0f1 ndevs=1 nmdevs=1 qp_num=46472 pkey=0 pd=0xefcb14041e20
spark2:1:81 [0] NCCL INFO NET/IB: ncclIbSenderQpsToRts: Set ECE: IbDev 0 Port 1 qp_num 46444 set_ece={supported=1, vendor_id=0x15b3, options=0x30000002, comp_mask=0x0}
spark2:1:81 [0] NCCL INFO NET/IB: ncclIbReceiverQpsCreateToRts: QP created: port=1 dev=0 devName=rocep1s0f1 ndevs=1 nmdevs=1 qp_num=46473 pkey=0 pd=0xefcb14041e20 oooRq=0
spark2:1:81 [0] NCCL INFO NET/IB: ncclIbReceiverQpsCreateToRts: Flush QP created: port=1 dev=0 devName=rocep1s0f1 ndevs=1 nmdevs=1 qp_num=46474 pkey=0 pd=0xefcb14041e20
spark2:1:81 [0] NCCL INFO NET/IB: ncclIbSenderQpsCreate: QP created: port=1 dev=0 devName=rocep1s0f1 ndevs=1 nmdevs=1 qp_num=46475 pkey=0 pd=0xefcb14041e20 oooRq=0
spark2:1:81 [0] NCCL INFO NET/IB: ncclIbConnectImpl: NCCL Dev 0 IbDev 0 Port 1 qp_num 46475 mtu 3 GID 4 (0/208640AFFFF0000) ctsFifoRkey=0x1b9d9a ctsFifoLkey=0x1b9d9a
spark2:1:81 [0] NCCL INFO NET/IB: ncclIbConnectImpl: IbDev 0 Port 1 qp_num 46475 query_ece={supported=1, vendor_id=0x15b3, options=0x30000002, comp_mask=0x0}
spark2:1:81 [0] NCCL INFO NET/IB: ncclIbResiliencyInit: Resiliency is disabled on the recv communicator (comm=0xefcb1671e000)
spark2:1:81 [0] NCCL INFO NET/IB: ncclIbRecvCommInit: Receive work requests will be posted on-demand
spark2:1:81 [0] NCCL INFO NET/IB: ncclIbSenderQpsToRts: Set ECE: IbDev 0 Port 1 qp_num 46475 set_ece={supported=1, vendor_id=0x15b3, options=0x30000002, comp_mask=0x0}
spark2:1:81 [0] NCCL INFO NET/IB: ncclIbReceiverQpsCreateToRts: QP created: port=1 dev=0 devName=rocep1s0f1 ndevs=1 nmdevs=1 qp_num=46476 pkey=0 pd=0xefcb14041e20 oooRq=0
spark2:1:81 [0] NCCL INFO NET/IB: ncclIbReceiverQpsCreateToRts: Flush QP created: port=1 dev=0 devName=rocep1s0f1 ndevs=1 nmdevs=1 qp_num=46477 pkey=0 pd=0xefcb14041e20
spark2:1:81 [0] NCCL INFO NET/IB: ncclIbResiliencyInit: Resiliency is disabled on the send communicator (comm=0xefcb167ae000)
spark2:1:81 [0] NCCL INFO NET/IB: ncclIbResiliencyInit: Resiliency is disabled on the recv communicator (comm=0xefcb167ef000)
spark2:1:81 [0] NCCL INFO NET/IB: ncclIbRecvCommInit: Receive work requests will be posted on-demand
spark2:1:81 [0] NCCL INFO NET/IB: ncclIbResiliencyInit: Resiliency is disabled on the send communicator (comm=0xefcb16834000)
spark2:1:81 [0] NCCL INFO NET/IB: ncclIbResiliencyInit: Resiliency is disabled on the recv communicator (comm=0xefcb16875000)
spark2:1:81 [0] NCCL INFO NET/IB: ncclIbRecvCommInit: Receive work requests will be posted on-demand
spark2:1:81 [0] NCCL INFO NET/IB: ncclIbResiliencyInit: Resiliency is disabled on the send communicator (comm=0xefcb168ba000)
spark2:1:81 [0] NCCL INFO NET/IB: ncclIbResiliencyInit: Resiliency is disabled on the recv communicator (comm=0xefcb168fb000)
spark2:1:81 [0] NCCL INFO NET/IB: ncclIbRecvCommInit: Receive work requests will be posted on-demand
spark2:1:81 [0] NCCL INFO NET/IB: ncclIbResiliencyInit: Resiliency is disabled on the send communicator (comm=0xefcb16940000)
spark2:1:81 [0] NCCL INFO NET/IB: ncclIbResiliencyInit: Resiliency is disabled on the recv communicator (comm=0xefcb16981000)
spark2:1:81 [0] NCCL INFO NET/IB: ncclIbRecvCommInit: Receive work requests will be posted on-demand
spark2:1:81 [0] NCCL INFO NET/IB: ncclIbResiliencyInit: Resiliency is disabled on the send communicator (comm=0xefcb169c6000)
spark2:1:81 [0] NCCL INFO NET/IB: ncclIbResiliencyInit: Resiliency is disabled on the recv communicator (comm=0xefcb16a07000)
spark2:1:81 [0] NCCL INFO NET/IB: ncclIbRecvCommInit: Receive work requests will be posted on-demand
spark2:1:81 [0] NCCL INFO NET/IB: ncclIbResiliencyInit: Resiliency is disabled on the send communicator (comm=0xefcb16a4c000)
spark2:1:81 [0] NCCL INFO NET/IB: ncclIbSenderQpsCreate: QP created: port=1 dev=0 devName=rocep1s0f1 ndevs=1 nmdevs=1 qp_num=46478 pkey=0 pd=0xefcb14041e20 oooRq=0
spark2:1:81 [0] NCCL INFO NET/IB: ncclIbConnectImpl: NCCL Dev 0 IbDev 0 Port 1 qp_num 46478 mtu 3 GID 4 (0/208640AFFFF0000) ctsFifoRkey=0x1b9493 ctsFifoLkey=0x1b9493
spark2:1:81 [0] NCCL INFO NET/IB: ncclIbConnectImpl: IbDev 0 Port 1 qp_num 46478 query_ece={supported=1, vendor_id=0x15b3, options=0x30000002, comp_mask=0x0}
spark2:1:81 [0] NCCL INFO NET/IB: ncclIbReceiverQpsCreateToRts: QP created: port=1 dev=0 devName=rocep1s0f1 ndevs=1 nmdevs=1 qp_num=46479 pkey=0 pd=0xefcb14041e20 oooRq=0
spark2:1:81 [0] NCCL INFO NET/IB: ncclIbReceiverQpsCreateToRts: Flush QP created: port=1 dev=0 devName=rocep1s0f1 ndevs=1 nmdevs=1 qp_num=46480 pkey=0 pd=0xefcb14041e20
spark2:1:81 [0] NCCL INFO NET/IB: ncclIbSenderQpsCreate: QP created: port=1 dev=0 devName=rocep1s0f1 ndevs=1 nmdevs=1 qp_num=46481 pkey=0 pd=0xefcb14041e20 oooRq=0
spark2:1:81 [0] NCCL INFO NET/IB: ncclIbConnectImpl: NCCL Dev 0 IbDev 0 Port 1 qp_num 46481 mtu 3 GID 4 (0/208640AFFFF0000) ctsFifoRkey=0x1a1e1a ctsFifoLkey=0x1a1e1a
spark2:1:81 [0] NCCL INFO NET/IB: ncclIbConnectImpl: IbDev 0 Port 1 qp_num 46481 query_ece={supported=1, vendor_id=0x15b3, options=0x30000002, comp_mask=0x0}
spark2:1:81 [0] NCCL INFO NET/IB: ncclIbReceiverQpsCreateToRts: QP created: port=1 dev=0 devName=rocep1s0f1 ndevs=1 nmdevs=1 qp_num=46482 pkey=0 pd=0xefcb14041e20 oooRq=0
spark2:1:81 [0] NCCL INFO NET/IB: ncclIbReceiverQpsCreateToRts: Flush QP created: port=1 dev=0 devName=rocep1s0f1 ndevs=1 nmdevs=1 qp_num=46483 pkey=0 pd=0xefcb14041e20
spark2:1:81 [0] NCCL INFO NET/IB: ncclIbSenderQpsCreate: QP created: port=1 dev=0 devName=rocep1s0f1 ndevs=1 nmdevs=1 qp_num=46484 pkey=0 pd=0xefcb14041e20 oooRq=0
spark2:1:81 [0] NCCL INFO NET/IB: ncclIbConnectImpl: NCCL Dev 0 IbDev 0 Port 1 qp_num 46484 mtu 3 GID 4 (0/208640AFFFF0000) ctsFifoRkey=0x1b8885 ctsFifoLkey=0x1b8885
spark2:1:81 [0] NCCL INFO NET/IB: ncclIbConnectImpl: IbDev 0 Port 1 qp_num 46484 query_ece={supported=1, vendor_id=0x15b3, options=0x30000002, comp_mask=0x0}
spark2:1:81 [0] NCCL INFO NET/IB: ncclIbReceiverQpsCreateToRts: QP created: port=1 dev=0 devName=rocep1s0f1 ndevs=1 nmdevs=1 qp_num=46485 pkey=0 pd=0xefcb14041e20 oooRq=0
spark2:1:81 [0] NCCL INFO NET/IB: ncclIbReceiverQpsCreateToRts: Flush QP created: port=1 dev=0 devName=rocep1s0f1 ndevs=1 nmdevs=1 qp_num=46486 pkey=0 pd=0xefcb14041e20
spark2:1:81 [0] NCCL INFO NET/IB: ncclIbSenderQpsCreate: QP created: port=1 dev=0 devName=rocep1s0f1 ndevs=1 nmdevs=1 qp_num=46487 pkey=0 pd=0xefcb14041e20 oooRq=0
spark2:1:81 [0] NCCL INFO NET/IB: ncclIbConnectImpl: NCCL Dev 0 IbDev 0 Port 1 qp_num 46487 mtu 3 GID 4 (0/208640AFFFF0000) ctsFifoRkey=0x1b504d ctsFifoLkey=0x1b504d
spark2:1:81 [0] NCCL INFO NET/IB: ncclIbConnectImpl: IbDev 0 Port 1 qp_num 46487 query_ece={supported=1, vendor_id=0x15b3, options=0x30000002, comp_mask=0x0}
spark2:1:81 [0] NCCL INFO NET/IB: ncclIbReceiverQpsCreateToRts: QP created: port=1 dev=0 devName=rocep1s0f1 ndevs=1 nmdevs=1 qp_num=46488 pkey=0 pd=0xefcb14041e20 oooRq=0
spark2:1:81 [0] NCCL INFO NET/IB: ncclIbReceiverQpsCreateToRts: Flush QP created: port=1 dev=0 devName=rocep1s0f1 ndevs=1 nmdevs=1 qp_num=46489 pkey=0 pd=0xefcb14041e20
spark2:1:81 [0] NCCL INFO NET/IB: ncclIbSenderQpsCreate: QP created: port=1 dev=0 devName=rocep1s0f1 ndevs=1 nmdevs=1 qp_num=46490 pkey=0 pd=0xefcb14041e20 oooRq=0
spark2:1:81 [0] NCCL INFO NET/IB: ncclIbConnectImpl: NCCL Dev 0 IbDev 0 Port 1 qp_num 46490 mtu 3 GID 4 (0/208640AFFFF0000) ctsFifoRkey=0x1b716d ctsFifoLkey=0x1b716d
spark2:1:81 [0] NCCL INFO NET/IB: ncclIbConnectImpl: IbDev 0 Port 1 qp_num 46490 query_ece={supported=1, vendor_id=0x15b3, options=0x30000002, comp_mask=0x0}
spark2:1:81 [0] NCCL INFO NET/IB: ncclIbReceiverQpsCreateToRts: QP created: port=1 dev=0 devName=rocep1s0f1 ndevs=1 nmdevs=1 qp_num=46491 pkey=0 pd=0xefcb14041e20 oooRq=0
spark2:1:81 [0] NCCL INFO NET/IB: ncclIbReceiverQpsCreateToRts: Flush QP created: port=1 dev=0 devName=rocep1s0f1 ndevs=1 nmdevs=1 qp_num=46492 pkey=0 pd=0xefcb14041e20
spark2:1:81 [0] NCCL INFO NET/IB: ncclIbSenderQpsCreate: QP created: port=1 dev=0 devName=rocep1s0f1 ndevs=1 nmdevs=1 qp_num=46493 pkey=0 pd=0xefcb14041e20 oooRq=0
spark2:1:81 [0] NCCL INFO NET/IB: ncclIbConnectImpl: NCCL Dev 0 IbDev 0 Port 1 qp_num 46493 mtu 3 GID 4 (0/208640AFFFF0000) ctsFifoRkey=0x1a0503 ctsFifoLkey=0x1a0503
spark2:1:81 [0] NCCL INFO NET/IB: ncclIbConnectImpl: IbDev 0 Port 1 qp_num 46493 query_ece={supported=1, vendor_id=0x15b3, options=0x30000002, comp_mask=0x0}
spark2:1:81 [0] NCCL INFO NET/IB: ncclIbResiliencyInit: Resiliency is disabled on the recv communicator (comm=0xefcb16d41000)
spark2:1:81 [0] NCCL INFO NET/IB: ncclIbRecvCommInit: Receive work requests will be posted on-demand
spark2:1:81 [0] NCCL INFO NET/IB: ncclIbSenderQpsToRts: Set ECE: IbDev 0 Port 1 qp_num 46478 set_ece={supported=1, vendor_id=0x15b3, options=0x30000002, comp_mask=0x0}
spark2:1:81 [0] NCCL INFO NET/IB: ncclIbSenderQpsToRts: Set ECE: IbDev 0 Port 1 qp_num 46481 set_ece={supported=1, vendor_id=0x15b3, options=0x30000002, comp_mask=0x0}
spark2:1:81 [0] NCCL INFO NET/IB: ncclIbSenderQpsToRts: Set ECE: IbDev 0 Port 1 qp_num 46484 set_ece={supported=1, vendor_id=0x15b3, options=0x30000002, comp_mask=0x0}
spark2:1:81 [0] NCCL INFO NET/IB: ncclIbSenderQpsToRts: Set ECE: IbDev 0 Port 1 qp_num 46487 set_ece={supported=1, vendor_id=0x15b3, options=0x30000002, comp_mask=0x0}
spark2:1:81 [0] NCCL INFO NET/IB: ncclIbSenderQpsToRts: Set ECE: IbDev 0 Port 1 qp_num 46490 set_ece={supported=1, vendor_id=0x15b3, options=0x30000002, comp_mask=0x0}
spark2:1:81 [0] NCCL INFO NET/IB: ncclIbSenderQpsToRts: Set ECE: IbDev 0 Port 1 qp_num 46493 set_ece={supported=1, vendor_id=0x15b3, options=0x30000002, comp_mask=0x0}
spark2:1:81 [0] NCCL INFO NET/IB: ncclIbReceiverQpsCreateToRts: QP created: port=1 dev=0 devName=rocep1s0f1 ndevs=1 nmdevs=1 qp_num=46494 pkey=0 pd=0xefcb14041e20 oooRq=0
spark2:1:81 [0] NCCL INFO NET/IB: ncclIbReceiverQpsCreateToRts: Flush QP created: port=1 dev=0 devName=rocep1s0f1 ndevs=1 nmdevs=1 qp_num=46495 pkey=0 pd=0xefcb14041e20
spark2:1:81 [0] NCCL INFO NET/IB: ncclIbResiliencyInit: Resiliency is disabled on the send communicator (comm=0xefcb16dd5000)
spark2:1:81 [0] NCCL INFO NET/IB: ncclIbResiliencyInit: Resiliency is disabled on the recv communicator (comm=0xefcb16e16000)
spark2:1:81 [0] NCCL INFO NET/IB: ncclIbRecvCommInit: Receive work requests will be posted on-demand
spark2:1:81 [0] NCCL INFO NET/IB: ncclIbResiliencyInit: Resiliency is disabled on the send communicator (comm=0xefcb16e5b000)
spark2:1:81 [0] NCCL INFO NET/IB: ncclIbResiliencyInit: Resiliency is disabled on the recv communicator (comm=0xefcb16e9c000)
spark2:1:81 [0] NCCL INFO NET/IB: ncclIbRecvCommInit: Receive work requests will be posted on-demand
spark2:1:81 [0] NCCL INFO NET/IB: ncclIbResiliencyInit: Resiliency is disabled on the send communicator (comm=0xefcb16ee1000)
spark2:1:81 [0] NCCL INFO NET/IB: ncclIbResiliencyInit: Resiliency is disabled on the recv communicator (comm=0xefcb16f22000)
spark2:1:81 [0] NCCL INFO NET/IB: ncclIbRecvCommInit: Receive work requests will be posted on-demand
spark2:1:81 [0] NCCL INFO NET/IB: ncclIbResiliencyInit: Resiliency is disabled on the send communicator (comm=0xefcb16f67000)
spark2:1:81 [0] NCCL INFO NET/IB: ncclIbResiliencyInit: Resiliency is disabled on the recv communicator (comm=0xefcb16fa8000)
spark2:1:81 [0] NCCL INFO NET/IB: ncclIbRecvCommInit: Receive work requests will be posted on-demand
spark2:1:81 [0] NCCL INFO NET/IB: ncclIbResiliencyInit: Resiliency is disabled on the send communicator (comm=0xefcb16fed000)
spark2:1:81 [0] NCCL INFO NET/IB: ncclIbResiliencyInit: Resiliency is disabled on the recv communicator (comm=0xefcb1702e000)
spark2:1:81 [0] NCCL INFO NET/IB: ncclIbRecvCommInit: Receive work requests will be posted on-demand
spark2:1:81 [0] NCCL INFO NET/IB: ncclIbResiliencyInit: Resiliency is disabled on the send communicator (comm=0xefcb17076000)
spark2:1:81 [0] NCCL INFO NET/IB: ncclIbSenderQpsCreate: QP created: port=1 dev=0 devName=rocep1s0f1 ndevs=1 nmdevs=1 qp_num=46496 pkey=0 pd=0xefcb14041e20 oooRq=0
spark2:1:81 [0] NCCL INFO NET/IB: ncclIbConnectImpl: NCCL Dev 0 IbDev 0 Port 1 qp_num 46496 mtu 3 GID 4 (0/208640AFFFF0000) ctsFifoRkey=0x1aa4a1 ctsFifoLkey=0x1aa4a1
spark2:1:81 [0] NCCL INFO NET/IB: ncclIbConnectImpl: IbDev 0 Port 1 qp_num 46496 query_ece={supported=1, vendor_id=0x15b3, options=0x30000002, comp_mask=0x0}
spark2:1:81 [0] NCCL INFO NET/IB: ncclIbReceiverQpsCreateToRts: QP created: port=1 dev=0 devName=rocep1s0f1 ndevs=1 nmdevs=1 qp_num=46497 pkey=0 pd=0xefcb14041e20 oooRq=0
spark2:1:81 [0] NCCL INFO NET/IB: ncclIbReceiverQpsCreateToRts: Flush QP created: port=1 dev=0 devName=rocep1s0f1 ndevs=1 nmdevs=1 qp_num=46498 pkey=0 pd=0xefcb14041e20
spark2:1:81 [0] NCCL INFO NET/IB: ncclIbSenderQpsCreate: QP created: port=1 dev=0 devName=rocep1s0f1 ndevs=1 nmdevs=1 qp_num=46499 pkey=0 pd=0xefcb14041e20 oooRq=0
spark2:1:81 [0] NCCL INFO NET/IB: ncclIbConnectImpl: NCCL Dev 0 IbDev 0 Port 1 qp_num 46499 mtu 3 GID 4 (0/208640AFFFF0000) ctsFifoRkey=0x1a8c88 ctsFifoLkey=0x1a8c88
spark2:1:81 [0] NCCL INFO NET/IB: ncclIbConnectImpl: IbDev 0 Port 1 qp_num 46499 query_ece={supported=1, vendor_id=0x15b3, options=0x30000002, comp_mask=0x0}
spark2:1:81 [0] NCCL INFO NET/IB: ncclIbReceiverQpsCreateToRts: QP created: port=1 dev=0 devName=rocep1s0f1 ndevs=1 nmdevs=1 qp_num=46500 pkey=0 pd=0xefcb14041e20 oooRq=0
spark2:1:81 [0] NCCL INFO NET/IB: ncclIbReceiverQpsCreateToRts: Flush QP created: port=1 dev=0 devName=rocep1s0f1 ndevs=1 nmdevs=1 qp_num=46501 pkey=0 pd=0xefcb14041e20
spark2:1:81 [0] NCCL INFO NET/IB: ncclIbSenderQpsCreate: QP created: port=1 dev=0 devName=rocep1s0f1 ndevs=1 nmdevs=1 qp_num=46502 pkey=0 pd=0xefcb14041e20 oooRq=0
spark2:1:81 [0] NCCL INFO NET/IB: ncclIbConnectImpl: NCCL Dev 0 IbDev 0 Port 1 qp_num 46502 mtu 3 GID 4 (0/208640AFFFF0000) ctsFifoRkey=0x1a7370 ctsFifoLkey=0x1a7370
spark2:1:81 [0] NCCL INFO NET/IB: ncclIbConnectImpl: IbDev 0 Port 1 qp_num 46502 query_ece={supported=1, vendor_id=0x15b3, options=0x30000002, comp_mask=0x0}
spark2:1:81 [0] NCCL INFO NET/IB: ncclIbReceiverQpsCreateToRts: QP created: port=1 dev=0 devName=rocep1s0f1 ndevs=1 nmdevs=1 qp_num=46503 pkey=0 pd=0xefcb14041e20 oooRq=0
spark2:1:81 [0] NCCL INFO NET/IB: ncclIbReceiverQpsCreateToRts: Flush QP created: port=1 dev=0 devName=rocep1s0f1 ndevs=1 nmdevs=1 qp_num=46504 pkey=0 pd=0xefcb14041e20
spark2:1:81 [0] NCCL INFO NET/IB: ncclIbSenderQpsCreate: QP created: port=1 dev=0 devName=rocep1s0f1 ndevs=1 nmdevs=1 qp_num=46505 pkey=0 pd=0xefcb14041e20 oooRq=0
spark2:1:81 [0] NCCL INFO NET/IB: ncclIbConnectImpl: NCCL Dev 0 IbDev 0 Port 1 qp_num 46505 mtu 3 GID 4 (0/208640AFFFF0000) ctsFifoRkey=0x1a5b58 ctsFifoLkey=0x1a5b58
spark2:1:81 [0] NCCL INFO NET/IB: ncclIbConnectImpl: IbDev 0 Port 1 qp_num 46505 query_ece={supported=1, vendor_id=0x15b3, options=0x30000002, comp_mask=0x0}
spark2:1:81 [0] NCCL INFO NET/IB: ncclIbReceiverQpsCreateToRts: QP created: port=1 dev=0 devName=rocep1s0f1 ndevs=1 nmdevs=1 qp_num=46506 pkey=0 pd=0xefcb14041e20 oooRq=0
spark2:1:81 [0] NCCL INFO NET/IB: ncclIbReceiverQpsCreateToRts: Flush QP created: port=1 dev=0 devName=rocep1s0f1 ndevs=1 nmdevs=1 qp_num=46507 pkey=0 pd=0xefcb14041e20
spark2:1:81 [0] NCCL INFO NET/IB: ncclIbSenderQpsCreate: QP created: port=1 dev=0 devName=rocep1s0f1 ndevs=1 nmdevs=1 qp_num=46508 pkey=0 pd=0xefcb14041e20 oooRq=0
spark2:1:81 [0] NCCL INFO NET/IB: ncclIbConnectImpl: NCCL Dev 0 IbDev 0 Port 1 qp_num 46508 mtu 3 GID 4 (0/208640AFFFF0000) ctsFifoRkey=0x1a4240 ctsFifoLkey=0x1a4240
spark2:1:81 [0] NCCL INFO NET/IB: ncclIbConnectImpl: IbDev 0 Port 1 qp_num 46508 query_ece={supported=1, vendor_id=0x15b3, options=0x30000002, comp_mask=0x0}
spark2:1:81 [0] NCCL INFO NET/IB: ncclIbReceiverQpsCreateToRts: QP created: port=1 dev=0 devName=rocep1s0f1 ndevs=1 nmdevs=1 qp_num=46509 pkey=0 pd=0xefcb14041e20 oooRq=0
spark2:1:81 [0] NCCL INFO NET/IB: ncclIbReceiverQpsCreateToRts: Flush QP created: port=1 dev=0 devName=rocep1s0f1 ndevs=1 nmdevs=1 qp_num=46510 pkey=0 pd=0xefcb14041e20
spark2:1:81 [0] NCCL INFO NET/IB: ncclIbSenderQpsCreate: QP created: port=1 dev=0 devName=rocep1s0f1 ndevs=1 nmdevs=1 qp_num=46511 pkey=0 pd=0xefcb14041e20 oooRq=0
spark2:1:81 [0] NCCL INFO NET/IB: ncclIbConnectImpl: NCCL Dev 0 IbDev 0 Port 1 qp_num 46511 mtu 3 GID 4 (0/208640AFFFF0000) ctsFifoRkey=0x1b5956 ctsFifoLkey=0x1b5956
spark2:1:81 [0] NCCL INFO NET/IB: ncclIbConnectImpl: IbDev 0 Port 1 qp_num 46511 query_ece={supported=1, vendor_id=0x15b3, options=0x30000002, comp_mask=0x0}
spark2:1:81 [0] NCCL INFO NET/IB: ncclIbResiliencyInit: Resiliency is disabled on the recv communicator (comm=0xefcb17374000)
spark2:1:81 [0] NCCL INFO NET/IB: ncclIbRecvCommInit: Receive work requests will be posted on-demand
spark2:1:81 [0] NCCL INFO NET/IB: ncclIbSenderQpsToRts: Set ECE: IbDev 0 Port 1 qp_num 46496 set_ece={supported=1, vendor_id=0x15b3, options=0x30000002, comp_mask=0x0}
spark2:1:81 [0] NCCL INFO NET/IB: ncclIbSenderQpsToRts: Set ECE: IbDev 0 Port 1 qp_num 46499 set_ece={supported=1, vendor_id=0x15b3, options=0x30000002, comp_mask=0x0}
spark2:1:81 [0] NCCL INFO NET/IB: ncclIbSenderQpsToRts: Set ECE: IbDev 0 Port 1 qp_num 46502 set_ece={supported=1, vendor_id=0x15b3, options=0x30000002, comp_mask=0x0}
spark2:1:81 [0] NCCL INFO NET/IB: ncclIbSenderQpsToRts: Set ECE: IbDev 0 Port 1 qp_num 46505 set_ece={supported=1, vendor_id=0x15b3, options=0x30000002, comp_mask=0x0}
spark2:1:81 [0] NCCL INFO NET/IB: ncclIbSenderQpsToRts: Set ECE: IbDev 0 Port 1 qp_num 46508 set_ece={supported=1, vendor_id=0x15b3, options=0x30000002, comp_mask=0x0}
spark2:1:81 [0] NCCL INFO NET/IB: ncclIbSenderQpsToRts: Set ECE: IbDev 0 Port 1 qp_num 46511 set_ece={supported=1, vendor_id=0x15b3, options=0x30000002, comp_mask=0x0}
spark2:1:81 [0] NCCL INFO NET/IB: ncclIbReceiverQpsCreateToRts: QP created: port=1 dev=0 devName=rocep1s0f1 ndevs=1 nmdevs=1 qp_num=46512 pkey=0 pd=0xefcb14041e20 oooRq=0
spark2:1:81 [0] NCCL INFO NET/IB: ncclIbReceiverQpsCreateToRts: Flush QP created: port=1 dev=0 devName=rocep1s0f1 ndevs=1 nmdevs=1 qp_num=46513 pkey=0 pd=0xefcb14041e20
spark2:1:81 [0] NCCL INFO NET/IB: ncclIbResiliencyInit: Resiliency is disabled on the send communicator (comm=0xefcb17404000)
spark2:1:81 [0] NCCL INFO NET/IB: ncclIbResiliencyInit: Resiliency is disabled on the recv communicator (comm=0xefcb17445000)
spark2:1:81 [0] NCCL INFO NET/IB: ncclIbRecvCommInit: Receive work requests will be posted on-demand
spark2:1:81 [0] NCCL INFO NET/IB: ncclIbResiliencyInit: Resiliency is disabled on the send communicator (comm=0xefcb1748a000)
spark2:1:81 [0] NCCL INFO NET/IB: ncclIbResiliencyInit: Resiliency is disabled on the recv communicator (comm=0xefcb174cb000)
spark2:1:81 [0] NCCL INFO NET/IB: ncclIbRecvCommInit: Receive work requests will be posted on-demand
spark2:1:81 [0] NCCL INFO NET/IB: ncclIbResiliencyInit: Resiliency is disabled on the send communicator (comm=0xefcb17510000)
spark2:1:81 [0] NCCL INFO NET/IB: ncclIbResiliencyInit: Resiliency is disabled on the recv communicator (comm=0xefcb17551000)
spark2:1:81 [0] NCCL INFO NET/IB: ncclIbRecvCommInit: Receive work requests will be posted on-demand
spark2:1:81 [0] NCCL INFO NET/IB: ncclIbResiliencyInit: Resiliency is disabled on the send communicator (comm=0xefcb17596000)
spark2:1:81 [0] NCCL INFO NET/IB: ncclIbResiliencyInit: Resiliency is disabled on the recv communicator (comm=0xefcb175d7000)
spark2:1:81 [0] NCCL INFO NET/IB: ncclIbRecvCommInit: Receive work requests will be posted on-demand
spark2:1:81 [0] NCCL INFO NET/IB: ncclIbResiliencyInit: Resiliency is disabled on the send communicator (comm=0xefcb1761c000)
spark2:1:81 [0] NCCL INFO NET/IB: ncclIbResiliencyInit: Resiliency is disabled on the recv communicator (comm=0xefcb1765d000)
spark2:1:81 [0] NCCL INFO NET/IB: ncclIbRecvCommInit: Receive work requests will be posted on-demand
spark2:1:81 [0] NCCL INFO NET/IB: ncclIbResiliencyInit: Resiliency is disabled on the send communicator (comm=0xefcb176a5000)
spark2:1:81 [0] NCCL INFO NET/IB: ncclIbSenderQpsCreate: QP created: port=1 dev=0 devName=rocep1s0f1 ndevs=1 nmdevs=1 qp_num=46514 pkey=0 pd=0xefcb14041e20 oooRq=0
spark2:1:81 [0] NCCL INFO NET/IB: ncclIbConnectImpl: NCCL Dev 0 IbDev 0 Port 1 qp_num 46514 mtu 3 GID 4 (0/208640AFFFF0000) ctsFifoRkey=0x19b1ad ctsFifoLkey=0x19b1ad
spark2:1:81 [0] NCCL INFO NET/IB: ncclIbConnectImpl: IbDev 0 Port 1 qp_num 46514 query_ece={supported=1, vendor_id=0x15b3, options=0x30000002, comp_mask=0x0}
spark2:1:81 [0] NCCL INFO NET/IB: ncclIbReceiverQpsCreateToRts: QP created: port=1 dev=0 devName=rocep1s0f1 ndevs=1 nmdevs=1 qp_num=46515 pkey=0 pd=0xefcb14041e20 oooRq=0
spark2:1:81 [0] NCCL INFO NET/IB: ncclIbReceiverQpsCreateToRts: Flush QP created: port=1 dev=0 devName=rocep1s0f1 ndevs=1 nmdevs=1 qp_num=46516 pkey=0 pd=0xefcb14041e20
spark2:1:81 [0] NCCL INFO NET/IB: ncclIbSenderQpsCreate: QP created: port=1 dev=0 devName=rocep1s0f1 ndevs=1 nmdevs=1 qp_num=46517 pkey=0 pd=0xefcb14041e20 oooRq=0
spark2:1:81 [0] NCCL INFO NET/IB: ncclIbConnectImpl: NCCL Dev 0 IbDev 0 Port 1 qp_num 46517 mtu 3 GID 4 (0/208640AFFFF0000) ctsFifoRkey=0x1b413f ctsFifoLkey=0x1b413f
spark2:1:81 [0] NCCL INFO NET/IB: ncclIbConnectImpl: IbDev 0 Port 1 qp_num 46517 query_ece={supported=1, vendor_id=0x15b3, options=0x30000002, comp_mask=0x0}
spark2:1:81 [0] NCCL INFO NET/IB: ncclIbReceiverQpsCreateToRts: QP created: port=1 dev=0 devName=rocep1s0f1 ndevs=1 nmdevs=1 qp_num=46518 pkey=0 pd=0xefcb14041e20 oooRq=0
spark2:1:81 [0] NCCL INFO NET/IB: ncclIbReceiverQpsCreateToRts: Flush QP created: port=1 dev=0 devName=rocep1s0f1 ndevs=1 nmdevs=1 qp_num=46519 pkey=0 pd=0xefcb14041e20
spark2:1:81 [0] NCCL INFO NET/IB: ncclIbSenderQpsCreate: QP created: port=1 dev=0 devName=rocep1s0f1 ndevs=1 nmdevs=1 qp_num=46520 pkey=0 pd=0xefcb14041e20 oooRq=0
spark2:1:81 [0] NCCL INFO NET/IB: ncclIbConnectImpl: NCCL Dev 0 IbDev 0 Port 1 qp_num 46520 mtu 3 GID 4 (0/208640AFFFF0000) ctsFifoRkey=0x1b2623 ctsFifoLkey=0x1b2623
spark2:1:81 [0] NCCL INFO NET/IB: ncclIbConnectImpl: IbDev 0 Port 1 qp_num 46520 query_ece={supported=1, vendor_id=0x15b3, options=0x30000002, comp_mask=0x0}
spark2:1:81 [0] NCCL INFO NET/IB: ncclIbReceiverQpsCreateToRts: QP created: port=1 dev=0 devName=rocep1s0f1 ndevs=1 nmdevs=1 qp_num=46521 pkey=0 pd=0xefcb14041e20 oooRq=0
spark2:1:81 [0] NCCL INFO NET/IB: ncclIbReceiverQpsCreateToRts: Flush QP created: port=1 dev=0 devName=rocep1s0f1 ndevs=1 nmdevs=1 qp_num=46522 pkey=0 pd=0xefcb14041e20
spark2:1:81 [0] NCCL INFO NET/IB: ncclIbSenderQpsCreate: QP created: port=1 dev=0 devName=rocep1s0f1 ndevs=1 nmdevs=1 qp_num=46523 pkey=0 pd=0xefcb14041e20 oooRq=0
spark2:1:81 [0] NCCL INFO NET/IB: ncclIbConnectImpl: NCCL Dev 0 IbDev 0 Port 1 qp_num 46523 mtu 3 GID 4 (0/208640AFFFF0000) ctsFifoRkey=0x1b2a27 ctsFifoLkey=0x1b2a27
spark2:1:81 [0] NCCL INFO NET/IB: ncclIbConnectImpl: IbDev 0 Port 1 qp_num 46523 query_ece={supported=1, vendor_id=0x15b3, options=0x30000002, comp_mask=0x0}
spark2:1:81 [0] NCCL INFO NET/IB: ncclIbReceiverQpsCreateToRts: QP created: port=1 dev=0 devName=rocep1s0f1 ndevs=1 nmdevs=1 qp_num=46524 pkey=0 pd=0xefcb14041e20 oooRq=0
spark2:1:81 [0] NCCL INFO NET/IB: ncclIbReceiverQpsCreateToRts: Flush QP created: port=1 dev=0 devName=rocep1s0f1 ndevs=1 nmdevs=1 qp_num=46525 pkey=0 pd=0xefcb14041e20
spark2:1:81 [0] NCCL INFO NET/IB: ncclIbSenderQpsCreate: QP created: port=1 dev=0 devName=rocep1s0f1 ndevs=1 nmdevs=1 qp_num=46526 pkey=0 pd=0xefcb14041e20 oooRq=0
spark2:1:81 [0] NCCL INFO NET/IB: ncclIbConnectImpl: NCCL Dev 0 IbDev 0 Port 1 qp_num 46526 mtu 3 GID 4 (0/208640AFFFF0000) ctsFifoRkey=0x199696 ctsFifoLkey=0x199696
spark2:1:81 [0] NCCL INFO NET/IB: ncclIbConnectImpl: IbDev 0 Port 1 qp_num 46526 query_ece={supported=1, vendor_id=0x15b3, options=0x30000002, comp_mask=0x0}
spark2:1:81 [0] NCCL INFO NET/IB: ncclIbReceiverQpsCreateToRts: QP created: port=1 dev=0 devName=rocep1s0f1 ndevs=1 nmdevs=1 qp_num=46527 pkey=0 pd=0xefcb14041e20 oooRq=0
spark2:1:81 [0] NCCL INFO NET/IB: ncclIbReceiverQpsCreateToRts: Flush QP created: port=1 dev=0 devName=rocep1s0f1 ndevs=1 nmdevs=1 qp_num=46528 pkey=0 pd=0xefcb14041e20
spark2:1:81 [0] NCCL INFO NET/IB: ncclIbSenderQpsCreate: QP created: port=1 dev=0 devName=rocep1s0f1 ndevs=1 nmdevs=1 qp_num=46529 pkey=0 pd=0xefcb14041e20 oooRq=0
spark2:1:81 [0] NCCL INFO NET/IB: ncclIbConnectImpl: NCCL Dev 0 IbDev 0 Port 1 qp_num 46529 mtu 3 GID 4 (0/208640AFFFF0000) ctsFifoRkey=0x1a1d19 ctsFifoLkey=0x1a1d19
spark2:1:81 [0] NCCL INFO NET/IB: ncclIbConnectImpl: IbDev 0 Port 1 qp_num 46529 query_ece={supported=1, vendor_id=0x15b3, options=0x30000002, comp_mask=0x0}
spark2:1:81 [0] NCCL INFO NET/IB: ncclIbResiliencyInit: Resiliency is disabled on the recv communicator (comm=0xefcb179a6000)
spark2:1:81 [0] NCCL INFO NET/IB: ncclIbRecvCommInit: Receive work requests will be posted on-demand
spark2:1:81 [0] NCCL INFO NET/IB: ncclIbSenderQpsToRts: Set ECE: IbDev 0 Port 1 qp_num 46514 set_ece={supported=1, vendor_id=0x15b3, options=0x30000002, comp_mask=0x0}
spark2:1:81 [0] NCCL INFO NET/IB: ncclIbSenderQpsToRts: Set ECE: IbDev 0 Port 1 qp_num 46517 set_ece={supported=1, vendor_id=0x15b3, options=0x30000002, comp_mask=0x0}
spark2:1:81 [0] NCCL INFO NET/IB: ncclIbSenderQpsToRts: Set ECE: IbDev 0 Port 1 qp_num 46520 set_ece={supported=1, vendor_id=0x15b3, options=0x30000002, comp_mask=0x0}
spark2:1:81 [0] NCCL INFO NET/IB: ncclIbSenderQpsToRts: Set ECE: IbDev 0 Port 1 qp_num 46523 set_ece={supported=1, vendor_id=0x15b3, options=0x30000002, comp_mask=0x0}
spark2:1:81 [0] NCCL INFO NET/IB: ncclIbSenderQpsToRts: Set ECE: IbDev 0 Port 1 qp_num 46526 set_ece={supported=1, vendor_id=0x15b3, options=0x30000002, comp_mask=0x0}
spark2:1:81 [0] NCCL INFO NET/IB: ncclIbSenderQpsToRts: Set ECE: IbDev 0 Port 1 qp_num 46529 set_ece={supported=1, vendor_id=0x15b3, options=0x30000002, comp_mask=0x0}
spark2:1:81 [0] NCCL INFO NET/IB: ncclIbReceiverQpsCreateToRts: QP created: port=1 dev=0 devName=rocep1s0f1 ndevs=1 nmdevs=1 qp_num=46530 pkey=0 pd=0xefcb14041e20 oooRq=0
spark2:1:81 [0] NCCL INFO NET/IB: ncclIbReceiverQpsCreateToRts: Flush QP created: port=1 dev=0 devName=rocep1s0f1 ndevs=1 nmdevs=1 qp_num=46531 pkey=0 pd=0xefcb14041e20
spark2:1:81 [0] NCCL INFO NET/IB: ncclIbResiliencyInit: Resiliency is disabled on the send communicator (comm=0xefcb17a36000)
spark2:1:81 [0] NCCL INFO NET/IB: ncclIbResiliencyInit: Resiliency is disabled on the recv communicator (comm=0xefcb17a77000)
spark2:1:81 [0] NCCL INFO NET/IB: ncclIbRecvCommInit: Receive work requests will be posted on-demand
spark2:1:81 [0] NCCL INFO NET/IB: ncclIbResiliencyInit: Resiliency is disabled on the send communicator (comm=0xefcb17abc000)
spark2:1:81 [0] NCCL INFO NET/IB: ncclIbResiliencyInit: Resiliency is disabled on the recv communicator (comm=0xefcb17afd000)
spark2:1:81 [0] NCCL INFO NET/IB: ncclIbRecvCommInit: Receive work requests will be posted on-demand
spark2:1:81 [0] NCCL INFO NET/IB: ncclIbResiliencyInit: Resiliency is disabled on the send communicator (comm=0xefcb17b42000)
spark2:1:81 [0] NCCL INFO NET/IB: ncclIbReceiverQpsCreateToRts: QP created: port=1 dev=0 devName=rocep1s0f1 ndevs=1 nmdevs=1 qp_num=46532 pkey=0 pd=0xefcb14041e20 oooRq=0
spark2:1:81 [0] NCCL INFO NET/IB: ncclIbReceiverQpsCreateToRts: Flush QP created: port=1 dev=0 devName=rocep1s0f1 ndevs=1 nmdevs=1 qp_num=46533 pkey=0 pd=0xefcb14041e20
spark2:1:81 [0] NCCL INFO NET/IB: ncclIbSenderQpsCreate: QP created: port=1 dev=0 devName=rocep1s0f1 ndevs=1 nmdevs=1 qp_num=46534 pkey=0 pd=0xefcb14041e20 oooRq=0
spark2:1:81 [0] NCCL INFO NET/IB: ncclIbConnectImpl: NCCL Dev 0 IbDev 0 Port 1 qp_num 46534 mtu 3 GID 4 (0/208640AFFFF0000) ctsFifoRkey=0x19817e ctsFifoLkey=0x19817e
spark2:1:81 [0] NCCL INFO NET/IB: ncclIbConnectImpl: IbDev 0 Port 1 qp_num 46534 query_ece={supported=1, vendor_id=0x15b3, options=0x30000002, comp_mask=0x0}
spark2:1:81 [0] NCCL INFO NET/IB: ncclIbReceiverQpsCreateToRts: QP created: port=1 dev=0 devName=rocep1s0f1 ndevs=1 nmdevs=1 qp_num=46535 pkey=0 pd=0xefcb14041e20 oooRq=0
spark2:1:81 [0] NCCL INFO NET/IB: ncclIbReceiverQpsCreateToRts: Flush QP created: port=1 dev=0 devName=rocep1s0f1 ndevs=1 nmdevs=1 qp_num=46536 pkey=0 pd=0xefcb14041e20
spark2:1:81 [0] NCCL INFO NET/IB: ncclIbSenderQpsCreate: QP created: port=1 dev=0 devName=rocep1s0f1 ndevs=1 nmdevs=1 qp_num=46537 pkey=0 pd=0xefcb14041e20 oooRq=0
spark2:1:81 [0] NCCL INFO NET/IB: ncclIbConnectImpl: NCCL Dev 0 IbDev 0 Port 1 qp_num 46537 mtu 3 GID 4 (0/208640AFFFF0000) ctsFifoRkey=0x1b0603 ctsFifoLkey=0x1b0603
spark2:1:81 [0] NCCL INFO NET/IB: ncclIbConnectImpl: IbDev 0 Port 1 qp_num 46537 query_ece={supported=1, vendor_id=0x15b3, options=0x30000002, comp_mask=0x0}
spark2:1:81 [0] NCCL INFO NET/IB: ncclIbResiliencyInit: Resiliency is disabled on the recv communicator (comm=0xefcb17c7b000)
spark2:1:81 [0] NCCL INFO NET/IB: ncclIbRecvCommInit: Receive work requests will be posted on-demand
spark2:1:81 [0] NCCL INFO NET/IB: ncclIbSenderQpsCreate: QP created: port=1 dev=0 devName=rocep1s0f1 ndevs=1 nmdevs=1 qp_num=46538 pkey=0 pd=0xefcb14041e20 oooRq=0
spark2:1:81 [0] NCCL INFO NET/IB: ncclIbConnectImpl: NCCL Dev 0 IbDev 0 Port 1 qp_num 46538 mtu 3 GID 4 (0/208640AFFFF0000) ctsFifoRkey=0x1af9f7 ctsFifoLkey=0x1af9f7
spark2:1:81 [0] NCCL INFO NET/IB: ncclIbConnectImpl: IbDev 0 Port 1 qp_num 46538 query_ece={supported=1, vendor_id=0x15b3, options=0x30000002, comp_mask=0x0}
spark2:1:81 [0] NCCL INFO NET/IB: ncclIbSenderQpsToRts: Set ECE: IbDev 0 Port 1 qp_num 46534 set_ece={supported=1, vendor_id=0x15b3, options=0x30000002, comp_mask=0x0}
spark2:1:81 [0] NCCL INFO NET/IB: ncclIbSenderQpsToRts: Set ECE: IbDev 0 Port 1 qp_num 46537 set_ece={supported=1, vendor_id=0x15b3, options=0x30000002, comp_mask=0x0}
spark2:1:81 [0] NCCL INFO NET/IB: ncclIbReceiverQpsCreateToRts: QP created: port=1 dev=0 devName=rocep1s0f1 ndevs=1 nmdevs=1 qp_num=46539 pkey=0 pd=0xefcb14041e20 oooRq=0
spark2:1:81 [0] NCCL INFO NET/IB: ncclIbReceiverQpsCreateToRts: Flush QP created: port=1 dev=0 devName=rocep1s0f1 ndevs=1 nmdevs=1 qp_num=46540 pkey=0 pd=0xefcb14041e20
spark2:1:81 [0] NCCL INFO NET/IB: ncclIbResiliencyInit: Resiliency is disabled on the send communicator (comm=0xefcb17d3d000)
spark2:1:81 [0] NCCL INFO NET/IB: ncclIbSenderQpsToRts: Set ECE: IbDev 0 Port 1 qp_num 46538 set_ece={supported=1, vendor_id=0x15b3, options=0x30000002, comp_mask=0x0}
spark2:1:81 [0] NCCL INFO NET/IB: ncclIbSenderQpsCreate: QP created: port=1 dev=0 devName=rocep1s0f1 ndevs=1 nmdevs=1 qp_num=46541 pkey=0 pd=0xefcb14041e20 oooRq=0
spark2:1:81 [0] NCCL INFO NET/IB: ncclIbConnectImpl: NCCL Dev 0 IbDev 0 Port 1 qp_num 46541 mtu 3 GID 4 (0/208640AFFFF0000) ctsFifoRkey=0x1a0904 ctsFifoLkey=0x1a0904
spark2:1:81 [0] NCCL INFO NET/IB: ncclIbConnectImpl: IbDev 0 Port 1 qp_num 46541 query_ece={supported=1, vendor_id=0x15b3, options=0x30000002, comp_mask=0x0}
spark2:1:81 [0] NCCL INFO NET/IB: ncclIbResiliencyInit: Resiliency is disabled on the recv communicator (comm=0xefcb17dac000)
spark2:1:81 [0] NCCL INFO NET/IB: ncclIbRecvCommInit: Receive work requests will be posted on-demand
spark2:1:81 [0] NCCL INFO NET/IB: ncclIbResiliencyInit: Resiliency is disabled on the send communicator (comm=0xefcb17df4000)
spark2:1:81 [0] NCCL INFO NET/IB: ncclIbResiliencyInit: Resiliency is disabled on the recv communicator (comm=0xefcb17e38000)
spark2:1:81 [0] NCCL INFO NET/IB: ncclIbRecvCommInit: Receive work requests will be posted on-demand
spark2:1:81 [0] NCCL INFO NET/IB: ncclIbResiliencyInit: Resiliency is disabled on the send communicator (comm=0xefcb17e80000)
spark2:1:81 [0] NCCL INFO NET/IB: ncclIbResiliencyInit: Resiliency is disabled on the recv communicator (comm=0xefcb17ec4000)
spark2:1:81 [0] NCCL INFO NET/IB: ncclIbRecvCommInit: Receive work requests will be posted on-demand
spark2:1:81 [0] NCCL INFO NET/IB: ncclIbResiliencyInit: Resiliency is disabled on the send communicator (comm=0xefcb17f0c000)
spark2:1:81 [0] NCCL INFO NET/IB: ncclIbResiliencyInit: Resiliency is disabled on the recv communicator (comm=0xefcb17f50000)
spark2:1:81 [0] NCCL INFO NET/IB: ncclIbRecvCommInit: Receive work requests will be posted on-demand
spark2:1:81 [0] NCCL INFO NET/IB: ncclIbResiliencyInit: Resiliency is disabled on the send communicator (comm=0xefcb17f98000)
spark2:1:81 [0] NCCL INFO NET/IB: ncclIbResiliencyInit: Resiliency is disabled on the recv communicator (comm=0xefcb08001000)
spark2:1:81 [0] NCCL INFO NET/IB: ncclIbRecvCommInit: Receive work requests will be posted on-demand
spark2:1:81 [0] NCCL INFO NET/IB: ncclIbSenderQpsToRts: Set ECE: IbDev 0 Port 1 qp_num 46541 set_ece={supported=1, vendor_id=0x15b3, options=0x30000002, comp_mask=0x0}
spark2:1:81 [0] NCCL INFO NET/IB: ncclIbReceiverQpsCreateToRts: QP created: port=1 dev=0 devName=rocep1s0f1 ndevs=1 nmdevs=1 qp_num=46542 pkey=0 pd=0xefcb14041e20 oooRq=0
spark2:1:81 [0] NCCL INFO NET/IB: ncclIbReceiverQpsCreateToRts: Flush QP created: port=1 dev=0 devName=rocep1s0f1 ndevs=1 nmdevs=1 qp_num=46543 pkey=0 pd=0xefcb14041e20
spark2:1:81 [0] NCCL INFO NET/IB: ncclIbSenderQpsCreate: QP created: port=1 dev=0 devName=rocep1s0f1 ndevs=1 nmdevs=1 qp_num=46544 pkey=0 pd=0xefcb14041e20 oooRq=0
spark2:1:81 [0] NCCL INFO NET/IB: ncclIbConnectImpl: NCCL Dev 0 IbDev 0 Port 1 qp_num 46544 mtu 3 GID 4 (0/208640AFFFF0000) ctsFifoRkey=0x195d5c ctsFifoLkey=0x195d5c
spark2:1:81 [0] NCCL INFO NET/IB: ncclIbConnectImpl: IbDev 0 Port 1 qp_num 46544 query_ece={supported=1, vendor_id=0x15b3, options=0x30000002, comp_mask=0x0}
spark2:1:81 [0] NCCL INFO NET/IB: ncclIbReceiverQpsCreateToRts: QP created: port=1 dev=0 devName=rocep1s0f1 ndevs=1 nmdevs=1 qp_num=46545 pkey=0 pd=0xefcb14041e20 oooRq=0
spark2:1:81 [0] NCCL INFO NET/IB: ncclIbReceiverQpsCreateToRts: Flush QP created: port=1 dev=0 devName=rocep1s0f1 ndevs=1 nmdevs=1 qp_num=46546 pkey=0 pd=0xefcb14041e20
spark2:1:81 [0] NCCL INFO NET/IB: ncclIbSenderQpsCreate: QP created: port=1 dev=0 devName=rocep1s0f1 ndevs=1 nmdevs=1 qp_num=46547 pkey=0 pd=0xefcb14041e20 oooRq=0
spark2:1:81 [0] NCCL INFO NET/IB: ncclIbConnectImpl: NCCL Dev 0 IbDev 0 Port 1 qp_num 46547 mtu 3 GID 4 (0/208640AFFFF0000) ctsFifoRkey=0x1af6f3 ctsFifoLkey=0x1af6f3
spark2:1:81 [0] NCCL INFO NET/IB: ncclIbConnectImpl: IbDev 0 Port 1 qp_num 46547 query_ece={supported=1, vendor_id=0x15b3, options=0x30000002, comp_mask=0x0}
spark2:1:81 [0] NCCL INFO NET/IB: ncclIbReceiverQpsCreateToRts: QP created: port=1 dev=0 devName=rocep1s0f1 ndevs=1 nmdevs=1 qp_num=46548 pkey=0 pd=0xefcb14041e20 oooRq=0
spark2:1:81 [0] NCCL INFO NET/IB: ncclIbReceiverQpsCreateToRts: Flush QP created: port=1 dev=0 devName=rocep1s0f1 ndevs=1 nmdevs=1 qp_num=46549 pkey=0 pd=0xefcb14041e20
spark2:1:81 [0] NCCL INFO NET/IB: ncclIbSenderQpsCreate: QP created: port=1 dev=0 devName=rocep1s0f1 ndevs=1 nmdevs=1 qp_num=46550 pkey=0 pd=0xefcb14041e20 oooRq=0
spark2:1:81 [0] NCCL INFO NET/IB: ncclIbConnectImpl: NCCL Dev 0 IbDev 0 Port 1 qp_num 46550 mtu 3 GID 4 (0/208640AFFFF0000) ctsFifoRkey=0x193936 ctsFifoLkey=0x193936
spark2:1:81 [0] NCCL INFO NET/IB: ncclIbConnectImpl: IbDev 0 Port 1 qp_num 46550 query_ece={supported=1, vendor_id=0x15b3, options=0x30000002, comp_mask=0x0}
spark2:1:81 [0] NCCL INFO NET/IB: ncclIbReceiverQpsCreateToRts: QP created: port=1 dev=0 devName=rocep1s0f1 ndevs=1 nmdevs=1 qp_num=46551 pkey=0 pd=0xefcb14041e20 oooRq=0
spark2:1:81 [0] NCCL INFO NET/IB: ncclIbReceiverQpsCreateToRts: Flush QP created: port=1 dev=0 devName=rocep1s0f1 ndevs=1 nmdevs=1 qp_num=46552 pkey=0 pd=0xefcb14041e20
spark2:1:81 [0] NCCL INFO NET/IB: ncclIbSenderQpsCreate: QP created: port=1 dev=0 devName=rocep1s0f1 ndevs=1 nmdevs=1 qp_num=46553 pkey=0 pd=0xefcb14041e20 oooRq=0
spark2:1:81 [0] NCCL INFO NET/IB: ncclIbConnectImpl: NCCL Dev 0 IbDev 0 Port 1 qp_num 46553 mtu 3 GID 4 (0/208640AFFFF0000) ctsFifoRkey=0x1db01d ctsFifoLkey=0x1db01d
spark2:1:81 [0] NCCL INFO NET/IB: ncclIbConnectImpl: IbDev 0 Port 1 qp_num 46553 query_ece={supported=1, vendor_id=0x15b3, options=0x30000002, comp_mask=0x0}
spark2:1:81 [0] NCCL INFO NET/IB: ncclIbReceiverQpsCreateToRts: QP created: port=1 dev=0 devName=rocep1s0f1 ndevs=1 nmdevs=1 qp_num=46554 pkey=0 pd=0xefcb14041e20 oooRq=0
spark2:1:81 [0] NCCL INFO NET/IB: ncclIbReceiverQpsCreateToRts: Flush QP created: port=1 dev=0 devName=rocep1s0f1 ndevs=1 nmdevs=1 qp_num=46555 pkey=0 pd=0xefcb14041e20
spark2:1:81 [0] NCCL INFO NET/IB: ncclIbSenderQpsToRts: Set ECE: IbDev 0 Port 1 qp_num 46544 set_ece={supported=1, vendor_id=0x15b3, options=0x30000002, comp_mask=0x0}
spark2:1:81 [0] NCCL INFO NET/IB: ncclIbSenderQpsToRts: Set ECE: IbDev 0 Port 1 qp_num 46547 set_ece={supported=1, vendor_id=0x15b3, options=0x30000002, comp_mask=0x0}
spark2:1:81 [0] NCCL INFO NET/IB: ncclIbSenderQpsToRts: Set ECE: IbDev 0 Port 1 qp_num 46550 set_ece={supported=1, vendor_id=0x15b3, options=0x30000002, comp_mask=0x0}
spark2:1:81 [0] NCCL INFO NET/IB: ncclIbSenderQpsToRts: Set ECE: IbDev 0 Port 1 qp_num 46553 set_ece={supported=1, vendor_id=0x15b3, options=0x30000002, comp_mask=0x0}
spark2:1:1 [0] NCCL INFO Connected all rings, use ring PXN 0 GDR 0
spark2:1:1 [0] NCCL INFO Connected all trees
spark2:1:1 [0] NCCL INFO Connected binomial trees
spark2:1:1 [0] NCCL INFO ncclOsDlopen(libnccl-tuner.so) failed: libnccl-tuner.so: cannot open shared object file: No such file or directory
spark2:1:1 [0] NCCL INFO TUNER/Plugin: Could not find: libnccl-tuner.so
spark2:1:1 [0] NCCL INFO threadThresholds 8/8/64 | 16/8/64 | 512 | 512
spark2:1:1 [0] NCCL INFO 64 coll channels, 64 collnet channels, 0 nvls channels, 64 p2p channels, 1 p2p channels per peer
spark2:1:1 [0] NCCL INFO Symmetric memory is not supported. cuMemEnable 0, globalGinSupport 0, cuMemGdrSupport 0
spark2:1:1 [0] NCCL INFO ncclCommInitRankConfig comm 0x494f4440 rank 1 nranks 2 cudaDev 0 nvmlDev 0 busId f01000 commId 0x2c718f10a0ab986d - Init COMPLETE
spark2:1:1 [0] NCCL INFO Init timings - ncclCommInitRankConfig: rank 1 nranks 2 total 1.81 (kernels 0.17, alloc 0.05, bootstrap 0.03, allgathers 0.00, topo 0.01, graphs 0.00, connections 1.56, rest 0.00)
