dsv41-indexer-workspace: already applied
[dsv41-drop-page-cache] armed (fadvise DONTNEED on shards after weight load)
[dsv41-prefill-empty-cache] armed (threshold 8192 tokens, release when MemAvailable < 2.5 GiB)
dsv41: g8 stream feed installed
dsv41: DSpark sparse Markov (gathered top-k) k=256
WARNING 09-25 00:33:34 [envs.py:2282] Unknown vLLM environment variable detected: VLLM_EXL3_MOE_KERNEL
INFO 09-25 00:33:40 [model.py:692] Resolved architecture: DeepseekV41ForCausalLM
INFO 09-25 00:33:40 [model.py:2034] Using max model len 1048576
INFO 09-25 00:33:41 [cache.py:348] Using fp8 data type to store kv cache. It reduces the GPU memory footprint and boosts the performance. Meanwhile, it may cause accuracy drop without a proper scaling factor
INFO 09-25 00:33:41 [arg_utils.py:2232] Inferred data_parallel_rank 0 from node_rank 1
INFO 09-25 00:33:41 [model.py:692] Resolved architecture: DeepseekV41ForCausalLM
INFO 09-25 00:33:41 [model.py:2034] Using max model len 1048576
INFO 09-25 00:33:48 [scheduler.py:277] Chunked prefill is enabled with max_num_batched_tokens=8192.
INFO 09-25 00:33:48 [kernel.py:373] Final IR op priority after setting platform defaults: IrOpPriorityConfig(rms_norm=['vllm_c', 'native'], fused_add_rms_norm=['vllm_c', 'native'])
WARNING 09-25 00:33:48 [cuda.py:336] Forcing --disable_chunked_mm_input for models with multimodal-bidirectional attention.
INFO 09-25 00:33:49 [compilation.py:329] Enabled custom fusions: norm_quant, act_quant
INFO 09-25 00:33:49 [serve.py:217] Launching vLLM (v0.1.dev20904+g179dd0fa9) headless multiproc executor, with head node address 10.100.8.1:29524 for torch.distributed process group.
dsv41-indexer-workspace: already applied
dsv41-indexer-workspace: already applied
[dsv41-drop-page-cache] armed (fadvise DONTNEED on shards after weight load)
[dsv41-prefill-empty-cache] armed (threshold 8192 tokens, release when MemAvailable < 2.5 GiB)
dsv41: g8 stream feed already present
dsv41: DSpark sparse Markov (gathered top-k) k=256
[dsv41-drop-page-cache] armed (fadvise DONTNEED on shards after weight load)
[dsv41-prefill-empty-cache] armed (threshold 8192 tokens, release when MemAvailable < 2.5 GiB)
dsv41: g8 stream feed already present
dsv41: DSpark sparse Markov (gathered top-k) k=256
(Worker pid=462) INFO 09-25 00:33:54 [parallel_state.py:1817] world_size=2 rank=1 local_rank=0 distributed_init_method=tcp://10.100.8.1:29524 backend=nccl
(Worker pid=462) WARNING 09-25 00:34:41 [symm_mem.py:67] SymmMemCommunicator: Device capability 12.1 not supported, communicator is not available.
(Worker pid=462) WARNING 09-25 00:34:41 [flashinfer_all_reduce.py:383] FlashInfer All Reduce is disabled because it is not supported for world_size=2.
(Worker pid=462) WARNING 09-25 00:34:41 [custom_all_reduce.py:201] Custom collectives are disabled because this multi-node group does not have MNNVL-capable GPUs on every rank.
(Worker pid=462) INFO 09-25 00:34:42 [parallel_state.py:2234] rank 1 in world size 2 is assigned as DP rank 0, PP rank 0, PCP rank 0, TP rank 1, EP rank 1, EPLB rank N/A
(Worker pid=462) INFO 09-25 00:34:42 [gpu_worker.py:436] Using V2 Model Runner
(Worker_TP1 pid=462) INFO 09-25 00:34:42 [model_runner.py:383] Loading model from scratch...
(Worker_TP1 pid=462) INFO 09-25 00:34:42 [cuda.py:581] Using backend AttentionBackendEnum.FLASH_ATTN for vit attention
(Worker_TP1 pid=462) INFO 09-25 00:34:42 [mm_encoder_attention.py:372] Using AttentionBackendEnum.FLASH_ATTN for MMEncoderAttention.
(Worker_TP1 pid=462) INFO 09-25 00:34:42 [quant_config.py:79] DeepSeek V4 expert_dtype resolved to 'fp4'
(Worker_TP1 pid=462) INFO 09-25 00:34:42 [__init__.py:889] Using FlashInferCutlassMxfp8LinearKernel for MXFP8 GEMM
(Worker_TP1 pid=462) INFO 09-25 00:34:42 [attention.py:140] Using DeepSeek's fp8_ds_mla KV cache format.
(Worker_TP1 pid=462) INFO 09-25 00:34:43 [attention.py:1062] Using FP8 indexer cache for Lightning Indexer.
(Worker_TP1 pid=462) INFO 09-25 00:34:47 [engram.py:442] Built engram token map (129280 -> 99092 ids) for layers (1, 14)
(Worker_TP1 pid=462) WARNING 09-25 00:34:47 [compilation.py:1354] Op 'quant_fp8' not present in model, enabling with '+quant_fp8' has no effect
dsv41-patch skip g8_load_tracer: DSV41_LOAD_PF_G8 is not 1
dsv41-patch ok prefer_b12x_mxfp8
dsv41-patch skip mla_tile32_workspace: image kernel has no DSV4_CAND_WINDOW = 32
dsv41-patch ok persistent_topk: already applied
dsv41-patch ok kpool_persistent_topk: already applied
dsv41-patch ok load_general_plugins
dsv41-patch ok exl3_weight_block_size
dsv41-patch ok warmup_stubs
dsv41-patch skip cudagraph_worker_stub: DSV41_ALLOW_CUDA_GRAPHS=1
dsv41-patch ok swa_page_coerce
dsv41-patch ok kernel_block_sizes
dsv41-patch ok extra_page_bump
dsv41-patch ok v41_config_vision
dsv41-patch ok swa_image_width: already applied
dsv41-patch ok attention_image_width: already applied
dsv41-patch ok native_indexer_decode: already applied
dsv41-patch ok indexer_adaptive: already applied
dsv41-patch ok indexer_short_context: already applied
dsv41-patch skip dspark_markov_scale: DSV41_DSPARK_MARKOV_SCALE=1
dsv41-patch skip step_census: DSV41_STEP_CENSUS is not 1
dsv41-patch skip mhc_decode_splits: DSV41_MHC_DECODE_SPLITS=0: this block only collapses at =1 (N >= 2 is decode_levers)
dsv41-patch skip engram_row_cache: DSV41_ENGRAM_CACHE is not 1
dsv41-patch skip mhc_no_deepgemm: DSV41_MHC_NO_DEEPGEMM is not 1
dsv41-patch ok decode_levers
dsv41-patch skip g8_load_tracer: DSV41_LOAD_PF_G8 is not 1
dsv41-patch skip g8_load_tracer: DSV41_LOAD_PF_G8 is not 1
dsv41-patch ok prefer_b12x_mxfp8
dsv41-patch ok prefer_b12x_mxfp8
dsv41-patch skip mla_tile32_workspace: image kernel has no DSV4_CAND_WINDOW = 32
dsv41-patch skip mla_tile32_workspace: image kernel has no DSV4_CAND_WINDOW = 32
dsv41-patch ok persistent_topk: already applied
dsv41-patch ok kpool_persistent_topk: already applied
dsv41-patch ok persistent_topk: already applied
dsv41-patch ok kpool_persistent_topk: already applied
dsv41-patch ok load_general_plugins
dsv41-patch ok exl3_weight_block_size
dsv41-patch ok load_general_plugins
dsv41-patch ok exl3_weight_block_size
dsv41-patch ok warmup_stubs
dsv41-patch skip cudagraph_worker_stub: DSV41_ALLOW_CUDA_GRAPHS=1
dsv41-patch ok swa_page_coerce
dsv41-patch ok kernel_block_sizes
dsv41-patch ok extra_page_bump
dsv41-patch ok v41_config_vision
dsv41-patch ok swa_image_width: already applied
dsv41-patch ok attention_image_width: already applied
dsv41-patch ok native_indexer_decode: already applied
dsv41-patch ok indexer_adaptive: already applied
dsv41-patch ok indexer_short_context: already applied
dsv41-patch skip dspark_markov_scale: DSV41_DSPARK_MARKOV_SCALE=1
dsv41-patch skip step_census: DSV41_STEP_CENSUS is not 1
dsv41-patch skip mhc_decode_splits: DSV41_MHC_DECODE_SPLITS=0: this block only collapses at =1 (N >= 2 is decode_levers)
dsv41-patch skip engram_row_cache: DSV41_ENGRAM_CACHE is not 1
dsv41-patch skip mhc_no_deepgemm: DSV41_MHC_NO_DEEPGEMM is not 1
dsv41-patch ok decode_levers
dsv41-patch ok warmup_stubs
dsv41-patch skip cudagraph_worker_stub: DSV41_ALLOW_CUDA_GRAPHS=1
dsv41-patch ok swa_page_coerce
dsv41-patch ok kernel_block_sizes
dsv41-patch ok extra_page_bump
dsv41-patch ok v41_config_vision
dsv41-patch ok swa_image_width: already applied
dsv41-patch ok attention_image_width: already applied
dsv41-patch ok native_indexer_decode: already applied
dsv41-patch ok indexer_adaptive: already applied
dsv41-patch ok indexer_short_context: already applied
dsv41-patch skip dspark_markov_scale: DSV41_DSPARK_MARKOV_SCALE=1
dsv41-patch skip step_census: DSV41_STEP_CENSUS is not 1
dsv41-patch skip mhc_decode_splits: DSV41_MHC_DECODE_SPLITS=0: this block only collapses at =1 (N >= 2 is decode_levers)
dsv41-patch skip engram_row_cache: DSV41_ENGRAM_CACHE is not 1
dsv41-patch skip mhc_no_deepgemm: DSV41_MHC_NO_DEEPGEMM is not 1
dsv41-patch ok decode_levers
[W925 00:34:04.541730519 socket.cpp:207] [c10d] The hostname of the client socket cannot be retrieved. err=-3
(Worker_TP1 pid=462) INFO 09-25 00:34:47 [weight_utils.py:863] Filesystem type for checkpoints: EXT4. Checkpoint size: 333.51 GiB. Available RAM: 39.84 GiB.
(Worker_TP1 pid=462) INFO 09-25 00:34:47 [weight_utils.py:893] Auto-prefetch is disabled because the filesystem (EXT4) is not a recognized network FS (NFS/Lustre) and the checkpoint size (333.51 GiB) exceeds 90% of available RAM (39.84 GiB).
(Worker_TP1 pid=462) INFO 09-25 00:37:18 [default_loader.py:430] Loading weights took 151.15 seconds
(Worker_TP1 pid=462) INFO 09-25 00:37:18 [__init__.py:889] Using EmulationMxfp8LinearKernel for MXFP8 GEMM
(Worker_TP1 pid=462) INFO 09-25 00:37:23 [exl3.py:2087] EXL3 MCG trellis engaged for routed experts: bits=2 experts_local=384 hidden=5120 intermediate_local=1152 fused_moe=exl3_moe concurrency=6 (no BF16 expert reconstruct at load)
(Worker_TP1 pid=462) INFO 09-25 00:37:23 [exl3.py:2087] EXL3 MCG trellis engaged for routed experts: bits=2 experts_local=384 hidden=5120 intermediate_local=1152 fused_moe=exl3_moe concurrency=6 (no BF16 expert reconstruct at load)
(Worker_TP1 pid=462) INFO 09-25 00:37:23 [exl3.py:2087] EXL3 MCG trellis engaged for routed experts: bits=2 experts_local=384 hidden=5120 intermediate_local=1152 fused_moe=exl3_moe concurrency=6 (no BF16 expert reconstruct at load)
(Worker_TP1 pid=462) INFO 09-25 00:37:23 [exl3.py:2087] EXL3 MCG trellis engaged for routed experts: bits=2 experts_local=384 hidden=5120 intermediate_local=1152 fused_moe=exl3_moe concurrency=6 (no BF16 expert reconstruct at load)
(Worker_TP1 pid=462) INFO 09-25 00:37:23 [exl3.py:2087] EXL3 MCG trellis engaged for routed experts: bits=2 experts_local=384 hidden=5120 intermediate_local=1152 fused_moe=exl3_moe concurrency=6 (no BF16 expert reconstruct at load)
(Worker_TP1 pid=462) INFO 09-25 00:37:23 [exl3.py:2087] EXL3 MCG trellis engaged for routed experts: bits=2 experts_local=384 hidden=5120 intermediate_local=1152 fused_moe=exl3_moe concurrency=6 (no BF16 expert reconstruct at load)
(Worker_TP1 pid=462) INFO 09-25 00:37:23 [exl3.py:2087] EXL3 MCG trellis engaged for routed experts: bits=2 experts_local=384 hidden=5120 intermediate_local=1152 fused_moe=exl3_moe concurrency=6 (no BF16 expert reconstruct at load)
(Worker_TP1 pid=462) INFO 09-25 00:37:24 [exl3.py:2087] EXL3 MCG trellis engaged for routed experts: bits=2 experts_local=384 hidden=5120 intermediate_local=1152 fused_moe=exl3_moe concurrency=6 (no BF16 expert reconstruct at load)
(Worker_TP1 pid=462) INFO 09-25 00:37:24 [exl3.py:2087] EXL3 MCG trellis engaged for routed experts: bits=2 experts_local=384 hidden=5120 intermediate_local=1152 fused_moe=exl3_moe concurrency=6 (no BF16 expert reconstruct at load)
(Worker_TP1 pid=462) INFO 09-25 00:37:36 [exl3.py:2087] EXL3 MCG trellis engaged for routed experts: bits=2 experts_local=384 hidden=5120 intermediate_local=1152 fused_moe=exl3_moe concurrency=6 (no BF16 expert reconstruct at load)
(Worker_TP1 pid=462) INFO 09-25 00:37:36 [exl3.py:2087] EXL3 MCG trellis engaged for routed experts: bits=2 experts_local=384 hidden=5120 intermediate_local=1152 fused_moe=exl3_moe concurrency=6 (no BF16 expert reconstruct at load)
(Worker_TP1 pid=462) INFO 09-25 00:37:36 [exl3.py:2087] EXL3 MCG trellis engaged for routed experts: bits=2 experts_local=384 hidden=5120 intermediate_local=1152 fused_moe=exl3_moe concurrency=6 (no BF16 expert reconstruct at load)
(Worker_TP1 pid=462) INFO 09-25 00:37:36 [exl3.py:2087] EXL3 MCG trellis engaged for routed experts: bits=2 experts_local=384 hidden=5120 intermediate_local=1152 fused_moe=exl3_moe concurrency=6 (no BF16 expert reconstruct at load)
(Worker_TP1 pid=462) INFO 09-25 00:37:36 [exl3.py:2087] EXL3 MCG trellis engaged for routed experts: bits=2 experts_local=384 hidden=5120 intermediate_local=1152 fused_moe=exl3_moe concurrency=6 (no BF16 expert reconstruct at load)
(Worker_TP1 pid=462) INFO 09-25 00:37:36 [exl3.py:2087] EXL3 MCG trellis engaged for routed experts: bits=2 experts_local=384 hidden=5120 intermediate_local=1152 fused_moe=exl3_moe concurrency=6 (no BF16 expert reconstruct at load)
(Worker_TP1 pid=462) INFO 09-25 00:37:37 [exl3.py:2087] EXL3 MCG trellis engaged for routed experts: bits=2 experts_local=384 hidden=5120 intermediate_local=1152 fused_moe=exl3_moe concurrency=6 (no BF16 expert reconstruct at load)
(Worker_TP1 pid=462) INFO 09-25 00:37:37 [exl3.py:2087] EXL3 MCG trellis engaged for routed experts: bits=2 experts_local=384 hidden=5120 intermediate_local=1152 fused_moe=exl3_moe concurrency=6 (no BF16 expert reconstruct at load)
(Worker_TP1 pid=462) INFO 09-25 00:37:37 [exl3.py:2087] EXL3 MCG trellis engaged for routed experts: bits=2 experts_local=384 hidden=5120 intermediate_local=1152 fused_moe=exl3_moe concurrency=6 (no BF16 expert reconstruct at load)
(Worker_TP1 pid=462) INFO 09-25 00:37:37 [exl3.py:2087] EXL3 MCG trellis engaged for routed experts: bits=2 experts_local=384 hidden=5120 intermediate_local=1152 fused_moe=exl3_moe concurrency=6 (no BF16 expert reconstruct at load)
(Worker_TP1 pid=462) INFO 09-25 00:37:37 [exl3.py:2087] EXL3 MCG trellis engaged for routed experts: bits=2 experts_local=384 hidden=5120 intermediate_local=1152 fused_moe=exl3_moe concurrency=6 (no BF16 expert reconstruct at load)
(Worker_TP1 pid=462) INFO 09-25 00:37:37 [exl3.py:2087] EXL3 MCG trellis engaged for routed experts: bits=2 experts_local=384 hidden=5120 intermediate_local=1152 fused_moe=exl3_moe concurrency=6 (no BF16 expert reconstruct at load)
(Worker_TP1 pid=462) INFO 09-25 00:37:37 [exl3.py:2087] EXL3 MCG trellis engaged for routed experts: bits=2 experts_local=384 hidden=5120 intermediate_local=1152 fused_moe=exl3_moe concurrency=6 (no BF16 expert reconstruct at load)
(Worker_TP1 pid=462) INFO 09-25 00:37:37 [exl3.py:2087] EXL3 MCG trellis engaged for routed experts: bits=2 experts_local=384 hidden=5120 intermediate_local=1152 fused_moe=exl3_moe concurrency=6 (no BF16 expert reconstruct at load)
(Worker_TP1 pid=462) INFO 09-25 00:37:37 [exl3.py:2087] EXL3 MCG trellis engaged for routed experts: bits=2 experts_local=384 hidden=5120 intermediate_local=1152 fused_moe=exl3_moe concurrency=6 (no BF16 expert reconstruct at load)
(Worker_TP1 pid=462) INFO 09-25 00:37:37 [exl3.py:2087] EXL3 MCG trellis engaged for routed experts: bits=2 experts_local=384 hidden=5120 intermediate_local=1152 fused_moe=exl3_moe concurrency=6 (no BF16 expert reconstruct at load)
(Worker_TP1 pid=462) INFO 09-25 00:37:37 [exl3.py:2087] EXL3 MCG trellis engaged for routed experts: bits=2 experts_local=384 hidden=5120 intermediate_local=1152 fused_moe=exl3_moe concurrency=6 (no BF16 expert reconstruct at load)
(Worker_TP1 pid=462) INFO 09-25 00:37:37 [exl3.py:2087] EXL3 MCG trellis engaged for routed experts: bits=2 experts_local=384 hidden=5120 intermediate_local=1152 fused_moe=exl3_moe concurrency=6 (no BF16 expert reconstruct at load)
(Worker_TP1 pid=462) INFO 09-25 00:37:37 [exl3.py:2087] EXL3 MCG trellis engaged for routed experts: bits=2 experts_local=384 hidden=5120 intermediate_local=1152 fused_moe=exl3_moe concurrency=6 (no BF16 expert reconstruct at load)
(Worker_TP1 pid=462) INFO 09-25 00:37:37 [exl3.py:2087] EXL3 MCG trellis engaged for routed experts: bits=2 experts_local=384 hidden=5120 intermediate_local=1152 fused_moe=exl3_moe concurrency=6 (no BF16 expert reconstruct at load)
(Worker_TP1 pid=462) INFO 09-25 00:37:38 [exl3.py:2087] EXL3 MCG trellis engaged for routed experts: bits=2 experts_local=384 hidden=5120 intermediate_local=1152 fused_moe=exl3_moe concurrency=6 (no BF16 expert reconstruct at load)
(Worker_TP1 pid=462) INFO 09-25 00:37:38 [exl3.py:2087] EXL3 MCG trellis engaged for routed experts: bits=2 experts_local=384 hidden=5120 intermediate_local=1152 fused_moe=exl3_moe concurrency=6 (no BF16 expert reconstruct at load)
(Worker_TP1 pid=462) INFO 09-25 00:37:38 [exl3.py:2087] EXL3 MCG trellis engaged for routed experts: bits=2 experts_local=384 hidden=5120 intermediate_local=1152 fused_moe=exl3_moe concurrency=6 (no BF16 expert reconstruct at load)
(Worker_TP1 pid=462) INFO 09-25 00:37:38 [exl3.py:2087] EXL3 MCG trellis engaged for routed experts: bits=2 experts_local=384 hidden=5120 intermediate_local=1152 fused_moe=exl3_moe concurrency=6 (no BF16 expert reconstruct at load)
(Worker_TP1 pid=462) INFO 09-25 00:37:38 [exl3.py:2087] EXL3 MCG trellis engaged for routed experts: bits=2 experts_local=384 hidden=5120 intermediate_local=1152 fused_moe=exl3_moe concurrency=6 (no BF16 expert reconstruct at load)
(Worker_TP1 pid=462) INFO 09-25 00:37:38 [exl3.py:2087] EXL3 MCG trellis engaged for routed experts: bits=2 experts_local=384 hidden=5120 intermediate_local=1152 fused_moe=exl3_moe concurrency=6 (no BF16 expert reconstruct at load)
(Worker_TP1 pid=462) INFO 09-25 00:37:38 [exl3.py:2087] EXL3 MCG trellis engaged for routed experts: bits=2 experts_local=384 hidden=5120 intermediate_local=1152 fused_moe=exl3_moe concurrency=6 (no BF16 expert reconstruct at load)
(Worker_TP1 pid=462) INFO 09-25 00:37:38 [exl3.py:2087] EXL3 MCG trellis engaged for routed experts: bits=2 experts_local=384 hidden=5120 intermediate_local=1152 fused_moe=exl3_moe concurrency=6 (no BF16 expert reconstruct at load)
(Worker_TP1 pid=462) INFO 09-25 00:37:38 [exl3.py:2087] EXL3 MCG trellis engaged for routed experts: bits=2 experts_local=384 hidden=5120 intermediate_local=1152 fused_moe=exl3_moe concurrency=6 (no BF16 expert reconstruct at load)
(Worker_TP1 pid=462) INFO 09-25 00:37:38 [exl3.py:2087] EXL3 MCG trellis engaged for routed experts: bits=2 experts_local=384 hidden=5120 intermediate_local=1152 fused_moe=exl3_moe concurrency=6 (no BF16 expert reconstruct at load)
(Worker_TP1 pid=462) INFO 09-25 00:37:38 [exl3.py:2087] EXL3 MCG trellis engaged for routed experts: bits=2 experts_local=384 hidden=5120 intermediate_local=1152 fused_moe=exl3_moe concurrency=6 (no BF16 expert reconstruct at load)
(Worker_TP1 pid=462) INFO 09-25 00:37:38 [eagle3_utils.py:28] Using Eagle3 auxiliary layers from config: (37, 38, 39)
(Worker_TP1 pid=462) INFO 09-25 00:37:38 [kernel.py:373] Final IR op priority after setting platform defaults: IrOpPriorityConfig(rms_norm=['vllm_c', 'native'], fused_add_rms_norm=['vllm_c', 'native'])
(Worker_TP1 pid=462) INFO 09-25 00:37:39 [mxfp4.py:715] Using 'DEEPGEMM_MXFP4' Mxfp4 MoE backend.
(Worker_TP1 pid=462) INFO 09-25 00:37:40 [weight_utils.py:863] Filesystem type for checkpoints: EXT4. Checkpoint size: 333.51 GiB. Available RAM: 31.05 GiB.
(Worker_TP1 pid=462) INFO 09-25 00:37:40 [weight_utils.py:893] Auto-prefetch is disabled because the filesystem (EXT4) is not a recognized network FS (NFS/Lustre) and the checkpoint size (333.51 GiB) exceeds 90% of available RAM (31.05 GiB).
(Worker_TP1 pid=462) INFO 09-25 00:38:07 [dspark.py:515] DSpark draft model loaded: 97 params
(Worker_TP1 pid=462) INFO 09-25 00:38:07 [default_loader.py:430] Loading weights took 27.63 seconds
(Worker_TP1 pid=462) INFO 09-25 00:38:07 [deep_gemm.py:191] deep_gemm not found in site-packages, trying vendored vllm.third_party.deep_gemm
(Worker_TP1 pid=462) INFO 09-25 00:38:07 [deep_gemm.py:218] DeepGEMM PDL enabled on vllm.third_party.deep_gemm.
(Worker_TP1 pid=462) INFO 09-25 00:38:07 [deep_gemm.py:136] DeepGEMM E8M0 enabled on current platform.
(Worker_TP1 pid=462) INFO 09-25 00:38:08 [mxfp4.py:1973] Using MoEPrepareAndFinalizeNoDPEPModular
(Worker_TP1 pid=462) INFO 09-25 00:38:08 [mxfp4.py:1974] Using DeepGemmFP4Experts
(Worker_TP1 pid=462) WARNING 09-25 00:38:08 [speculator.py:203] Draft model DSparkDeepseekV4ForCausalLM does not support external multimodal embeddings. Embeddings from the target model will not be passed to the drafter; using text-only draft inputs instead.
(Worker_TP1 pid=462) INFO 09-25 00:38:09 [model_runner.py:408] Model loading took 75.73 GiB memory and 207.278351 seconds
(Worker_TP1 pid=462) dsv41: engram prefetch v3 armed (ngram=4 heads=8 depth=3 layers=[0, 1] mult=(2, 4) primes=(2, 3, 8) offsets=(2, 24))
(Worker_TP1 pid=462) [dsv41-drop-page-cache] dropped page cache of 48 shard files: MemFree 8.09GiB -> 37.04GiB
INFO 09-25 00:41:11 [torch_utils.py:280] Reducing Torch threads from 20 to 1 for serving. Set OMP_NUM_THREADS in the external environment to override.
(Worker_TP1 pid=462) INFO 09-25 00:41:11 [encoder_runner.py:131] Encoder cache will be initialized with a budget of 8192 tokens, and profiled with 7 image items of the maximum feature size.
(Worker_TP1 pid=462) 2026-09-25 00:41:25  [TileLang:tilelang.jit.kernel:INFO] (kernel.py:129): TileLang begins to compile kernel `mhc_pre_big_fuse_with_norm_tilelang` with `out_idx=None`
(Worker_TP1 pid=462) 2026-09-25 00:41:30  [TileLang:tilelang.jit.kernel:INFO] (kernel.py:137): TileLang completes to compile kernel `mhc_pre_big_fuse_with_norm_tilelang`
(Worker_TP1 pid=462) [wo_a-probe] wo_a.dtype=torch.bfloat16 wo_a.shape=(4096, 4096) use_fp8=False wo_b.dtype=torch.float8_e4m3fn n_groups=4
(Worker_TP1 pid=462) [woa-requant] fp8 einsum engaged: (4, 1024, 4096)
(Worker_TP1 pid=462) [woa-prepack] packed ue8m0 scale engaged: (4, 1024, 32) stride=(32768, 1, 1024) dtype=torch.int32
(Worker_TP1 pid=462) 2026-09-25 00:41:36  [TileLang:tilelang.jit.kernel:INFO] (kernel.py:129): TileLang begins to compile kernel `mhc_post_tilelang` with `out_idx=None`
(Worker_TP1 pid=462) 2026-09-25 00:41:37  [TileLang:tilelang.jit.kernel:INFO] (kernel.py:137): TileLang completes to compile kernel `mhc_post_tilelang`
(Worker_TP1 pid=462) 2026-09-25 00:41:38  [TileLang:tilelang.jit.kernel:INFO] (kernel.py:129): TileLang begins to compile kernel `mhc_pre_big_fuse_with_norm_tilelang` with `out_idx=None`
(Worker_TP1 pid=462) 2026-09-25 00:41:43  [TileLang:tilelang.jit.kernel:INFO] (kernel.py:137): TileLang completes to compile kernel `mhc_pre_big_fuse_with_norm_tilelang`
(Worker_TP1 pid=462) INFO 09-25 00:41:44 [exl3.py:1224] EXL3 fat-chunk slicing ACTIVE (tokens=8192)
(Worker_TP1 pid=462) [woa-requant] fp8 einsum engaged: (4, 1024, 4096)
(Worker_TP1 pid=462) [woa-prepack] packed ue8m0 scale engaged: (4, 1024, 32) stride=(32768, 1, 1024) dtype=torch.int32
(Worker_TP1 pid=462) [woa-requant] fp8 einsum engaged: (4, 1024, 4096)
(Worker_TP1 pid=462) [woa-prepack] packed ue8m0 scale engaged: (4, 1024, 32) stride=(32768, 1, 1024) dtype=torch.int32
(Worker_TP1 pid=462) [woa-requant] fp8 einsum engaged: (4, 1024, 4096)
(Worker_TP1 pid=462) [woa-prepack] packed ue8m0 scale engaged: (4, 1024, 32) stride=(32768, 1, 1024) dtype=torch.int32
(Worker_TP1 pid=462) [woa-requant] fp8 einsum engaged: (4, 1024, 4096)
(Worker_TP1 pid=462) [woa-prepack] packed ue8m0 scale engaged: (4, 1024, 32) stride=(32768, 1, 1024) dtype=torch.int32
(Worker_TP1 pid=462) [woa-requant] fp8 einsum engaged: (4, 1024, 4096)
(Worker_TP1 pid=462) [woa-prepack] packed ue8m0 scale engaged: (4, 1024, 32) stride=(32768, 1, 1024) dtype=torch.int32
(Worker_TP1 pid=462) [woa-requant] fp8 einsum engaged: (4, 1024, 4096)
(Worker_TP1 pid=462) [woa-prepack] packed ue8m0 scale engaged: (4, 1024, 32) stride=(32768, 1, 1024) dtype=torch.int32
(Worker_TP1 pid=462) [woa-requant] fp8 einsum engaged: (4, 1024, 4096)
(Worker_TP1 pid=462) [woa-prepack] packed ue8m0 scale engaged: (4, 1024, 32) stride=(32768, 1, 1024) dtype=torch.int32
(Worker_TP1 pid=462) [woa-requant] fp8 einsum engaged: (4, 1024, 4096)
(Worker_TP1 pid=462) [woa-prepack] packed ue8m0 scale engaged: (4, 1024, 32) stride=(32768, 1, 1024) dtype=torch.int32
(Worker_TP1 pid=462) [woa-requant] fp8 einsum engaged: (4, 1024, 4096)
(Worker_TP1 pid=462) [woa-prepack] packed ue8m0 scale engaged: (4, 1024, 32) stride=(32768, 1, 1024) dtype=torch.int32
(Worker_TP1 pid=462) [woa-requant] fp8 einsum engaged: (4, 1024, 4096)
(Worker_TP1 pid=462) [woa-prepack] packed ue8m0 scale engaged: (4, 1024, 32) stride=(32768, 1, 1024) dtype=torch.int32
(Worker_TP1 pid=462) [woa-requant] fp8 einsum engaged: (4, 1024, 4096)
(Worker_TP1 pid=462) [woa-prepack] packed ue8m0 scale engaged: (4, 1024, 32) stride=(32768, 1, 1024) dtype=torch.int32
(Worker_TP1 pid=462) [woa-requant] fp8 einsum engaged: (4, 1024, 4096)
(Worker_TP1 pid=462) [woa-prepack] packed ue8m0 scale engaged: (4, 1024, 32) stride=(32768, 1, 1024) dtype=torch.int32
(Worker_TP1 pid=462) [woa-requant] fp8 einsum engaged: (4, 1024, 4096)
(Worker_TP1 pid=462) [woa-prepack] packed ue8m0 scale engaged: (4, 1024, 32) stride=(32768, 1, 1024) dtype=torch.int32
(Worker_TP1 pid=462) [woa-requant] fp8 einsum engaged: (4, 1024, 4096)
(Worker_TP1 pid=462) [woa-prepack] packed ue8m0 scale engaged: (4, 1024, 32) stride=(32768, 1, 1024) dtype=torch.int32
(Worker_TP1 pid=462) [woa-requant] fp8 einsum engaged: (4, 1024, 4096)
(Worker_TP1 pid=462) [woa-prepack] packed ue8m0 scale engaged: (4, 1024, 32) stride=(32768, 1, 1024) dtype=torch.int32
(Worker_TP1 pid=462) [woa-requant] fp8 einsum engaged: (4, 1024, 4096)
(Worker_TP1 pid=462) [woa-prepack] packed ue8m0 scale engaged: (4, 1024, 32) stride=(32768, 1, 1024) dtype=torch.int32
(Worker_TP1 pid=462) [woa-requant] fp8 einsum engaged: (4, 1024, 4096)
(Worker_TP1 pid=462) [woa-prepack] packed ue8m0 scale engaged: (4, 1024, 32) stride=(32768, 1, 1024) dtype=torch.int32
(Worker_TP1 pid=462) [woa-requant] fp8 einsum engaged: (4, 1024, 4096)
(Worker_TP1 pid=462) [woa-prepack] packed ue8m0 scale engaged: (4, 1024, 32) stride=(32768, 1, 1024) dtype=torch.int32
(Worker_TP1 pid=462) [woa-requant] fp8 einsum engaged: (4, 1024, 4096)
(Worker_TP1 pid=462) [woa-prepack] packed ue8m0 scale engaged: (4, 1024, 32) stride=(32768, 1, 1024) dtype=torch.int32
(Worker_TP1 pid=462) [woa-requant] fp8 einsum engaged: (4, 1024, 4096)
(Worker_TP1 pid=462) [woa-prepack] packed ue8m0 scale engaged: (4, 1024, 32) stride=(32768, 1, 1024) dtype=torch.int32
(Worker_TP1 pid=462) [woa-requant] fp8 einsum engaged: (4, 1024, 4096)
(Worker_TP1 pid=462) [woa-prepack] packed ue8m0 scale engaged: (4, 1024, 32) stride=(32768, 1, 1024) dtype=torch.int32
(Worker_TP1 pid=462) [woa-requant] fp8 einsum engaged: (4, 1024, 4096)
(Worker_TP1 pid=462) [woa-prepack] packed ue8m0 scale engaged: (4, 1024, 32) stride=(32768, 1, 1024) dtype=torch.int32
(Worker_TP1 pid=462) [woa-requant] fp8 einsum engaged: (4, 1024, 4096)
(Worker_TP1 pid=462) [woa-prepack] packed ue8m0 scale engaged: (4, 1024, 32) stride=(32768, 1, 1024) dtype=torch.int32
(Worker_TP1 pid=462) [woa-requant] fp8 einsum engaged: (4, 1024, 4096)
(Worker_TP1 pid=462) [woa-prepack] packed ue8m0 scale engaged: (4, 1024, 32) stride=(32768, 1, 1024) dtype=torch.int32
(Worker_TP1 pid=462) [woa-requant] fp8 einsum engaged: (4, 1024, 4096)
(Worker_TP1 pid=462) [woa-prepack] packed ue8m0 scale engaged: (4, 1024, 32) stride=(32768, 1, 1024) dtype=torch.int32
(Worker_TP1 pid=462) [woa-requant] fp8 einsum engaged: (4, 1024, 4096)
(Worker_TP1 pid=462) [woa-prepack] packed ue8m0 scale engaged: (4, 1024, 32) stride=(32768, 1, 1024) dtype=torch.int32
(Worker_TP1 pid=462) [woa-requant] fp8 einsum engaged: (4, 1024, 4096)
(Worker_TP1 pid=462) [woa-prepack] packed ue8m0 scale engaged: (4, 1024, 32) stride=(32768, 1, 1024) dtype=torch.int32
(Worker_TP1 pid=462) [woa-requant] fp8 einsum engaged: (4, 1024, 4096)
(Worker_TP1 pid=462) [woa-prepack] packed ue8m0 scale engaged: (4, 1024, 32) stride=(32768, 1, 1024) dtype=torch.int32
(Worker_TP1 pid=462) [woa-requant] fp8 einsum engaged: (4, 1024, 4096)
[00:41:36] : Warning: T.vectorized loop over `i_hci` with extent 4 is lowered as a serial loop because TileLang could not find a valid vectorization plan. Scalar accumulator updates inside the loop are a common cause; move reductions to T.unroll or T.serial if this is intended.
(Worker_TP1 pid=462) [woa-prepack] packed ue8m0 scale engaged: (4, 1024, 32) stride=(32768, 1, 1024) dtype=torch.int32
(Worker_TP1 pid=462) [woa-requant] fp8 einsum engaged: (4, 1024, 4096)
(Worker_TP1 pid=462) [woa-prepack] packed ue8m0 scale engaged: (4, 1024, 32) stride=(32768, 1, 1024) dtype=torch.int32
(Worker_TP1 pid=462) [woa-requant] fp8 einsum engaged: (4, 1024, 4096)
(Worker_TP1 pid=462) [woa-prepack] packed ue8m0 scale engaged: (4, 1024, 32) stride=(32768, 1, 1024) dtype=torch.int32
(Worker_TP1 pid=462) [woa-requant] fp8 einsum engaged: (4, 1024, 4096)
(Worker_TP1 pid=462) [woa-prepack] packed ue8m0 scale engaged: (4, 1024, 32) stride=(32768, 1, 1024) dtype=torch.int32
(Worker_TP1 pid=462) [woa-requant] fp8 einsum engaged: (4, 1024, 4096)
(Worker_TP1 pid=462) [woa-prepack] packed ue8m0 scale engaged: (4, 1024, 32) stride=(32768, 1, 1024) dtype=torch.int32
(Worker_TP1 pid=462) [woa-requant] fp8 einsum engaged: (4, 1024, 4096)
(Worker_TP1 pid=462) [woa-prepack] packed ue8m0 scale engaged: (4, 1024, 32) stride=(32768, 1, 1024) dtype=torch.int32
(Worker_TP1 pid=462) [woa-requant] fp8 einsum engaged: (4, 1024, 4096)
(Worker_TP1 pid=462) [woa-prepack] packed ue8m0 scale engaged: (4, 1024, 32) stride=(32768, 1, 1024) dtype=torch.int32
(Worker_TP1 pid=462) [woa-requant] fp8 einsum engaged: (4, 1024, 4096)
(Worker_TP1 pid=462) [woa-prepack] packed ue8m0 scale engaged: (4, 1024, 32) stride=(32768, 1, 1024) dtype=torch.int32
(Worker_TP1 pid=462) [woa-requant] fp8 einsum engaged: (4, 1024, 4096)
(Worker_TP1 pid=462) [woa-prepack] packed ue8m0 scale engaged: (4, 1024, 32) stride=(32768, 1, 1024) dtype=torch.int32
(Worker_TP1 pid=462) [woa-requant] fp8 einsum engaged: (4, 1024, 4096)
(Worker_TP1 pid=462) [woa-prepack] packed ue8m0 scale engaged: (4, 1024, 32) stride=(32768, 1, 1024) dtype=torch.int32
(Worker_TP1 pid=462) [woa-requant] fp8 einsum engaged: (4, 1024, 4096)
(Worker_TP1 pid=462) [woa-prepack] packed ue8m0 scale engaged: (4, 1024, 32) stride=(32768, 1, 1024) dtype=torch.int32
(Worker_TP1 pid=462) 2026-09-25 00:41:52  [TileLang:tilelang.jit.kernel:INFO] (kernel.py:129): TileLang begins to compile kernel `mhc_pre_big_fuse_with_norm_tilelang` with `out_idx=None`
(Worker_TP1 pid=462) 2026-09-25 00:41:57  [TileLang:tilelang.jit.kernel:INFO] (kernel.py:137): TileLang completes to compile kernel `mhc_pre_big_fuse_with_norm_tilelang`
(Worker_TP1 pid=462) [woa-requant] fp8 einsum engaged: (4, 1024, 4096)
(Worker_TP1 pid=462) [woa-prepack] packed ue8m0 scale engaged: (4, 1024, 32) stride=(32768, 1, 1024) dtype=torch.int32
(Worker_TP1 pid=462) 2026-09-25 00:41:59  [TileLang:tilelang.jit.kernel:INFO] (kernel.py:129): TileLang begins to compile kernel `mhc_pre_big_fuse_with_norm_tilelang` with `out_idx=None`
(Worker_TP1 pid=462) 2026-09-25 00:42:04  [TileLang:tilelang.jit.kernel:INFO] (kernel.py:137): TileLang completes to compile kernel `mhc_pre_big_fuse_with_norm_tilelang`
(Worker_TP1 pid=462) [woa-requant] fp8 einsum engaged: (4, 1024, 4096)
(Worker_TP1 pid=462) [woa-prepack] packed ue8m0 scale engaged: (4, 1024, 32) stride=(32768, 1, 1024) dtype=torch.int32
(Worker_TP1 pid=462) [woa-requant] fp8 einsum engaged: (4, 1024, 4096)
(Worker_TP1 pid=462) [woa-prepack] packed ue8m0 scale engaged: (4, 1024, 32) stride=(32768, 1, 1024) dtype=torch.int32
(Worker_TP1 pid=462) INFO 09-25 00:42:08 [gpu_worker.py:551] Initial free memory 113.73 GiB, reserved 8.0 GiB memory for KV Cache as specified by kv_cache_memory_bytes config and skipped memory profiling. This does not respect the gpu_memory_utilization config. Only use kv_cache_memory_bytes config when you want manual control of KV cache memory size. If OOM'ed, check the difference of initial free memory between the current run and the previous run where kv_cache_memory_bytes is suggested and update it correspondingly.
(Worker_TP1 pid=462) INFO 09-25 00:42:09 [indexer.py:741] DSA indexer decode path: use_flattening=False supports_varlen=False (next_n=4, use_fp4_cache=False)
(Worker_TP1 pid=462) [dsv41-drop-page-cache] dropped page cache of 48 shard files: MemFree 25.72GiB -> 25.72GiB
(Worker_TP1 pid=462) INFO 09-25 00:42:09 [breakable_cudagraph.py:290] Breakable CUDA graph enabled
(Worker_TP1 pid=462) 2026-09-25 00:42:11  [TileLang:tilelang.jit.kernel:INFO] (kernel.py:129): TileLang begins to compile kernel `mhc_pre_big_fuse_with_norm_tilelang` with `out_idx=None`
(Worker_TP1 pid=462) 2026-09-25 00:42:16  [TileLang:tilelang.jit.kernel:INFO] (kernel.py:137): TileLang completes to compile kernel `mhc_pre_big_fuse_with_norm_tilelang`
(Worker_TP1 pid=462) INFO 09-25 00:42:22 [speculator.py:141] Capturing model for DSpark speculator...
(Worker_TP1 pid=462) INFO 09-25 00:42:22 [model_runner.py:974] Graph capturing finished in 13 secs, took 0.83 GiB
(Worker_TP1 pid=462) dsv41: engram gather v2 self-check bit-exact (r=120)
(Worker_TP1 pid=462) dsv41: engram fast stage self-check bit-exact (2 tables, n=10)
(Worker_TP1 pid=462) INFO 09-25 00:42:31 [jit_monitor.py:85] Kernel JIT monitor activated; monitored JIT compilations during inference will use mode=warn.
(Worker_TP1 pid=462) INFO 09-25 00:42:31 [torch_utils.py:280] Reducing Torch threads from 20 to 1 for serving. Set OMP_NUM_THREADS in the external environment to override.
(Worker_TP1 pid=462) WARNING 09-25 00:43:01 [jit_monitor.py:141] Triton kernel JIT compilation during inference: ComputePrefillMetadataKernel.kernel. This causes a latency spike; consider extending warmup to cover this shape/config.
(Worker_TP1 pid=462) WARNING 09-25 00:43:03 [jit_monitor.py:141] Triton kernel JIT compilation during inference: _prepare_dflash_inputs_kernel. This causes a latency spike; consider extending warmup to cover this shape/config.
(Worker_TP1 pid=462) WARNING 09-25 00:43:03 [jit_monitor.py:141] Triton kernel JIT compilation during inference: _compute_local_logits_stats_kernel. This causes a latency spike; consider extending warmup to cover this shape/config.
(Worker_TP1 pid=462) WARNING 09-25 00:43:03 [jit_monitor.py:141] Triton kernel JIT compilation during inference: _rejection_kernel. This causes a latency spike; consider extending warmup to cover this shape/config.
(Worker_TP1 pid=462) WARNING 09-25 00:43:03 [jit_monitor.py:141] Triton kernel JIT compilation during inference: _resample_kernel. This causes a latency spike; consider extending warmup to cover this shape/config.
(Worker_TP1 pid=462) WARNING 09-25 00:43:04 [jit_monitor.py:141] Triton kernel JIT compilation during inference: _gumbel_sample_kernel. This causes a latency spike; consider extending warmup to cover this shape/config.
(Worker_TP1 pid=462) [gv2-census] calls=32 rows/call=2875 runs/call=4852.6 preads/call=4852.6 read=62.992ms fadv/call=4362.8 pf_hit=50%(28)
(Worker_TP1 pid=462) WARNING 09-25 00:43:06 [jit_monitor.py:141] CuTeDSL JIT compilation during inference: MXFP8QuantizeSwizzledKernel. This causes a latency spike; consider extending warmup to cover this shape/config.
(Worker_TP1 pid=462) INFO 09-25 00:43:07 [exl3.py:1224] EXL3 fat-chunk slicing ACTIVE (tokens=3718)
(Worker_TP1 pid=462) WARNING 09-25 00:43:09 [jit_monitor.py:141] Triton kernel JIT compilation during inference: _block_scores_kernel. This causes a latency spike; consider extending warmup to cover this shape/config.
(Worker_TP1 pid=462) WARNING 09-25 00:43:09 [jit_monitor.py:141] Triton kernel JIT compilation during inference: _candidate_flags_kernel. This causes a latency spike; consider extending warmup to cover this shape/config.
(Worker_TP1 pid=462) WARNING 09-25 00:43:09 [jit_monitor.py:141] Triton kernel JIT compilation during inference: _mask_candidates_kernel. This causes a latency spike; consider extending warmup to cover this shape/config.
(Worker_TP1 pid=462) WARNING 09-25 00:43:47 [jit_monitor.py:141] Triton kernel JIT compilation during inference: BuildPrefillChunkMetadataKernel.kernel. This causes a latency spike; consider extending warmup to cover this shape/config.
(Worker_TP1 pid=462) WARNING 09-25 00:43:47 [jit_monitor.py:141] Triton kernel JIT compilation during inference: _ring_slot_mapping_kernel. This causes a latency spike; consider extending warmup to cover this shape/config.
(Worker_TP1 pid=462) [gv2-census] calls=32 rows/call=247 runs/call=219.0 preads/call=219.0 read=11.108ms fadv/call=116.8 pf_hit=69%(28)
(Worker_TP1 pid=462) [gv2-census] calls=32 rows/call=48 runs/call=96.0 preads/call=96.0 read=0.473ms fadv/call=0.0 pf_hit=100%(32)
(Worker_TP1 pid=462) [gv2-census] calls=32 rows/call=48 runs/call=96.0 preads/call=96.0 read=0.445ms fadv/call=0.0 pf_hit=100%(32)
(Worker_TP1 pid=462) [gv2-census] calls=32 rows/call=48 runs/call=96.0 preads/call=96.0 read=0.417ms fadv/call=0.0 pf_hit=100%(32)
(Worker_TP1 pid=462) [gv2-census] calls=32 rows/call=48 runs/call=96.0 preads/call=96.0 read=0.593ms fadv/call=0.0 pf_hit=100%(32)
(Worker_TP1 pid=462) [gv2-census] calls=32 rows/call=48 runs/call=96.0 preads/call=96.0 read=0.851ms fadv/call=0.0 pf_hit=100%(32)
(Worker_TP1 pid=462) [gv2-census] calls=32 rows/call=48 runs/call=96.0 preads/call=96.0 read=0.784ms fadv/call=0.0 pf_hit=100%(32)
(Worker_TP1 pid=462) [gv2-census] calls=32 rows/call=48 runs/call=96.0 preads/call=96.0 read=0.699ms fadv/call=0.0 pf_hit=100%(32)
(Worker_TP1 pid=462) [gv2-census] calls=32 rows/call=48 runs/call=96.0 preads/call=96.0 read=0.700ms fadv/call=0.0 pf_hit=100%(32)
(Worker_TP1 pid=462) [gv2-census] calls=32 rows/call=48 runs/call=96.0 preads/call=96.0 read=0.635ms fadv/call=0.0 pf_hit=100%(32)
(Worker_TP1 pid=462) [gv2-census] calls=32 rows/call=48 runs/call=96.0 preads/call=96.0 read=0.680ms fadv/call=0.0 pf_hit=100%(32)
(Worker_TP1 pid=462) [gv2-census] calls=32 rows/call=48 runs/call=96.0 preads/call=96.0 read=2.191ms fadv/call=0.0 pf_hit=100%(32)
(Worker_TP1 pid=462) [gv2-census] calls=32 rows/call=48 runs/call=96.0 preads/call=96.0 read=0.642ms fadv/call=0.0 pf_hit=100%(32)
(Worker_TP1 pid=462) [gv2-census] calls=32 rows/call=48 runs/call=96.0 preads/call=96.0 read=0.649ms fadv/call=0.0 pf_hit=100%(32)
(Worker_TP1 pid=462) [gv2-census] calls=32 rows/call=48 runs/call=96.0 preads/call=96.0 read=0.603ms fadv/call=0.0 pf_hit=100%(32)
(Worker_TP1 pid=462) [gv2-census] calls=32 rows/call=48 runs/call=96.0 preads/call=96.0 read=0.648ms fadv/call=0.0 pf_hit=100%(32)
(Worker_TP1 pid=462) [gv2-census] calls=32 rows/call=90 runs/call=181.5 preads/call=181.5 read=3.656ms fadv/call=91.3 pf_hit=90%(32)
(Worker_TP1 pid=462) [gv2-census] calls=32 rows/call=48 runs/call=96.0 preads/call=96.0 read=0.715ms fadv/call=0.0 pf_hit=100%(32)
(Worker_TP1 pid=462) [gv2-census] calls=32 rows/call=48 runs/call=96.0 preads/call=96.0 read=0.712ms fadv/call=0.0 pf_hit=100%(32)
(Worker_TP1 pid=462) [gv2-census] calls=32 rows/call=48 runs/call=96.0 preads/call=96.0 read=0.729ms fadv/call=0.0 pf_hit=100%(32)
(Worker_TP1 pid=462) [gv2-census] calls=32 rows/call=48 runs/call=96.0 preads/call=96.0 read=0.854ms fadv/call=0.0 pf_hit=100%(32)
(Worker_TP1 pid=462) [gv2-census] calls=32 rows/call=48 runs/call=96.0 preads/call=96.0 read=0.621ms fadv/call=0.0 pf_hit=100%(32)
(Worker_TP1 pid=462) [gv2-census] calls=32 rows/call=48 runs/call=96.0 preads/call=96.0 read=0.610ms fadv/call=0.0 pf_hit=100%(32)
(Worker_TP1 pid=462) [gv2-census] calls=32 rows/call=48 runs/call=96.0 preads/call=96.0 read=0.606ms fadv/call=0.0 pf_hit=100%(32)
(Worker_TP1 pid=462) [gv2-census] calls=32 rows/call=48 runs/call=96.0 preads/call=96.0 read=0.625ms fadv/call=0.0 pf_hit=100%(32)
(Worker_TP1 pid=462) [gv2-census] calls=32 rows/call=48 runs/call=96.0 preads/call=96.0 read=0.638ms fadv/call=0.0 pf_hit=100%(32)
(Worker_TP1 pid=462) [gv2-census] calls=32 rows/call=48 runs/call=96.0 preads/call=96.0 read=0.640ms fadv/call=0.0 pf_hit=100%(32)
(Worker_TP1 pid=462) [gv2-census] calls=32 rows/call=48 runs/call=96.0 preads/call=96.0 read=0.662ms fadv/call=0.0 pf_hit=100%(32)
(Worker_TP1 pid=462) [gv2-census] calls=32 rows/call=48 runs/call=96.0 preads/call=96.0 read=0.579ms fadv/call=0.0 pf_hit=100%(32)
(Worker_TP1 pid=462) [gv2-census] calls=32 rows/call=48 runs/call=96.0 preads/call=96.0 read=0.644ms fadv/call=0.0 pf_hit=100%(32)
(Worker_TP1 pid=462) [gv2-census] calls=32 rows/call=48 runs/call=96.0 preads/call=96.0 read=0.716ms fadv/call=0.0 pf_hit=100%(32)
(Worker_TP1 pid=462) [gv2-census] calls=32 rows/call=90 runs/call=181.5 preads/call=181.5 read=1.932ms fadv/call=91.3 pf_hit=90%(32)
(Worker_TP1 pid=462) [gv2-census] calls=32 rows/call=48 runs/call=96.0 preads/call=96.0 read=1.106ms fadv/call=0.0 pf_hit=100%(32)
(Worker_TP1 pid=462) [gv2-census] calls=32 rows/call=48 runs/call=96.0 preads/call=96.0 read=0.626ms fadv/call=0.0 pf_hit=100%(32)
(Worker_TP1 pid=462) [gv2-census] calls=32 rows/call=48 runs/call=96.0 preads/call=96.0 read=0.558ms fadv/call=0.0 pf_hit=100%(32)
(Worker_TP1 pid=462) [gv2-census] calls=32 rows/call=48 runs/call=96.0 preads/call=96.0 read=0.498ms fadv/call=0.0 pf_hit=100%(32)
(Worker_TP1 pid=462) [gv2-census] calls=32 rows/call=48 runs/call=96.0 preads/call=96.0 read=0.564ms fadv/call=0.0 pf_hit=100%(32)
(Worker_TP1 pid=462) [gv2-census] calls=32 rows/call=48 runs/call=96.0 preads/call=96.0 read=0.596ms fadv/call=0.0 pf_hit=100%(32)
(Worker_TP1 pid=462) [gv2-census] calls=32 rows/call=48 runs/call=96.0 preads/call=96.0 read=0.631ms fadv/call=0.0 pf_hit=100%(32)
(Worker_TP1 pid=462) [gv2-census] calls=32 rows/call=48 runs/call=96.0 preads/call=96.0 read=0.603ms fadv/call=0.0 pf_hit=100%(32)
(Worker_TP1 pid=462) [gv2-census] calls=32 rows/call=48 runs/call=96.0 preads/call=96.0 read=0.594ms fadv/call=0.0 pf_hit=100%(32)
(Worker_TP1 pid=462) [gv2-census] calls=32 rows/call=48 runs/call=96.0 preads/call=96.0 read=0.587ms fadv/call=0.0 pf_hit=100%(32)
(Worker_TP1 pid=462) [gv2-census] calls=32 rows/call=48 runs/call=96.0 preads/call=96.0 read=1.049ms fadv/call=0.0 pf_hit=100%(32)
(Worker_TP1 pid=462) [gv2-census] calls=32 rows/call=48 runs/call=96.0 preads/call=96.0 read=0.649ms fadv/call=0.0 pf_hit=100%(32)
(Worker_TP1 pid=462) [gv2-census] calls=32 rows/call=48 runs/call=96.0 preads/call=96.0 read=0.595ms fadv/call=0.0 pf_hit=100%(32)
(Worker_TP1 pid=462) [gv2-census] calls=32 rows/call=48 runs/call=96.0 preads/call=96.0 read=0.582ms fadv/call=0.0 pf_hit=100%(32)
(Worker_TP1 pid=462) [gv2-census] calls=32 rows/call=90 runs/call=181.5 preads/call=181.5 read=1.156ms fadv/call=91.3 pf_hit=90%(32)
(Worker_TP1 pid=462) [gv2-census] calls=32 rows/call=48 runs/call=96.0 preads/call=96.0 read=1.766ms fadv/call=0.0 pf_hit=100%(32)
(Worker_TP1 pid=462) [gv2-census] calls=32 rows/call=48 runs/call=96.0 preads/call=96.0 read=1.179ms fadv/call=0.0 pf_hit=100%(32)
(Worker_TP1 pid=462) [gv2-census] calls=32 rows/call=48 runs/call=96.0 preads/call=96.0 read=1.186ms fadv/call=0.0 pf_hit=100%(32)
(Worker_TP1 pid=462) [gv2-census] calls=32 rows/call=48 runs/call=96.0 preads/call=96.0 read=0.625ms fadv/call=0.0 pf_hit=100%(32)
(Worker_TP1 pid=462) [gv2-census] calls=32 rows/call=48 runs/call=96.0 preads/call=96.0 read=1.102ms fadv/call=0.0 pf_hit=100%(32)
(Worker_TP1 pid=462) [gv2-census] calls=32 rows/call=48 runs/call=96.0 preads/call=96.0 read=0.585ms fadv/call=0.0 pf_hit=100%(32)
(Worker_TP1 pid=462) [gv2-census] calls=32 rows/call=48 runs/call=96.0 preads/call=96.0 read=0.634ms fadv/call=0.0 pf_hit=100%(32)
(Worker_TP1 pid=462) [gv2-census] calls=32 rows/call=48 runs/call=96.0 preads/call=96.0 read=0.575ms fadv/call=0.0 pf_hit=100%(32)
(Worker_TP1 pid=462) [gv2-census] calls=32 rows/call=48 runs/call=96.0 preads/call=96.0 read=1.171ms fadv/call=0.0 pf_hit=100%(32)
(Worker_TP1 pid=462) [gv2-census] calls=32 rows/call=48 runs/call=96.0 preads/call=96.0 read=0.661ms fadv/call=0.0 pf_hit=100%(32)
(Worker_TP1 pid=462) [gv2-census] calls=32 rows/call=48 runs/call=96.0 preads/call=96.0 read=0.660ms fadv/call=0.0 pf_hit=100%(32)
(Worker_TP1 pid=462) [gv2-census] calls=32 rows/call=48 runs/call=96.0 preads/call=96.0 read=0.800ms fadv/call=0.0 pf_hit=100%(32)
(Worker_TP1 pid=462) [gv2-census] calls=32 rows/call=48 runs/call=96.0 preads/call=96.0 read=0.752ms fadv/call=0.0 pf_hit=100%(32)
(Worker_TP1 pid=462) [gv2-census] calls=32 rows/call=48 runs/call=96.0 preads/call=96.0 read=0.714ms fadv/call=0.0 pf_hit=100%(32)
(Worker_TP1 pid=462) [gv2-census] calls=32 rows/call=48 runs/call=96.0 preads/call=96.0 read=0.639ms fadv/call=0.0 pf_hit=100%(32)
(Worker_TP1 pid=462) [gv2-census] calls=32 rows/call=90 runs/call=181.5 preads/call=181.5 read=1.431ms fadv/call=91.3 pf_hit=90%(32)
(Worker_TP1 pid=462) [gv2-census] calls=32 rows/call=48 runs/call=96.0 preads/call=96.0 read=1.733ms fadv/call=0.0 pf_hit=100%(32)
(Worker_TP1 pid=462) [gv2-census] calls=32 rows/call=48 runs/call=96.0 preads/call=96.0 read=0.610ms fadv/call=0.0 pf_hit=100%(32)
(Worker_TP1 pid=462) [gv2-census] calls=32 rows/call=48 runs/call=96.0 preads/call=96.0 read=1.240ms fadv/call=0.0 pf_hit=100%(32)
(Worker_TP1 pid=462) [gv2-census] calls=32 rows/call=48 runs/call=96.0 preads/call=96.0 read=1.169ms fadv/call=0.0 pf_hit=100%(32)
(Worker_TP1 pid=462) [gv2-census] calls=32 rows/call=48 runs/call=96.0 preads/call=96.0 read=0.617ms fadv/call=0.0 pf_hit=100%(32)
(Worker_TP1 pid=462) [gv2-census] calls=32 rows/call=48 runs/call=96.0 preads/call=96.0 read=0.675ms fadv/call=0.0 pf_hit=100%(32)
(Worker_TP1 pid=462) [gv2-census] calls=32 rows/call=48 runs/call=96.0 preads/call=96.0 read=0.689ms fadv/call=0.0 pf_hit=100%(32)
(Worker_TP1 pid=462) [gv2-census] calls=32 rows/call=48 runs/call=96.0 preads/call=96.0 read=0.719ms fadv/call=0.0 pf_hit=100%(32)
(Worker_TP1 pid=462) [gv2-census] calls=32 rows/call=48 runs/call=96.0 preads/call=96.0 read=0.594ms fadv/call=0.0 pf_hit=100%(32)
(Worker_TP1 pid=462) [gv2-census] calls=32 rows/call=48 runs/call=96.0 preads/call=96.0 read=0.508ms fadv/call=0.0 pf_hit=100%(32)
(Worker_TP1 pid=462) [gv2-census] calls=32 rows/call=48 runs/call=96.0 preads/call=96.0 read=1.306ms fadv/call=0.0 pf_hit=100%(32)
(Worker_TP1 pid=462) [gv2-census] calls=32 rows/call=48 runs/call=96.0 preads/call=96.0 read=0.714ms fadv/call=0.0 pf_hit=100%(32)
(Worker_TP1 pid=462) [gv2-census] calls=32 rows/call=48 runs/call=96.0 preads/call=96.0 read=0.678ms fadv/call=0.0 pf_hit=100%(32)
(Worker_TP1 pid=462) [gv2-census] calls=32 rows/call=48 runs/call=96.0 preads/call=96.0 read=0.571ms fadv/call=0.0 pf_hit=100%(32)
(Worker_TP1 pid=462) [gv2-census] calls=32 rows/call=90 runs/call=181.5 preads/call=181.5 read=2.442ms fadv/call=91.3 pf_hit=90%(32)
(Worker_TP1 pid=462) [gv2-census] calls=32 rows/call=48 runs/call=96.0 preads/call=96.0 read=1.349ms fadv/call=0.0 pf_hit=100%(32)
(Worker_TP1 pid=462) [gv2-census] calls=32 rows/call=48 runs/call=96.0 preads/call=96.0 read=0.691ms fadv/call=0.0 pf_hit=100%(32)
(Worker_TP1 pid=462) [gv2-census] calls=32 rows/call=48 runs/call=96.0 preads/call=96.0 read=0.684ms fadv/call=0.0 pf_hit=100%(32)
(Worker_TP1 pid=462) [gv2-census] calls=32 rows/call=48 runs/call=96.0 preads/call=96.0 read=0.777ms fadv/call=0.0 pf_hit=100%(32)
(Worker_TP1 pid=462) [gv2-census] calls=32 rows/call=48 runs/call=96.0 preads/call=96.0 read=0.807ms fadv/call=0.0 pf_hit=100%(32)
(Worker_TP1 pid=462) [gv2-census] calls=32 rows/call=48 runs/call=96.0 preads/call=96.0 read=1.240ms fadv/call=0.0 pf_hit=100%(32)
(Worker_TP1 pid=462) [gv2-census] calls=32 rows/call=48 runs/call=96.0 preads/call=96.0 read=1.209ms fadv/call=0.0 pf_hit=100%(32)
(Worker_TP1 pid=462) [gv2-census] calls=32 rows/call=48 runs/call=96.0 preads/call=96.0 read=0.706ms fadv/call=0.0 pf_hit=100%(32)
(Worker_TP1 pid=462) [gv2-census] calls=32 rows/call=48 runs/call=96.0 preads/call=96.0 read=1.148ms fadv/call=0.0 pf_hit=100%(32)
(Worker_TP1 pid=462) [gv2-census] calls=32 rows/call=48 runs/call=96.0 preads/call=96.0 read=0.678ms fadv/call=0.0 pf_hit=100%(32)
(Worker_TP1 pid=462) [gv2-census] calls=32 rows/call=48 runs/call=96.0 preads/call=96.0 read=0.734ms fadv/call=0.0 pf_hit=100%(32)
(Worker_TP1 pid=462) [gv2-census] calls=32 rows/call=48 runs/call=96.0 preads/call=96.0 read=0.700ms fadv/call=0.0 pf_hit=100%(32)
(Worker_TP1 pid=462) [gv2-census] calls=32 rows/call=48 runs/call=96.0 preads/call=96.0 read=0.798ms fadv/call=0.0 pf_hit=100%(32)
(Worker_TP1 pid=462) [gv2-census] calls=32 rows/call=90 runs/call=181.5 preads/call=181.5 read=2.095ms fadv/call=91.3 pf_hit=90%(32)
(Worker_TP1 pid=462) [gv2-census] calls=32 rows/call=48 runs/call=96.0 preads/call=96.0 read=0.725ms fadv/call=0.0 pf_hit=100%(32)
(Worker_TP1 pid=462) [gv2-census] calls=32 rows/call=48 runs/call=96.0 preads/call=96.0 read=0.783ms fadv/call=0.0 pf_hit=100%(32)
(Worker_TP1 pid=462) [gv2-census] calls=32 rows/call=48 runs/call=96.0 preads/call=96.0 read=1.149ms fadv/call=0.0 pf_hit=100%(32)
(Worker_TP1 pid=462) [gv2-census] calls=32 rows/call=48 runs/call=96.0 preads/call=96.0 read=1.321ms fadv/call=0.0 pf_hit=100%(32)
(Worker_TP1 pid=462) [gv2-census] calls=32 rows/call=48 runs/call=96.0 preads/call=96.0 read=1.233ms fadv/call=0.0 pf_hit=100%(32)
(Worker_TP1 pid=462) [gv2-census] calls=32 rows/call=48 runs/call=96.0 preads/call=96.0 read=0.702ms fadv/call=0.0 pf_hit=100%(32)
(Worker_TP1 pid=462) [gv2-census] calls=32 rows/call=48 runs/call=96.0 preads/call=96.0 read=0.643ms fadv/call=0.0 pf_hit=100%(32)
(Worker_TP1 pid=462) [gv2-census] calls=32 rows/call=48 runs/call=96.0 preads/call=96.0 read=0.717ms fadv/call=0.0 pf_hit=100%(32)
(Worker_TP1 pid=462) [gv2-census] calls=32 rows/call=48 runs/call=96.0 preads/call=96.0 read=0.728ms fadv/call=0.0 pf_hit=100%(32)
(Worker_TP1 pid=462) [gv2-census] calls=32 rows/call=48 runs/call=96.0 preads/call=96.0 read=0.740ms fadv/call=0.0 pf_hit=100%(32)
(Worker_TP1 pid=462) [gv2-census] calls=32 rows/call=48 runs/call=96.0 preads/call=96.0 read=0.635ms fadv/call=0.0 pf_hit=100%(32)
(Worker_TP1 pid=462) [gv2-census] calls=32 rows/call=48 runs/call=96.0 preads/call=96.0 read=0.671ms fadv/call=0.0 pf_hit=100%(32)
(Worker_TP1 pid=462) [gv2-census] calls=32 rows/call=48 runs/call=96.0 preads/call=96.0 read=1.205ms fadv/call=0.0 pf_hit=100%(32)
(Worker_TP1 pid=462) [gv2-census] calls=32 rows/call=48 runs/call=96.0 preads/call=96.0 read=1.255ms fadv/call=0.0 pf_hit=100%(32)
(Worker_TP1 pid=462) [gv2-census] calls=32 rows/call=90 runs/call=181.5 preads/call=181.5 read=1.351ms fadv/call=91.3 pf_hit=94%(32)
(Worker_TP1 pid=462) [gv2-census] calls=32 rows/call=48 runs/call=96.0 preads/call=96.0 read=1.813ms fadv/call=0.0 pf_hit=96%(32)
(Worker_TP1 pid=462) [gv2-census] calls=32 rows/call=48 runs/call=96.0 preads/call=96.0 read=0.662ms fadv/call=0.0 pf_hit=100%(32)
(Worker_TP1 pid=462) [gv2-census] calls=32 rows/call=48 runs/call=96.0 preads/call=96.0 read=0.785ms fadv/call=0.0 pf_hit=100%(32)
(Worker_TP1 pid=462) [gv2-census] calls=32 rows/call=48 runs/call=96.0 preads/call=96.0 read=0.687ms fadv/call=0.0 pf_hit=100%(32)
(Worker_TP1 pid=462) [gv2-census] calls=32 rows/call=48 runs/call=96.0 preads/call=96.0 read=1.262ms fadv/call=0.0 pf_hit=100%(32)
(Worker_TP1 pid=462) [gv2-census] calls=32 rows/call=48 runs/call=96.0 preads/call=96.0 read=0.736ms fadv/call=0.0 pf_hit=100%(32)
(Worker_TP1 pid=462) [gv2-census] calls=32 rows/call=48 runs/call=96.0 preads/call=96.0 read=1.219ms fadv/call=0.0 pf_hit=100%(32)
(Worker_TP1 pid=462) [gv2-census] calls=32 rows/call=48 runs/call=96.0 preads/call=96.0 read=0.711ms fadv/call=0.0 pf_hit=100%(32)
(Worker_TP1 pid=462) [gv2-census] calls=32 rows/call=48 runs/call=96.0 preads/call=96.0 read=0.694ms fadv/call=0.0 pf_hit=100%(32)
(Worker_TP1 pid=462) [gv2-census] calls=32 rows/call=48 runs/call=96.0 preads/call=96.0 read=1.193ms fadv/call=0.0 pf_hit=100%(32)
(Worker_TP1 pid=462) [gv2-census] calls=32 rows/call=48 runs/call=96.0 preads/call=96.0 read=0.661ms fadv/call=0.0 pf_hit=100%(32)
(Worker_TP1 pid=462) [gv2-census] calls=32 rows/call=48 runs/call=96.0 preads/call=96.0 read=0.693ms fadv/call=0.0 pf_hit=100%(32)
(Worker_TP1 pid=462) [gv2-census] calls=32 rows/call=48 runs/call=96.0 preads/call=96.0 read=0.666ms fadv/call=0.0 pf_hit=100%(32)
(Worker_TP1 pid=462) [gv2-census] calls=32 rows/call=48 runs/call=96.0 preads/call=96.0 read=0.786ms fadv/call=0.0 pf_hit=100%(32)
(Worker_TP1 pid=462) [gv2-census] calls=32 rows/call=90 runs/call=181.5 preads/call=181.5 read=1.825ms fadv/call=91.3 pf_hit=90%(32)
(Worker_TP1 pid=462) [gv2-census] calls=32 rows/call=48 runs/call=96.0 preads/call=96.0 read=1.256ms fadv/call=0.0 pf_hit=100%(32)
(Worker_TP1 pid=462) [gv2-census] calls=32 rows/call=48 runs/call=96.0 preads/call=96.0 read=1.855ms fadv/call=0.0 pf_hit=100%(32)
(Worker_TP1 pid=462) [gv2-census] calls=32 rows/call=48 runs/call=96.0 preads/call=96.0 read=2.350ms fadv/call=0.0 pf_hit=100%(32)
(Worker_TP1 pid=462) [gv2-census] calls=32 rows/call=48 runs/call=96.0 preads/call=96.0 read=1.249ms fadv/call=0.0 pf_hit=100%(32)
(Worker_TP1 pid=462) [gv2-census] calls=32 rows/call=48 runs/call=96.0 preads/call=96.0 read=1.263ms fadv/call=0.0 pf_hit=100%(32)
(Worker_TP1 pid=462) [gv2-census] calls=32 rows/call=48 runs/call=96.0 preads/call=96.0 read=0.757ms fadv/call=0.0 pf_hit=100%(32)
(Worker_TP1 pid=462) [gv2-census] calls=32 rows/call=48 runs/call=96.0 preads/call=96.0 read=0.741ms fadv/call=0.0 pf_hit=100%(32)
(Worker_TP1 pid=462) [gv2-census] calls=32 rows/call=48 runs/call=96.0 preads/call=96.0 read=0.841ms fadv/call=0.0 pf_hit=100%(32)
(Worker_TP1 pid=462) [gv2-census] calls=32 rows/call=48 runs/call=96.0 preads/call=96.0 read=0.718ms fadv/call=0.0 pf_hit=100%(32)
(Worker_TP1 pid=462) [gv2-census] calls=32 rows/call=48 runs/call=96.0 preads/call=96.0 read=0.726ms fadv/call=0.0 pf_hit=100%(32)
(Worker_TP1 pid=462) [gv2-census] calls=32 rows/call=48 runs/call=96.0 preads/call=96.0 read=1.250ms fadv/call=0.0 pf_hit=100%(32)
(Worker_TP1 pid=462) [gv2-census] calls=32 rows/call=48 runs/call=96.0 preads/call=96.0 read=0.702ms fadv/call=0.0 pf_hit=100%(32)
(Worker_TP1 pid=462) [gv2-census] calls=32 rows/call=48 runs/call=96.0 preads/call=96.0 read=1.740ms fadv/call=0.0 pf_hit=100%(32)
(Worker_TP1 pid=462) [gv2-census] calls=32 rows/call=90 runs/call=181.5 preads/call=181.5 read=1.333ms fadv/call=91.3 pf_hit=90%(32)
(Worker_TP1 pid=462) [gv2-census] calls=32 rows/call=48 runs/call=96.0 preads/call=96.0 read=1.858ms fadv/call=0.0 pf_hit=100%(32)
(Worker_TP1 pid=462) [gv2-census] calls=32 rows/call=48 runs/call=96.0 preads/call=96.0 read=1.268ms fadv/call=0.0 pf_hit=100%(32)
(Worker_TP1 pid=462) [gv2-census] calls=32 rows/call=48 runs/call=96.0 preads/call=96.0 read=0.728ms fadv/call=0.0 pf_hit=100%(32)
(Worker_TP1 pid=462) [gv2-census] calls=32 rows/call=48 runs/call=96.0 preads/call=96.0 read=0.693ms fadv/call=0.0 pf_hit=100%(32)
(Worker_TP1 pid=462) [gv2-census] calls=32 rows/call=48 runs/call=96.0 preads/call=96.0 read=0.729ms fadv/call=0.0 pf_hit=100%(32)
(Worker_TP1 pid=462) [gv2-census] calls=32 rows/call=48 runs/call=96.0 preads/call=96.0 read=1.344ms fadv/call=0.0 pf_hit=100%(32)
(Worker_TP1 pid=462) [gv2-census] calls=32 rows/call=48 runs/call=96.0 preads/call=96.0 read=0.675ms fadv/call=0.0 pf_hit=100%(32)
(Worker_TP1 pid=462) [gv2-census] calls=32 rows/call=48 runs/call=96.0 preads/call=96.0 read=1.265ms fadv/call=0.0 pf_hit=100%(32)
(Worker_TP1 pid=462) [gv2-census] calls=32 rows/call=48 runs/call=96.0 preads/call=96.0 read=0.716ms fadv/call=0.0 pf_hit=100%(32)
(Worker_TP1 pid=462) [gv2-census] calls=32 rows/call=48 runs/call=96.0 preads/call=96.0 read=0.678ms fadv/call=0.0 pf_hit=100%(32)
(Worker_TP1 pid=462) [gv2-census] calls=32 rows/call=48 runs/call=96.0 preads/call=96.0 read=0.697ms fadv/call=0.0 pf_hit=100%(32)
(Worker_TP1 pid=462) [gv2-census] calls=32 rows/call=48 runs/call=96.0 preads/call=96.0 read=0.683ms fadv/call=0.0 pf_hit=100%(32)
(Worker_TP1 pid=462) [gv2-census] calls=32 rows/call=48 runs/call=96.0 preads/call=96.0 read=0.644ms fadv/call=0.0 pf_hit=100%(32)
(Worker_TP1 pid=462) [gv2-census] calls=32 rows/call=48 runs/call=96.0 preads/call=96.0 read=0.657ms fadv/call=0.0 pf_hit=100%(32)
(Worker_TP1 pid=462) [gv2-census] calls=32 rows/call=48 runs/call=96.0 preads/call=96.0 read=0.646ms fadv/call=0.0 pf_hit=100%(32)
(Worker_TP1 pid=462) [gv2-census] calls=32 rows/call=90 runs/call=181.5 preads/call=181.5 read=1.436ms fadv/call=91.3 pf_hit=90%(32)
(Worker_TP1 pid=462) [gv2-census] calls=32 rows/call=48 runs/call=96.0 preads/call=96.0 read=1.228ms fadv/call=0.0 pf_hit=100%(32)
(Worker_TP1 pid=462) [gv2-census] calls=32 rows/call=48 runs/call=96.0 preads/call=96.0 read=0.693ms fadv/call=0.0 pf_hit=100%(32)
(Worker_TP1 pid=462) [gv2-census] calls=32 rows/call=48 runs/call=96.0 preads/call=96.0 read=0.844ms fadv/call=0.0 pf_hit=100%(32)
(Worker_TP1 pid=462) [gv2-census] calls=32 rows/call=48 runs/call=96.0 preads/call=96.0 read=0.783ms fadv/call=0.0 pf_hit=100%(32)
(Worker_TP1 pid=462) [gv2-census] calls=32 rows/call=48 runs/call=96.0 preads/call=96.0 read=1.776ms fadv/call=0.0 pf_hit=100%(32)
(Worker_TP1 pid=462) [gv2-census] calls=32 rows/call=48 runs/call=96.0 preads/call=96.0 read=0.773ms fadv/call=0.0 pf_hit=100%(32)
(Worker_TP1 pid=462) [gv2-census] calls=32 rows/call=48 runs/call=96.0 preads/call=96.0 read=0.739ms fadv/call=0.0 pf_hit=100%(32)
(Worker_TP1 pid=462) [gv2-census] calls=32 rows/call=48 runs/call=96.0 preads/call=96.0 read=0.705ms fadv/call=0.0 pf_hit=100%(32)
(Worker_TP1 pid=462) [gv2-census] calls=32 rows/call=48 runs/call=96.0 preads/call=96.0 read=1.301ms fadv/call=0.0 pf_hit=100%(32)
(Worker_TP1 pid=462) [gv2-census] calls=32 rows/call=48 runs/call=96.0 preads/call=96.0 read=0.773ms fadv/call=0.0 pf_hit=100%(32)
(Worker_TP1 pid=462) [gv2-census] calls=32 rows/call=48 runs/call=96.0 preads/call=96.0 read=0.749ms fadv/call=0.0 pf_hit=100%(32)
(Worker_TP1 pid=462) [gv2-census] calls=32 rows/call=48 runs/call=96.0 preads/call=96.0 read=0.727ms fadv/call=0.0 pf_hit=100%(32)
(Worker_TP1 pid=462) [gv2-census] calls=32 rows/call=48 runs/call=96.0 preads/call=96.0 read=1.303ms fadv/call=0.0 pf_hit=100%(32)
(Worker_TP1 pid=462) [gv2-census] calls=32 rows/call=48 runs/call=96.0 preads/call=96.0 read=1.777ms fadv/call=0.0 pf_hit=100%(32)
(Worker_TP1 pid=462) WARNING 09-25 00:47:02 [jit_monitor.py:141] Triton kernel JIT compilation during inference: _topk_log_softmax_kernel. This causes a latency spike; consider extending warmup to cover this shape/config.
(Worker_TP1 pid=462) [gv2-census] calls=32 rows/call=4627 runs/call=9196.4 preads/call=9196.4 read=95.324ms fadv/call=9056.1 pf_hit=82%(10)
(Worker_TP1 pid=462) [gv2-census] calls=32 rows/call=6153 runs/call=12187.9 preads/call=12187.9 read=105.588ms fadv/call=12037.2
(Worker_TP1 pid=462) [gv2-census] calls=32 rows/call=4657 runs/call=9050.0 preads/call=9050.0 read=77.120ms fadv/call=8926.3 pf_hit=78%(6)
(Worker_TP1 pid=462) [gv2-census] calls=32 rows/call=48 runs/call=96.0 preads/call=96.0 read=0.562ms fadv/call=0.0 pf_hit=100%(32)
(Worker_TP1 pid=462) [gv2-census] calls=32 rows/call=48 runs/call=96.0 preads/call=96.0 read=0.603ms fadv/call=0.0 pf_hit=100%(32)
(Worker_TP1 pid=462) [gv2-census] calls=32 rows/call=48 runs/call=96.0 preads/call=96.0 read=0.654ms fadv/call=0.0 pf_hit=100%(32)
(Worker_TP1 pid=462) [gv2-census] calls=32 rows/call=48 runs/call=96.0 preads/call=96.0 read=0.629ms fadv/call=0.0 pf_hit=100%(32)
(Worker_TP1 pid=462) [gv2-census] calls=32 rows/call=48 runs/call=96.0 preads/call=96.0 read=0.668ms fadv/call=0.0 pf_hit=100%(32)
(Worker_TP1 pid=462) [gv2-census] calls=32 rows/call=211 runs/call=420.5 preads/call=420.5 read=3.546ms fadv/call=334.9 pf_hit=91%(30)
(Worker_TP1 pid=462) [gv2-census] calls=32 rows/call=48 runs/call=96.0 preads/call=96.0 read=0.699ms fadv/call=0.0 pf_hit=100%(32)
(Worker_TP1 pid=462) [gv2-census] calls=32 rows/call=48 runs/call=96.0 preads/call=96.0 read=0.648ms fadv/call=0.0 pf_hit=100%(32)
(Worker_TP1 pid=462) [gv2-census] calls=32 rows/call=48 runs/call=96.0 preads/call=96.0 read=0.655ms fadv/call=0.0 pf_hit=100%(32)
(Worker_TP1 pid=462) [gv2-census] calls=32 rows/call=48 runs/call=96.0 preads/call=96.0 read=0.637ms fadv/call=0.0 pf_hit=100%(32)
(Worker_TP1 pid=462) [gv2-census] calls=32 rows/call=211 runs/call=421.0 preads/call=421.0 read=4.764ms fadv/call=335.9 pf_hit=89%(30)
(Worker_TP1 pid=462) [gv2-census] calls=32 rows/call=48 runs/call=96.0 preads/call=96.0 read=0.547ms fadv/call=0.0 pf_hit=100%(32)
(Worker_TP1 pid=462) [gv2-census] calls=32 rows/call=48 runs/call=96.0 preads/call=96.0 read=0.654ms fadv/call=0.0 pf_hit=100%(32)
(Worker_TP1 pid=462) [gv2-census] calls=32 rows/call=48 runs/call=96.0 preads/call=96.0 read=0.625ms fadv/call=0.0 pf_hit=100%(32)
(Worker_TP1 pid=462) [gv2-census] calls=32 rows/call=48 runs/call=96.0 preads/call=96.0 read=0.542ms fadv/call=0.0 pf_hit=100%(32)
(Worker_TP1 pid=462) [gv2-census] calls=32 rows/call=211 runs/call=414.5 preads/call=414.5 read=5.473ms fadv/call=329.5 pf_hit=89%(30)
(Worker_TP1 pid=462) [gv2-census] calls=32 rows/call=48 runs/call=96.0 preads/call=96.0 read=0.649ms fadv/call=0.0 pf_hit=100%(32)
(Worker_TP1 pid=462) [gv2-census] calls=32 rows/call=48 runs/call=96.0 preads/call=96.0 read=1.205ms fadv/call=0.0 pf_hit=100%(32)
(Worker_TP1 pid=462) [gv2-census] calls=32 rows/call=48 runs/call=96.0 preads/call=96.0 read=0.673ms fadv/call=0.0 pf_hit=100%(32)
(Worker_TP1 pid=462) [gv2-census] calls=32 rows/call=48 runs/call=96.0 preads/call=96.0 read=0.711ms fadv/call=0.0 pf_hit=100%(32)
(Worker_TP1 pid=462) [gv2-census] calls=32 rows/call=211 runs/call=423.0 preads/call=423.0 read=5.972ms fadv/call=337.8 pf_hit=89%(30)
(Worker_TP1 pid=462) [gv2-census] calls=32 rows/call=48 runs/call=96.0 preads/call=96.0 read=0.722ms fadv/call=0.0 pf_hit=100%(32)
(Worker_TP1 pid=462) [gv2-census] calls=32 rows/call=48 runs/call=96.0 preads/call=96.0 read=0.726ms fadv/call=0.0 pf_hit=100%(32)
(Worker_TP1 pid=462) [gv2-census] calls=32 rows/call=48 runs/call=96.0 preads/call=96.0 read=0.607ms fadv/call=0.0 pf_hit=100%(32)
(Worker_TP1 pid=462) [gv2-census] calls=32 rows/call=48 runs/call=96.0 preads/call=96.0 read=0.546ms fadv/call=0.0 pf_hit=100%(32)
(Worker_TP1 pid=462) [gv2-census] calls=32 rows/call=48 runs/call=96.0 preads/call=96.0 read=0.581ms fadv/call=0.0 pf_hit=100%(32)
(Worker_TP1 pid=462) [gv2-census] calls=32 rows/call=211 runs/call=423.0 preads/call=423.0 read=5.259ms fadv/call=337.8 pf_hit=89%(30)
(Worker_TP1 pid=462) [gv2-census] calls=32 rows/call=48 runs/call=96.0 preads/call=96.0 read=0.636ms fadv/call=0.0 pf_hit=100%(32)
(Worker_TP1 pid=462) [gv2-census] calls=32 rows/call=48 runs/call=96.0 preads/call=96.0 read=0.652ms fadv/call=0.0 pf_hit=100%(32)
(Worker_TP1 pid=462) [gv2-census] calls=32 rows/call=48 runs/call=96.0 preads/call=96.0 read=0.636ms fadv/call=0.0 pf_hit=100%(32)
(Worker_TP1 pid=462) [gv2-census] calls=32 rows/call=48 runs/call=96.0 preads/call=96.0 read=0.597ms fadv/call=0.0 pf_hit=100%(32)
(Worker_TP1 pid=462) [gv2-census] calls=32 rows/call=211 runs/call=421.0 preads/call=421.0 read=3.730ms fadv/call=335.7 pf_hit=93%(30)
(Worker_TP1 pid=462) [gv2-census] calls=32 rows/call=48 runs/call=96.0 preads/call=96.0 read=1.581ms fadv/call=0.0 pf_hit=96%(32)
(Worker_TP1 pid=462) [gv2-census] calls=32 rows/call=48 runs/call=96.0 preads/call=96.0 read=0.528ms fadv/call=0.0 pf_hit=100%(32)
(Worker_TP1 pid=462) [gv2-census] calls=32 rows/call=48 runs/call=96.0 preads/call=96.0 read=0.644ms fadv/call=0.0 pf_hit=100%(32)
(Worker_TP1 pid=462) [gv2-census] calls=32 rows/call=48 runs/call=96.0 preads/call=96.0 read=1.166ms fadv/call=0.0 pf_hit=100%(32)
(Worker_TP1 pid=462) [gv2-census] calls=32 rows/call=211 runs/call=386.0 preads/call=386.0 read=4.964ms fadv/call=301.2 pf_hit=91%(30)
(Worker_TP1 pid=462) [gv2-census] calls=32 rows/call=48 runs/call=96.0 preads/call=96.0 read=0.733ms fadv/call=0.0 pf_hit=100%(32)
(Worker_TP1 pid=462) [gv2-census] calls=32 rows/call=48 runs/call=96.0 preads/call=96.0 read=0.659ms fadv/call=0.0 pf_hit=100%(32)
(Worker_TP1 pid=462) [gv2-census] calls=32 rows/call=48 runs/call=96.0 preads/call=96.0 read=0.767ms fadv/call=0.0 pf_hit=100%(32)
(Worker_TP1 pid=462) [gv2-census] calls=32 rows/call=48 runs/call=96.0 preads/call=96.0 read=0.730ms fadv/call=0.0 pf_hit=100%(32)
(Worker_TP1 pid=462) [gv2-census] calls=32 rows/call=48 runs/call=96.0 preads/call=96.0 read=0.634ms fadv/call=0.0 pf_hit=100%(32)
(Worker_TP1 pid=462) WARNING 09-25 00:48:28 [jit_monitor.py:141] Triton kernel JIT compilation during inference: _compute_global_topk_indices_and_lens_kernel. This causes a latency spike; consider extending warmup to cover this shape/config.
(Worker_TP1 pid=462) [gv2-census] calls=32 rows/call=708 runs/call=1289.0 preads/call=1289.0 read=18.048ms fadv/call=1137.5 pf_hit=96%(26)
(Worker_TP1 pid=462) [gv2-census] calls=32 rows/call=591 runs/call=959.5 preads/call=959.5 read=15.721ms fadv/call=797.9 pf_hit=92%(28)
(Worker_TP1 pid=462) [gv2-census] calls=32 rows/call=96 runs/call=190.0 preads/call=190.0 read=2.587ms fadv/call=0.0 pf_hit=100%(32)
(Worker_TP1 pid=462) [gv2-census] calls=32 rows/call=96 runs/call=188.5 preads/call=188.5 read=1.324ms fadv/call=0.0 pf_hit=100%(32)
(Worker_TP1 pid=462) [gv2-census] calls=32 rows/call=419 runs/call=755.5 preads/call=755.5 read=10.056ms fadv/call=596.2 pf_hit=92%(28)
(Worker_TP1 pid=462) [gv2-census] calls=32 rows/call=237 runs/call=453.0 preads/call=453.0 read=5.037ms fadv/call=277.8 pf_hit=97%(30)
(Worker_TP1 pid=462) [gv2-census] calls=32 rows/call=327 runs/call=542.5 preads/call=542.5 read=9.154ms fadv/call=372.3 pf_hit=93%(30)
(Worker_TP1 pid=462) [gv2-census] calls=32 rows/call=387 runs/call=716.5 preads/call=716.5 read=8.418ms fadv/call=552.0 pf_hit=96%(28)
(Worker_TP1 pid=462) [gv2-census] calls=32 rows/call=219 runs/call=417.5 preads/call=417.5 read=5.017ms fadv/call=244.7 pf_hit=97%(30)
(Worker_TP1 pid=462) [gv2-census] calls=32 rows/call=345 runs/call=568.0 preads/call=568.0 read=6.244ms fadv/call=397.4 pf_hit=93%(30)
(Worker_TP1 pid=462) [gv2-census] calls=32 rows/call=288 runs/call=505.5 preads/call=505.5 read=8.352ms fadv/call=324.2 pf_hit=100%(30)
(Worker_TP1 pid=462) [gv2-census] calls=32 rows/call=400 runs/call=740.0 preads/call=740.0 read=10.684ms fadv/call=581.5 pf_hit=92%(28)
(Worker_TP1 pid=462) [gv2-census] calls=32 rows/call=235 runs/call=443.5 preads/call=443.5 read=5.568ms fadv/call=268.2 pf_hit=97%(30)
(Worker_TP1 pid=462) [gv2-census] calls=32 rows/call=96 runs/call=192.0 preads/call=192.0 read=1.500ms fadv/call=0.0 pf_hit=100%(32)
(Worker_TP1 pid=462) [gv2-census] calls=32 rows/call=453 runs/call=781.0 preads/call=781.0 read=11.027ms fadv/call=622.5 pf_hit=92%(28)
(Worker_TP1 pid=462) [gv2-census] calls=32 rows/call=231 runs/call=440.5 preads/call=440.5 read=6.025ms fadv/call=265.8 pf_hit=97%(30)
(Worker_TP1 pid=462) [gv2-census] calls=32 rows/call=446 runs/call=793.5 preads/call=793.5 read=8.309ms fadv/call=633.9 pf_hit=92%(28)
(Worker_TP1 pid=462) [gv2-census] calls=32 rows/call=264 runs/call=489.5 preads/call=489.5 read=7.091ms fadv/call=315.5 pf_hit=97%(30)
(Worker_TP1 pid=462) [gv2-census] calls=32 rows/call=96 runs/call=189.5 preads/call=189.5 read=4.085ms fadv/call=0.0 pf_hit=100%(32)
(Worker_TP1 pid=462) [gv2-census] calls=32 rows/call=398 runs/call=712.5 preads/call=712.5 read=12.763ms fadv/call=554.0 pf_hit=92%(28)
(Worker_TP1 pid=462) [gv2-census] calls=32 rows/call=512 runs/call=940.5 preads/call=940.5 read=14.389ms fadv/call=793.1 pf_hit=88%(26)
(Worker_TP1 pid=462) [gv2-census] calls=32 rows/call=525 runs/call=786.5 preads/call=786.5 read=14.290ms fadv/call=622.1 pf_hit=90%(28)
(Worker_TP1 pid=462) INFO 09-25 00:49:18 [exl3.py:1224] EXL3 fat-chunk slicing ACTIVE (tokens=8001)
(Worker_TP1 pid=462) [gv2-census] calls=32 rows/call=6072 runs/call=7923.7 preads/call=7923.7 read=92.064ms fadv/call=6882.9 pf_hit=92%(30)
(Worker_TP1 pid=462) INFO 09-25 00:49:28 [exl3.py:1224] EXL3 fat-chunk slicing ACTIVE (tokens=8142)
(Worker_TP1 pid=462) INFO 09-25 00:49:38 [exl3.py:1224] EXL3 fat-chunk slicing ACTIVE (tokens=8133)
(Worker_TP1 pid=462) INFO 09-25 00:49:48 [exl3.py:1224] EXL3 fat-chunk slicing ACTIVE (tokens=8190)
(Worker_TP1 pid=462) [dsv41-prefill-empty-cache] skipped #1 (longest seq 16380, MemAvailable 23.06 GiB >= 2.5 GiB)
(Worker_TP1 pid=462) INFO 09-25 00:50:19 [exl3.py:1224] EXL3 fat-chunk slicing ACTIVE (tokens=7726)
(Worker_TP1 pid=462) [gv2-census] calls=32 rows/call=42597 runs/call=54821.9 preads/call=54821.9 read=514.552ms fadv/call=48442.1 pf_hit=60%(20)
(Worker_TP1 pid=462) INFO 09-25 00:51:00 [exl3.py:1224] EXL3 fat-chunk slicing ACTIVE (tokens=7603)
(Worker_TP1 pid=462) INFO 09-25 00:51:41 [exl3.py:1224] EXL3 fat-chunk slicing ACTIVE (tokens=8096)
(Worker_TP1 pid=462) [gv2-census] calls=32 rows/call=42523 runs/call=54496.5 preads/call=54496.5 read=487.964ms fadv/call=48166.6 pf_hit=67%(16)
(Worker_TP1 pid=462) [gv2-census] calls=32 rows/call=48 runs/call=96.0 preads/call=96.0 read=0.646ms fadv/call=0.0 pf_hit=100%(32)
(Worker_TP1 pid=462) [gv2-census] calls=32 rows/call=48 runs/call=96.0 preads/call=96.0 read=1.182ms fadv/call=0.0 pf_hit=100%(32)
(Worker_TP1 pid=462) [gv2-census] calls=32 rows/call=57 runs/call=114.0 preads/call=114.0 read=4.318ms fadv/call=0.0 pf_hit=90%(32)
(Worker_TP1 pid=462) [gv2-census] calls=32 rows/call=48 runs/call=96.0 preads/call=96.0 read=0.572ms fadv/call=0.0 pf_hit=100%(32)
(Worker_TP1 pid=462) [gv2-census] calls=32 rows/call=56 runs/call=112.5 preads/call=112.5 read=4.005ms fadv/call=0.0 pf_hit=94%(32)
(Worker_TP1 pid=462) [gv2-census] calls=32 rows/call=48 runs/call=96.0 preads/call=96.0 read=1.829ms fadv/call=0.0 pf_hit=96%(32)
(Worker_TP1 pid=462) [gv2-census] calls=32 rows/call=48 runs/call=96.0 preads/call=96.0 read=0.819ms fadv/call=0.0 pf_hit=100%(32)
(Worker_TP1 pid=462) [gv2-census] calls=32 rows/call=56 runs/call=112.5 preads/call=112.5 read=4.319ms fadv/call=0.0 pf_hit=90%(32)
(Worker_TP1 pid=462) [gv2-census] calls=32 rows/call=66 runs/call=132.0 preads/call=132.0 read=6.593ms fadv/call=0.0 pf_hit=83%(32)
(Worker_TP1 pid=462) [gv2-census] calls=32 rows/call=56 runs/call=112.5 preads/call=112.5 read=4.706ms fadv/call=0.0 pf_hit=85%(32)
(Worker_TP1 pid=462) [gv2-census] calls=32 rows/call=48 runs/call=96.0 preads/call=96.0 read=0.654ms fadv/call=0.0 pf_hit=100%(32)
(Worker_TP1 pid=462) [gv2-census] calls=32 rows/call=48 runs/call=96.0 preads/call=96.0 read=0.744ms fadv/call=0.0 pf_hit=100%(32)
(Worker_TP1 pid=462) [gv2-census] calls=32 rows/call=48 runs/call=96.0 preads/call=96.0 read=0.608ms fadv/call=0.0 pf_hit=100%(32)
(Worker_TP1 pid=462) [gv2-census] calls=32 rows/call=54 runs/call=109.5 preads/call=109.5 read=3.439ms fadv/call=0.0 pf_hit=90%(32)
(Worker_TP1 pid=462) [gv2-census] calls=32 rows/call=65 runs/call=130.5 preads/call=130.5 read=6.760ms fadv/call=0.0 pf_hit=90%(32)
(Worker_TP1 pid=462) [gv2-census] calls=32 rows/call=48 runs/call=96.0 preads/call=96.0 read=0.842ms fadv/call=0.0 pf_hit=100%(32)
(Worker_TP1 pid=462) [gv2-census] calls=32 rows/call=56 runs/call=112.5 preads/call=112.5 read=4.597ms fadv/call=0.0 pf_hit=90%(32)
(Worker_TP1 pid=462) [gv2-census] calls=32 rows/call=48 runs/call=96.0 preads/call=96.0 read=0.841ms fadv/call=0.0 pf_hit=100%(32)
(Worker_TP1 pid=462) [gv2-census] calls=32 rows/call=48 runs/call=96.0 preads/call=96.0 read=0.798ms fadv/call=0.0 pf_hit=100%(32)
(Worker_TP1 pid=462) [gv2-census] calls=32 rows/call=48 runs/call=96.0 preads/call=96.0 read=0.699ms fadv/call=0.0 pf_hit=100%(32)
(Worker_TP1 pid=462) [gv2-census] calls=32 rows/call=58 runs/call=117.0 preads/call=117.0 read=5.653ms fadv/call=0.0 pf_hit=90%(32)
(Worker_TP1 pid=462) [gv2-census] calls=32 rows/call=48 runs/call=96.0 preads/call=96.0 read=0.755ms fadv/call=0.0 pf_hit=100%(32)
(Worker_TP1 pid=462) [gv2-census] calls=32 rows/call=48 runs/call=96.0 preads/call=96.0 read=0.680ms fadv/call=0.0 pf_hit=100%(32)
(Worker_TP1 pid=462) [gv2-census] calls=32 rows/call=48 runs/call=96.0 preads/call=96.0 read=0.822ms fadv/call=0.0 pf_hit=100%(32)
(Worker_TP1 pid=462) [gv2-census] calls=32 rows/call=58 runs/call=117.0 preads/call=117.0 read=3.771ms fadv/call=0.0 pf_hit=94%(32)
(Worker_TP1 pid=462) [gv2-census] calls=32 rows/call=48 runs/call=96.0 preads/call=96.0 read=1.782ms fadv/call=0.0 pf_hit=96%(32)
(Worker_TP1 pid=462) [gv2-census] calls=32 rows/call=48 runs/call=96.0 preads/call=96.0 read=0.733ms fadv/call=0.0 pf_hit=100%(32)
(Worker_TP1 pid=462) [gv2-census] calls=32 rows/call=57 runs/call=115.5 preads/call=115.5 read=2.088ms fadv/call=0.0 pf_hit=90%(32)
(Worker_TP1 pid=462) [gv2-census] calls=32 rows/call=48 runs/call=96.0 preads/call=96.0 read=1.808ms fadv/call=0.0 pf_hit=100%(32)
(Worker_TP1 pid=462) [gv2-census] calls=32 rows/call=48 runs/call=96.0 preads/call=96.0 read=1.732ms fadv/call=0.0 pf_hit=100%(32)
(Worker_TP1 pid=462) [gv2-census] calls=32 rows/call=57 runs/call=114.0 preads/call=114.0 read=1.473ms fadv/call=0.0 pf_hit=90%(32)
(Worker_TP1 pid=462) [gv2-census] calls=32 rows/call=48 runs/call=96.0 preads/call=96.0 read=1.764ms fadv/call=0.0 pf_hit=100%(32)
(Worker_TP1 pid=462) [gv2-census] calls=32 rows/call=48 runs/call=96.0 preads/call=96.0 read=2.436ms fadv/call=0.0 pf_hit=100%(32)
(Worker_TP1 pid=462) [gv2-census] calls=32 rows/call=56 runs/call=112.5 preads/call=112.5 read=2.437ms fadv/call=0.0 pf_hit=90%(32)
(Worker_TP1 pid=462) [gv2-census] calls=32 rows/call=48 runs/call=96.0 preads/call=96.0 read=0.590ms fadv/call=0.0 pf_hit=100%(32)
(Worker_TP1 pid=462) [gv2-census] calls=32 rows/call=56 runs/call=112.5 preads/call=112.5 read=0.760ms fadv/call=0.0 pf_hit=90%(32)
(Worker_TP1 pid=462) [gv2-census] calls=32 rows/call=58 runs/call=117.0 preads/call=117.0 read=2.322ms fadv/call=0.0 pf_hit=90%(32)
(Worker_TP1 pid=462) [gv2-census] calls=32 rows/call=63 runs/call=127.5 preads/call=127.5 read=2.596ms fadv/call=0.0 pf_hit=79%(32)
(Worker_TP1 pid=462) [gv2-census] calls=32 rows/call=48 runs/call=96.0 preads/call=96.0 read=2.275ms fadv/call=0.0 pf_hit=100%(32)
(Worker_TP1 pid=462) [gv2-census] calls=32 rows/call=48 runs/call=96.0 preads/call=96.0 read=1.275ms fadv/call=0.0 pf_hit=100%(32)
(Worker_TP1 pid=462) [gv2-census] calls=32 rows/call=48 runs/call=96.0 preads/call=96.0 read=0.734ms fadv/call=0.0 pf_hit=100%(32)
(Worker_TP1 pid=462) [gv2-census] calls=32 rows/call=54 runs/call=109.5 preads/call=109.5 read=1.258ms fadv/call=0.0 pf_hit=90%(32)
(Worker_TP1 pid=462) [gv2-census] calls=32 rows/call=65 runs/call=130.5 preads/call=130.5 read=2.629ms fadv/call=0.0 pf_hit=90%(32)
(Worker_TP1 pid=462) [gv2-census] calls=32 rows/call=48 runs/call=96.0 preads/call=96.0 read=1.868ms fadv/call=0.0 pf_hit=100%(32)
(Worker_TP1 pid=462) [gv2-census] calls=32 rows/call=56 runs/call=112.5 preads/call=112.5 read=1.946ms fadv/call=0.0 pf_hit=94%(32)
(Worker_TP1 pid=462) [gv2-census] calls=32 rows/call=48 runs/call=96.0 preads/call=96.0 read=2.420ms fadv/call=0.0 pf_hit=96%(32)
(Worker_TP1 pid=462) [gv2-census] calls=32 rows/call=48 runs/call=96.0 preads/call=96.0 read=2.858ms fadv/call=0.0 pf_hit=100%(32)
(Worker_TP1 pid=462) [gv2-census] calls=32 rows/call=48 runs/call=96.0 preads/call=96.0 read=1.878ms fadv/call=0.0 pf_hit=100%(32)
(Worker_TP1 pid=462) [gv2-census] calls=32 rows/call=58 runs/call=117.0 preads/call=117.0 read=2.224ms fadv/call=0.0 pf_hit=90%(32)
(Worker_TP1 pid=462) [gv2-census] calls=32 rows/call=48 runs/call=96.0 preads/call=96.0 read=0.664ms fadv/call=0.0 pf_hit=100%(32)
(Worker_TP1 pid=462) [gv2-census] calls=32 rows/call=48 runs/call=96.0 preads/call=96.0 read=0.618ms fadv/call=0.0 pf_hit=100%(32)
(Worker_TP1 pid=462) [gv2-census] calls=32 rows/call=48 runs/call=96.0 preads/call=96.0 read=0.755ms fadv/call=0.0 pf_hit=100%(32)
(Worker_TP1 pid=462) [gv2-census] calls=32 rows/call=48 runs/call=96.0 preads/call=96.0 read=0.802ms fadv/call=0.0 pf_hit=100%(32)
(Worker_TP1 pid=462) [gv2-census] calls=32 rows/call=58 runs/call=117.0 preads/call=117.0 read=0.896ms fadv/call=0.0 pf_hit=90%(32)
(Worker_TP1 pid=462) [gv2-census] calls=32 rows/call=48 runs/call=96.0 preads/call=96.0 read=2.291ms fadv/call=0.0 pf_hit=100%(32)
(Worker_TP1 pid=462) [gv2-census] calls=32 rows/call=48 runs/call=96.0 preads/call=96.0 read=0.809ms fadv/call=0.0 pf_hit=100%(32)
(Worker_TP1 pid=462) [gv2-census] calls=32 rows/call=1653 runs/call=3171.5 preads/call=3171.5 read=39.512ms fadv/call=3026.8 pf_hit=67%(24)
(Worker_TP1 pid=462) [gv2-census] calls=32 rows/call=6153 runs/call=12185.1 preads/call=12185.1 read=117.445ms fadv/call=12033.6
(Worker_TP1 pid=462) [gv2-census] calls=32 rows/call=6153 runs/call=12047.4 preads/call=12047.4 read=96.828ms fadv/call=11903.6
(Worker_TP1 pid=462) [gv2-census] calls=32 rows/call=6151 runs/call=12196.1 preads/call=12196.1 read=83.326ms fadv/call=12042.9
(Worker_TP1 pid=462) [gv2-census] calls=32 rows/call=6153 runs/call=12187.9 preads/call=12187.9 read=87.709ms fadv/call=12037.2
(Worker_TP1 pid=462) [gv2-census] calls=32 rows/call=4657 runs/call=9050.0 preads/call=9050.0 read=59.913ms fadv/call=8926.3 pf_hit=78%(6)
(Worker_TP1 pid=462) [gv2-census] calls=32 rows/call=48 runs/call=96.0 preads/call=96.0 read=2.150ms fadv/call=0.0 pf_hit=100%(32)
(Worker_TP1 pid=462) [gv2-census] calls=32 rows/call=48 runs/call=96.0 preads/call=96.0 read=2.195ms fadv/call=0.0 pf_hit=100%(32)
(Worker_TP1 pid=462) [gv2-census] calls=32 rows/call=48 runs/call=96.0 preads/call=96.0 read=0.584ms fadv/call=0.0 pf_hit=100%(32)
(Worker_TP1 pid=462) [gv2-census] calls=32 rows/call=48 runs/call=96.0 preads/call=96.0 read=0.534ms fadv/call=0.0 pf_hit=100%(32)
(Worker_TP1 pid=462) [gv2-census] calls=32 rows/call=48 runs/call=96.0 preads/call=96.0 read=0.528ms fadv/call=0.0 pf_hit=100%(32)
(Worker_TP1 pid=462) [gv2-census] calls=32 rows/call=211 runs/call=420.0 preads/call=420.0 read=4.061ms fadv/call=334.5 pf_hit=89%(30)
(Worker_TP1 pid=462) [gv2-census] calls=32 rows/call=48 runs/call=96.0 preads/call=96.0 read=2.152ms fadv/call=0.0 pf_hit=100%(32)
(Worker_TP1 pid=462) [gv2-census] calls=32 rows/call=48 runs/call=96.0 preads/call=96.0 read=1.050ms fadv/call=0.0 pf_hit=100%(32)
(Worker_TP1 pid=462) [gv2-census] calls=32 rows/call=48 runs/call=96.0 preads/call=96.0 read=0.586ms fadv/call=0.0 pf_hit=100%(32)
(Worker_TP1 pid=462) [gv2-census] calls=32 rows/call=48 runs/call=96.0 preads/call=96.0 read=0.683ms fadv/call=0.0 pf_hit=100%(32)
(Worker_TP1 pid=462) [gv2-census] calls=32 rows/call=211 runs/call=421.5 preads/call=421.5 read=4.352ms fadv/call=336.2 pf_hit=91%(30)
(Worker_TP1 pid=462) [gv2-census] calls=32 rows/call=48 runs/call=96.0 preads/call=96.0 read=1.334ms fadv/call=0.0 pf_hit=100%(32)
(Worker_TP1 pid=462) [gv2-census] calls=32 rows/call=48 runs/call=96.0 preads/call=96.0 read=0.732ms fadv/call=0.0 pf_hit=100%(32)
(Worker_TP1 pid=462) [gv2-census] calls=32 rows/call=48 runs/call=96.0 preads/call=96.0 read=1.218ms fadv/call=0.0 pf_hit=100%(32)
(Worker_TP1 pid=462) [gv2-census] calls=32 rows/call=48 runs/call=96.0 preads/call=96.0 read=1.247ms fadv/call=0.0 pf_hit=100%(32)
(Worker_TP1 pid=462) [gv2-census] calls=32 rows/call=211 runs/call=398.0 preads/call=398.0 read=5.085ms fadv/call=313.1 pf_hit=92%(30)
(Worker_TP1 pid=462) [gv2-census] calls=32 rows/call=48 runs/call=96.0 preads/call=96.0 read=3.471ms fadv/call=0.0 pf_hit=100%(32)
(Worker_TP1 pid=462) [gv2-census] calls=32 rows/call=48 runs/call=96.0 preads/call=96.0 read=3.298ms fadv/call=0.0 pf_hit=100%(32)
(Worker_TP1 pid=462) [gv2-census] calls=32 rows/call=48 runs/call=96.0 preads/call=96.0 read=2.746ms fadv/call=0.0 pf_hit=100%(32)
(Worker_TP1 pid=462) [gv2-census] calls=32 rows/call=48 runs/call=96.0 preads/call=96.0 read=2.823ms fadv/call=0.0 pf_hit=100%(32)
(Worker_TP1 pid=462) [gv2-census] calls=32 rows/call=211 runs/call=423.0 preads/call=423.0 read=4.076ms fadv/call=337.8 pf_hit=89%(30)
(Worker_TP1 pid=462) [gv2-census] calls=32 rows/call=48 runs/call=96.0 preads/call=96.0 read=0.726ms fadv/call=0.0 pf_hit=100%(32)
(Worker_TP1 pid=462) [gv2-census] calls=32 rows/call=48 runs/call=96.0 preads/call=96.0 read=0.740ms fadv/call=0.0 pf_hit=100%(32)
(Worker_TP1 pid=462) [gv2-census] calls=32 rows/call=48 runs/call=96.0 preads/call=96.0 read=0.796ms fadv/call=0.0 pf_hit=100%(32)
(Worker_TP1 pid=462) [gv2-census] calls=32 rows/call=177 runs/call=351.5 preads/call=351.5 read=3.191ms fadv/call=260.3 pf_hit=94%(32)
(Worker_TP1 pid=462) [gv2-census] calls=32 rows/call=81 runs/call=163.5 preads/call=163.5 read=3.249ms fadv/call=73.4 pf_hit=96%(30)
(Worker_TP1 pid=462) [gv2-census] calls=32 rows/call=48 runs/call=96.0 preads/call=96.0 read=1.220ms fadv/call=0.0 pf_hit=100%(32)
(Worker_TP1 pid=462) [gv2-census] calls=32 rows/call=48 runs/call=96.0 preads/call=96.0 read=0.800ms fadv/call=0.0 pf_hit=100%(32)
(Worker_TP1 pid=462) [gv2-census] calls=32 rows/call=48 runs/call=96.0 preads/call=96.0 read=1.157ms fadv/call=0.0 pf_hit=100%(32)
(Worker_TP1 pid=462) [gv2-census] calls=32 rows/call=48 runs/call=96.0 preads/call=96.0 read=1.173ms fadv/call=0.0 pf_hit=100%(32)
(Worker_TP1 pid=462) [gv2-census] calls=32 rows/call=211 runs/call=350.0 preads/call=350.0 read=3.766ms fadv/call=265.5 pf_hit=96%(30)
(Worker_TP1 pid=462) [gv2-census] calls=32 rows/call=48 runs/call=96.0 preads/call=96.0 read=1.801ms fadv/call=0.0 pf_hit=100%(32)
(Worker_TP1 pid=462) [gv2-census] calls=32 rows/call=48 runs/call=96.0 preads/call=96.0 read=0.726ms fadv/call=0.0 pf_hit=100%(32)
(Worker_TP1 pid=462) [gv2-census] calls=32 rows/call=48 runs/call=96.0 preads/call=96.0 read=0.677ms fadv/call=0.0 pf_hit=100%(32)
(Worker_TP1 pid=462) [gv2-census] calls=32 rows/call=48 runs/call=96.0 preads/call=96.0 read=1.225ms fadv/call=0.0 pf_hit=100%(32)
(Worker_TP1 pid=462) [gv2-census] calls=32 rows/call=211 runs/call=405.0 preads/call=405.0 read=5.809ms fadv/call=320.0 pf_hit=91%(30)
(Worker_TP1 pid=462) [gv2-census] calls=32 rows/call=48 runs/call=96.0 preads/call=96.0 read=0.698ms fadv/call=0.0 pf_hit=100%(32)
(Worker_TP1 pid=462) [gv2-census] calls=32 rows/call=48 runs/call=96.0 preads/call=96.0 read=0.732ms fadv/call=0.0 pf_hit=100%(32)
(Worker_TP1 pid=462) [gv2-census] calls=32 rows/call=48 runs/call=96.0 preads/call=96.0 read=0.836ms fadv/call=0.0 pf_hit=100%(32)
(Worker_TP1 pid=462) [gv2-census] calls=32 rows/call=243 runs/call=469.5 preads/call=469.5 read=5.284ms fadv/call=384.3 pf_hit=93%(28)
(Worker_TP1 pid=462) [gv2-census] calls=32 rows/call=141 runs/call=255.0 preads/call=255.0 read=2.282ms fadv/call=98.9 pf_hit=100%(30)
(Worker_TP1 pid=462) [gv2-census] calls=32 rows/call=207 runs/call=415.0 preads/call=415.0 read=6.026ms fadv/call=258.4 pf_hit=92%(28)
(Worker_TP1 pid=462) [gv2-census] calls=32 rows/call=96 runs/call=188.5 preads/call=188.5 read=2.152ms fadv/call=0.0 pf_hit=100%(32)
(Worker_TP1 pid=462) [gv2-census] calls=32 rows/call=219 runs/call=427.0 preads/call=427.0 read=6.202ms fadv/call=257.6 pf_hit=93%(30)
(Worker_TP1 pid=462) [gv2-census] calls=32 rows/call=199 runs/call=368.0 preads/call=368.0 read=5.493ms fadv/call=201.0 pf_hit=100%(30)
(Worker_TP1 pid=462) [gv2-census] calls=32 rows/call=141 runs/call=280.0 preads/call=280.0 read=3.754ms fadv/call=105.8 pf_hit=97%(30)
(Worker_TP1 pid=462) [gv2-census] calls=32 rows/call=182 runs/call=364.0 preads/call=364.0 read=4.855ms fadv/call=208.1 pf_hit=92%(28)
(Worker_TP1 pid=462) [gv2-census] calls=32 rows/call=148 runs/call=295.0 preads/call=295.0 read=3.166ms fadv/call=120.7 pf_hit=97%(30)
(Worker_TP1 pid=462) [gv2-census] calls=32 rows/call=219 runs/call=419.5 preads/call=419.5 read=6.423ms fadv/call=244.7 pf_hit=97%(30)
(Worker_TP1 pid=462) [gv2-census] calls=32 rows/call=156 runs/call=312.5 preads/call=312.5 read=3.292ms fadv/call=138.8 pf_hit=97%(30)
(Worker_TP1 pid=462) [gv2-census] calls=32 rows/call=189 runs/call=364.0 preads/call=364.0 read=3.949ms fadv/call=189.4 pf_hit=97%(30)
(Worker_TP1 pid=462) [gv2-census] calls=32 rows/call=207 runs/call=403.5 preads/call=403.5 read=4.334ms fadv/call=228.5 pf_hit=97%(30)
(Worker_TP1 pid=462) [gv2-census] calls=32 rows/call=236 runs/call=450.0 preads/call=450.0 read=4.431ms fadv/call=299.1 pf_hit=96%(28)
(Worker_TP1 pid=462) [gv2-census] calls=32 rows/call=96 runs/call=188.5 preads/call=188.5 read=2.119ms fadv/call=0.0 pf_hit=100%(32)
(Worker_TP1 pid=462) [gv2-census] calls=32 rows/call=261 runs/call=488.0 preads/call=488.0 read=6.078ms fadv/call=333.4 pf_hit=92%(28)
(Worker_TP1 pid=462) [gv2-census] calls=32 rows/call=231 runs/call=440.5 preads/call=440.5 read=5.945ms fadv/call=265.8 pf_hit=97%(30)
(Worker_TP1 pid=462) [gv2-census] calls=32 rows/call=254 runs/call=476.0 preads/call=476.0 read=5.109ms fadv/call=319.0 pf_hit=93%(30)
(Worker_TP1 pid=462) [gv2-census] calls=32 rows/call=168 runs/call=331.5 preads/call=331.5 read=5.287ms fadv/call=157.0 pf_hit=96%(28)
(Worker_TP1 pid=462) [gv2-census] calls=32 rows/call=96 runs/call=191.5 preads/call=191.5 read=1.461ms fadv/call=0.0 pf_hit=100%(32)
(Worker_TP1 pid=462) [gv2-census] calls=32 rows/call=302 runs/call=573.0 preads/call=573.0 read=6.334ms fadv/call=415.6 pf_hit=92%(28)
(Worker_TP1 pid=462) [gv2-census] calls=32 rows/call=416 runs/call=782.0 preads/call=782.0 read=9.570ms fadv/call=642.0 pf_hit=87%(26)
(Worker_TP1 pid=462) [gv2-census] calls=32 rows/call=423 runs/call=798.5 preads/call=798.5 read=9.818ms fadv/call=657.9 pf_hit=92%(28)
(Worker_TP1 pid=462) [gv2-census] calls=32 rows/call=90 runs/call=181.5 preads/call=181.5 read=2.048ms fadv/call=0.0 pf_hit=90%(30)
(Worker_TP1 pid=462) [gv2-census] calls=32 rows/call=48 runs/call=96.0 preads/call=96.0 read=1.845ms fadv/call=0.0 pf_hit=100%(32)
(Worker_TP1 pid=462) [gv2-census] calls=32 rows/call=48 runs/call=96.0 preads/call=96.0 read=2.744ms fadv/call=0.0 pf_hit=100%(32)
(Worker_TP1 pid=462) [gv2-census] calls=32 rows/call=57 runs/call=114.0 preads/call=114.0 read=1.905ms fadv/call=0.0 pf_hit=90%(32)
(Worker_TP1 pid=462) [gv2-census] calls=32 rows/call=48 runs/call=96.0 preads/call=96.0 read=1.953ms fadv/call=0.0 pf_hit=100%(32)
(Worker_TP1 pid=462) [gv2-census] calls=32 rows/call=48 runs/call=96.0 preads/call=96.0 read=0.774ms fadv/call=0.0 pf_hit=100%(32)
(Worker_TP1 pid=462) [gv2-census] calls=32 rows/call=56 runs/call=112.5 preads/call=112.5 read=2.012ms fadv/call=0.0 pf_hit=90%(32)
(Worker_TP1 pid=462) [gv2-census] calls=32 rows/call=48 runs/call=96.0 preads/call=96.0 read=1.919ms fadv/call=0.0 pf_hit=100%(32)
(Worker_TP1 pid=462) [gv2-census] calls=32 rows/call=56 runs/call=112.5 preads/call=112.5 read=1.897ms fadv/call=0.0 pf_hit=90%(32)
(Worker_TP1 pid=462) [gv2-census] calls=32 rows/call=58 runs/call=117.0 preads/call=117.0 read=0.843ms fadv/call=0.0 pf_hit=90%(32)
(Worker_TP1 pid=462) [gv2-census] calls=32 rows/call=63 runs/call=127.5 preads/call=127.5 read=1.460ms fadv/call=0.0 pf_hit=79%(32)
(Worker_TP1 pid=462) [gv2-census] calls=32 rows/call=48 runs/call=96.0 preads/call=96.0 read=1.853ms fadv/call=0.0 pf_hit=100%(32)
(Worker_TP1 pid=462) [gv2-census] calls=32 rows/call=48 runs/call=96.0 preads/call=96.0 read=2.296ms fadv/call=0.0 pf_hit=100%(32)
(Worker_TP1 pid=462) [gv2-census] calls=32 rows/call=48 runs/call=96.0 preads/call=96.0 read=1.814ms fadv/call=0.0 pf_hit=100%(32)
(Worker_TP1 pid=462) [gv2-census] calls=32 rows/call=54 runs/call=109.5 preads/call=109.5 read=1.945ms fadv/call=0.0 pf_hit=90%(32)
(Worker_TP1 pid=462) [gv2-census] calls=32 rows/call=65 runs/call=130.5 preads/call=130.5 read=0.835ms fadv/call=0.0 pf_hit=90%(32)
(Worker_TP1 pid=462) [gv2-census] calls=32 rows/call=48 runs/call=96.0 preads/call=96.0 read=2.439ms fadv/call=0.0 pf_hit=100%(32)
(Worker_TP1 pid=462) [gv2-census] calls=32 rows/call=48 runs/call=96.0 preads/call=96.0 read=1.790ms fadv/call=0.0 pf_hit=100%(32)
(Worker_TP1 pid=462) [gv2-census] calls=32 rows/call=56 runs/call=112.5 preads/call=112.5 read=1.903ms fadv/call=0.0 pf_hit=90%(32)
(Worker_TP1 pid=462) [gv2-census] calls=32 rows/call=48 runs/call=96.0 preads/call=96.0 read=0.633ms fadv/call=0.0 pf_hit=100%(32)
(Worker_TP1 pid=462) [gv2-census] calls=32 rows/call=48 runs/call=96.0 preads/call=96.0 read=1.257ms fadv/call=0.0 pf_hit=100%(32)
(Worker_TP1 pid=462) [gv2-census] calls=32 rows/call=58 runs/call=117.0 preads/call=117.0 read=2.717ms fadv/call=0.0 pf_hit=90%(32)
(Worker_TP1 pid=462) [gv2-census] calls=32 rows/call=48 runs/call=96.0 preads/call=96.0 read=0.696ms fadv/call=0.0 pf_hit=100%(32)
(Worker_TP1 pid=462) [gv2-census] calls=32 rows/call=48 runs/call=96.0 preads/call=96.0 read=0.648ms fadv/call=0.0 pf_hit=100%(32)
(Worker_TP1 pid=462) [gv2-census] calls=32 rows/call=48 runs/call=96.0 preads/call=96.0 read=0.697ms fadv/call=0.0 pf_hit=100%(32)
(Worker_TP1 pid=462) [gv2-census] calls=32 rows/call=48 runs/call=96.0 preads/call=96.0 read=0.670ms fadv/call=0.0 pf_hit=100%(32)
(Worker_TP1 pid=462) [gv2-census] calls=32 rows/call=58 runs/call=117.0 preads/call=117.0 read=1.324ms fadv/call=0.0 pf_hit=90%(32)
(Worker_TP1 pid=462) [gv2-census] calls=32 rows/call=48 runs/call=96.0 preads/call=96.0 read=2.352ms fadv/call=0.0 pf_hit=100%(32)
(Worker_TP1 pid=462) [gv2-census] calls=32 rows/call=48 runs/call=96.0 preads/call=96.0 read=0.676ms fadv/call=0.0 pf_hit=100%(32)
(Worker_TP1 pid=462) [gv2-census] calls=32 rows/call=57 runs/call=115.5 preads/call=115.5 read=0.768ms fadv/call=0.0 pf_hit=90%(32)
(Worker_TP1 pid=462) [gv2-census] calls=32 rows/call=48 runs/call=96.0 preads/call=96.0 read=1.711ms fadv/call=0.0 pf_hit=100%(32)
(Worker_TP1 pid=462) [gv2-census] calls=32 rows/call=48 runs/call=96.0 preads/call=96.0 read=1.230ms fadv/call=0.0 pf_hit=100%(32)
(Worker_TP1 pid=462) [gv2-census] calls=32 rows/call=57 runs/call=114.0 preads/call=114.0 read=1.423ms fadv/call=0.0 pf_hit=90%(32)
(Worker_TP1 pid=462) [gv2-census] calls=32 rows/call=48 runs/call=96.0 preads/call=96.0 read=1.205ms fadv/call=0.0 pf_hit=100%(32)
(Worker_TP1 pid=462) [gv2-census] calls=32 rows/call=56 runs/call=112.5 preads/call=112.5 read=1.407ms fadv/call=0.0 pf_hit=90%(32)
(Worker_TP1 pid=462) [gv2-census] calls=32 rows/call=48 runs/call=96.0 preads/call=96.0 read=2.785ms fadv/call=0.0 pf_hit=100%(32)
(Worker_TP1 pid=462) [gv2-census] calls=32 rows/call=56 runs/call=112.5 preads/call=112.5 read=0.856ms fadv/call=0.0 pf_hit=90%(32)
(Worker_TP1 pid=462) [gv2-census] calls=32 rows/call=58 runs/call=117.0 preads/call=117.0 read=1.404ms fadv/call=0.0 pf_hit=94%(32)
(Worker_TP1 pid=462) [gv2-census] calls=32 rows/call=63 runs/call=127.5 preads/call=127.5 read=1.467ms fadv/call=0.0 pf_hit=75%(32)
(Worker_TP1 pid=462) [gv2-census] calls=32 rows/call=48 runs/call=96.0 preads/call=96.0 read=1.749ms fadv/call=0.0 pf_hit=100%(32)
(Worker_TP1 pid=462) [gv2-census] calls=32 rows/call=48 runs/call=96.0 preads/call=96.0 read=0.649ms fadv/call=0.0 pf_hit=100%(32)
(Worker_TP1 pid=462) [gv2-census] calls=32 rows/call=48 runs/call=96.0 preads/call=96.0 read=1.157ms fadv/call=0.0 pf_hit=100%(32)
(Worker_TP1 pid=462) [gv2-census] calls=32 rows/call=54 runs/call=109.5 preads/call=109.5 read=1.809ms fadv/call=0.0 pf_hit=90%(32)
(Worker_TP1 pid=462) [gv2-census] calls=32 rows/call=65 runs/call=130.5 preads/call=130.5 read=2.468ms fadv/call=0.0 pf_hit=90%(32)
(Worker_TP1 pid=462) [gv2-census] calls=32 rows/call=48 runs/call=96.0 preads/call=96.0 read=0.681ms fadv/call=0.0 pf_hit=100%(32)
(Worker_TP1 pid=462) [gv2-census] calls=32 rows/call=48 runs/call=96.0 preads/call=96.0 read=0.611ms fadv/call=0.0 pf_hit=100%(32)
(Worker_TP1 pid=462) [gv2-census] calls=32 rows/call=56 runs/call=112.5 preads/call=112.5 read=1.304ms fadv/call=0.0 pf_hit=90%(32)
(Worker_TP1 pid=462) [gv2-census] calls=32 rows/call=48 runs/call=96.0 preads/call=96.0 read=1.201ms fadv/call=0.0 pf_hit=100%(32)
(Worker_TP1 pid=462) [gv2-census] calls=32 rows/call=48 runs/call=96.0 preads/call=96.0 read=1.693ms fadv/call=0.0 pf_hit=100%(32)
(Worker_TP1 pid=462) [gv2-census] calls=32 rows/call=58 runs/call=117.0 preads/call=117.0 read=2.401ms fadv/call=0.0 pf_hit=90%(32)
(Worker_TP1 pid=462) [gv2-census] calls=32 rows/call=48 runs/call=96.0 preads/call=96.0 read=0.692ms fadv/call=0.0 pf_hit=100%(32)
(Worker_TP1 pid=462) [gv2-census] calls=32 rows/call=48 runs/call=96.0 preads/call=96.0 read=1.106ms fadv/call=0.0 pf_hit=100%(32)
(Worker_TP1 pid=462) [gv2-census] calls=32 rows/call=48 runs/call=96.0 preads/call=96.0 read=0.656ms fadv/call=0.0 pf_hit=100%(32)
(Worker_TP1 pid=462) [gv2-census] calls=32 rows/call=48 runs/call=96.0 preads/call=96.0 read=0.637ms fadv/call=0.0 pf_hit=100%(32)
(Worker_TP1 pid=462) [gv2-census] calls=32 rows/call=58 runs/call=117.0 preads/call=117.0 read=0.786ms fadv/call=0.0 pf_hit=90%(32)
(Worker_TP1 pid=462) [gv2-census] calls=32 rows/call=48 runs/call=96.0 preads/call=96.0 read=0.759ms fadv/call=0.0 pf_hit=100%(32)
(Worker_TP1 pid=462) [gv2-census] calls=32 rows/call=48 runs/call=96.0 preads/call=96.0 read=1.299ms fadv/call=0.0 pf_hit=100%(32)
(Worker_TP1 pid=462) [gv2-census] calls=32 rows/call=263 runs/call=362.5 preads/call=362.5 read=7.332ms fadv/call=224.7 pf_hit=73%(28)
(Worker_TP1 pid=462) [gv2-census] calls=32 rows/call=96 runs/call=191.5 preads/call=191.5 read=1.389ms fadv/call=0.0 pf_hit=100%(32)
(Worker_TP1 pid=462) [gv2-census] calls=32 rows/call=157 runs/call=308.5 preads/call=308.5 read=5.040ms fadv/call=134.3 pf_hit=97%(30)
(Worker_TP1 pid=462) [gv2-census] calls=32 rows/call=96 runs/call=192.0 preads/call=192.0 read=1.346ms fadv/call=0.0 pf_hit=100%(32)
(Worker_TP1 pid=462) [gv2-census] calls=32 rows/call=96 runs/call=192.0 preads/call=192.0 read=1.407ms fadv/call=0.0 pf_hit=100%(32)
(Worker_TP1 pid=462) [gv2-census] calls=32 rows/call=96 runs/call=192.0 preads/call=192.0 read=1.917ms fadv/call=0.0 pf_hit=100%(32)
(Worker_TP1 pid=462) [gv2-census] calls=32 rows/call=164 runs/call=322.5 preads/call=322.5 read=3.603ms fadv/call=148.2 pf_hit=97%(30)
(Worker_TP1 pid=462) [gv2-census] calls=32 rows/call=96 runs/call=192.0 preads/call=192.0 read=1.384ms fadv/call=0.0 pf_hit=100%(32)
(Worker_TP1 pid=462) [gv2-census] calls=32 rows/call=96 runs/call=192.0 preads/call=192.0 read=1.331ms fadv/call=0.0 pf_hit=100%(32)
(Worker_TP1 pid=462) [gv2-census] calls=32 rows/call=154 runs/call=307.0 preads/call=307.0 read=4.388ms fadv/call=132.6 pf_hit=97%(30)
(Worker_TP1 pid=462) [gv2-census] calls=32 rows/call=96 runs/call=192.0 preads/call=192.0 read=1.319ms fadv/call=0.0 pf_hit=100%(32)
(Worker_TP1 pid=462) [gv2-census] calls=32 rows/call=144 runs/call=289.0 preads/call=289.0 read=3.582ms fadv/call=115.3 pf_hit=97%(30)
(Worker_TP1 pid=462) [gv2-census] calls=32 rows/call=96 runs/call=192.0 preads/call=192.0 read=1.507ms fadv/call=0.0 pf_hit=100%(32)
(Worker_TP1 pid=462) [gv2-census] calls=32 rows/call=96 runs/call=192.0 preads/call=192.0 read=1.469ms fadv/call=0.0 pf_hit=100%(32)
(Worker_TP1 pid=462) [gv2-census] calls=32 rows/call=140 runs/call=278.5 preads/call=278.5 read=3.206ms fadv/call=104.3 pf_hit=97%(30)
(Worker_TP1 pid=462) [gv2-census] calls=32 rows/call=136 runs/call=272.5 preads/call=272.5 read=4.093ms fadv/call=98.9 pf_hit=97%(30)
(Worker_TP1 pid=462) [gv2-census] calls=32 rows/call=96 runs/call=192.0 preads/call=192.0 read=1.368ms fadv/call=0.0 pf_hit=100%(32)
(Worker_TP1 pid=462) [gv2-census] calls=32 rows/call=96 runs/call=192.0 preads/call=192.0 read=1.608ms fadv/call=0.0 pf_hit=100%(32)
(Worker_TP1 pid=462) [gv2-census] calls=32 rows/call=179 runs/call=356.5 preads/call=356.5 read=5.467ms fadv/call=200.1 pf_hit=90%(30)
(Worker_TP1 pid=462) [gv2-census] calls=32 rows/call=96 runs/call=192.0 preads/call=192.0 read=1.478ms fadv/call=0.0 pf_hit=100%(32)
(Worker_TP1 pid=462) [gv2-census] calls=32 rows/call=148 runs/call=296.5 preads/call=296.5 read=4.495ms fadv/call=122.3 pf_hit=97%(30)
(Worker_TP1 pid=462) [gv2-census] calls=32 rows/call=151 runs/call=296.0 preads/call=296.0 read=4.115ms fadv/call=121.9 pf_hit=97%(30)
(Worker_TP1 pid=462) [gv2-census] calls=32 rows/call=96 runs/call=192.0 preads/call=192.0 read=1.487ms fadv/call=0.0 pf_hit=100%(32)
(Worker_TP1 pid=462) [gv2-census] calls=32 rows/call=161 runs/call=322.0 preads/call=322.0 read=4.507ms fadv/call=147.5 pf_hit=97%(30)
(Worker_TP1 pid=462) [gv2-census] calls=32 rows/call=96 runs/call=192.0 preads/call=192.0 read=1.514ms fadv/call=0.0 pf_hit=100%(32)
(Worker_TP1 pid=462) [gv2-census] calls=32 rows/call=131 runs/call=262.0 preads/call=262.0 read=2.844ms fadv/call=88.3 pf_hit=95%(32)
(Worker_TP1 pid=462) [gv2-census] calls=32 rows/call=135 runs/call=271.0 preads/call=271.0 read=4.499ms fadv/call=96.9 pf_hit=97%(30)
(Worker_TP1 pid=462) [gv2-census] calls=32 rows/call=96 runs/call=192.0 preads/call=192.0 read=1.650ms fadv/call=0.0 pf_hit=100%(32)
(Worker_TP1 pid=462) [gv2-census] calls=32 rows/call=138 runs/call=276.0 preads/call=276.0 read=4.588ms fadv/call=101.8 pf_hit=97%(30)
(Worker_TP1 pid=462) [gv2-census] calls=32 rows/call=96 runs/call=192.0 preads/call=192.0 read=1.439ms fadv/call=0.0 pf_hit=100%(32)
(Worker_TP1 pid=462) [gv2-census] calls=32 rows/call=96 runs/call=192.0 preads/call=192.0 read=1.655ms fadv/call=0.0 pf_hit=100%(32)
(Worker_TP1 pid=462) [gv2-census] calls=32 rows/call=155 runs/call=308.5 preads/call=308.5 read=5.684ms fadv/call=134.2 pf_hit=97%(30)
(Worker_TP1 pid=462) [gv2-census] calls=32 rows/call=96 runs/call=192.0 preads/call=192.0 read=1.520ms fadv/call=0.0 pf_hit=100%(32)
(Worker_TP1 pid=462) [gv2-census] calls=32 rows/call=149 runs/call=297.5 preads/call=297.5 read=2.778ms fadv/call=123.2 pf_hit=94%(32)
(Worker_TP1 pid=462) [gv2-census] calls=32 rows/call=151 runs/call=301.0 preads/call=301.0 read=4.219ms fadv/call=120.8 pf_hit=100%(28)
(Worker_TP1 pid=462) [gv2-census] calls=32 rows/call=96 runs/call=192.0 preads/call=192.0 read=1.333ms fadv/call=0.0 pf_hit=100%(32)
(Worker_TP1 pid=462) [gv2-census] calls=32 rows/call=207 runs/call=414.5 preads/call=414.5 read=6.477ms fadv/call=251.9 pf_hit=93%(28)
(Worker_TP1 pid=462) [gv2-census] calls=32 rows/call=96 runs/call=192.0 preads/call=192.0 read=1.646ms fadv/call=0.0 pf_hit=100%(32)
(Worker_TP1 pid=462) [gv2-census] calls=32 rows/call=96 runs/call=192.0 preads/call=192.0 read=1.738ms fadv/call=0.0 pf_hit=100%(32)
(Worker_TP1 pid=462) [gv2-census] calls=32 rows/call=164 runs/call=328.0 preads/call=328.0 read=4.635ms fadv/call=159.5 pf_hit=93%(30)
(Worker_TP1 pid=462) [gv2-census] calls=32 rows/call=135 runs/call=271.5 preads/call=271.5 read=3.373ms fadv/call=91.4 pf_hit=98%(32)
(Worker_TP1 pid=462) [gv2-census] calls=32 rows/call=96 runs/call=192.0 preads/call=192.0 read=1.514ms fadv/call=0.0 pf_hit=100%(32)
(Worker_TP1 pid=462) [gv2-census] calls=32 rows/call=171 runs/call=339.5 preads/call=339.5 read=4.097ms fadv/call=165.0 pf_hit=97%(30)
(Worker_TP1 pid=462) [gv2-census] calls=32 rows/call=132 runs/call=265.5 preads/call=265.5 read=4.014ms fadv/call=91.4 pf_hit=95%(32)
(Worker_TP1 pid=462) [gv2-census] calls=32 rows/call=164 runs/call=328.5 preads/call=328.5 read=4.433ms fadv/call=154.0 pf_hit=97%(30)
(Worker_TP1 pid=462) [gv2-census] calls=32 rows/call=96 runs/call=192.0 preads/call=192.0 read=1.534ms fadv/call=0.0 pf_hit=100%(32)
(Worker_TP1 pid=462) [gv2-census] calls=32 rows/call=96 runs/call=192.0 preads/call=192.0 read=1.451ms fadv/call=0.0 pf_hit=100%(32)
(Worker_TP1 pid=462) [gv2-census] calls=32 rows/call=150 runs/call=301.5 preads/call=301.5 read=5.047ms fadv/call=127.2 pf_hit=97%(30)
(Worker_TP1 pid=462) [gv2-census] calls=32 rows/call=93 runs/call=186.0 preads/call=186.0 read=1.442ms fadv/call=0.0 pf_hit=97%(32)
(Worker_TP1 pid=462) [gv2-census] calls=32 rows/call=213 runs/call=424.0 preads/call=424.0 read=5.749ms fadv/call=261.4 pf_hit=96%(28)
(Worker_TP1 pid=462) [gv2-census] calls=32 rows/call=96 runs/call=192.0 preads/call=192.0 read=1.585ms fadv/call=0.0 pf_hit=100%(32)
(Worker_TP1 pid=462) [gv2-census] calls=32 rows/call=162 runs/call=324.5 preads/call=324.5 read=4.437ms fadv/call=149.9 pf_hit=97%(30)
(Worker_TP1 pid=462) [gv2-census] calls=32 rows/call=160 runs/call=311.0 preads/call=311.0 read=3.847ms fadv/call=136.8 pf_hit=97%(30)
(Worker_TP1 pid=462) [gv2-census] calls=32 rows/call=96 runs/call=192.0 preads/call=192.0 read=1.534ms fadv/call=0.0 pf_hit=100%(32)
(Worker_TP1 pid=462) [gv2-census] calls=32 rows/call=93 runs/call=185.5 preads/call=185.5 read=1.522ms fadv/call=0.0 pf_hit=97%(32)
(Worker_TP1 pid=462) [gv2-census] calls=32 rows/call=210 runs/call=414.0 preads/call=414.0 read=7.066ms fadv/call=251.5 pf_hit=96%(28)
(Worker_TP1 pid=462) [gv2-census] calls=32 rows/call=96 runs/call=192.0 preads/call=192.0 read=1.559ms fadv/call=0.0 pf_hit=100%(32)
(Worker_TP1 pid=462) [gv2-census] calls=32 rows/call=96 runs/call=192.0 preads/call=192.0 read=1.391ms fadv/call=0.0 pf_hit=100%(32)
(Worker_TP1 pid=462) [gv2-census] calls=32 rows/call=141 runs/call=282.5 preads/call=282.5 read=3.953ms fadv/call=108.2 pf_hit=97%(30)
(Worker_TP1 pid=462) [gv2-census] calls=32 rows/call=164 runs/call=328.0 preads/call=328.0 read=5.111ms fadv/call=153.4 pf_hit=97%(30)
(Worker_TP1 pid=462) [gv2-census] calls=32 rows/call=96 runs/call=192.0 preads/call=192.0 read=1.539ms fadv/call=0.0 pf_hit=100%(32)
(Worker_TP1 pid=462) [gv2-census] calls=32 rows/call=160 runs/call=320.5 preads/call=320.5 read=5.240ms fadv/call=146.2 pf_hit=97%(30)
(Worker_TP1 pid=462) [gv2-census] calls=32 rows/call=96 runs/call=192.0 preads/call=192.0 read=1.655ms fadv/call=0.0 pf_hit=100%(32)
(Worker_TP1 pid=462) [gv2-census] calls=32 rows/call=148 runs/call=296.5 preads/call=296.5 read=3.732ms fadv/call=122.1 pf_hit=97%(30)
(Worker_TP1 pid=462) [gv2-census] calls=32 rows/call=153 runs/call=298.0 preads/call=298.0 read=3.679ms fadv/call=123.7 pf_hit=97%(30)
(Worker_TP1 pid=462) [gv2-census] calls=32 rows/call=96 runs/call=192.0 preads/call=192.0 read=1.434ms fadv/call=0.0 pf_hit=100%(32)
(Worker_TP1 pid=462) [gv2-census] calls=32 rows/call=170 runs/call=333.5 preads/call=333.5 read=3.702ms fadv/call=159.2 pf_hit=97%(30)
(Worker_TP1 pid=462) [gv2-census] calls=32 rows/call=93 runs/call=186.0 preads/call=186.0 read=1.559ms fadv/call=0.0 pf_hit=97%(32)
(Worker_TP1 pid=462) [gv2-census] calls=32 rows/call=140 runs/call=280.5 preads/call=280.5 read=4.813ms fadv/call=100.4 pf_hit=100%(30)
(Worker_TP1 pid=462) [gv2-census] calls=32 rows/call=96 runs/call=192.0 preads/call=192.0 read=1.332ms fadv/call=0.0 pf_hit=100%(32)
(Worker_TP1 pid=462) [gv2-census] calls=32 rows/call=96 runs/call=192.0 preads/call=192.0 read=1.528ms fadv/call=0.0 pf_hit=100%(32)
(Worker_TP1 pid=462) [gv2-census] calls=32 rows/call=185 runs/call=361.0 preads/call=361.0 read=5.838ms fadv/call=186.3 pf_hit=97%(30)
(Worker_TP1 pid=462) [gv2-census] calls=32 rows/call=96 runs/call=192.0 preads/call=192.0 read=1.580ms fadv/call=0.0 pf_hit=100%(32)
(Worker_TP1 pid=462) [gv2-census] calls=32 rows/call=96 runs/call=192.0 preads/call=192.0 read=1.365ms fadv/call=0.0 pf_hit=100%(32)
(Worker_TP1 pid=462) [gv2-census] calls=32 rows/call=147 runs/call=294.0 preads/call=294.0 read=4.588ms fadv/call=119.7 pf_hit=97%(30)
(Worker_TP1 pid=462) [gv2-census] calls=32 rows/call=96 runs/call=190.5 preads/call=190.5 read=1.267ms fadv/call=0.0 pf_hit=100%(32)
(Worker_TP1 pid=462) [gv2-census] calls=32 rows/call=96 runs/call=192.0 preads/call=192.0 read=1.379ms fadv/call=0.0 pf_hit=100%(32)
(Worker_TP1 pid=462) [gv2-census] calls=32 rows/call=96 runs/call=192.0 preads/call=192.0 read=1.399ms fadv/call=0.0 pf_hit=100%(32)
(Worker_TP1 pid=462) [gv2-census] calls=32 rows/call=147 runs/call=295.5 preads/call=295.5 read=3.968ms fadv/call=121.3 pf_hit=97%(30)
(Worker_TP1 pid=462) [gv2-census] calls=32 rows/call=162 runs/call=323.5 preads/call=323.5 read=3.777ms fadv/call=149.1 pf_hit=97%(30)
(Worker_TP1 pid=462) [gv2-census] calls=32 rows/call=96 runs/call=192.0 preads/call=192.0 read=1.515ms fadv/call=0.0 pf_hit=100%(32)
(Worker_TP1 pid=462) [gv2-census] calls=32 rows/call=96 runs/call=192.0 preads/call=192.0 read=1.400ms fadv/call=0.0 pf_hit=100%(32)
(Worker_TP1 pid=462) [gv2-census] calls=32 rows/call=224 runs/call=438.5 preads/call=438.5 read=6.110ms fadv/call=282.0 pf_hit=92%(28)
(Worker_TP1 pid=462) [gv2-census] calls=32 rows/call=96 runs/call=192.0 preads/call=192.0 read=1.389ms fadv/call=0.0 pf_hit=100%(32)
(Worker_TP1 pid=462) [gv2-census] calls=32 rows/call=96 runs/call=192.0 preads/call=192.0 read=1.531ms fadv/call=0.0 pf_hit=100%(32)
(Worker_TP1 pid=462) [gv2-census] calls=32 rows/call=96 runs/call=192.0 preads/call=192.0 read=1.382ms fadv/call=0.0 pf_hit=100%(32)
(Worker_TP1 pid=462) [gv2-census] calls=32 rows/call=141 runs/call=283.0 preads/call=283.0 read=3.915ms fadv/call=109.3 pf_hit=97%(30)
(Worker_TP1 pid=462) [gv2-census] calls=32 rows/call=159 runs/call=317.5 preads/call=317.5 read=4.395ms fadv/call=144.6 pf_hit=97%(30)
(Worker_TP1 pid=462) [gv2-census] calls=32 rows/call=96 runs/call=192.0 preads/call=192.0 read=1.503ms fadv/call=0.0 pf_hit=100%(32)
(Worker_TP1 pid=462) [gv2-census] calls=32 rows/call=96 runs/call=192.0 preads/call=192.0 read=1.482ms fadv/call=0.0 pf_hit=100%(32)
(Worker_TP1 pid=462) [gv2-census] calls=32 rows/call=96 runs/call=192.0 preads/call=192.0 read=1.335ms fadv/call=0.0 pf_hit=100%(32)
(Worker_TP1 pid=462) [gv2-census] calls=32 rows/call=145 runs/call=288.5 preads/call=288.5 read=3.774ms fadv/call=114.8 pf_hit=97%(30)
(Worker_TP1 pid=462) [gv2-census] calls=32 rows/call=96 runs/call=192.0 preads/call=192.0 read=1.406ms fadv/call=0.0 pf_hit=100%(32)
(Worker_TP1 pid=462) [gv2-census] calls=32 rows/call=144 runs/call=283.9 preads/call=283.9 read=2.191ms fadv/call=109.9 pf_hit=97%(32)
(Worker_TP1 pid=462) [gv2-census] calls=32 rows/call=96 runs/call=192.0 preads/call=192.0 read=2.830ms fadv/call=0.0 pf_hit=100%(30)
(Worker_TP1 pid=462) [gv2-census] calls=32 rows/call=96 runs/call=192.0 preads/call=192.0 read=1.424ms fadv/call=0.0 pf_hit=100%(32)
(Worker_TP1 pid=462) [gv2-census] calls=32 rows/call=220 runs/call=434.5 preads/call=434.5 read=6.941ms fadv/call=277.8 pf_hit=92%(28)
(Worker_TP1 pid=462) [gv2-census] calls=32 rows/call=96 runs/call=192.0 preads/call=192.0 read=1.758ms fadv/call=0.0 pf_hit=100%(32)
(Worker_TP1 pid=462) [gv2-census] calls=32 rows/call=96 runs/call=192.0 preads/call=192.0 read=1.452ms fadv/call=0.0 pf_hit=100%(32)
(Worker_TP1 pid=462) [gv2-census] calls=32 rows/call=152 runs/call=302.0 preads/call=302.0 read=4.354ms fadv/call=127.8 pf_hit=97%(30)
(Worker_TP1 pid=462) [gv2-census] calls=32 rows/call=145 runs/call=286.9 preads/call=286.9 read=5.493ms fadv/call=112.7 pf_hit=97%(30)
(Worker_TP1 pid=462) [gv2-census] calls=32 rows/call=96 runs/call=192.0 preads/call=192.0 read=1.605ms fadv/call=0.0 pf_hit=100%(32)
(Worker_TP1 pid=462) [gv2-census] calls=32 rows/call=96 runs/call=192.0 preads/call=192.0 read=1.485ms fadv/call=0.0 pf_hit=100%(32)
(Worker_TP1 pid=462) [gv2-census] calls=32 rows/call=179 runs/call=354.0 preads/call=354.0 read=4.988ms fadv/call=179.4 pf_hit=97%(30)
(Worker_TP1 pid=462) [gv2-census] calls=32 rows/call=96 runs/call=192.0 preads/call=192.0 read=1.570ms fadv/call=0.0 pf_hit=100%(32)
(Worker_TP1 pid=462) [gv2-census] calls=32 rows/call=96 runs/call=192.0 preads/call=192.0 read=1.495ms fadv/call=0.0 pf_hit=100%(32)
(Worker_TP1 pid=462) [gv2-census] calls=32 rows/call=153 runs/call=307.5 preads/call=307.5 read=4.409ms fadv/call=133.1 pf_hit=97%(30)
(Worker_TP1 pid=462) [gv2-census] calls=32 rows/call=96 runs/call=192.0 preads/call=192.0 read=1.552ms fadv/call=0.0 pf_hit=100%(32)
(Worker_TP1 pid=462) [gv2-census] calls=32 rows/call=146 runs/call=279.0 preads/call=279.0 read=4.028ms fadv/call=104.9 pf_hit=97%(30)
(Worker_TP1 pid=462) [gv2-census] calls=32 rows/call=147 runs/call=294.0 preads/call=294.0 read=4.336ms fadv/call=119.7 pf_hit=97%(30)
(Worker_TP1 pid=462) [gv2-census] calls=32 rows/call=96 runs/call=192.0 preads/call=192.0 read=1.477ms fadv/call=0.0 pf_hit=100%(32)
(Worker_TP1 pid=462) [gv2-census] calls=32 rows/call=96 runs/call=192.0 preads/call=192.0 read=1.675ms fadv/call=0.0 pf_hit=100%(32)
(Worker_TP1 pid=462) [gv2-census] calls=32 rows/call=228 runs/call=450.9 preads/call=450.9 read=6.423ms fadv/call=294.2 pf_hit=92%(28)
(Worker_TP1 pid=462) [gv2-census] calls=32 rows/call=96 runs/call=192.0 preads/call=192.0 read=1.376ms fadv/call=0.0 pf_hit=100%(32)
(Worker_TP1 pid=462) [gv2-census] calls=32 rows/call=96 runs/call=192.0 preads/call=192.0 read=1.509ms fadv/call=0.0 pf_hit=100%(32)
(Worker_TP1 pid=462) [gv2-census] calls=32 rows/call=96 runs/call=192.0 preads/call=192.0 read=1.469ms fadv/call=0.0 pf_hit=100%(32)
(Worker_TP1 pid=462) [gv2-census] calls=32 rows/call=192 runs/call=383.4 preads/call=383.4 read=4.251ms fadv/call=208.7 pf_hit=97%(30)
(Worker_TP1 pid=462) [gv2-census] calls=32 rows/call=96 runs/call=192.0 preads/call=192.0 read=1.379ms fadv/call=0.0 pf_hit=100%(32)
(Worker_TP1 pid=462) [gv2-census] calls=32 rows/call=96 runs/call=192.0 preads/call=192.0 read=1.320ms fadv/call=0.0 pf_hit=100%(32)
(Worker_TP1 pid=462) [gv2-census] calls=32 rows/call=96 runs/call=192.0 preads/call=192.0 read=1.158ms fadv/call=0.0 pf_hit=100%(32)
(Worker_TP1 pid=462) [gv2-census] calls=32 rows/call=96 runs/call=192.0 preads/call=192.0 read=1.220ms fadv/call=0.0 pf_hit=100%(32)
(Worker_TP1 pid=462) [gv2-census] calls=32 rows/call=96 runs/call=192.0 preads/call=192.0 read=1.206ms fadv/call=0.0 pf_hit=100%(32)
(Worker_TP1 pid=462) [gv2-census] calls=32 rows/call=96 runs/call=192.0 preads/call=192.0 read=1.639ms fadv/call=0.0 pf_hit=100%(32)
(Worker_TP1 pid=462) [gv2-census] calls=32 rows/call=159 runs/call=316.5 preads/call=316.5 read=4.183ms fadv/call=143.8 pf_hit=97%(30)
(Worker_TP1 pid=462) [gv2-census] calls=32 rows/call=159 runs/call=319.0 preads/call=319.0 read=5.203ms fadv/call=144.6 pf_hit=97%(30)
(Worker_TP1 pid=462) [gv2-census] calls=32 rows/call=96 runs/call=192.0 preads/call=192.0 read=1.353ms fadv/call=0.0 pf_hit=100%(32)
(Worker_TP1 pid=462) [gv2-census] calls=32 rows/call=96 runs/call=192.0 preads/call=192.0 read=1.434ms fadv/call=0.0 pf_hit=100%(32)
(Worker_TP1 pid=462) [gv2-census] calls=32 rows/call=147 runs/call=293.5 preads/call=293.5 read=4.697ms fadv/call=119.9 pf_hit=97%(30)
(Worker_TP1 pid=462) [gv2-census] calls=32 rows/call=96 runs/call=192.0 preads/call=192.0 read=1.550ms fadv/call=0.0 pf_hit=100%(32)
(Worker_TP1 pid=462) [gv2-census] calls=32 rows/call=195 runs/call=386.5 preads/call=386.5 read=5.457ms fadv/call=230.0 pf_hit=92%(28)
(Worker_TP1 pid=462) [gv2-census] calls=32 rows/call=96 runs/call=192.0 preads/call=192.0 read=1.230ms fadv/call=0.0 pf_hit=100%(32)
(Worker_TP1 pid=462) [gv2-census] calls=32 rows/call=129 runs/call=259.0 preads/call=259.0 read=2.874ms fadv/call=85.4 pf_hit=95%(32)
(Worker_TP1 pid=462) [gv2-census] calls=32 rows/call=153 runs/call=305.0 preads/call=305.0 read=3.972ms fadv/call=130.8 pf_hit=97%(30)
(Worker_TP1 pid=462) [gv2-census] calls=32 rows/call=96 runs/call=191.5 preads/call=191.5 read=1.657ms fadv/call=0.0 pf_hit=100%(32)
(Worker_TP1 pid=462) [gv2-census] calls=32 rows/call=96 runs/call=191.5 preads/call=191.5 read=1.604ms fadv/call=0.0 pf_hit=100%(32)
(Worker_TP1 pid=462) [gv2-census] calls=32 rows/call=138 runs/call=276.0 preads/call=276.0 read=4.885ms fadv/call=101.7 pf_hit=97%(30)
(Worker_TP1 pid=462) [gv2-census] calls=32 rows/call=96 runs/call=192.0 preads/call=192.0 read=1.513ms fadv/call=0.0 pf_hit=100%(32)
(Worker_TP1 pid=462) [gv2-census] calls=32 rows/call=140 runs/call=280.5 preads/call=280.5 read=3.575ms fadv/call=106.3 pf_hit=97%(30)
(Worker_TP1 pid=462) [gv2-census] calls=32 rows/call=135 runs/call=269.5 preads/call=269.5 read=4.513ms fadv/call=95.3 pf_hit=97%(30)
(Worker_TP1 pid=462) [gv2-census] calls=32 rows/call=96 runs/call=192.0 preads/call=192.0 read=1.722ms fadv/call=0.0 pf_hit=100%(32)
(Worker_TP1 pid=462) [gv2-census] calls=32 rows/call=163 runs/call=326.5 preads/call=326.5 read=4.399ms fadv/call=152.1 pf_hit=97%(30)
(Worker_TP1 pid=462) [gv2-census] calls=32 rows/call=188 runs/call=369.0 preads/call=369.0 read=5.049ms fadv/call=194.1 pf_hit=97%(30)
(Worker_TP1 pid=462) [gv2-census] calls=32 rows/call=96 runs/call=191.5 preads/call=191.5 read=1.503ms fadv/call=0.0 pf_hit=100%(32)
(Worker_TP1 pid=462) [gv2-census] calls=32 rows/call=96 runs/call=192.0 preads/call=192.0 read=1.791ms fadv/call=0.0 pf_hit=100%(32)
(Worker_TP1 pid=462) [gv2-census] calls=32 rows/call=96 runs/call=192.0 preads/call=192.0 read=1.628ms fadv/call=0.0 pf_hit=100%(32)
(Worker_TP1 pid=462) [gv2-census] calls=32 rows/call=96 runs/call=192.0 preads/call=192.0 read=1.376ms fadv/call=0.0 pf_hit=100%(32)
(Worker_TP1 pid=462) [gv2-census] calls=32 rows/call=129 runs/call=259.5 preads/call=259.5 read=3.589ms fadv/call=85.3 pf_hit=95%(32)
(Worker_TP1 pid=462) [gv2-census] calls=32 rows/call=147 runs/call=295.0 preads/call=295.0 read=4.899ms fadv/call=120.8 pf_hit=97%(30)
(Worker_TP1 pid=462) [gv2-census] calls=32 rows/call=138 runs/call=277.5 preads/call=277.5 read=4.400ms fadv/call=103.2 pf_hit=97%(30)
(Worker_TP1 pid=462) [gv2-census] calls=32 rows/call=149 runs/call=296.5 preads/call=296.5 read=4.754ms fadv/call=122.4 pf_hit=97%(30)
(Worker_TP1 pid=462) [gv2-census] calls=32 rows/call=96 runs/call=192.0 preads/call=192.0 read=1.637ms fadv/call=0.0 pf_hit=100%(32)
(Worker_TP1 pid=462) [gv2-census] calls=32 rows/call=96 runs/call=192.0 preads/call=192.0 read=1.591ms fadv/call=0.0 pf_hit=100%(32)
(Worker_TP1 pid=462) [gv2-census] calls=32 rows/call=264 runs/call=524.0 preads/call=524.0 read=8.990ms fadv/call=367.6 pf_hit=92%(28)
(Worker_TP1 pid=462) [gv2-census] calls=32 rows/call=96 runs/call=192.0 preads/call=192.0 read=1.541ms fadv/call=0.0 pf_hit=100%(32)
(Worker_TP1 pid=462) [gv2-census] calls=32 rows/call=96 runs/call=192.0 preads/call=192.0 read=1.532ms fadv/call=0.0 pf_hit=100%(32)
(Worker_TP1 pid=462) [gv2-census] calls=32 rows/call=158 runs/call=313.5 preads/call=313.5 read=4.460ms fadv/call=139.2 pf_hit=97%(30)
(Worker_TP1 pid=462) [gv2-census] calls=32 rows/call=96 runs/call=192.0 preads/call=192.0 read=1.479ms fadv/call=0.0 pf_hit=100%(32)
(Worker_TP1 pid=462) [gv2-census] calls=32 rows/call=96 runs/call=192.0 preads/call=192.0 read=1.532ms fadv/call=0.0 pf_hit=100%(32)
(Worker_TP1 pid=462) [gv2-census] calls=32 rows/call=231 runs/call=461.5 preads/call=461.5 read=5.162ms fadv/call=304.4 pf_hit=96%(30)
(Worker_TP1 pid=462) [gv2-census] calls=32 rows/call=96 runs/call=192.0 preads/call=192.0 read=1.892ms fadv/call=0.0 pf_hit=100%(30)
(Worker_TP1 pid=462) [gv2-census] calls=32 rows/call=96 runs/call=192.0 preads/call=192.0 read=1.549ms fadv/call=0.0 pf_hit=100%(32)
(Worker_TP1 pid=462) [gv2-census] calls=32 rows/call=200 runs/call=394.5 preads/call=394.5 read=5.558ms fadv/call=238.2 pf_hit=92%(28)
(Worker_TP1 pid=462) [gv2-census] calls=32 rows/call=96 runs/call=192.0 preads/call=192.0 read=1.632ms fadv/call=0.0 pf_hit=100%(32)
(Worker_TP1 pid=462) [gv2-census] calls=32 rows/call=96 runs/call=192.0 preads/call=192.0 read=1.335ms fadv/call=0.0 pf_hit=100%(32)
(Worker_TP1 pid=462) [gv2-census] calls=32 rows/call=93 runs/call=185.5 preads/call=185.5 read=1.583ms fadv/call=0.0 pf_hit=97%(32)
(Worker_TP1 pid=462) [gv2-census] calls=32 rows/call=168 runs/call=335.0 preads/call=335.0 read=4.486ms fadv/call=154.5 pf_hit=100%(30)
(Worker_TP1 pid=462) [gv2-census] calls=32 rows/call=150 runs/call=301.5 preads/call=301.5 read=5.085ms fadv/call=127.4 pf_hit=97%(30)
(Worker_TP1 pid=462) [gv2-census] calls=32 rows/call=96 runs/call=192.0 preads/call=192.0 read=1.392ms fadv/call=0.0 pf_hit=100%(32)
(Worker_TP1 pid=462) [gv2-census] calls=32 rows/call=96 runs/call=192.0 preads/call=192.0 read=1.608ms fadv/call=0.0 pf_hit=100%(32)
(Worker_TP1 pid=462) [gv2-census] calls=32 rows/call=96 runs/call=192.0 preads/call=192.0 read=1.504ms fadv/call=0.0 pf_hit=100%(32)
(Worker_TP1 pid=462) [gv2-census] calls=32 rows/call=171 runs/call=321.0 preads/call=321.0 read=3.133ms fadv/call=146.6 pf_hit=97%(30)
(Worker_TP1 pid=462) [gv2-census] calls=32 rows/call=96 runs/call=192.0 preads/call=192.0 read=2.036ms fadv/call=0.0 pf_hit=100%(32)
(Worker_TP1 pid=462) [gv2-census] calls=32 rows/call=96 runs/call=192.0 preads/call=192.0 read=1.895ms fadv/call=0.0 pf_hit=100%(32)
(Worker_TP1 pid=462) [gv2-census] calls=32 rows/call=96 runs/call=192.0 preads/call=192.0 read=1.439ms fadv/call=0.0 pf_hit=100%(32)
(Worker_TP1 pid=462) [gv2-census] calls=32 rows/call=96 runs/call=192.0 preads/call=192.0 read=1.471ms fadv/call=0.0 pf_hit=100%(32)
(Worker_TP1 pid=462) [gv2-census] calls=32 rows/call=157 runs/call=314.5 preads/call=314.5 read=4.868ms fadv/call=140.2 pf_hit=97%(30)
(Worker_TP1 pid=462) [gv2-census] calls=32 rows/call=96 runs/call=192.0 preads/call=192.0 read=1.428ms fadv/call=0.0 pf_hit=100%(32)
(Worker_TP1 pid=462) [gv2-census] calls=32 rows/call=96 runs/call=192.0 preads/call=192.0 read=1.269ms fadv/call=0.0 pf_hit=100%(32)
(Worker_TP1 pid=462) [gv2-census] calls=32 rows/call=147 runs/call=294.5 preads/call=294.5 read=4.728ms fadv/call=120.2 pf_hit=97%(30)
(Worker_TP1 pid=462) [gv2-census] calls=32 rows/call=96 runs/call=192.0 preads/call=192.0 read=1.596ms fadv/call=0.0 pf_hit=100%(32)
(Worker_TP1 pid=462) [gv2-census] calls=32 rows/call=96 runs/call=191.5 preads/call=191.5 read=1.894ms fadv/call=0.0 pf_hit=100%(32)
(Worker_TP1 pid=462) [gv2-census] calls=32 rows/call=215 runs/call=428.0 preads/call=428.0 read=6.473ms fadv/call=271.4 pf_hit=92%(28)
(Worker_TP1 pid=462) [gv2-census] calls=32 rows/call=96 runs/call=191.5 preads/call=191.5 read=1.475ms fadv/call=0.0 pf_hit=100%(32)
(Worker_TP1 pid=462) [gv2-census] calls=32 rows/call=195 runs/call=362.5 preads/call=362.5 read=5.161ms fadv/call=188.1 pf_hit=97%(30)
(Worker_TP1 pid=462) [gv2-census] calls=32 rows/call=138 runs/call=277.0 preads/call=277.0 read=3.571ms fadv/call=103.4 pf_hit=97%(30)
(Worker_TP1 pid=462) [gv2-census] calls=32 rows/call=96 runs/call=192.0 preads/call=192.0 read=1.512ms fadv/call=0.0 pf_hit=100%(32)
(Worker_TP1 pid=462) [gv2-census] calls=32 rows/call=96 runs/call=192.0 preads/call=192.0 read=1.643ms fadv/call=0.0 pf_hit=100%(32)
(Worker_TP1 pid=462) [gv2-census] calls=32 rows/call=96 runs/call=192.0 preads/call=192.0 read=1.684ms fadv/call=0.0 pf_hit=100%(32)
(Worker_TP1 pid=462) [gv2-census] calls=32 rows/call=228 runs/call=431.5 preads/call=431.5 read=6.149ms fadv/call=256.4 pf_hit=97%(30)
(Worker_TP1 pid=462) [gv2-census] calls=32 rows/call=143 runs/call=286.5 preads/call=286.5 read=3.636ms fadv/call=112.4 pf_hit=97%(30)
(Worker_TP1 pid=462) [gv2-census] calls=32 rows/call=96 runs/call=192.0 preads/call=192.0 read=1.579ms fadv/call=0.0 pf_hit=100%(32)
(Worker_TP1 pid=462) [gv2-census] calls=32 rows/call=156 runs/call=313.5 preads/call=313.5 read=4.062ms fadv/call=139.2 pf_hit=97%(30)
(Worker_TP1 pid=462) [gv2-census] calls=32 rows/call=191 runs/call=375.0 preads/call=375.0 read=4.004ms fadv/call=200.4 pf_hit=97%(30)
(Worker_TP1 pid=462) [gv2-census] calls=32 rows/call=96 runs/call=192.0 preads/call=192.0 read=1.683ms fadv/call=0.0 pf_hit=100%(32)
(Worker_TP1 pid=462) [gv2-census] calls=32 rows/call=167 runs/call=333.5 preads/call=333.5 read=3.215ms fadv/call=159.1 pf_hit=97%(32)
(Worker_TP1 pid=462) [gv2-census] calls=32 rows/call=96 runs/call=192.0 preads/call=192.0 read=2.770ms fadv/call=0.0 pf_hit=100%(30)
(Worker_TP1 pid=462) [gv2-census] calls=32 rows/call=147 runs/call=294.5 preads/call=294.5 read=3.386ms fadv/call=120.3 pf_hit=97%(30)
(Worker_TP1 pid=462) [gv2-census] calls=32 rows/call=96 runs/call=192.0 preads/call=192.0 read=1.594ms fadv/call=0.0 pf_hit=100%(32)
(Worker_TP1 pid=462) [gv2-census] calls=32 rows/call=151 runs/call=302.5 preads/call=302.5 read=4.998ms fadv/call=128.3 pf_hit=97%(30)
(Worker_TP1 pid=462) [gv2-census] calls=32 rows/call=57 runs/call=114.0 preads/call=114.0 read=0.766ms fadv/call=0.0 pf_hit=95%(32)
(Worker_TP1 pid=462) [gv2-census] calls=32 rows/call=232 runs/call=380.0 preads/call=380.0 read=6.847ms fadv/call=258.8 pf_hit=95%(30)
(Worker_TP1 pid=462) [gv2-census] calls=32 rows/call=96 runs/call=192.0 preads/call=192.0 read=1.552ms fadv/call=0.0 pf_hit=100%(32)
(Worker_TP1 pid=462) [gv2-census] calls=32 rows/call=96 runs/call=192.0 preads/call=192.0 read=1.605ms fadv/call=0.0 pf_hit=100%(32)
(Worker_TP1 pid=462) [gv2-census] calls=32 rows/call=96 runs/call=192.0 preads/call=192.0 read=1.494ms fadv/call=0.0 pf_hit=100%(32)
(Worker_TP1 pid=462) [gv2-census] calls=32 rows/call=177 runs/call=347.5 preads/call=347.5 read=4.750ms fadv/call=173.2 pf_hit=97%(30)
(Worker_TP1 pid=462) [gv2-census] calls=32 rows/call=96 runs/call=192.0 preads/call=192.0 read=1.793ms fadv/call=0.0 pf_hit=100%(32)
(Worker_TP1 pid=462) [gv2-census] calls=32 rows/call=96 runs/call=192.0 preads/call=192.0 read=1.550ms fadv/call=0.0 pf_hit=100%(32)
(Worker_TP1 pid=462) [gv2-census] calls=32 rows/call=96 runs/call=192.0 preads/call=192.0 read=2.270ms fadv/call=0.0 pf_hit=100%(32)
(Worker_TP1 pid=462) [gv2-census] calls=32 rows/call=261 runs/call=515.5 preads/call=515.5 read=6.999ms fadv/call=358.4 pf_hit=92%(28)
(Worker_TP1 pid=462) [gv2-census] calls=32 rows/call=96 runs/call=192.0 preads/call=192.0 read=1.732ms fadv/call=0.0 pf_hit=100%(32)
(Worker_TP1 pid=462) [gv2-census] calls=32 rows/call=96 runs/call=192.0 preads/call=192.0 read=1.672ms fadv/call=0.0 pf_hit=100%(32)
(Worker_TP1 pid=462) [gv2-census] calls=32 rows/call=96 runs/call=192.0 preads/call=192.0 read=2.217ms fadv/call=0.0 pf_hit=100%(32)
(Worker_TP1 pid=462) [gv2-census] calls=32 rows/call=96 runs/call=192.0 preads/call=192.0 read=2.195ms fadv/call=0.0 pf_hit=100%(32)
(Worker_TP1 pid=462) [gv2-census] calls=32 rows/call=164 runs/call=328.5 preads/call=328.5 read=4.160ms fadv/call=154.1 pf_hit=97%(30)
(Worker_TP1 pid=462) [gv2-census] calls=32 rows/call=96 runs/call=192.0 preads/call=192.0 read=1.639ms fadv/call=0.0 pf_hit=100%(32)
(Worker_TP1 pid=462) [gv2-census] calls=32 rows/call=159 runs/call=317.5 preads/call=317.5 read=5.035ms fadv/call=143.2 pf_hit=97%(30)
(Worker_TP1 pid=462) [gv2-census] calls=32 rows/call=96 runs/call=192.0 preads/call=192.0 read=2.097ms fadv/call=0.0 pf_hit=100%(32)
(Worker_TP1 pid=462) [gv2-census] calls=32 rows/call=96 runs/call=192.0 preads/call=192.0 read=1.749ms fadv/call=0.0 pf_hit=100%(32)
(Worker_TP1 pid=462) [gv2-census] calls=32 rows/call=156 runs/call=312.0 preads/call=312.0 read=4.766ms fadv/call=137.6 pf_hit=97%(30)
(Worker_TP1 pid=462) [gv2-census] calls=32 rows/call=96 runs/call=188.5 preads/call=188.5 read=1.779ms fadv/call=0.0 pf_hit=100%(32)
(Worker_TP1 pid=462) [gv2-census] calls=32 rows/call=96 runs/call=192.0 preads/call=192.0 read=1.874ms fadv/call=0.0 pf_hit=100%(32)
(Worker_TP1 pid=462) [gv2-census] calls=32 rows/call=163 runs/call=327.0 preads/call=327.0 read=4.336ms fadv/call=152.6 pf_hit=97%(30)
(Worker_TP1 pid=462) [gv2-census] calls=32 rows/call=96 runs/call=192.0 preads/call=192.0 read=1.667ms fadv/call=0.0 pf_hit=100%(32)
(Worker_TP1 pid=462) [gv2-census] calls=32 rows/call=150 runs/call=301.5 preads/call=301.5 read=4.627ms fadv/call=127.1 pf_hit=97%(30)
(Worker_TP1 pid=462) [gv2-census] calls=32 rows/call=96 runs/call=192.0 preads/call=192.0 read=2.327ms fadv/call=0.0 pf_hit=100%(32)
(Worker_TP1 pid=462) [gv2-census] calls=32 rows/call=168 runs/call=335.5 preads/call=335.5 read=5.473ms fadv/call=161.0 pf_hit=97%(30)
(Worker_TP1 pid=462) [gv2-census] calls=32 rows/call=96 runs/call=192.0 preads/call=192.0 read=1.656ms fadv/call=0.0 pf_hit=100%(32)
(Worker_TP1 pid=462) [gv2-census] calls=32 rows/call=171 runs/call=334.5 preads/call=334.5 read=5.702ms fadv/call=160.6 pf_hit=97%(30)
(Worker_TP1 pid=462) [gv2-census] calls=32 rows/call=96 runs/call=192.0 preads/call=192.0 read=1.959ms fadv/call=0.0 pf_hit=100%(32)
(Worker_TP1 pid=462) [gv2-census] calls=32 rows/call=180 runs/call=360.5 preads/call=360.5 read=4.131ms fadv/call=186.3 pf_hit=97%(30)
(Worker_TP1 pid=462) [gv2-census] calls=32 rows/call=96 runs/call=189.0 preads/call=189.0 read=2.376ms fadv/call=0.0 pf_hit=100%(32)
(Worker_TP1 pid=462) [gv2-census] calls=32 rows/call=96 runs/call=192.0 preads/call=192.0 read=1.783ms fadv/call=0.0 pf_hit=100%(32)
(Worker_TP1 pid=462) [gv2-census] calls=32 rows/call=150 runs/call=299.0 preads/call=299.0 read=3.391ms fadv/call=126.7 pf_hit=97%(30)
(Worker_TP1 pid=462) [gv2-census] calls=32 rows/call=155 runs/call=310.0 preads/call=310.0 read=4.603ms fadv/call=135.8 pf_hit=97%(30)
(Worker_TP1 pid=462) [gv2-census] calls=32 rows/call=96 runs/call=192.0 preads/call=192.0 read=2.017ms fadv/call=0.0 pf_hit=100%(32)
(Worker_TP1 pid=462) [gv2-census] calls=32 rows/call=157 runs/call=315.0 preads/call=315.0 read=4.938ms fadv/call=140.8 pf_hit=97%(30)
(Worker_TP1 pid=462) [gv2-census] calls=32 rows/call=96 runs/call=192.0 preads/call=192.0 read=1.544ms fadv/call=0.0 pf_hit=100%(32)
(Worker_TP1 pid=462) [gv2-census] calls=32 rows/call=96 runs/call=192.0 preads/call=192.0 read=1.498ms fadv/call=0.0 pf_hit=100%(32)
(Worker_TP1 pid=462) [gv2-census] calls=32 rows/call=93 runs/call=185.5 preads/call=185.5 read=1.949ms fadv/call=0.0 pf_hit=97%(32)
(Worker_TP1 pid=462) [gv2-census] calls=32 rows/call=177 runs/call=353.5 preads/call=353.5 read=5.172ms fadv/call=172.9 pf_hit=100%(30)
(Worker_TP1 pid=462) [gv2-census] calls=32 rows/call=96 runs/call=192.0 preads/call=192.0 read=1.504ms fadv/call=0.0 pf_hit=100%(32)
(Worker_TP1 pid=462) [gv2-census] calls=32 rows/call=171 runs/call=342.5 preads/call=342.5 read=4.068ms fadv/call=167.9 pf_hit=97%(30)
(Worker_TP1 pid=462) [gv2-census] calls=32 rows/call=96 runs/call=192.0 preads/call=192.0 read=1.625ms fadv/call=0.0 pf_hit=100%(32)
(Worker_TP1 pid=462) [gv2-census] calls=32 rows/call=96 runs/call=192.0 preads/call=192.0 read=1.759ms fadv/call=0.0 pf_hit=100%(32)
(Worker_TP1 pid=462) [gv2-census] calls=32 rows/call=96 runs/call=192.0 preads/call=192.0 read=1.469ms fadv/call=0.0 pf_hit=100%(32)
(Worker_TP1 pid=462) [gv2-census] calls=32 rows/call=96 runs/call=192.0 preads/call=192.0 read=1.649ms fadv/call=0.0 pf_hit=100%(32)
(Worker_TP1 pid=462) [gv2-census] calls=32 rows/call=168 runs/call=334.0 preads/call=334.0 read=3.956ms fadv/call=159.6 pf_hit=97%(30)
(Worker_TP1 pid=462) [gv2-census] calls=32 rows/call=96 runs/call=192.0 preads/call=192.0 read=1.563ms fadv/call=0.0 pf_hit=100%(32)
(Worker_TP1 pid=462) [gv2-census] calls=32 rows/call=96 runs/call=192.0 preads/call=192.0 read=1.511ms fadv/call=0.0 pf_hit=100%(32)
(Worker_TP1 pid=462) [gv2-census] calls=32 rows/call=96 runs/call=192.0 preads/call=192.0 read=1.982ms fadv/call=0.0 pf_hit=100%(32)
(Worker_TP1 pid=462) [gv2-census] calls=32 rows/call=96 runs/call=192.0 preads/call=192.0 read=1.949ms fadv/call=0.0 pf_hit=100%(32)
(Worker_TP1 pid=462) [gv2-census] calls=32 rows/call=183 runs/call=366.0 preads/call=366.0 read=5.661ms fadv/call=191.5 pf_hit=97%(30)
(Worker_TP1 pid=462) [gv2-census] calls=32 rows/call=96 runs/call=192.0 preads/call=192.0 read=1.565ms fadv/call=0.0 pf_hit=100%(32)
(Worker_TP1 pid=462) [gv2-census] calls=32 rows/call=96 runs/call=192.0 preads/call=192.0 read=1.568ms fadv/call=0.0 pf_hit=100%(32)
(Worker_TP1 pid=462) [gv2-census] calls=32 rows/call=96 runs/call=192.0 preads/call=192.0 read=1.577ms fadv/call=0.0 pf_hit=100%(32)
(Worker_TP1 pid=462) [gv2-census] calls=32 rows/call=159 runs/call=318.5 preads/call=318.5 read=3.438ms fadv/call=143.9 pf_hit=97%(30)
(Worker_TP1 pid=462) [gv2-census] calls=32 rows/call=186 runs/call=373.0 preads/call=373.0 read=6.173ms fadv/call=198.2 pf_hit=97%(30)
(Worker_TP1 pid=462) [gv2-census] calls=32 rows/call=96 runs/call=192.0 preads/call=192.0 read=2.145ms fadv/call=0.0 pf_hit=100%(32)
(Worker_TP1 pid=462) [gv2-census] calls=32 rows/call=152 runs/call=304.5 preads/call=304.5 read=4.225ms fadv/call=130.3 pf_hit=97%(30)
(Worker_TP1 pid=462) [gv2-census] calls=32 rows/call=96 runs/call=192.0 preads/call=192.0 read=1.722ms fadv/call=0.0 pf_hit=100%(32)
(Worker_TP1 pid=462) [gv2-census] calls=32 rows/call=96 runs/call=192.0 preads/call=192.0 read=1.552ms fadv/call=0.0 pf_hit=100%(32)
(Worker_TP1 pid=462) [gv2-census] calls=32 rows/call=96 runs/call=192.0 preads/call=192.0 read=1.974ms fadv/call=0.0 pf_hit=100%(32)
(Worker_TP1 pid=462) [gv2-census] calls=32 rows/call=246 runs/call=491.0 preads/call=491.0 read=6.674ms fadv/call=334.0 pf_hit=96%(28)
(Worker_TP1 pid=462) [gv2-census] calls=32 rows/call=96 runs/call=192.0 preads/call=192.0 read=1.590ms fadv/call=0.0 pf_hit=100%(32)
(Worker_TP1 pid=462) [gv2-census] calls=32 rows/call=96 runs/call=192.0 preads/call=192.0 read=1.770ms fadv/call=0.0 pf_hit=100%(32)
(Worker_TP1 pid=462) [gv2-census] calls=32 rows/call=183 runs/call=367.5 preads/call=367.5 read=4.595ms fadv/call=192.8 pf_hit=97%(30)
(Worker_TP1 pid=462) [gv2-census] calls=32 rows/call=96 runs/call=192.0 preads/call=192.0 read=1.766ms fadv/call=0.0 pf_hit=100%(32)
(Worker_TP1 pid=462) [gv2-census] calls=32 rows/call=96 runs/call=192.0 preads/call=192.0 read=2.791ms fadv/call=0.0 pf_hit=100%(32)
(Worker_TP1 pid=462) [gv2-census] calls=32 rows/call=170 runs/call=340.5 preads/call=340.5 read=5.842ms fadv/call=166.0 pf_hit=97%(30)
(Worker_TP1 pid=462) [gv2-census] calls=32 rows/call=96 runs/call=192.0 preads/call=192.0 read=1.633ms fadv/call=0.0 pf_hit=100%(32)
(Worker_TP1 pid=462) [gv2-census] calls=32 rows/call=96 runs/call=192.0 preads/call=192.0 read=1.576ms fadv/call=0.0 pf_hit=100%(32)
(Worker_TP1 pid=462) [gv2-census] calls=32 rows/call=96 runs/call=192.0 preads/call=192.0 read=2.178ms fadv/call=0.0 pf_hit=100%(32)
(Worker_TP1 pid=462) [gv2-census] calls=32 rows/call=177 runs/call=355.5 preads/call=355.5 read=4.808ms fadv/call=180.8 pf_hit=97%(30)
(Worker_TP1 pid=462) [gv2-census] calls=32 rows/call=96 runs/call=192.0 preads/call=192.0 read=1.586ms fadv/call=0.0 pf_hit=100%(32)
(Worker_TP1 pid=462) [gv2-census] calls=32 rows/call=96 runs/call=192.0 preads/call=192.0 read=1.733ms fadv/call=0.0 pf_hit=100%(32)
(Worker_TP1 pid=462) [gv2-census] calls=32 rows/call=168 runs/call=332.5 preads/call=332.5 read=3.277ms fadv/call=158.0 pf_hit=97%(32)
(Worker_TP1 pid=462) [gv2-census] calls=32 rows/call=96 runs/call=192.0 preads/call=192.0 read=2.508ms fadv/call=0.0 pf_hit=100%(30)
(Worker_TP1 pid=462) [gv2-census] calls=32 rows/call=96 runs/call=192.0 preads/call=192.0 read=1.519ms fadv/call=0.0 pf_hit=100%(32)
(Worker_TP1 pid=462) [gv2-census] calls=32 rows/call=96 runs/call=192.0 preads/call=192.0 read=1.640ms fadv/call=0.0 pf_hit=100%(32)
(Worker_TP1 pid=462) [gv2-census] calls=32 rows/call=179 runs/call=357.5 preads/call=357.5 read=4.681ms fadv/call=188.6 pf_hit=93%(30)
(Worker_TP1 pid=462) [gv2-census] calls=32 rows/call=183 runs/call=356.0 preads/call=356.0 read=4.779ms fadv/call=175.5 pf_hit=100%(30)
(Worker_TP1 pid=462) [gv2-census] calls=32 rows/call=96 runs/call=192.0 preads/call=192.0 read=1.274ms fadv/call=0.0 pf_hit=100%(32)
(Worker_TP1 pid=462) [gv2-census] calls=32 rows/call=96 runs/call=192.0 preads/call=192.0 read=2.418ms fadv/call=0.0 pf_hit=100%(32)
(Worker_TP1 pid=462) [gv2-census] calls=32 rows/call=176 runs/call=351.5 preads/call=351.5 read=4.036ms fadv/call=177.4 pf_hit=97%(32)
(Worker_TP1 pid=462) [gv2-census] calls=32 rows/call=96 runs/call=192.0 preads/call=192.0 read=2.765ms fadv/call=0.0 pf_hit=100%(30)
(Worker_TP1 pid=462) [gv2-census] calls=32 rows/call=165 runs/call=326.0 preads/call=326.0 read=4.676ms fadv/call=151.6 pf_hit=97%(30)
(Worker_TP1 pid=462) [gv2-census] calls=32 rows/call=96 runs/call=192.0 preads/call=192.0 read=1.410ms fadv/call=0.0 pf_hit=100%(32)
(Worker_TP1 pid=462) [gv2-census] calls=32 rows/call=96 runs/call=192.0 preads/call=192.0 read=1.369ms fadv/call=0.0 pf_hit=100%(32)
(Worker_TP1 pid=462) [gv2-census] calls=32 rows/call=96 runs/call=192.0 preads/call=192.0 read=1.216ms fadv/call=0.0 pf_hit=100%(32)
(Worker_TP1 pid=462) [gv2-census] calls=32 rows/call=161 runs/call=321.5 preads/call=321.5 read=3.657ms fadv/call=146.9 pf_hit=97%(30)
(Worker_TP1 pid=462) [gv2-census] calls=32 rows/call=183 runs/call=367.0 preads/call=367.0 read=4.780ms fadv/call=192.1 pf_hit=97%(30)
(Worker_TP1 pid=462) [gv2-census] calls=32 rows/call=96 runs/call=192.0 preads/call=192.0 read=1.556ms fadv/call=0.0 pf_hit=100%(32)
(Worker_TP1 pid=462) [gv2-census] calls=32 rows/call=96 runs/call=192.0 preads/call=192.0 read=1.392ms fadv/call=0.0 pf_hit=100%(32)
(Worker_TP1 pid=462) [gv2-census] calls=32 rows/call=96 runs/call=192.0 preads/call=192.0 read=1.380ms fadv/call=0.0 pf_hit=100%(32)
(Worker_TP1 pid=462) [gv2-census] calls=32 rows/call=252 runs/call=503.0 preads/call=503.0 read=8.079ms fadv/call=345.9 pf_hit=92%(28)
(Worker_TP1 pid=462) [gv2-census] calls=32 rows/call=96 runs/call=192.0 preads/call=192.0 read=1.933ms fadv/call=0.0 pf_hit=100%(32)
(Worker_TP1 pid=462) [gv2-census] calls=32 rows/call=96 runs/call=192.0 preads/call=192.0 read=1.163ms fadv/call=0.0 pf_hit=100%(32)
(Worker_TP1 pid=462) [gv2-census] calls=32 rows/call=96 runs/call=192.0 preads/call=192.0 read=1.214ms fadv/call=0.0 pf_hit=100%(32)
(Worker_TP1 pid=462) [gv2-census] calls=32 rows/call=173 runs/call=337.0 preads/call=337.0 read=4.569ms fadv/call=162.3 pf_hit=97%(30)
(Worker_TP1 pid=462) [gv2-census] calls=32 rows/call=96 runs/call=192.0 preads/call=192.0 read=1.336ms fadv/call=0.0 pf_hit=100%(32)
(Worker_TP1 pid=462) [gv2-census] calls=32 rows/call=96 runs/call=192.0 preads/call=192.0 read=1.931ms fadv/call=0.0 pf_hit=100%(32)
(Worker_TP1 pid=462) [gv2-census] calls=32 rows/call=189 runs/call=372.5 preads/call=372.5 read=4.406ms fadv/call=197.9 pf_hit=97%(32)
(Worker_TP1 pid=462) [gv2-census] calls=32 rows/call=96 runs/call=192.0 preads/call=192.0 read=3.257ms fadv/call=0.0 pf_hit=100%(30)
(Worker_TP1 pid=462) [gv2-census] calls=32 rows/call=156 runs/call=313.5 preads/call=313.5 read=4.323ms fadv/call=139.2 pf_hit=97%(30)
(Worker_TP1 pid=462) [gv2-census] calls=32 rows/call=96 runs/call=192.0 preads/call=192.0 read=1.583ms fadv/call=0.0 pf_hit=100%(32)
(Worker_TP1 pid=462) [gv2-census] calls=32 rows/call=96 runs/call=192.0 preads/call=192.0 read=1.816ms fadv/call=0.0 pf_hit=100%(32)
(Worker_TP1 pid=462) [gv2-census] calls=32 rows/call=90 runs/call=180.0 preads/call=180.0 read=1.304ms fadv/call=0.0 pf_hit=97%(32)
(Worker_TP1 pid=462) [gv2-census] calls=32 rows/call=48 runs/call=96.0 preads/call=96.0 read=2.284ms fadv/call=0.0 pf_hit=100%(32)
(Worker_TP1 pid=462) [gv2-census] calls=32 rows/call=48 runs/call=94.0 preads/call=94.0 read=1.792ms fadv/call=0.0 pf_hit=100%(32)
(Worker_TP1 pid=462) [gv2-census] calls=32 rows/call=48 runs/call=96.0 preads/call=96.0 read=0.636ms fadv/call=0.0 pf_hit=100%(32)
(Worker_TP1 pid=462) [gv2-census] calls=32 rows/call=48 runs/call=96.0 preads/call=96.0 read=1.854ms fadv/call=0.0 pf_hit=100%(32)
(Worker_TP1 pid=462) [gv2-census] calls=32 rows/call=48 runs/call=96.0 preads/call=96.0 read=2.279ms fadv/call=0.0 pf_hit=100%(32)
(Worker_TP1 pid=462) [gv2-census] calls=32 rows/call=48 runs/call=96.0 preads/call=96.0 read=0.581ms fadv/call=0.0 pf_hit=100%(32)
(Worker_TP1 pid=462) [gv2-census] calls=32 rows/call=48 runs/call=96.0 preads/call=96.0 read=1.173ms fadv/call=0.0 pf_hit=100%(32)
(Worker_TP1 pid=462) [gv2-census] calls=32 rows/call=48 runs/call=96.0 preads/call=96.0 read=0.771ms fadv/call=0.0 pf_hit=100%(32)
(Worker_TP1 pid=462) [gv2-census] calls=32 rows/call=48 runs/call=96.0 preads/call=96.0 read=0.630ms fadv/call=0.0 pf_hit=100%(32)
(Worker_TP1 pid=462) [gv2-census] calls=32 rows/call=48 runs/call=96.0 preads/call=96.0 read=0.726ms fadv/call=0.0 pf_hit=100%(32)
(Worker_TP1 pid=462) [gv2-census] calls=32 rows/call=48 runs/call=96.0 preads/call=96.0 read=0.692ms fadv/call=0.0 pf_hit=100%(32)
(Worker_TP1 pid=462) [gv2-census] calls=32 rows/call=48 runs/call=96.0 preads/call=96.0 read=1.785ms fadv/call=0.0 pf_hit=100%(32)
(Worker_TP1 pid=462) [gv2-census] calls=32 rows/call=48 runs/call=96.0 preads/call=96.0 read=0.692ms fadv/call=0.0 pf_hit=100%(32)
(Worker_TP1 pid=462) [gv2-census] calls=32 rows/call=48 runs/call=96.0 preads/call=96.0 read=0.680ms fadv/call=0.0 pf_hit=100%(32)
(Worker_TP1 pid=462) [gv2-census] calls=32 rows/call=48 runs/call=96.0 preads/call=96.0 read=1.182ms fadv/call=0.0 pf_hit=100%(32)
(Worker_TP1 pid=462) [gv2-census] calls=32 rows/call=48 runs/call=96.0 preads/call=96.0 read=0.668ms fadv/call=0.0 pf_hit=100%(32)
(Worker_TP1 pid=462) [gv2-census] calls=32 rows/call=48 runs/call=96.0 preads/call=96.0 read=0.719ms fadv/call=0.0 pf_hit=100%(32)
(Worker_TP1 pid=462) [gv2-census] calls=32 rows/call=48 runs/call=96.0 preads/call=96.0 read=0.673ms fadv/call=0.0 pf_hit=100%(32)
(Worker_TP1 pid=462) [gv2-census] calls=32 rows/call=48 runs/call=96.0 preads/call=96.0 read=2.342ms fadv/call=0.0 pf_hit=100%(32)
(Worker_TP1 pid=462) [gv2-census] calls=32 rows/call=48 runs/call=96.0 preads/call=96.0 read=1.237ms fadv/call=0.0 pf_hit=100%(32)
(Worker_TP1 pid=462) [gv2-census] calls=32 rows/call=48 runs/call=96.0 preads/call=96.0 read=0.652ms fadv/call=0.0 pf_hit=100%(32)
(Worker_TP1 pid=462) [gv2-census] calls=32 rows/call=48 runs/call=96.0 preads/call=96.0 read=0.656ms fadv/call=0.0 pf_hit=100%(32)
(Worker_TP1 pid=462) [gv2-census] calls=32 rows/call=48 runs/call=96.0 preads/call=96.0 read=1.077ms fadv/call=0.0 pf_hit=100%(32)
(Worker_TP1 pid=462) [gv2-census] calls=32 rows/call=48 runs/call=96.0 preads/call=96.0 read=1.215ms fadv/call=0.0 pf_hit=100%(32)
(Worker_TP1 pid=462) [gv2-census] calls=32 rows/call=48 runs/call=96.0 preads/call=96.0 read=1.655ms fadv/call=0.0 pf_hit=100%(32)
(Worker_TP1 pid=462) [gv2-census] calls=32 rows/call=48 runs/call=96.0 preads/call=96.0 read=1.623ms fadv/call=0.0 pf_hit=100%(32)
(Worker_TP1 pid=462) [gv2-census] calls=32 rows/call=48 runs/call=96.0 preads/call=96.0 read=1.707ms fadv/call=0.0 pf_hit=100%(32)
(Worker_TP1 pid=462) [gv2-census] calls=32 rows/call=48 runs/call=96.0 preads/call=96.0 read=1.180ms fadv/call=0.0 pf_hit=100%(32)
(Worker_TP1 pid=462) [gv2-census] calls=32 rows/call=48 runs/call=96.0 preads/call=96.0 read=0.679ms fadv/call=0.0 pf_hit=100%(32)
(Worker_TP1 pid=462) [gv2-census] calls=32 rows/call=48 runs/call=96.0 preads/call=96.0 read=1.148ms fadv/call=0.0 pf_hit=100%(32)
(Worker_TP1 pid=462) [gv2-census] calls=32 rows/call=48 runs/call=96.0 preads/call=96.0 read=2.301ms fadv/call=0.0 pf_hit=100%(32)
(Worker_TP1 pid=462) [gv2-census] calls=32 rows/call=48 runs/call=96.0 preads/call=96.0 read=1.670ms fadv/call=0.0 pf_hit=100%(32)
(Worker_TP1 pid=462) [gv2-census] calls=32 rows/call=48 runs/call=96.0 preads/call=96.0 read=1.185ms fadv/call=0.0 pf_hit=100%(32)
(Worker_TP1 pid=462) [gv2-census] calls=32 rows/call=48 runs/call=96.0 preads/call=96.0 read=1.234ms fadv/call=0.0 pf_hit=100%(32)
(Worker_TP1 pid=462) [gv2-census] calls=32 rows/call=48 runs/call=96.0 preads/call=96.0 read=0.632ms fadv/call=0.0 pf_hit=100%(32)
(Worker_TP1 pid=462) [gv2-census] calls=32 rows/call=48 runs/call=96.0 preads/call=96.0 read=1.241ms fadv/call=0.0 pf_hit=100%(32)
(Worker_TP1 pid=462) [gv2-census] calls=32 rows/call=48 runs/call=96.0 preads/call=96.0 read=0.720ms fadv/call=0.0 pf_hit=100%(32)
(Worker_TP1 pid=462) [gv2-census] calls=32 rows/call=48 runs/call=96.0 preads/call=96.0 read=1.285ms fadv/call=0.0 pf_hit=100%(32)
(Worker_TP1 pid=462) [gv2-census] calls=32 rows/call=48 runs/call=96.0 preads/call=96.0 read=0.717ms fadv/call=0.0 pf_hit=100%(32)
(Worker_TP1 pid=462) [gv2-census] calls=32 rows/call=48 runs/call=96.0 preads/call=96.0 read=0.633ms fadv/call=0.0 pf_hit=100%(32)
(Worker_TP1 pid=462) [gv2-census] calls=32 rows/call=48 runs/call=94.5 preads/call=94.5 read=0.734ms fadv/call=0.0 pf_hit=100%(32)
(Worker_TP1 pid=462) [gv2-census] calls=32 rows/call=48 runs/call=96.0 preads/call=96.0 read=1.326ms fadv/call=0.0 pf_hit=100%(32)
(Worker_TP1 pid=462) [gv2-census] calls=32 rows/call=48 runs/call=96.0 preads/call=96.0 read=0.724ms fadv/call=0.0 pf_hit=100%(32)
(Worker_TP1 pid=462) [gv2-census] calls=32 rows/call=48 runs/call=96.0 preads/call=96.0 read=1.334ms fadv/call=0.0 pf_hit=100%(32)
(Worker_TP1 pid=462) [gv2-census] calls=32 rows/call=48 runs/call=96.0 preads/call=96.0 read=0.856ms fadv/call=0.0 pf_hit=100%(32)
(Worker_TP1 pid=462) [gv2-census] calls=32 rows/call=48 runs/call=96.0 preads/call=96.0 read=1.403ms fadv/call=0.0 pf_hit=100%(32)
(Worker_TP1 pid=462) [gv2-census] calls=32 rows/call=48 runs/call=96.0 preads/call=96.0 read=2.026ms fadv/call=0.0 pf_hit=100%(32)
(Worker_TP1 pid=462) [gv2-census] calls=32 rows/call=48 runs/call=96.0 preads/call=96.0 read=0.830ms fadv/call=0.0 pf_hit=100%(32)
(Worker_TP1 pid=462) [gv2-census] calls=32 rows/call=48 runs/call=96.0 preads/call=96.0 read=3.176ms fadv/call=0.0 pf_hit=100%(32)
(Worker_TP1 pid=462) [gv2-census] calls=32 rows/call=48 runs/call=96.0 preads/call=96.0 read=0.849ms fadv/call=0.0 pf_hit=100%(32)
(Worker_TP1 pid=462) [gv2-census] calls=32 rows/call=48 runs/call=96.0 preads/call=96.0 read=1.844ms fadv/call=0.0 pf_hit=100%(32)
(Worker_TP1 pid=462) [gv2-census] calls=32 rows/call=48 runs/call=96.0 preads/call=96.0 read=1.364ms fadv/call=0.0 pf_hit=100%(32)
(Worker_TP1 pid=462) [gv2-census] calls=32 rows/call=48 runs/call=96.0 preads/call=96.0 read=2.316ms fadv/call=0.0 pf_hit=100%(32)
(Worker_TP1 pid=462) [gv2-census] calls=32 rows/call=48 runs/call=96.0 preads/call=96.0 read=1.904ms fadv/call=0.0 pf_hit=100%(32)
(Worker_TP1 pid=462) [gv2-census] calls=32 rows/call=48 runs/call=96.0 preads/call=96.0 read=1.198ms fadv/call=0.0 pf_hit=100%(32)
(Worker_TP1 pid=462) [gv2-census] calls=32 rows/call=48 runs/call=96.0 preads/call=96.0 read=1.258ms fadv/call=0.0 pf_hit=100%(32)
(Worker_TP1 pid=462) [gv2-census] calls=32 rows/call=48 runs/call=96.0 preads/call=96.0 read=1.996ms fadv/call=0.0 pf_hit=100%(32)
(Worker_TP1 pid=462) [gv2-census] calls=32 rows/call=48 runs/call=96.0 preads/call=96.0 read=2.455ms fadv/call=0.0 pf_hit=100%(32)
(Worker_TP1 pid=462) [gv2-census] calls=32 rows/call=48 runs/call=96.0 preads/call=96.0 read=0.816ms fadv/call=0.0 pf_hit=100%(32)
(Worker_TP1 pid=462) [gv2-census] calls=32 rows/call=48 runs/call=96.0 preads/call=96.0 read=1.350ms fadv/call=0.0 pf_hit=100%(32)
(Worker_TP1 pid=462) [gv2-census] calls=32 rows/call=48 runs/call=96.0 preads/call=96.0 read=0.877ms fadv/call=0.0 pf_hit=100%(32)
(Worker_TP1 pid=462) [gv2-census] calls=32 rows/call=48 runs/call=96.0 preads/call=96.0 read=1.387ms fadv/call=0.0 pf_hit=100%(32)
(Worker_TP1 pid=462) [gv2-census] calls=32 rows/call=48 runs/call=94.0 preads/call=94.0 read=1.766ms fadv/call=0.0 pf_hit=100%(32)
(Worker_TP1 pid=462) [gv2-census] calls=32 rows/call=48 runs/call=96.0 preads/call=96.0 read=1.824ms fadv/call=0.0 pf_hit=100%(32)
(Worker_TP1 pid=462) [gv2-census] calls=32 rows/call=48 runs/call=96.0 preads/call=96.0 read=0.874ms fadv/call=0.0 pf_hit=100%(32)
(Worker_TP1 pid=462) [gv2-census] calls=32 rows/call=48 runs/call=96.0 preads/call=96.0 read=1.362ms fadv/call=0.0 pf_hit=100%(32)
(Worker_TP1 pid=462) [gv2-census] calls=32 rows/call=48 runs/call=96.0 preads/call=96.0 read=2.460ms fadv/call=0.0 pf_hit=100%(32)
(Worker_TP1 pid=462) [gv2-census] calls=32 rows/call=48 runs/call=96.0 preads/call=96.0 read=2.529ms fadv/call=0.0 pf_hit=100%(32)
(Worker_TP1 pid=462) [gv2-census] calls=32 rows/call=48 runs/call=96.0 preads/call=96.0 read=0.846ms fadv/call=0.0 pf_hit=100%(32)
(Worker_TP1 pid=462) [gv2-census] calls=32 rows/call=48 runs/call=96.0 preads/call=96.0 read=1.902ms fadv/call=0.0 pf_hit=100%(32)
(Worker_TP1 pid=462) [gv2-census] calls=32 rows/call=48 runs/call=96.0 preads/call=96.0 read=2.336ms fadv/call=0.0 pf_hit=100%(32)
(Worker_TP1 pid=462) [gv2-census] calls=32 rows/call=48 runs/call=96.0 preads/call=96.0 read=1.343ms fadv/call=0.0 pf_hit=100%(32)
(Worker_TP1 pid=462) [gv2-census] calls=32 rows/call=48 runs/call=96.0 preads/call=96.0 read=0.776ms fadv/call=0.0 pf_hit=100%(32)
(Worker_TP1 pid=462) [gv2-census] calls=32 rows/call=48 runs/call=96.0 preads/call=96.0 read=1.463ms fadv/call=0.0 pf_hit=100%(32)
(Worker_TP1 pid=462) [gv2-census] calls=32 rows/call=48 runs/call=96.0 preads/call=96.0 read=1.367ms fadv/call=0.0 pf_hit=100%(32)
(Worker_TP1 pid=462) [gv2-census] calls=32 rows/call=48 runs/call=96.0 preads/call=96.0 read=2.116ms fadv/call=0.0 pf_hit=100%(32)
(Worker_TP1 pid=462) [gv2-census] calls=32 rows/call=48 runs/call=96.0 preads/call=96.0 read=2.913ms fadv/call=0.0 pf_hit=100%(32)
(Worker_TP1 pid=462) [gv2-census] calls=32 rows/call=48 runs/call=96.0 preads/call=96.0 read=1.851ms fadv/call=0.0 pf_hit=100%(32)
(Worker_TP1 pid=462) [gv2-census] calls=32 rows/call=48 runs/call=96.0 preads/call=96.0 read=1.330ms fadv/call=0.0 pf_hit=100%(32)
(Worker_TP1 pid=462) [gv2-census] calls=32 rows/call=48 runs/call=96.0 preads/call=96.0 read=2.382ms fadv/call=0.0 pf_hit=100%(32)
(Worker_TP1 pid=462) [gv2-census] calls=32 rows/call=48 runs/call=96.0 preads/call=96.0 read=1.997ms fadv/call=0.0 pf_hit=100%(32)
(Worker_TP1 pid=462) [gv2-census] calls=32 rows/call=48 runs/call=96.0 preads/call=96.0 read=1.830ms fadv/call=0.0 pf_hit=100%(32)
(Worker_TP1 pid=462) [gv2-census] calls=32 rows/call=48 runs/call=96.0 preads/call=96.0 read=1.879ms fadv/call=0.0 pf_hit=100%(32)
(Worker_TP1 pid=462) [gv2-census] calls=32 rows/call=48 runs/call=96.0 preads/call=96.0 read=1.857ms fadv/call=0.0 pf_hit=100%(32)
(Worker_TP1 pid=462) [gv2-census] calls=32 rows/call=48 runs/call=96.0 preads/call=96.0 read=2.392ms fadv/call=0.0 pf_hit=100%(32)
(Worker_TP1 pid=462) [gv2-census] calls=32 rows/call=48 runs/call=96.0 preads/call=96.0 read=1.858ms fadv/call=0.0 pf_hit=100%(32)
(Worker_TP1 pid=462) [gv2-census] calls=32 rows/call=318 runs/call=522.5 preads/call=522.5 read=9.886ms fadv/call=414.2 pf_hit=86%(28)
(Worker_TP1 pid=462) [gv2-census] calls=32 rows/call=480 runs/call=927.0 preads/call=927.0 read=15.751ms fadv/call=854.1 pf_hit=45%(20)
(Worker_TP1 pid=462) [gv2-census] calls=32 rows/call=585 runs/call=1127.4 preads/call=1127.4 read=17.989ms fadv/call=1053.1 pf_hit=33%(18)
(Worker_TP1 pid=462) [gv2-census] calls=32 rows/call=556 runs/call=1094.0 preads/call=1094.0 read=17.692ms fadv/call=1020.9 pf_hit=33%(18)
(Worker_TP1 pid=462) [gv2-census] calls=32 rows/call=873 runs/call=1512.0 preads/call=1512.0 read=23.896ms fadv/call=1417.0 pf_hit=64%(18)
(Worker_TP1 pid=462) [gv2-census] calls=32 rows/call=692 runs/call=1288.0 preads/call=1288.0 read=17.764ms fadv/call=1212.7 pf_hit=33%(16)
(Worker_TP1 pid=462) [gv2-census] calls=32 rows/call=666 runs/call=1271.0 preads/call=1271.0 read=18.672ms fadv/call=1196.9 pf_hit=33%(16)
(Worker_TP1 pid=462) [gv2-census] calls=32 rows/call=669 runs/call=1250.0 preads/call=1250.0 read=17.829ms fadv/call=1175.5 pf_hit=33%(16)
(Worker_TP1 pid=462) [gv2-census] calls=32 rows/call=642 runs/call=1122.5 preads/call=1122.5 read=16.497ms fadv/call=1048.1 pf_hit=33%(18)
(Worker_TP1 pid=462) [gv2-census] calls=32 rows/call=541 runs/call=1056.0 preads/call=1056.0 read=14.829ms fadv/call=981.1 pf_hit=62%(18)
(Worker_TP1 pid=462) [gv2-census] calls=32 rows/call=587 runs/call=1128.0 preads/call=1128.0 read=14.267ms fadv/call=1078.3 pf_hit=100%(16)
(Worker_TP1 pid=462) [gv2-census] calls=32 rows/call=1499 runs/call=2864.6 preads/call=2864.6 read=39.376ms fadv/call=2794.0 pf_hit=100%(16)
(Worker_TP1 pid=462) [gv2-census] calls=32 rows/call=613 runs/call=1218.5 preads/call=1218.5 read=15.834ms fadv/call=1167.3 pf_hit=83%(18)
(Worker_TP1 pid=462) [gv2-census] calls=32 rows/call=665 runs/call=1247.5 preads/call=1247.5 read=17.566ms fadv/call=1190.8 pf_hit=80%(18)
(Worker_TP1 pid=462) [gv2-census] calls=32 rows/call=768 runs/call=1275.5 preads/call=1275.5 read=16.474ms fadv/call=1200.8 pf_hit=33%(16)
(Worker_TP1 pid=462) [gv2-census] calls=32 rows/call=841 runs/call=1599.0 preads/call=1599.0 read=20.607ms fadv/call=1521.7 pf_hit=38%(18)
(Worker_TP1 pid=462) [gv2-census] calls=32 rows/call=1705 runs/call=3370.9 preads/call=3370.9 read=44.862ms fadv/call=3272.2 pf_hit=33%(16)
(Worker_TP1 pid=462) [gv2-census] calls=32 rows/call=530 runs/call=1046.9 preads/call=1046.9 read=14.863ms fadv/call=973.3 pf_hit=38%(22)
(Worker_TP1 pid=462) [gv2-census] calls=32 rows/call=687 runs/call=1312.5 preads/call=1312.5 read=18.247ms fadv/call=1237.4 pf_hit=33%(16)
(Worker_TP1 pid=462) [gv2-census] calls=32 rows/call=640 runs/call=1270.4 preads/call=1270.4 read=16.260ms fadv/call=1196.2 pf_hit=33%(16)
(Worker_TP1 pid=462) [gv2-census] calls=32 rows/call=489 runs/call=968.5 preads/call=968.5 read=15.221ms fadv/call=895.9 pf_hit=34%(18)
(Worker_TP1 pid=462) [gv2-census] calls=32 rows/call=487 runs/call=968.0 preads/call=968.0 read=13.738ms fadv/call=895.3 pf_hit=37%(22)
(Worker_TP1 pid=462) [gv2-census] calls=32 rows/call=693 runs/call=1337.0 preads/call=1337.0 read=16.809ms fadv/call=1261.5 pf_hit=33%(16)
(Worker_TP1 pid=462) [gv2-census] calls=32 rows/call=501 runs/call=997.5 preads/call=997.5 read=12.911ms fadv/call=924.5 pf_hit=33%(20)
(Worker_TP1 pid=462) [gv2-census] calls=32 rows/call=659 runs/call=1287.0 preads/call=1287.0 read=17.221ms fadv/call=1199.4 pf_hit=46%(16)
(Worker_TP1 pid=462) [gv2-census] calls=32 rows/call=1533 runs/call=2961.9 preads/call=2961.9 read=34.404ms fadv/call=2873.3 pf_hit=33%(16)
(Worker_TP1 pid=462) [gv2-census] calls=32 rows/call=645 runs/call=1244.0 preads/call=1244.0 read=15.999ms fadv/call=1168.2 pf_hit=33%(16)
(Worker_TP1 pid=462) [gv2-census] calls=32 rows/call=758 runs/call=1500.5 preads/call=1500.5 read=16.875ms fadv/call=1424.3 pf_hit=33%(16)
(Worker_TP1 pid=462) [gv2-census] calls=32 rows/call=501 runs/call=972.5 preads/call=972.5 read=13.746ms fadv/call=898.8 pf_hit=33%(20)
(Worker_TP1 pid=462) [gv2-census] calls=32 rows/call=258 runs/call=517.5 preads/call=517.5 read=12.942ms fadv/call=395.2 pf_hit=56%(28)
(Worker_TP1 pid=462) [gv2-census] calls=32 rows/call=48 runs/call=96.0 preads/call=96.0 read=0.634ms fadv/call=0.0 pf_hit=100%(32)
(Worker_TP1 pid=462) [gv2-census] calls=32 rows/call=48 runs/call=96.0 preads/call=96.0 read=0.722ms fadv/call=0.0 pf_hit=100%(32)
(Worker_TP1 pid=462) [gv2-census] calls=32 rows/call=48 runs/call=96.0 preads/call=96.0 read=0.716ms fadv/call=0.0 pf_hit=100%(32)
(Worker_TP1 pid=462) [gv2-census] calls=32 rows/call=48 runs/call=96.0 preads/call=96.0 read=0.711ms fadv/call=0.0 pf_hit=100%(32)
(Worker_TP1 pid=462) [gv2-census] calls=32 rows/call=48 runs/call=96.0 preads/call=96.0 read=0.670ms fadv/call=0.0 pf_hit=100%(32)
(Worker_TP1 pid=462) [gv2-census] calls=32 rows/call=66 runs/call=133.5 preads/call=133.5 read=1.707ms fadv/call=0.0 pf_hit=90%(32)
(Worker_TP1 pid=462) [gv2-census] calls=32 rows/call=48 runs/call=96.0 preads/call=96.0 read=1.246ms fadv/call=0.0 pf_hit=100%(32)
(Worker_TP1 pid=462) [gv2-census] calls=32 rows/call=48 runs/call=96.0 preads/call=96.0 read=1.859ms fadv/call=0.0 pf_hit=100%(32)
(Worker_TP1 pid=462) [gv2-census] calls=32 rows/call=48 runs/call=96.0 preads/call=96.0 read=2.281ms fadv/call=0.0 pf_hit=100%(32)
(Worker_TP1 pid=462) [gv2-census] calls=32 rows/call=48 runs/call=96.0 preads/call=96.0 read=1.238ms fadv/call=0.0 pf_hit=100%(32)
(Worker_TP1 pid=462) [gv2-census] calls=32 rows/call=66 runs/call=133.5 preads/call=133.5 read=1.568ms fadv/call=0.0 pf_hit=90%(32)
(Worker_TP1 pid=462) [gv2-census] calls=32 rows/call=48 runs/call=96.0 preads/call=96.0 read=1.738ms fadv/call=0.0 pf_hit=100%(32)
(Worker_TP1 pid=462) [gv2-census] calls=32 rows/call=48 runs/call=96.0 preads/call=96.0 read=1.267ms fadv/call=0.0 pf_hit=100%(32)
(Worker_TP1 pid=462) [gv2-census] calls=32 rows/call=48 runs/call=96.0 preads/call=96.0 read=1.275ms fadv/call=0.0 pf_hit=100%(32)
(Worker_TP1 pid=462) [gv2-census] calls=32 rows/call=48 runs/call=96.0 preads/call=96.0 read=1.827ms fadv/call=0.0 pf_hit=100%(32)
(Worker_TP1 pid=462) [gv2-census] calls=32 rows/call=66 runs/call=133.5 preads/call=133.5 read=1.581ms fadv/call=0.0 pf_hit=90%(32)
(Worker_TP1 pid=462) [gv2-census] calls=32 rows/call=48 runs/call=96.0 preads/call=96.0 read=2.402ms fadv/call=0.0 pf_hit=100%(32)
(Worker_TP1 pid=462) [gv2-census] calls=32 rows/call=48 runs/call=96.0 preads/call=96.0 read=1.824ms fadv/call=0.0 pf_hit=100%(32)
(Worker_TP1 pid=462) [gv2-census] calls=32 rows/call=48 runs/call=96.0 preads/call=96.0 read=1.190ms fadv/call=0.0 pf_hit=100%(32)
(Worker_TP1 pid=462) [gv2-census] calls=32 rows/call=48 runs/call=96.0 preads/call=96.0 read=1.264ms fadv/call=0.0 pf_hit=100%(32)
(Worker_TP1 pid=462) [gv2-census] calls=32 rows/call=66 runs/call=133.5 preads/call=133.5 read=0.961ms fadv/call=0.0 pf_hit=90%(32)
(Worker_TP1 pid=462) [gv2-census] calls=32 rows/call=48 runs/call=96.0 preads/call=96.0 read=1.236ms fadv/call=0.0 pf_hit=100%(32)
(Worker_TP1 pid=462) [gv2-census] calls=32 rows/call=48 runs/call=96.0 preads/call=96.0 read=1.261ms fadv/call=0.0 pf_hit=100%(32)
(Worker_TP1 pid=462) [gv2-census] calls=32 rows/call=48 runs/call=96.0 preads/call=96.0 read=1.787ms fadv/call=0.0 pf_hit=100%(32)
(Worker_TP1 pid=462) [gv2-census] calls=32 rows/call=48 runs/call=96.0 preads/call=96.0 read=2.387ms fadv/call=0.0 pf_hit=100%(32)
(Worker_TP1 pid=462) [gv2-census] calls=32 rows/call=66 runs/call=133.5 preads/call=133.5 read=2.146ms fadv/call=0.0 pf_hit=90%(32)
(Worker_TP1 pid=462) [gv2-census] calls=32 rows/call=48 runs/call=96.0 preads/call=96.0 read=0.681ms fadv/call=0.0 pf_hit=100%(32)
(Worker_TP1 pid=462) [gv2-census] calls=32 rows/call=48 runs/call=96.0 preads/call=96.0 read=1.848ms fadv/call=0.0 pf_hit=100%(32)
(Worker_TP1 pid=462) [gv2-census] calls=32 rows/call=48 runs/call=96.0 preads/call=96.0 read=1.247ms fadv/call=0.0 pf_hit=100%(32)
(Worker_TP1 pid=462) [gv2-census] calls=32 rows/call=48 runs/call=96.0 preads/call=96.0 read=1.928ms fadv/call=0.0 pf_hit=100%(32)
(Worker_TP1 pid=462) [gv2-census] calls=32 rows/call=66 runs/call=133.5 preads/call=133.5 read=1.391ms fadv/call=0.0 pf_hit=90%(32)
(Worker_TP1 pid=462) [gv2-census] calls=32 rows/call=48 runs/call=96.0 preads/call=96.0 read=0.763ms fadv/call=0.0 pf_hit=100%(32)
(Worker_TP1 pid=462) [gv2-census] calls=32 rows/call=48 runs/call=96.0 preads/call=96.0 read=1.762ms fadv/call=0.0 pf_hit=100%(32)
(Worker_TP1 pid=462) [gv2-census] calls=32 rows/call=48 runs/call=96.0 preads/call=96.0 read=1.253ms fadv/call=0.0 pf_hit=100%(32)
(Worker_TP1 pid=462) [gv2-census] calls=32 rows/call=48 runs/call=96.0 preads/call=96.0 read=2.342ms fadv/call=0.0 pf_hit=100%(32)
(Worker_TP1 pid=462) [gv2-census] calls=32 rows/call=66 runs/call=133.5 preads/call=133.5 read=0.925ms fadv/call=0.0 pf_hit=90%(32)
(Worker_TP1 pid=462) [gv2-census] calls=32 rows/call=48 runs/call=96.0 preads/call=96.0 read=1.847ms fadv/call=0.0 pf_hit=100%(32)
(Worker_TP1 pid=462) [gv2-census] calls=32 rows/call=48 runs/call=96.0 preads/call=96.0 read=1.221ms fadv/call=0.0 pf_hit=100%(32)
(Worker_TP1 pid=462) [gv2-census] calls=32 rows/call=48 runs/call=96.0 preads/call=96.0 read=1.285ms fadv/call=0.0 pf_hit=100%(32)
(Worker_TP1 pid=462) [gv2-census] calls=32 rows/call=48 runs/call=96.0 preads/call=96.0 read=1.293ms fadv/call=0.0 pf_hit=100%(32)
(Worker_TP1 pid=462) [gv2-census] calls=32 rows/call=66 runs/call=133.5 preads/call=133.5 read=0.971ms fadv/call=0.0 pf_hit=90%(32)
(Worker_TP1 pid=462) [gv2-census] calls=32 rows/call=48 runs/call=96.0 preads/call=96.0 read=1.731ms fadv/call=0.0 pf_hit=100%(32)
(Worker_TP1 pid=462) [gv2-census] calls=32 rows/call=48 runs/call=96.0 preads/call=96.0 read=1.336ms fadv/call=0.0 pf_hit=100%(32)
(Worker_TP1 pid=462) [gv2-census] calls=32 rows/call=48 runs/call=96.0 preads/call=96.0 read=1.844ms fadv/call=0.0 pf_hit=100%(32)
(Worker_TP1 pid=462) [gv2-census] calls=32 rows/call=48 runs/call=96.0 preads/call=96.0 read=1.326ms fadv/call=0.0 pf_hit=100%(32)
(Worker_TP1 pid=462) [gv2-census] calls=32 rows/call=103 runs/call=136.5 preads/call=136.5 read=1.902ms fadv/call=43.4 pf_hit=86%(32)
(Worker_TP1 pid=462) [gv2-census] calls=32 rows/call=96 runs/call=117.0 preads/call=117.0 read=2.140ms fadv/call=0.0 pf_hit=100%(32)
(Worker_TP1 pid=462) [gv2-census] calls=32 rows/call=96 runs/call=177.0 preads/call=177.0 read=3.660ms fadv/call=0.0 pf_hit=100%(32)
(Worker_TP1 pid=462) [gv2-census] calls=32 rows/call=96 runs/call=192.0 preads/call=192.0 read=2.098ms fadv/call=0.0 pf_hit=100%(32)
(Worker_TP1 pid=462) [gv2-census] calls=32 rows/call=96 runs/call=192.0 preads/call=192.0 read=2.598ms fadv/call=0.0 pf_hit=100%(32)
(Worker_TP1 pid=462) [gv2-census] calls=32 rows/call=130 runs/call=197.5 preads/call=197.5 read=3.215ms fadv/call=43.4 pf_hit=88%(32)
(Worker_TP1 pid=462) [gv2-census] calls=32 rows/call=96 runs/call=190.5 preads/call=190.5 read=2.108ms fadv/call=0.0 pf_hit=100%(32)
(Worker_TP1 pid=462) [gv2-census] calls=32 rows/call=96 runs/call=191.5 preads/call=191.5 read=3.082ms fadv/call=0.0 pf_hit=100%(32)
(Worker_TP1 pid=462) [gv2-census] calls=32 rows/call=96 runs/call=192.0 preads/call=192.0 read=3.168ms fadv/call=0.0 pf_hit=100%(32)
(Worker_TP1 pid=462) [gv2-census] calls=32 rows/call=96 runs/call=192.0 preads/call=192.0 read=2.394ms fadv/call=0.0 pf_hit=100%(32)
(Worker_TP1 pid=462) [gv2-census] calls=32 rows/call=84 runs/call=168.0 preads/call=168.0 read=2.268ms fadv/call=0.0 pf_hit=97%(32)
(Worker_TP1 pid=462) [gv2-census] calls=32 rows/call=118 runs/call=223.0 preads/call=223.0 read=3.386ms fadv/call=0.0 pf_hit=90%(32)
(Worker_TP1 pid=462) [gv2-census] calls=32 rows/call=96 runs/call=192.0 preads/call=192.0 read=1.584ms fadv/call=0.0 pf_hit=100%(32)
(Worker_TP1 pid=462) [gv2-census] calls=32 rows/call=96 runs/call=185.5 preads/call=185.5 read=2.630ms fadv/call=0.0 pf_hit=100%(32)
(Worker_TP1 pid=462) [gv2-census] calls=32 rows/call=96 runs/call=192.0 preads/call=192.0 read=1.632ms fadv/call=0.0 pf_hit=100%(32)
(Worker_TP1 pid=462) [gv2-census] calls=32 rows/call=96 runs/call=192.0 preads/call=192.0 read=2.076ms fadv/call=0.0 pf_hit=100%(32)
(Worker_TP1 pid=462) [gv2-census] calls=32 rows/call=121 runs/call=178.5 preads/call=178.5 read=1.583ms fadv/call=43.4 pf_hit=87%(32)
(Worker_TP1 pid=462) [gv2-census] calls=32 rows/call=96 runs/call=192.0 preads/call=192.0 read=3.258ms fadv/call=0.0 pf_hit=100%(32)
(Worker_TP1 pid=462) [gv2-census] calls=32 rows/call=96 runs/call=192.0 preads/call=192.0 read=2.691ms fadv/call=0.0 pf_hit=100%(32)
(Worker_TP1 pid=462) [gv2-census] calls=32 rows/call=96 runs/call=192.0 preads/call=192.0 read=2.918ms fadv/call=0.0 pf_hit=100%(32)
(Worker_TP1 pid=462) [gv2-census] calls=32 rows/call=96 runs/call=192.0 preads/call=192.0 read=2.575ms fadv/call=0.0 pf_hit=100%(32)
(Worker_TP1 pid=462) [gv2-census] calls=32 rows/call=75 runs/call=150.0 preads/call=150.0 read=1.509ms fadv/call=0.0 pf_hit=96%(32)
(Worker_TP1 pid=462) [gv2-census] calls=32 rows/call=133 runs/call=204.0 preads/call=204.0 read=1.673ms fadv/call=43.4 pf_hit=94%(32)
(Worker_TP1 pid=462) [gv2-census] calls=32 rows/call=96 runs/call=190.0 preads/call=190.0 read=2.015ms fadv/call=0.0 pf_hit=100%(32)
(Worker_TP1 pid=462) [gv2-census] calls=32 rows/call=96 runs/call=192.0 preads/call=192.0 read=1.571ms fadv/call=0.0 pf_hit=100%(32)
(Worker_TP1 pid=462) [gv2-census] calls=32 rows/call=96 runs/call=192.0 preads/call=192.0 read=1.926ms fadv/call=0.0 pf_hit=100%(32)
(Worker_TP1 pid=462) [gv2-census] calls=32 rows/call=96 runs/call=192.0 preads/call=192.0 read=3.403ms fadv/call=0.0 pf_hit=100%(32)
(Worker_TP1 pid=462) [gv2-census] calls=32 rows/call=115 runs/call=171.0 preads/call=171.0 read=1.823ms fadv/call=43.4 pf_hit=86%(32)
(Worker_TP1 pid=462) [gv2-census] calls=32 rows/call=96 runs/call=192.0 preads/call=192.0 read=1.507ms fadv/call=0.0 pf_hit=100%(32)
(Worker_TP1 pid=462) [gv2-census] calls=32 rows/call=96 runs/call=192.0 preads/call=192.0 read=2.041ms fadv/call=0.0 pf_hit=100%(32)
(Worker_TP1 pid=462) [gv2-census] calls=32 rows/call=96 runs/call=192.0 preads/call=192.0 read=1.267ms fadv/call=0.0 pf_hit=100%(32)
(Worker_TP1 pid=462) [gv2-census] calls=32 rows/call=96 runs/call=191.9 preads/call=191.9 read=1.987ms fadv/call=0.0 pf_hit=100%(32)
(Worker_TP1 pid=462) [gv2-census] calls=32 rows/call=124 runs/call=189.0 preads/call=189.0 read=1.926ms fadv/call=43.4 pf_hit=88%(32)
(Worker_TP1 pid=462) [gv2-census] calls=32 rows/call=96 runs/call=192.0 preads/call=192.0 read=1.845ms fadv/call=0.0 pf_hit=100%(32)
(Worker_TP1 pid=462) [gv2-census] calls=32 rows/call=96 runs/call=192.0 preads/call=192.0 read=1.951ms fadv/call=0.0 pf_hit=100%(32)
(Worker_TP1 pid=462) [gv2-census] calls=32 rows/call=96 runs/call=192.0 preads/call=192.0 read=1.901ms fadv/call=0.0 pf_hit=100%(32)
(Worker_TP1 pid=462) [gv2-census] calls=32 rows/call=96 runs/call=163.5 preads/call=163.5 read=1.715ms fadv/call=0.0 pf_hit=100%(32)
(Worker_TP1 pid=462) [gv2-census] calls=32 rows/call=118 runs/call=187.5 preads/call=187.5 read=2.162ms fadv/call=43.4 pf_hit=88%(32)
(Worker_TP1 pid=462) [gv2-census] calls=32 rows/call=96 runs/call=172.5 preads/call=172.5 read=1.189ms fadv/call=0.0 pf_hit=100%(32)
(Worker_TP1 pid=462) [gv2-census] calls=32 rows/call=96 runs/call=169.5 preads/call=169.5 read=1.628ms fadv/call=0.0 pf_hit=100%(32)
(Worker_TP1 pid=462) [gv2-census] calls=32 rows/call=96 runs/call=119.5 preads/call=119.5 read=1.506ms fadv/call=0.0 pf_hit=100%(32)
(Worker_TP1 pid=462) [gv2-census] calls=32 rows/call=96 runs/call=130.4 preads/call=130.4 read=1.555ms fadv/call=0.0 pf_hit=100%(32)
(Worker_TP1 pid=462) [gv2-census] calls=32 rows/call=90 runs/call=180.0 preads/call=180.0 read=1.668ms fadv/call=0.0 pf_hit=97%(32)
(Worker_TP1 pid=462) [gv2-census] calls=32 rows/call=133 runs/call=204.0 preads/call=204.0 read=1.943ms fadv/call=43.4 pf_hit=92%(32)
(Worker_TP1 pid=462) [gv2-census] calls=32 rows/call=96 runs/call=192.0 preads/call=192.0 read=1.273ms fadv/call=0.0 pf_hit=100%(32)
(Worker_TP1 pid=462) [gv2-census] calls=32 rows/call=96 runs/call=177.0 preads/call=177.0 read=2.758ms fadv/call=0.0 pf_hit=100%(32)
(Worker_TP1 pid=462) [gv2-census] calls=32 rows/call=96 runs/call=110.9 preads/call=110.9 read=0.751ms fadv/call=0.0 pf_hit=100%(32)
(Worker_TP1 pid=462) [gv2-census] calls=32 rows/call=93 runs/call=186.0 preads/call=186.0 read=1.828ms fadv/call=0.0 pf_hit=97%(32)
(Worker_TP1 pid=462) [gv2-census] calls=32 rows/call=66 runs/call=133.5 preads/call=133.5 read=0.919ms fadv/call=0.0 pf_hit=90%(32)
(Worker_TP1 pid=462) [gv2-census] calls=32 rows/call=48 runs/call=96.0 preads/call=96.0 read=0.615ms fadv/call=0.0 pf_hit=100%(32)
(Worker_TP1 pid=462) [gv2-census] calls=32 rows/call=64 runs/call=129.0 preads/call=129.0 read=8.382ms fadv/call=0.0 pf_hit=90%(32)
(Worker_TP1 pid=462) [gv2-census] calls=32 rows/call=48 runs/call=96.0 preads/call=96.0 read=0.618ms fadv/call=0.0 pf_hit=100%(32)
(Worker_TP1 pid=462) [gv2-census] calls=32 rows/call=48 runs/call=96.0 preads/call=96.0 read=0.701ms fadv/call=0.0 pf_hit=100%(32)
(Worker_TP1 pid=462) [gv2-census] calls=32 rows/call=64 runs/call=129.0 preads/call=129.0 read=1.067ms fadv/call=0.0 pf_hit=90%(32)
(Worker_TP1 pid=462) [gv2-census] calls=32 rows/call=48 runs/call=96.0 preads/call=96.0 read=0.748ms fadv/call=0.0 pf_hit=100%(32)
(Worker_TP1 pid=462) [gv2-census] calls=32 rows/call=48 runs/call=96.0 preads/call=96.0 read=0.676ms fadv/call=0.0 pf_hit=100%(32)
(Worker_TP1 pid=462) [gv2-census] calls=32 rows/call=64 runs/call=129.0 preads/call=129.0 read=0.882ms fadv/call=0.0 pf_hit=94%(32)
(Worker_TP1 pid=462) [gv2-census] calls=32 rows/call=48 runs/call=96.0 preads/call=96.0 read=0.686ms fadv/call=0.0 pf_hit=96%(32)
(Worker_TP1 pid=462) [gv2-census] calls=32 rows/call=48 runs/call=96.0 preads/call=96.0 read=0.676ms fadv/call=0.0 pf_hit=100%(32)
(Worker_TP1 pid=462) [gv2-census] calls=32 rows/call=48 runs/call=96.0 preads/call=96.0 read=0.659ms fadv/call=0.0 pf_hit=100%(32)
(Worker_TP1 pid=462) [gv2-census] calls=32 rows/call=64 runs/call=129.0 preads/call=129.0 read=0.803ms fadv/call=0.0 pf_hit=90%(32)
(Worker_TP1 pid=462) [gv2-census] calls=32 rows/call=48 runs/call=96.0 preads/call=96.0 read=0.611ms fadv/call=0.0 pf_hit=100%(32)
(Worker_TP1 pid=462) [gv2-census] calls=32 rows/call=48 runs/call=96.0 preads/call=96.0 read=0.747ms fadv/call=0.0 pf_hit=100%(32)
(Worker_TP1 pid=462) [gv2-census] calls=32 rows/call=64 runs/call=129.0 preads/call=129.0 read=1.140ms fadv/call=0.0 pf_hit=90%(32)
(Worker_TP1 pid=462) [gv2-census] calls=32 rows/call=48 runs/call=96.0 preads/call=96.0 read=0.776ms fadv/call=0.0 pf_hit=100%(32)
(Worker_TP1 pid=462) [gv2-census] calls=32 rows/call=48 runs/call=96.0 preads/call=96.0 read=0.740ms fadv/call=0.0 pf_hit=100%(32)
(Worker_TP1 pid=462) [gv2-census] calls=32 rows/call=64 runs/call=129.0 preads/call=129.0 read=0.837ms fadv/call=0.0 pf_hit=90%(32)
(Worker_TP1 pid=462) [gv2-census] calls=32 rows/call=48 runs/call=96.0 preads/call=96.0 read=0.699ms fadv/call=0.0 pf_hit=100%(32)
(Worker_TP1 pid=462) [gv2-census] calls=32 rows/call=48 runs/call=96.0 preads/call=96.0 read=0.715ms fadv/call=0.0 pf_hit=100%(32)
(Worker_TP1 pid=462) [gv2-census] calls=32 rows/call=64 runs/call=129.0 preads/call=129.0 read=0.724ms fadv/call=0.0 pf_hit=94%(32)
(Worker_TP1 pid=462) [gv2-census] calls=32 rows/call=48 runs/call=96.0 preads/call=96.0 read=0.792ms fadv/call=0.0 pf_hit=96%(32)
(Worker_TP1 pid=462) [gv2-census] calls=32 rows/call=48 runs/call=96.0 preads/call=96.0 read=0.687ms fadv/call=0.0 pf_hit=100%(32)
(Worker_TP1 pid=462) [gv2-census] calls=32 rows/call=48 runs/call=96.0 preads/call=96.0 read=0.648ms fadv/call=0.0 pf_hit=100%(32)
(Worker_TP1 pid=462) [gv2-census] calls=32 rows/call=64 runs/call=129.0 preads/call=129.0 read=0.816ms fadv/call=0.0 pf_hit=90%(32)
(Worker_TP1 pid=462) [gv2-census] calls=32 rows/call=48 runs/call=96.0 preads/call=96.0 read=0.746ms fadv/call=0.0 pf_hit=100%(32)
(Worker_TP1 pid=462) [gv2-census] calls=32 rows/call=48 runs/call=96.0 preads/call=96.0 read=0.667ms fadv/call=0.0 pf_hit=100%(32)
(Worker_TP1 pid=462) [gv2-census] calls=32 rows/call=64 runs/call=129.0 preads/call=129.0 read=0.925ms fadv/call=0.0 pf_hit=90%(32)
(Worker_TP1 pid=462) [gv2-census] calls=32 rows/call=48 runs/call=96.0 preads/call=96.0 read=0.686ms fadv/call=0.0 pf_hit=100%(32)
(Worker_TP1 pid=462) [gv2-census] calls=32 rows/call=48 runs/call=96.0 preads/call=96.0 read=0.648ms fadv/call=0.0 pf_hit=100%(32)
(Worker_TP1 pid=462) [gv2-census] calls=32 rows/call=90 runs/call=180.0 preads/call=180.0 read=1.432ms fadv/call=0.0 pf_hit=87%(32)
(Worker_TP1 pid=462) [gv2-census] calls=32 rows/call=96 runs/call=192.0 preads/call=192.0 read=1.304ms fadv/call=0.0 pf_hit=100%(32)
(Worker_TP1 pid=462) [gv2-census] calls=32 rows/call=96 runs/call=192.0 preads/call=192.0 read=1.518ms fadv/call=0.0 pf_hit=100%(32)
(Worker_TP1 pid=462) [gv2-census] calls=32 rows/call=93 runs/call=186.0 preads/call=186.0 read=1.336ms fadv/call=0.0 pf_hit=97%(32)
(Worker_TP1 pid=462) [gv2-census] calls=32 rows/call=123 runs/call=246.0 preads/call=246.0 read=1.805ms fadv/call=0.0 pf_hit=92%(32)
(Worker_TP1 pid=462) [gv2-census] calls=32 rows/call=96 runs/call=192.0 preads/call=192.0 read=1.299ms fadv/call=0.0 pf_hit=100%(32)
(Worker_TP1 pid=462) [gv2-census] calls=32 rows/call=96 runs/call=192.0 preads/call=192.0 read=1.451ms fadv/call=0.0 pf_hit=100%(32)
(Worker_TP1 pid=462) [gv2-census] calls=32 rows/call=123 runs/call=246.0 preads/call=246.0 read=1.840ms fadv/call=0.0 pf_hit=89%(32)
(Worker_TP1 pid=462) [gv2-census] calls=32 rows/call=96 runs/call=192.0 preads/call=192.0 read=1.428ms fadv/call=0.0 pf_hit=100%(32)
(Worker_TP1 pid=462) [gv2-census] calls=32 rows/call=96 runs/call=192.0 preads/call=192.0 read=1.432ms fadv/call=0.0 pf_hit=100%(32)
(Worker_TP1 pid=462) [gv2-census] calls=32 rows/call=120 runs/call=240.0 preads/call=240.0 read=1.938ms fadv/call=0.0 pf_hit=89%(32)
(Worker_TP1 pid=462) [gv2-census] calls=32 rows/call=96 runs/call=192.0 preads/call=192.0 read=1.532ms fadv/call=0.0 pf_hit=100%(32)
(Worker_TP1 pid=462) [gv2-census] calls=32 rows/call=96 runs/call=192.0 preads/call=192.0 read=1.387ms fadv/call=0.0 pf_hit=100%(32)
(Worker_TP1 pid=462) [gv2-census] calls=32 rows/call=93 runs/call=186.0 preads/call=186.0 read=1.330ms fadv/call=0.0 pf_hit=97%(32)
(Worker_TP1 pid=462) [gv2-census] calls=32 rows/call=120 runs/call=240.0 preads/call=240.0 read=1.715ms fadv/call=0.0 pf_hit=92%(32)
(Worker_TP1 pid=462) [gv2-census] calls=32 rows/call=96 runs/call=192.0 preads/call=192.0 read=1.427ms fadv/call=0.0 pf_hit=100%(32)
(Worker_TP1 pid=462) [gv2-census] calls=32 rows/call=96 runs/call=192.0 preads/call=192.0 read=1.565ms fadv/call=0.0 pf_hit=100%(32)
(Worker_TP1 pid=462) [gv2-census] calls=32 rows/call=117 runs/call=234.0 preads/call=234.0 read=1.987ms fadv/call=0.0 pf_hit=88%(32)
(Worker_TP1 pid=462) [gv2-census] calls=32 rows/call=96 runs/call=192.0 preads/call=192.0 read=1.487ms fadv/call=0.0 pf_hit=100%(32)
(Worker_TP1 pid=462) [gv2-census] calls=32 rows/call=96 runs/call=192.0 preads/call=192.0 read=1.465ms fadv/call=0.0 pf_hit=100%(32)
(Worker_TP1 pid=462) [gv2-census] calls=32 rows/call=120 runs/call=240.0 preads/call=240.0 read=1.543ms fadv/call=0.0 pf_hit=89%(32)
(Worker_TP1 pid=462) [gv2-census] calls=32 rows/call=96 runs/call=192.0 preads/call=192.0 read=1.600ms fadv/call=0.0 pf_hit=100%(32)
(Worker_TP1 pid=462) [gv2-census] calls=32 rows/call=96 runs/call=192.0 preads/call=192.0 read=1.488ms fadv/call=0.0 pf_hit=100%(32)
(Worker_TP1 pid=462) [gv2-census] calls=32 rows/call=96 runs/call=192.0 preads/call=192.0 read=1.369ms fadv/call=0.0 pf_hit=100%(32)
(Worker_TP1 pid=462) [gv2-census] calls=32 rows/call=120 runs/call=240.0 preads/call=240.0 read=1.691ms fadv/call=0.0 pf_hit=89%(32)
(Worker_TP1 pid=462) [gv2-census] calls=32 rows/call=96 runs/call=192.0 preads/call=192.0 read=1.561ms fadv/call=0.0 pf_hit=100%(32)
(Worker_TP1 pid=462) [gv2-census] calls=32 rows/call=96 runs/call=192.0 preads/call=192.0 read=1.447ms fadv/call=0.0 pf_hit=100%(32)
(Worker_TP1 pid=462) [gv2-census] calls=32 rows/call=117 runs/call=234.0 preads/call=234.0 read=1.948ms fadv/call=0.0 pf_hit=88%(32)
(Worker_TP1 pid=462) [gv2-census] calls=32 rows/call=96 runs/call=192.0 preads/call=192.0 read=1.455ms fadv/call=0.0 pf_hit=100%(32)
(Worker_TP1 pid=462) [gv2-census] calls=32 rows/call=96 runs/call=192.0 preads/call=192.0 read=1.474ms fadv/call=0.0 pf_hit=100%(32)
(Worker_TP1 pid=462) [gv2-census] calls=32 rows/call=100 runs/call=201.0 preads/call=201.0 read=1.558ms fadv/call=0.0 pf_hit=91%(32)
(Worker_TP1 pid=462) [gv2-census] calls=32 rows/call=48 runs/call=96.0 preads/call=96.0 read=0.766ms fadv/call=0.0 pf_hit=100%(32)
(Worker_TP1 pid=462) [gv2-census] calls=32 rows/call=48 runs/call=96.0 preads/call=96.0 read=0.824ms fadv/call=0.0 pf_hit=100%(32)
(Worker_TP1 pid=462) [gv2-census] calls=32 rows/call=48 runs/call=96.0 preads/call=96.0 read=0.794ms fadv/call=0.0 pf_hit=100%(32)
