dsv41-indexer-workspace: already applied
[dsv41-drop-page-cache] armed (fadvise DONTNEED on shards after weight load)
[dsv41-prefill-empty-cache] armed (threshold 8192 tokens, release when MemAvailable < 2.5 GiB)
dsv41: g8 stream feed installed
dsv41: MHC prenorm split-K forced to 40 for num_tokens <= 64
WARNING 09-24 21:31:58 [envs.py:2282] Unknown vLLM environment variable detected: VLLM_EXL3_MOE_KERNEL
INFO 09-24 21:32:06 [model.py:692] Resolved architecture: DeepseekV41ForCausalLM
INFO 09-24 21:32:06 [model.py:2034] Using max model len 1048576
INFO 09-24 21:32:07 [cache.py:348] Using fp8 data type to store kv cache. It reduces the GPU memory footprint and boosts the performance. Meanwhile, it may cause accuracy drop without a proper scaling factor
INFO 09-24 21:32:07 [arg_utils.py:2232] Inferred data_parallel_rank 0 from node_rank 1
INFO 09-24 21:32:07 [model.py:692] Resolved architecture: DeepseekV41ForCausalLM
INFO 09-24 21:32:07 [model.py:2034] Using max model len 1048576
INFO 09-24 21:32:14 [scheduler.py:277] Chunked prefill is enabled with max_num_batched_tokens=8192.
INFO 09-24 21:32:14 [kernel.py:373] Final IR op priority after setting platform defaults: IrOpPriorityConfig(rms_norm=['vllm_c', 'native'], fused_add_rms_norm=['vllm_c', 'native'])
WARNING 09-24 21:32:14 [cuda.py:336] Forcing --disable_chunked_mm_input for models with multimodal-bidirectional attention.
INFO 09-24 21:32:14 [compilation.py:329] Enabled custom fusions: norm_quant, act_quant
INFO 09-24 21:32:14 [serve.py:217] Launching vLLM (v0.1.dev20904+g179dd0fa9) headless multiproc executor, with head node address 10.100.8.1:29524 for torch.distributed process group.
dsv41-indexer-workspace: already applied
dsv41-indexer-workspace: already applied
[dsv41-drop-page-cache] armed (fadvise DONTNEED on shards after weight load)
[dsv41-prefill-empty-cache] armed (threshold 8192 tokens, release when MemAvailable < 2.5 GiB)
dsv41: g8 stream feed already present
[dsv41-drop-page-cache] armed (fadvise DONTNEED on shards after weight load)
[dsv41-prefill-empty-cache] armed (threshold 8192 tokens, release when MemAvailable < 2.5 GiB)
dsv41-patch skip g8_load_tracer: DSV41_LOAD_PF_G8 is not 1
dsv41-patch ok prefer_b12x_mxfp8
dsv41-patch skip mla_tile32_workspace: image kernel has no DSV4_CAND_WINDOW = 32
dsv41-patch ok persistent_topk: already applied
dsv41-patch ok kpool_persistent_topk: already applied
dsv41-patch ok load_general_plugins
dsv41-patch ok exl3_weight_block_size
dsv41-patch ok warmup_stubs
dsv41-patch skip cudagraph_worker_stub: DSV41_ALLOW_CUDA_GRAPHS=1
dsv41-patch ok swa_page_coerce
dsv41-patch ok kernel_block_sizes
dsv41-patch ok extra_page_bump
dsv41-patch ok v41_config_vision
dsv41-patch ok swa_image_width: already applied
dsv41-patch ok attention_image_width: already applied
dsv41-patch ok native_indexer_decode: already applied
dsv41-patch ok indexer_adaptive: already applied
dsv41-patch ok indexer_short_context: already applied
dsv41-patch skip dspark_markov_scale: DSV41_DSPARK_MARKOV_SCALE=1
dsv41-patch skip step_census: DSV41_STEP_CENSUS is not 1
dsv41-patch skip mhc_decode_splits: DSV41_MHC_DECODE_SPLITS=40: this block only collapses at =1 (N >= 2 is decode_levers)
dsv41-patch skip engram_row_cache: DSV41_ENGRAM_CACHE is not 1
dsv41-patch skip mhc_no_deepgemm: DSV41_MHC_NO_DEEPGEMM is not 1
dsv41-patch ok decode_levers
dsv41-patch skip g8_load_tracer: DSV41_LOAD_PF_G8 is not 1
dsv41-patch skip g8_load_tracer: DSV41_LOAD_PF_G8 is not 1
dsv41-patch ok prefer_b12x_mxfp8
dsv41-patch ok prefer_b12x_mxfp8
dsv41-patch skip mla_tile32_workspace: image kernel has no DSV4_CAND_WINDOW = 32
dsv41-patch skip mla_tile32_workspace: image kernel has no DSV4_CAND_WINDOW = 32
dsv41-patch ok persistent_topk: already applied
dsv41-patch ok kpool_persistent_topk: already applied
dsv41-patch ok persistent_topk: already applied
dsv41-patch ok kpool_persistent_topk: already applied
dsv41-patch ok load_general_plugins
dsv41-patch ok exl3_weight_block_size
dsv41-patch ok load_general_plugins
dsv41-patch ok exl3_weight_block_size
dsv41-patch ok warmup_stubs
dsv41-patch skip cudagraph_worker_stub: DSV41_ALLOW_CUDA_GRAPHS=1
dsv41-patch ok swa_page_coerce
dsv41-patch ok kernel_block_sizes
dsv41-patch ok extra_page_bump
dsv41-patch ok v41_config_vision
dsv41-patch ok swa_image_width: already applied
dsv41-patch ok attention_image_width: already applied
dsv41-patch ok native_indexer_decode: already applied
dsv41-patch ok indexer_adaptive: already applied
dsv41-patch ok indexer_short_context: already applied
dsv41-patch skip dspark_markov_scale: DSV41_DSPARK_MARKOV_SCALE=1
dsv41-patch skip step_census: DSV41_STEP_CENSUS is not 1
dsv41-patch skip mhc_decode_splits: DSV41_MHC_DECODE_SPLITS=40: this block only collapses at =1 (N >= 2 is decode_levers)
dsv41-patch skip engram_row_cache: DSV41_ENGRAM_CACHE is not 1
dsv41-patch skip mhc_no_deepgemm: DSV41_MHC_NO_DEEPGEMM is not 1
dsv41-patch ok warmup_stubs
dsv41-patch skip cudagraph_worker_stub: DSV41_ALLOW_CUDA_GRAPHS=1
dsv41-patch ok swa_page_coerce
dsv41: g8 stream feed already present
dsv41: MHC prenorm split-K forced to 40 for num_tokens <= 64
dsv41: MHC prenorm split-K forced to 40 for num_tokens <= 64
(Worker pid=466) INFO 09-24 21:32:20 [parallel_state.py:1817] world_size=2 rank=1 local_rank=0 distributed_init_method=tcp://10.100.8.1:29524 backend=nccl
(Worker pid=466) WARNING 09-24 21:33:23 [symm_mem.py:67] SymmMemCommunicator: Device capability 12.1 not supported, communicator is not available.
(Worker pid=466) WARNING 09-24 21:33:23 [flashinfer_all_reduce.py:383] FlashInfer All Reduce is disabled because it is not supported for world_size=2.
(Worker pid=466) WARNING 09-24 21:33:23 [custom_all_reduce.py:201] Custom collectives are disabled because this multi-node group does not have MNNVL-capable GPUs on every rank.
(Worker pid=466) INFO 09-24 21:33:23 [parallel_state.py:2234] rank 1 in world size 2 is assigned as DP rank 0, PP rank 0, PCP rank 0, TP rank 1, EP rank 1, EPLB rank N/A
(Worker pid=466) INFO 09-24 21:33:23 [gpu_worker.py:436] Using V2 Model Runner
(Worker_TP1 pid=466) INFO 09-24 21:33:24 [model_runner.py:383] Loading model from scratch...
(Worker_TP1 pid=466) INFO 09-24 21:33:24 [cuda.py:581] Using backend AttentionBackendEnum.FLASH_ATTN for vit attention
(Worker_TP1 pid=466) INFO 09-24 21:33:24 [mm_encoder_attention.py:372] Using AttentionBackendEnum.FLASH_ATTN for MMEncoderAttention.
(Worker_TP1 pid=466) INFO 09-24 21:33:24 [quant_config.py:79] DeepSeek V4 expert_dtype resolved to 'fp4'
(Worker_TP1 pid=466) INFO 09-24 21:33:24 [__init__.py:889] Using FlashInferCutlassMxfp8LinearKernel for MXFP8 GEMM
(Worker_TP1 pid=466) INFO 09-24 21:33:24 [attention.py:140] Using DeepSeek's fp8_ds_mla KV cache format.
(Worker_TP1 pid=466) INFO 09-24 21:33:25 [attention.py:1062] Using FP8 indexer cache for Lightning Indexer.
(Worker_TP1 pid=466) INFO 09-24 21:33:28 [engram.py:442] Built engram token map (129280 -> 99092 ids) for layers (1, 14)
(Worker_TP1 pid=466) dsv41: lm_head mxfp8 enabled (b12x, (64640, 5120))
(Worker_TP1 pid=466) WARNING 09-24 21:33:28 [compilation.py:1354] Op 'quant_fp8' not present in model, enabling with '+quant_fp8' has no effect
(Worker_TP1 pid=466) INFO 09-24 21:33:28 [weight_utils.py:863] Filesystem type for checkpoints: EXT4. Checkpoint size: 332.92 GiB. Available RAM: 39.41 GiB.
(Worker_TP1 pid=466) INFO 09-24 21:33:28 [weight_utils.py:893] Auto-prefetch is disabled because the filesystem (EXT4) is not a recognized network FS (NFS/Lustre) and the checkpoint size (332.92 GiB) exceeds 90% of available RAM (39.41 GiB).
(Worker_TP1 pid=466) INFO 09-24 21:35:58 [default_loader.py:430] Loading weights took 149.68 seconds
(Worker_TP1 pid=466) INFO 09-24 21:35:59 [__init__.py:889] Using EmulationMxfp8LinearKernel for MXFP8 GEMM
(Worker_TP1 pid=466) INFO 09-24 21:36:02 [exl3.py:2087] EXL3 MCG trellis engaged for routed experts: bits=2 experts_local=384 hidden=5120 intermediate_local=1152 fused_moe=exl3_moe concurrency=6 (no BF16 expert reconstruct at load)
(Worker_TP1 pid=466) INFO 09-24 21:36:02 [exl3.py:2087] EXL3 MCG trellis engaged for routed experts: bits=2 experts_local=384 hidden=5120 intermediate_local=1152 fused_moe=exl3_moe concurrency=6 (no BF16 expert reconstruct at load)
(Worker_TP1 pid=466) INFO 09-24 21:36:02 [exl3.py:2087] EXL3 MCG trellis engaged for routed experts: bits=2 experts_local=384 hidden=5120 intermediate_local=1152 fused_moe=exl3_moe concurrency=6 (no BF16 expert reconstruct at load)
(Worker_TP1 pid=466) INFO 09-24 21:36:02 [exl3.py:2087] EXL3 MCG trellis engaged for routed experts: bits=2 experts_local=384 hidden=5120 intermediate_local=1152 fused_moe=exl3_moe concurrency=6 (no BF16 expert reconstruct at load)
(Worker_TP1 pid=466) INFO 09-24 21:36:02 [exl3.py:2087] EXL3 MCG trellis engaged for routed experts: bits=2 experts_local=384 hidden=5120 intermediate_local=1152 fused_moe=exl3_moe concurrency=6 (no BF16 expert reconstruct at load)
(Worker_TP1 pid=466) INFO 09-24 21:36:02 [exl3.py:2087] EXL3 MCG trellis engaged for routed experts: bits=2 experts_local=384 hidden=5120 intermediate_local=1152 fused_moe=exl3_moe concurrency=6 (no BF16 expert reconstruct at load)
(Worker_TP1 pid=466) INFO 09-24 21:36:02 [exl3.py:2087] EXL3 MCG trellis engaged for routed experts: bits=2 experts_local=384 hidden=5120 intermediate_local=1152 fused_moe=exl3_moe concurrency=6 (no BF16 expert reconstruct at load)
(Worker_TP1 pid=466) INFO 09-24 21:36:03 [exl3.py:2087] EXL3 MCG trellis engaged for routed experts: bits=2 experts_local=384 hidden=5120 intermediate_local=1152 fused_moe=exl3_moe concurrency=6 (no BF16 expert reconstruct at load)
(Worker_TP1 pid=466) INFO 09-24 21:36:03 [exl3.py:2087] EXL3 MCG trellis engaged for routed experts: bits=2 experts_local=384 hidden=5120 intermediate_local=1152 fused_moe=exl3_moe concurrency=6 (no BF16 expert reconstruct at load)
(Worker_TP1 pid=466) INFO 09-24 21:36:03 [exl3.py:2087] EXL3 MCG trellis engaged for routed experts: bits=2 experts_local=384 hidden=5120 intermediate_local=1152 fused_moe=exl3_moe concurrency=6 (no BF16 expert reconstruct at load)
(Worker_TP1 pid=466) INFO 09-24 21:36:03 [exl3.py:2087] EXL3 MCG trellis engaged for routed experts: bits=2 experts_local=384 hidden=5120 intermediate_local=1152 fused_moe=exl3_moe concurrency=6 (no BF16 expert reconstruct at load)
(Worker_TP1 pid=466) INFO 09-24 21:36:03 [exl3.py:2087] EXL3 MCG trellis engaged for routed experts: bits=2 experts_local=384 hidden=5120 intermediate_local=1152 fused_moe=exl3_moe concurrency=6 (no BF16 expert reconstruct at load)
(Worker_TP1 pid=466) INFO 09-24 21:36:03 [exl3.py:2087] EXL3 MCG trellis engaged for routed experts: bits=2 experts_local=384 hidden=5120 intermediate_local=1152 fused_moe=exl3_moe concurrency=6 (no BF16 expert reconstruct at load)
(Worker_TP1 pid=466) INFO 09-24 21:36:03 [exl3.py:2087] EXL3 MCG trellis engaged for routed experts: bits=2 experts_local=384 hidden=5120 intermediate_local=1152 fused_moe=exl3_moe concurrency=6 (no BF16 expert reconstruct at load)
(Worker_TP1 pid=466) INFO 09-24 21:36:12 [exl3.py:2087] EXL3 MCG trellis engaged for routed experts: bits=2 experts_local=384 hidden=5120 intermediate_local=1152 fused_moe=exl3_moe concurrency=6 (no BF16 expert reconstruct at load)
(Worker_TP1 pid=466) INFO 09-24 21:36:13 [exl3.py:2087] EXL3 MCG trellis engaged for routed experts: bits=2 experts_local=384 hidden=5120 intermediate_local=1152 fused_moe=exl3_moe concurrency=6 (no BF16 expert reconstruct at load)
(Worker_TP1 pid=466) INFO 09-24 21:36:13 [exl3.py:2087] EXL3 MCG trellis engaged for routed experts: bits=2 experts_local=384 hidden=5120 intermediate_local=1152 fused_moe=exl3_moe concurrency=6 (no BF16 expert reconstruct at load)
(Worker_TP1 pid=466) INFO 09-24 21:36:13 [exl3.py:2087] EXL3 MCG trellis engaged for routed experts: bits=2 experts_local=384 hidden=5120 intermediate_local=1152 fused_moe=exl3_moe concurrency=6 (no BF16 expert reconstruct at load)
(Worker_TP1 pid=466) INFO 09-24 21:36:13 [exl3.py:2087] EXL3 MCG trellis engaged for routed experts: bits=2 experts_local=384 hidden=5120 intermediate_local=1152 fused_moe=exl3_moe concurrency=6 (no BF16 expert reconstruct at load)
(Worker_TP1 pid=466) INFO 09-24 21:36:13 [exl3.py:2087] EXL3 MCG trellis engaged for routed experts: bits=2 experts_local=384 hidden=5120 intermediate_local=1152 fused_moe=exl3_moe concurrency=6 (no BF16 expert reconstruct at load)
(Worker_TP1 pid=466) INFO 09-24 21:36:13 [exl3.py:2087] EXL3 MCG trellis engaged for routed experts: bits=2 experts_local=384 hidden=5120 intermediate_local=1152 fused_moe=exl3_moe concurrency=6 (no BF16 expert reconstruct at load)
(Worker_TP1 pid=466) INFO 09-24 21:36:13 [exl3.py:2087] EXL3 MCG trellis engaged for routed experts: bits=2 experts_local=384 hidden=5120 intermediate_local=1152 fused_moe=exl3_moe concurrency=6 (no BF16 expert reconstruct at load)
(Worker_TP1 pid=466) INFO 09-24 21:36:13 [exl3.py:2087] EXL3 MCG trellis engaged for routed experts: bits=2 experts_local=384 hidden=5120 intermediate_local=1152 fused_moe=exl3_moe concurrency=6 (no BF16 expert reconstruct at load)
(Worker_TP1 pid=466) INFO 09-24 21:36:13 [exl3.py:2087] EXL3 MCG trellis engaged for routed experts: bits=2 experts_local=384 hidden=5120 intermediate_local=1152 fused_moe=exl3_moe concurrency=6 (no BF16 expert reconstruct at load)
(Worker_TP1 pid=466) INFO 09-24 21:36:13 [exl3.py:2087] EXL3 MCG trellis engaged for routed experts: bits=2 experts_local=384 hidden=5120 intermediate_local=1152 fused_moe=exl3_moe concurrency=6 (no BF16 expert reconstruct at load)
(Worker_TP1 pid=466) INFO 09-24 21:36:13 [exl3.py:2087] EXL3 MCG trellis engaged for routed experts: bits=2 experts_local=384 hidden=5120 intermediate_local=1152 fused_moe=exl3_moe concurrency=6 (no BF16 expert reconstruct at load)
(Worker_TP1 pid=466) INFO 09-24 21:36:13 [exl3.py:2087] EXL3 MCG trellis engaged for routed experts: bits=2 experts_local=384 hidden=5120 intermediate_local=1152 fused_moe=exl3_moe concurrency=6 (no BF16 expert reconstruct at load)
(Worker_TP1 pid=466) INFO 09-24 21:36:13 [exl3.py:2087] EXL3 MCG trellis engaged for routed experts: bits=2 experts_local=384 hidden=5120 intermediate_local=1152 fused_moe=exl3_moe concurrency=6 (no BF16 expert reconstruct at load)
(Worker_TP1 pid=466) INFO 09-24 21:36:14 [exl3.py:2087] EXL3 MCG trellis engaged for routed experts: bits=2 experts_local=384 hidden=5120 intermediate_local=1152 fused_moe=exl3_moe concurrency=6 (no BF16 expert reconstruct at load)
(Worker_TP1 pid=466) INFO 09-24 21:36:14 [exl3.py:2087] EXL3 MCG trellis engaged for routed experts: bits=2 experts_local=384 hidden=5120 intermediate_local=1152 fused_moe=exl3_moe concurrency=6 (no BF16 expert reconstruct at load)
(Worker_TP1 pid=466) INFO 09-24 21:36:14 [exl3.py:2087] EXL3 MCG trellis engaged for routed experts: bits=2 experts_local=384 hidden=5120 intermediate_local=1152 fused_moe=exl3_moe concurrency=6 (no BF16 expert reconstruct at load)
(Worker_TP1 pid=466) INFO 09-24 21:36:14 [exl3.py:2087] EXL3 MCG trellis engaged for routed experts: bits=2 experts_local=384 hidden=5120 intermediate_local=1152 fused_moe=exl3_moe concurrency=6 (no BF16 expert reconstruct at load)
(Worker_TP1 pid=466) INFO 09-24 21:36:14 [exl3.py:2087] EXL3 MCG trellis engaged for routed experts: bits=2 experts_local=384 hidden=5120 intermediate_local=1152 fused_moe=exl3_moe concurrency=6 (no BF16 expert reconstruct at load)
(Worker_TP1 pid=466) INFO 09-24 21:36:14 [exl3.py:2087] EXL3 MCG trellis engaged for routed experts: bits=2 experts_local=384 hidden=5120 intermediate_local=1152 fused_moe=exl3_moe concurrency=6 (no BF16 expert reconstruct at load)
(Worker_TP1 pid=466) INFO 09-24 21:36:14 [exl3.py:2087] EXL3 MCG trellis engaged for routed experts: bits=2 experts_local=384 hidden=5120 intermediate_local=1152 fused_moe=exl3_moe concurrency=6 (no BF16 expert reconstruct at load)
(Worker_TP1 pid=466) INFO 09-24 21:36:14 [exl3.py:2087] EXL3 MCG trellis engaged for routed experts: bits=2 experts_local=384 hidden=5120 intermediate_local=1152 fused_moe=exl3_moe concurrency=6 (no BF16 expert reconstruct at load)
(Worker_TP1 pid=466) INFO 09-24 21:36:14 [exl3.py:2087] EXL3 MCG trellis engaged for routed experts: bits=2 experts_local=384 hidden=5120 intermediate_local=1152 fused_moe=exl3_moe concurrency=6 (no BF16 expert reconstruct at load)
(Worker_TP1 pid=466) INFO 09-24 21:36:15 [exl3.py:2087] EXL3 MCG trellis engaged for routed experts: bits=2 experts_local=384 hidden=5120 intermediate_local=1152 fused_moe=exl3_moe concurrency=6 (no BF16 expert reconstruct at load)
(Worker_TP1 pid=466) INFO 09-24 21:36:15 [exl3.py:2087] EXL3 MCG trellis engaged for routed experts: bits=2 experts_local=384 hidden=5120 intermediate_local=1152 fused_moe=exl3_moe concurrency=6 (no BF16 expert reconstruct at load)
(Worker_TP1 pid=466) INFO 09-24 21:36:15 [exl3.py:2087] EXL3 MCG trellis engaged for routed experts: bits=2 experts_local=384 hidden=5120 intermediate_local=1152 fused_moe=exl3_moe concurrency=6 (no BF16 expert reconstruct at load)
(Worker_TP1 pid=466) INFO 09-24 21:36:15 [eagle3_utils.py:28] Using Eagle3 auxiliary layers from config: (37, 38, 39)
(Worker_TP1 pid=466) INFO 09-24 21:36:15 [kernel.py:373] Final IR op priority after setting platform defaults: IrOpPriorityConfig(rms_norm=['vllm_c', 'native'], fused_add_rms_norm=['vllm_c', 'native'])
(Worker_TP1 pid=466) INFO 09-24 21:36:15 [mxfp4.py:715] Using 'DEEPGEMM_MXFP4' Mxfp4 MoE backend.
(Worker_TP1 pid=466) INFO 09-24 21:36:17 [weight_utils.py:863] Filesystem type for checkpoints: EXT4. Checkpoint size: 332.92 GiB. Available RAM: 30.90 GiB.
(Worker_TP1 pid=466) INFO 09-24 21:36:17 [weight_utils.py:893] Auto-prefetch is disabled because the filesystem (EXT4) is not a recognized network FS (NFS/Lustre) and the checkpoint size (332.92 GiB) exceeds 90% of available RAM (30.90 GiB).
(Worker_TP1 pid=466) INFO 09-24 21:36:41 [dspark.py:515] DSpark draft model loaded: 97 params
(Worker_TP1 pid=466) INFO 09-24 21:36:41 [default_loader.py:430] Loading weights took 23.56 seconds
(Worker_TP1 pid=466) INFO 09-24 21:36:42 [deep_gemm.py:191] deep_gemm not found in site-packages, trying vendored vllm.third_party.deep_gemm
(Worker_TP1 pid=466) INFO 09-24 21:36:42 [deep_gemm.py:218] DeepGEMM PDL enabled on vllm.third_party.deep_gemm.
(Worker_TP1 pid=466) INFO 09-24 21:36:42 [deep_gemm.py:136] DeepGEMM E8M0 enabled on current platform.
(Worker_TP1 pid=466) INFO 09-24 21:36:43 [mxfp4.py:1973] Using MoEPrepareAndFinalizeNoDPEPModular
(Worker_TP1 pid=466) INFO 09-24 21:36:43 [mxfp4.py:1974] Using DeepGemmFP4Experts
(Worker_TP1 pid=466) WARNING 09-24 21:36:44 [speculator.py:203] Draft model DSparkDeepseekV4ForCausalLM does not support external multimodal embeddings. Embeddings from the target model will not be passed to the drafter; using text-only draft inputs instead.
(Worker_TP1 pid=466) INFO 09-24 21:36:55 [model_runner.py:408] Model loading took 75.43 GiB memory and 211.789377 seconds
(Worker_TP1 pid=466) dsv41: engram prefetch v3 armed (ngram=4 heads=8 depth=3 layers=[0, 1] mult=(2, 4) primes=(2, 3, 8) offsets=(2, 24))
(Worker_TP1 pid=466) [dsv41-drop-page-cache] dropped page cache of 48 shard files: MemFree 8.33GiB -> 38.31GiB
INFO 09-24 21:39:41 [torch_utils.py:280] Reducing Torch threads from 20 to 1 for serving. Set OMP_NUM_THREADS in the external environment to override.
(Worker_TP1 pid=466) INFO 09-24 21:39:42 [encoder_runner.py:131] Encoder cache will be initialized with a budget of 8192 tokens, and profiled with 7 image items of the maximum feature size.
(Worker_TP1 pid=466) 2026-09-24 21:39:55  [TileLang:tilelang.jit.kernel:INFO] (kernel.py:129): TileLang begins to compile kernel `mhc_pre_big_fuse_with_norm_tilelang` with `out_idx=None`
(Worker_TP1 pid=466) 2026-09-24 21:40:00  [TileLang:tilelang.jit.kernel:INFO] (kernel.py:137): TileLang completes to compile kernel `mhc_pre_big_fuse_with_norm_tilelang`
(Worker_TP1 pid=466) [wo_a-probe] wo_a.dtype=torch.bfloat16 wo_a.shape=(4096, 4096) use_fp8=False wo_b.dtype=torch.float8_e4m3fn n_groups=4
(Worker_TP1 pid=466) [woa-requant] fp8 einsum engaged: (4, 1024, 4096)
(Worker_TP1 pid=466) [woa-prepack] packed ue8m0 scale engaged: (4, 1024, 32) stride=(32768, 1, 1024) dtype=torch.int32
(Worker_TP1 pid=466) 2026-09-24 21:40:05  [TileLang:tilelang.jit.kernel:INFO] (kernel.py:129): TileLang begins to compile kernel `mhc_post_tilelang` with `out_idx=None`
(Worker_TP1 pid=466) 2026-09-24 21:40:06  [TileLang:tilelang.jit.kernel:INFO] (kernel.py:137): TileLang completes to compile kernel `mhc_post_tilelang`
(Worker_TP1 pid=466) 2026-09-24 21:40:07  [TileLang:tilelang.jit.kernel:INFO] (kernel.py:129): TileLang begins to compile kernel `mhc_pre_big_fuse_with_norm_tilelang` with `out_idx=None`
(Worker_TP1 pid=466) 2026-09-24 21:40:12  [TileLang:tilelang.jit.kernel:INFO] (kernel.py:137): TileLang completes to compile kernel `mhc_pre_big_fuse_with_norm_tilelang`
(Worker_TP1 pid=466) INFO 09-24 21:40:13 [exl3.py:1224] EXL3 fat-chunk slicing ACTIVE (tokens=8192)
(Worker_TP1 pid=466) [woa-requant] fp8 einsum engaged: (4, 1024, 4096)
(Worker_TP1 pid=466) [woa-prepack] packed ue8m0 scale engaged: (4, 1024, 32) stride=(32768, 1, 1024) dtype=torch.int32
(Worker_TP1 pid=466) [woa-requant] fp8 einsum engaged: (4, 1024, 4096)
(Worker_TP1 pid=466) [woa-prepack] packed ue8m0 scale engaged: (4, 1024, 32) stride=(32768, 1, 1024) dtype=torch.int32
(Worker_TP1 pid=466) [woa-requant] fp8 einsum engaged: (4, 1024, 4096)
(Worker_TP1 pid=466) [woa-prepack] packed ue8m0 scale engaged: (4, 1024, 32) stride=(32768, 1, 1024) dtype=torch.int32
(Worker_TP1 pid=466) [woa-requant] fp8 einsum engaged: (4, 1024, 4096)
(Worker_TP1 pid=466) [woa-prepack] packed ue8m0 scale engaged: (4, 1024, 32) stride=(32768, 1, 1024) dtype=torch.int32
(Worker_TP1 pid=466) [woa-requant] fp8 einsum engaged: (4, 1024, 4096)
(Worker_TP1 pid=466) [woa-prepack] packed ue8m0 scale engaged: (4, 1024, 32) stride=(32768, 1, 1024) dtype=torch.int32
(Worker_TP1 pid=466) [woa-requant] fp8 einsum engaged: (4, 1024, 4096)
(Worker_TP1 pid=466) [woa-prepack] packed ue8m0 scale engaged: (4, 1024, 32) stride=(32768, 1, 1024) dtype=torch.int32
(Worker_TP1 pid=466) [woa-requant] fp8 einsum engaged: (4, 1024, 4096)
(Worker_TP1 pid=466) [woa-prepack] packed ue8m0 scale engaged: (4, 1024, 32) stride=(32768, 1, 1024) dtype=torch.int32
(Worker_TP1 pid=466) [woa-requant] fp8 einsum engaged: (4, 1024, 4096)
(Worker_TP1 pid=466) [woa-prepack] packed ue8m0 scale engaged: (4, 1024, 32) stride=(32768, 1, 1024) dtype=torch.int32
(Worker_TP1 pid=466) [woa-requant] fp8 einsum engaged: (4, 1024, 4096)
(Worker_TP1 pid=466) [woa-prepack] packed ue8m0 scale engaged: (4, 1024, 32) stride=(32768, 1, 1024) dtype=torch.int32
(Worker_TP1 pid=466) [woa-requant] fp8 einsum engaged: (4, 1024, 4096)
(Worker_TP1 pid=466) [woa-prepack] packed ue8m0 scale engaged: (4, 1024, 32) stride=(32768, 1, 1024) dtype=torch.int32
(Worker_TP1 pid=466) [woa-requant] fp8 einsum engaged: (4, 1024, 4096)
(Worker_TP1 pid=466) [woa-prepack] packed ue8m0 scale engaged: (4, 1024, 32) stride=(32768, 1, 1024) dtype=torch.int32
(Worker_TP1 pid=466) [woa-requant] fp8 einsum engaged: (4, 1024, 4096)
(Worker_TP1 pid=466) [woa-prepack] packed ue8m0 scale engaged: (4, 1024, 32) stride=(32768, 1, 1024) dtype=torch.int32
(Worker_TP1 pid=466) [woa-requant] fp8 einsum engaged: (4, 1024, 4096)
(Worker_TP1 pid=466) [woa-prepack] packed ue8m0 scale engaged: (4, 1024, 32) stride=(32768, 1, 1024) dtype=torch.int32
(Worker_TP1 pid=466) [woa-requant] fp8 einsum engaged: (4, 1024, 4096)
(Worker_TP1 pid=466) [woa-prepack] packed ue8m0 scale engaged: (4, 1024, 32) stride=(32768, 1, 1024) dtype=torch.int32
(Worker_TP1 pid=466) [woa-requant] fp8 einsum engaged: (4, 1024, 4096)
(Worker_TP1 pid=466) [woa-prepack] packed ue8m0 scale engaged: (4, 1024, 32) stride=(32768, 1, 1024) dtype=torch.int32
(Worker_TP1 pid=466) [woa-requant] fp8 einsum engaged: (4, 1024, 4096)
(Worker_TP1 pid=466) [woa-prepack] packed ue8m0 scale engaged: (4, 1024, 32) stride=(32768, 1, 1024) dtype=torch.int32
(Worker_TP1 pid=466) [woa-requant] fp8 einsum engaged: (4, 1024, 4096)
(Worker_TP1 pid=466) [woa-prepack] packed ue8m0 scale engaged: (4, 1024, 32) stride=(32768, 1, 1024) dtype=torch.int32
(Worker_TP1 pid=466) [woa-requant] fp8 einsum engaged: (4, 1024, 4096)
(Worker_TP1 pid=466) [woa-prepack] packed ue8m0 scale engaged: (4, 1024, 32) stride=(32768, 1, 1024) dtype=torch.int32
(Worker_TP1 pid=466) [woa-requant] fp8 einsum engaged: (4, 1024, 4096)
(Worker_TP1 pid=466) [woa-prepack] packed ue8m0 scale engaged: (4, 1024, 32) stride=(32768, 1, 1024) dtype=torch.int32
(Worker_TP1 pid=466) [woa-requant] fp8 einsum engaged: (4, 1024, 4096)
(Worker_TP1 pid=466) [woa-prepack] packed ue8m0 scale engaged: (4, 1024, 32) stride=(32768, 1, 1024) dtype=torch.int32
(Worker_TP1 pid=466) [woa-requant] fp8 einsum engaged: (4, 1024, 4096)
(Worker_TP1 pid=466) [woa-prepack] packed ue8m0 scale engaged: (4, 1024, 32) stride=(32768, 1, 1024) dtype=torch.int32
(Worker_TP1 pid=466) [woa-requant] fp8 einsum engaged: (4, 1024, 4096)
(Worker_TP1 pid=466) [woa-prepack] packed ue8m0 scale engaged: (4, 1024, 32) stride=(32768, 1, 1024) dtype=torch.int32
(Worker_TP1 pid=466) [woa-requant] fp8 einsum engaged: (4, 1024, 4096)
(Worker_TP1 pid=466) [woa-prepack] packed ue8m0 scale engaged: (4, 1024, 32) stride=(32768, 1, 1024) dtype=torch.int32
(Worker_TP1 pid=466) [woa-requant] fp8 einsum engaged: (4, 1024, 4096)
(Worker_TP1 pid=466) [woa-prepack] packed ue8m0 scale engaged: (4, 1024, 32) stride=(32768, 1, 1024) dtype=torch.int32
(Worker_TP1 pid=466) [woa-requant] fp8 einsum engaged: (4, 1024, 4096)
(Worker_TP1 pid=466) [woa-prepack] packed ue8m0 scale engaged: (4, 1024, 32) stride=(32768, 1, 1024) dtype=torch.int32
(Worker_TP1 pid=466) [woa-requant] fp8 einsum engaged: (4, 1024, 4096)
(Worker_TP1 pid=466) [woa-prepack] packed ue8m0 scale engaged: (4, 1024, 32) stride=(32768, 1, 1024) dtype=torch.int32
(Worker_TP1 pid=466) [woa-requant] fp8 einsum engaged: (4, 1024, 4096)
(Worker_TP1 pid=466) [woa-prepack] packed ue8m0 scale engaged: (4, 1024, 32) stride=(32768, 1, 1024) dtype=torch.int32
(Worker_TP1 pid=466) [woa-requant] fp8 einsum engaged: (4, 1024, 4096)
(Worker_TP1 pid=466) [woa-prepack] packed ue8m0 scale engaged: (4, 1024, 32) stride=(32768, 1, 1024) dtype=torch.int32
(Worker_TP1 pid=466) [woa-requant] fp8 einsum engaged: (4, 1024, 4096)
(Worker_TP1 pid=466) [woa-prepack] packed ue8m0 scale engaged: (4, 1024, 32) stride=(32768, 1, 1024) dtype=torch.int32
(Worker_TP1 pid=466) [woa-requant] fp8 einsum engaged: (4, 1024, 4096)
(Worker_TP1 pid=466) [woa-prepack] packed ue8m0 scale engaged: (4, 1024, 32) stride=(32768, 1, 1024) dtype=torch.int32
(Worker_TP1 pid=466) [woa-requant] fp8 einsum engaged: (4, 1024, 4096)
(Worker_TP1 pid=466) [woa-prepack] packed ue8m0 scale engaged: (4, 1024, 32) stride=(32768, 1, 1024) dtype=torch.int32
(Worker_TP1 pid=466) [woa-requant] fp8 einsum engaged: (4, 1024, 4096)
(Worker_TP1 pid=466) [woa-prepack] packed ue8m0 scale engaged: (4, 1024, 32) stride=(32768, 1, 1024) dtype=torch.int32
(Worker_TP1 pid=466) [woa-requant] fp8 einsum engaged: (4, 1024, 4096)
(Worker_TP1 pid=466) [woa-prepack] packed ue8m0 scale engaged: (4, 1024, 32) stride=(32768, 1, 1024) dtype=torch.int32
(Worker_TP1 pid=466) [woa-requant] fp8 einsum engaged: (4, 1024, 4096)
(Worker_TP1 pid=466) [woa-prepack] packed ue8m0 scale engaged: (4, 1024, 32) stride=(32768, 1, 1024) dtype=torch.int32
(Worker_TP1 pid=466) [woa-requant] fp8 einsum engaged: (4, 1024, 4096)
(Worker_TP1 pid=466) [woa-prepack] packed ue8m0 scale engaged: (4, 1024, 32) stride=(32768, 1, 1024) dtype=torch.int32
(Worker_TP1 pid=466) [woa-requant] fp8 einsum engaged: (4, 1024, 4096)
(Worker_TP1 pid=466) [woa-prepack] packed ue8m0 scale engaged: (4, 1024, 32) stride=(32768, 1, 1024) dtype=torch.int32
(Worker_TP1 pid=466) [woa-requant] fp8 einsum engaged: (4, 1024, 4096)
(Worker_TP1 pid=466) [woa-prepack] packed ue8m0 scale engaged: (4, 1024, 32) stride=(32768, 1, 1024) dtype=torch.int32
(Worker_TP1 pid=466) [woa-requant] fp8 einsum engaged: (4, 1024, 4096)
(Worker_TP1 pid=466) [woa-prepack] packed ue8m0 scale engaged: (4, 1024, 32) stride=(32768, 1, 1024) dtype=torch.int32
(Worker_TP1 pid=466) [woa-requant] fp8 einsum engaged: (4, 1024, 4096)
(Worker_TP1 pid=466) [woa-prepack] packed ue8m0 scale engaged: (4, 1024, 32) stride=(32768, 1, 1024) dtype=torch.int32
(Worker_TP1 pid=466) 2026-09-24 21:40:22  [TileLang:tilelang.jit.kernel:INFO] (kernel.py:129): TileLang begins to compile kernel `mhc_pre_big_fuse_with_norm_tilelang` with `out_idx=None`
(Worker_TP1 pid=466) 2026-09-24 21:40:27  [TileLang:tilelang.jit.kernel:INFO] (kernel.py:137): TileLang completes to compile kernel `mhc_pre_big_fuse_with_norm_tilelang`
(Worker_TP1 pid=466) [woa-requant] fp8 einsum engaged: (4, 1024, 4096)
(Worker_TP1 pid=466) [woa-prepack] packed ue8m0 scale engaged: (4, 1024, 32) stride=(32768, 1, 1024) dtype=torch.int32
(Worker_TP1 pid=466) 2026-09-24 21:40:29  [TileLang:tilelang.jit.kernel:INFO] (kernel.py:129): TileLang begins to compile kernel `mhc_pre_big_fuse_with_norm_tilelang` with `out_idx=None`
(Worker_TP1 pid=466) 2026-09-24 21:40:34  [TileLang:tilelang.jit.kernel:INFO] (kernel.py:137): TileLang completes to compile kernel `mhc_pre_big_fuse_with_norm_tilelang`
(Worker_TP1 pid=466) [woa-requant] fp8 einsum engaged: (4, 1024, 4096)
(Worker_TP1 pid=466) [woa-prepack] packed ue8m0 scale engaged: (4, 1024, 32) stride=(32768, 1, 1024) dtype=torch.int32
(Worker_TP1 pid=466) [woa-requant] fp8 einsum engaged: (4, 1024, 4096)
(Worker_TP1 pid=466) [woa-prepack] packed ue8m0 scale engaged: (4, 1024, 32) stride=(32768, 1, 1024) dtype=torch.int32
(Worker_TP1 pid=466) INFO 09-24 21:40:38 [gpu_worker.py:551] Initial free memory 113.63 GiB, reserved 8.0 GiB memory for KV Cache as specified by kv_cache_memory_bytes config and skipped memory profiling. This does not respect the gpu_memory_utilization config. Only use kv_cache_memory_bytes config when you want manual control of KV cache memory size. If OOM'ed, check the difference of initial free memory between the current run and the previous run where kv_cache_memory_bytes is suggested and update it correspondingly.
(Worker_TP1 pid=466) INFO 09-24 21:40:39 [indexer.py:741] DSA indexer decode path: use_flattening=False supports_varlen=False (next_n=4, use_fp4_cache=False)
(Worker_TP1 pid=466) [dsv41-drop-page-cache] dropped page cache of 48 shard files: MemFree 26.18GiB -> 26.19GiB
(Worker_TP1 pid=466) INFO 09-24 21:40:39 [breakable_cudagraph.py:290] Breakable CUDA graph enabled
(Worker_TP1 pid=466) 2026-09-24 21:40:41  [TileLang:tilelang.jit.kernel:INFO] (kernel.py:129): TileLang begins to compile kernel `mhc_pre_big_fuse_with_norm_tilelang` with `out_idx=None`
(Worker_TP1 pid=466) 2026-09-24 21:40:46  [TileLang:tilelang.jit.kernel:INFO] (kernel.py:137): TileLang completes to compile kernel `mhc_pre_big_fuse_with_norm_tilelang`
(Worker_TP1 pid=466) INFO 09-24 21:40:52 [speculator.py:141] Capturing model for DSpark speculator...
(Worker_TP1 pid=466) INFO 09-24 21:40:52 [model_runner.py:974] Graph capturing finished in 13 secs, took 0.99 GiB
(Worker_TP1 pid=466) dsv41: engram gather v2 self-check bit-exact (r=120)
(Worker_TP1 pid=466) dsv41: engram fast stage self-check bit-exact (2 tables, n=10)
(Worker_TP1 pid=466) INFO 09-24 21:41:01 [jit_monitor.py:85] Kernel JIT monitor activated; monitored JIT compilations during inference will use mode=warn.
(Worker_TP1 pid=466) INFO 09-24 21:41:01 [torch_utils.py:280] Reducing Torch threads from 20 to 1 for serving. Set OMP_NUM_THREADS in the external environment to override.
(Worker_TP1 pid=466) WARNING 09-24 21:41:34 [jit_monitor.py:141] Triton kernel JIT compilation during inference: ComputePrefillMetadataKernel.kernel. This causes a latency spike; consider extending warmup to cover this shape/config.
(Worker_TP1 pid=466) WARNING 09-24 21:41:36 [jit_monitor.py:141] Triton kernel JIT compilation during inference: _prepare_dflash_inputs_kernel. This causes a latency spike; consider extending warmup to cover this shape/config.
(Worker_TP1 pid=466) WARNING 09-24 21:41:36 [jit_monitor.py:141] Triton kernel JIT compilation during inference: _compute_local_logits_stats_kernel. This causes a latency spike; consider extending warmup to cover this shape/config.
(Worker_TP1 pid=466) WARNING 09-24 21:41:36 [jit_monitor.py:141] Triton kernel JIT compilation during inference: _rejection_kernel. This causes a latency spike; consider extending warmup to cover this shape/config.
(Worker_TP1 pid=466) WARNING 09-24 21:41:36 [jit_monitor.py:141] Triton kernel JIT compilation during inference: _resample_kernel. This causes a latency spike; consider extending warmup to cover this shape/config.
(Worker_TP1 pid=466) WARNING 09-24 21:41:38 [jit_monitor.py:141] Triton kernel JIT compilation during inference: _gumbel_sample_kernel. This causes a latency spike; consider extending warmup to cover this shape/config.
(Worker_TP1 pid=466) [gv2-census] calls=32 rows/call=2975 runs/call=5343.6 preads/call=5343.6 read=78.680ms fadv/call=4780.2 pf_hit=49%(28)
(Worker_TP1 pid=466) WARNING 09-24 21:41:40 [jit_monitor.py:141] CuTeDSL JIT compilation during inference: MXFP8QuantizeSwizzledKernel. This causes a latency spike; consider extending warmup to cover this shape/config.
(Worker_TP1 pid=466) INFO 09-24 21:41:41 [exl3.py:1224] EXL3 fat-chunk slicing ACTIVE (tokens=3851)
(Worker_TP1 pid=466) WARNING 09-24 21:41:42 [jit_monitor.py:141] Triton kernel JIT compilation during inference: _block_scores_kernel. This causes a latency spike; consider extending warmup to cover this shape/config.
(Worker_TP1 pid=466) WARNING 09-24 21:41:43 [jit_monitor.py:141] Triton kernel JIT compilation during inference: _candidate_flags_kernel. This causes a latency spike; consider extending warmup to cover this shape/config.
(Worker_TP1 pid=466) WARNING 09-24 21:41:43 [jit_monitor.py:141] Triton kernel JIT compilation during inference: _mask_candidates_kernel. This causes a latency spike; consider extending warmup to cover this shape/config.
(Worker_TP1 pid=466) WARNING 09-24 21:42:17 [jit_monitor.py:141] Triton kernel JIT compilation during inference: BuildPrefillChunkMetadataKernel.kernel. This causes a latency spike; consider extending warmup to cover this shape/config.
(Worker_TP1 pid=466) WARNING 09-24 21:42:17 [jit_monitor.py:141] Triton kernel JIT compilation during inference: _ring_slot_mapping_kernel. This causes a latency spike; consider extending warmup to cover this shape/config.
(Worker_TP1 pid=466) WARNING 09-24 21:42:19 [jit_monitor.py:141] TileLang JIT compilation during inference: mhc_pre_big_fuse_with_norm_tilelang. This causes a latency spike; consider extending warmup to cover this shape/config.
(Worker_TP1 pid=466) 2026-09-24 21:42:19  [TileLang:tilelang.jit.kernel:INFO] (kernel.py:129): TileLang begins to compile kernel `mhc_pre_big_fuse_with_norm_tilelang` with `out_idx=None`
(Worker_TP1 pid=466) 2026-09-24 21:42:24  [TileLang:tilelang.jit.kernel:INFO] (kernel.py:137): TileLang completes to compile kernel `mhc_pre_big_fuse_with_norm_tilelang`
(Worker_TP1 pid=466) 2026-09-24 21:42:26  [TileLang:tilelang.jit.kernel:INFO] (kernel.py:129): TileLang begins to compile kernel `mhc_pre_big_fuse_with_norm_tilelang` with `out_idx=None`
(Worker_TP1 pid=466) 2026-09-24 21:42:31  [TileLang:tilelang.jit.kernel:INFO] (kernel.py:137): TileLang completes to compile kernel `mhc_pre_big_fuse_with_norm_tilelang`
dsv41-patch ok kernel_block_sizes
dsv41-patch ok extra_page_bump
dsv41-patch ok v41_config_vision
dsv41-patch ok swa_image_width: already applied
dsv41-patch ok attention_image_width: already applied
dsv41-patch ok native_indexer_decode: already applied
dsv41-patch ok indexer_adaptive: already applied
dsv41-patch ok indexer_short_context: already applied
dsv41-patch skip dspark_markov_scale: DSV41_DSPARK_MARKOV_SCALE=1
dsv41-patch skip step_census: DSV41_STEP_CENSUS is not 1
dsv41-patch skip mhc_decode_splits: DSV41_MHC_DECODE_SPLITS=40: this block only collapses at =1 (N >= 2 is decode_levers)
dsv41-patch skip engram_row_cache: DSV41_ENGRAM_CACHE is not 1
dsv41-patch skip mhc_no_deepgemm: DSV41_MHC_NO_DEEPGEMM is not 1
dsv41-patch ok decode_levers
dsv41-patch ok decode_levers
[21:40:05] : Warning: T.vectorized loop over `i_hci` with extent 4 is lowered as a serial loop because TileLang could not find a valid vectorization plan. Scalar accumulator updates inside the loop are a common cause; move reductions to T.unroll or T.serial if this is intended.
(Worker_TP1 pid=466) [gv2-census] calls=32 rows/call=247 runs/call=219.0 preads/call=219.0 read=10.482ms fadv/call=116.8 pf_hit=69%(28)
(Worker_TP1 pid=466) [gv2-census] calls=32 rows/call=48 runs/call=96.0 preads/call=96.0 read=0.656ms fadv/call=0.0 pf_hit=100%(32)
(Worker_TP1 pid=466) [gv2-census] calls=32 rows/call=48 runs/call=96.0 preads/call=96.0 read=0.748ms fadv/call=0.0 pf_hit=100%(32)
(Worker_TP1 pid=466) [gv2-census] calls=32 rows/call=48 runs/call=96.0 preads/call=96.0 read=0.663ms fadv/call=0.0 pf_hit=100%(32)
(Worker_TP1 pid=466) [gv2-census] calls=32 rows/call=48 runs/call=96.0 preads/call=96.0 read=0.794ms fadv/call=0.0 pf_hit=100%(32)
(Worker_TP1 pid=466) [gv2-census] calls=32 rows/call=48 runs/call=96.0 preads/call=96.0 read=0.792ms fadv/call=0.0 pf_hit=100%(32)
(Worker_TP1 pid=466) [gv2-census] calls=32 rows/call=48 runs/call=96.0 preads/call=96.0 read=1.383ms fadv/call=0.0 pf_hit=100%(32)
(Worker_TP1 pid=466) [gv2-census] calls=32 rows/call=48 runs/call=96.0 preads/call=96.0 read=0.888ms fadv/call=0.0 pf_hit=100%(32)
(Worker_TP1 pid=466) [gv2-census] calls=32 rows/call=48 runs/call=96.0 preads/call=96.0 read=0.816ms fadv/call=0.0 pf_hit=100%(32)
(Worker_TP1 pid=466) [gv2-census] calls=32 rows/call=48 runs/call=96.0 preads/call=96.0 read=0.766ms fadv/call=0.0 pf_hit=100%(32)
(Worker_TP1 pid=466) [gv2-census] calls=32 rows/call=48 runs/call=96.0 preads/call=96.0 read=0.882ms fadv/call=0.0 pf_hit=100%(32)
(Worker_TP1 pid=466) [gv2-census] calls=32 rows/call=48 runs/call=96.0 preads/call=96.0 read=0.619ms fadv/call=0.0 pf_hit=100%(32)
(Worker_TP1 pid=466) [gv2-census] calls=32 rows/call=48 runs/call=96.0 preads/call=96.0 read=0.687ms fadv/call=0.0 pf_hit=100%(32)
(Worker_TP1 pid=466) [gv2-census] calls=32 rows/call=48 runs/call=96.0 preads/call=96.0 read=0.702ms fadv/call=0.0 pf_hit=100%(32)
(Worker_TP1 pid=466) [gv2-census] calls=32 rows/call=48 runs/call=96.0 preads/call=96.0 read=0.691ms fadv/call=0.0 pf_hit=100%(32)
(Worker_TP1 pid=466) [gv2-census] calls=32 rows/call=90 runs/call=181.5 preads/call=181.5 read=1.221ms fadv/call=91.3 pf_hit=90%(32)
(Worker_TP1 pid=466) [gv2-census] calls=32 rows/call=48 runs/call=96.0 preads/call=96.0 read=1.852ms fadv/call=0.0 pf_hit=100%(32)
(Worker_TP1 pid=466) [gv2-census] calls=32 rows/call=48 runs/call=96.0 preads/call=96.0 read=0.673ms fadv/call=0.0 pf_hit=100%(32)
(Worker_TP1 pid=466) [gv2-census] calls=32 rows/call=48 runs/call=96.0 preads/call=96.0 read=0.731ms fadv/call=0.0 pf_hit=100%(32)
(Worker_TP1 pid=466) [gv2-census] calls=32 rows/call=48 runs/call=96.0 preads/call=96.0 read=0.571ms fadv/call=0.0 pf_hit=100%(32)
(Worker_TP1 pid=466) [gv2-census] calls=32 rows/call=48 runs/call=96.0 preads/call=96.0 read=0.638ms fadv/call=0.0 pf_hit=100%(32)
(Worker_TP1 pid=466) [gv2-census] calls=32 rows/call=48 runs/call=96.0 preads/call=96.0 read=0.585ms fadv/call=0.0 pf_hit=100%(32)
(Worker_TP1 pid=466) [gv2-census] calls=32 rows/call=48 runs/call=96.0 preads/call=96.0 read=0.497ms fadv/call=0.0 pf_hit=100%(32)
(Worker_TP1 pid=466) [gv2-census] calls=32 rows/call=48 runs/call=96.0 preads/call=96.0 read=0.730ms fadv/call=0.0 pf_hit=100%(32)
(Worker_TP1 pid=466) [gv2-census] calls=32 rows/call=48 runs/call=96.0 preads/call=96.0 read=0.726ms fadv/call=0.0 pf_hit=100%(32)
(Worker_TP1 pid=466) [gv2-census] calls=32 rows/call=48 runs/call=96.0 preads/call=96.0 read=0.541ms fadv/call=0.0 pf_hit=100%(32)
(Worker_TP1 pid=466) [gv2-census] calls=32 rows/call=48 runs/call=96.0 preads/call=96.0 read=0.703ms fadv/call=0.0 pf_hit=100%(32)
(Worker_TP1 pid=466) [gv2-census] calls=32 rows/call=48 runs/call=96.0 preads/call=96.0 read=0.708ms fadv/call=0.0 pf_hit=100%(32)
(Worker_TP1 pid=466) [gv2-census] calls=32 rows/call=48 runs/call=96.0 preads/call=96.0 read=0.757ms fadv/call=0.0 pf_hit=100%(32)
(Worker_TP1 pid=466) [gv2-census] calls=32 rows/call=48 runs/call=96.0 preads/call=96.0 read=0.814ms fadv/call=0.0 pf_hit=100%(32)
(Worker_TP1 pid=466) [gv2-census] calls=32 rows/call=90 runs/call=181.5 preads/call=181.5 read=1.809ms fadv/call=91.3 pf_hit=94%(32)
(Worker_TP1 pid=466) [gv2-census] calls=32 rows/call=48 runs/call=96.0 preads/call=96.0 read=2.005ms fadv/call=0.0 pf_hit=96%(32)
(Worker_TP1 pid=466) [gv2-census] calls=32 rows/call=48 runs/call=96.0 preads/call=96.0 read=0.830ms fadv/call=0.0 pf_hit=100%(32)
(Worker_TP1 pid=466) [gv2-census] calls=32 rows/call=48 runs/call=96.0 preads/call=96.0 read=0.713ms fadv/call=0.0 pf_hit=100%(32)
(Worker_TP1 pid=466) [gv2-census] calls=32 rows/call=48 runs/call=96.0 preads/call=96.0 read=0.801ms fadv/call=0.0 pf_hit=100%(32)
(Worker_TP1 pid=466) [gv2-census] calls=32 rows/call=48 runs/call=96.0 preads/call=96.0 read=0.593ms fadv/call=0.0 pf_hit=100%(32)
(Worker_TP1 pid=466) [gv2-census] calls=32 rows/call=48 runs/call=96.0 preads/call=96.0 read=0.603ms fadv/call=0.0 pf_hit=100%(32)
(Worker_TP1 pid=466) [gv2-census] calls=32 rows/call=48 runs/call=96.0 preads/call=96.0 read=0.564ms fadv/call=0.0 pf_hit=100%(32)
(Worker_TP1 pid=466) [gv2-census] calls=32 rows/call=48 runs/call=96.0 preads/call=96.0 read=0.712ms fadv/call=0.0 pf_hit=100%(32)
(Worker_TP1 pid=466) [gv2-census] calls=32 rows/call=48 runs/call=96.0 preads/call=96.0 read=0.624ms fadv/call=0.0 pf_hit=100%(32)
(Worker_TP1 pid=466) [gv2-census] calls=32 rows/call=48 runs/call=96.0 preads/call=96.0 read=1.643ms fadv/call=0.0 pf_hit=100%(32)
(Worker_TP1 pid=466) [gv2-census] calls=32 rows/call=48 runs/call=96.0 preads/call=96.0 read=0.680ms fadv/call=0.0 pf_hit=100%(32)
(Worker_TP1 pid=466) [gv2-census] calls=32 rows/call=48 runs/call=96.0 preads/call=96.0 read=0.706ms fadv/call=0.0 pf_hit=100%(32)
(Worker_TP1 pid=466) [gv2-census] calls=32 rows/call=48 runs/call=96.0 preads/call=96.0 read=1.335ms fadv/call=0.0 pf_hit=100%(32)
(Worker_TP1 pid=466) [gv2-census] calls=32 rows/call=48 runs/call=96.0 preads/call=96.0 read=0.657ms fadv/call=0.0 pf_hit=100%(32)
(Worker_TP1 pid=466) [gv2-census] calls=32 rows/call=90 runs/call=181.5 preads/call=181.5 read=1.640ms fadv/call=91.3 pf_hit=90%(32)
(Worker_TP1 pid=466) [gv2-census] calls=32 rows/call=48 runs/call=96.0 preads/call=96.0 read=2.897ms fadv/call=0.0 pf_hit=100%(32)
(Worker_TP1 pid=466) [gv2-census] calls=32 rows/call=48 runs/call=96.0 preads/call=96.0 read=1.320ms fadv/call=0.0 pf_hit=100%(32)
(Worker_TP1 pid=466) [gv2-census] calls=32 rows/call=48 runs/call=96.0 preads/call=96.0 read=0.708ms fadv/call=0.0 pf_hit=100%(32)
(Worker_TP1 pid=466) [gv2-census] calls=32 rows/call=48 runs/call=96.0 preads/call=96.0 read=0.768ms fadv/call=0.0 pf_hit=100%(32)
(Worker_TP1 pid=466) [gv2-census] calls=32 rows/call=48 runs/call=96.0 preads/call=96.0 read=0.759ms fadv/call=0.0 pf_hit=100%(32)
(Worker_TP1 pid=466) [gv2-census] calls=32 rows/call=48 runs/call=96.0 preads/call=96.0 read=0.746ms fadv/call=0.0 pf_hit=100%(32)
(Worker_TP1 pid=466) [gv2-census] calls=32 rows/call=48 runs/call=96.0 preads/call=96.0 read=0.719ms fadv/call=0.0 pf_hit=100%(32)
(Worker_TP1 pid=466) [gv2-census] calls=32 rows/call=48 runs/call=96.0 preads/call=96.0 read=0.680ms fadv/call=0.0 pf_hit=100%(32)
(Worker_TP1 pid=466) [gv2-census] calls=32 rows/call=48 runs/call=96.0 preads/call=96.0 read=0.769ms fadv/call=0.0 pf_hit=100%(32)
(Worker_TP1 pid=466) [gv2-census] calls=32 rows/call=48 runs/call=96.0 preads/call=96.0 read=0.846ms fadv/call=0.0 pf_hit=100%(32)
(Worker_TP1 pid=466) [gv2-census] calls=32 rows/call=48 runs/call=96.0 preads/call=96.0 read=0.780ms fadv/call=0.0 pf_hit=100%(32)
(Worker_TP1 pid=466) [gv2-census] calls=32 rows/call=48 runs/call=96.0 preads/call=96.0 read=0.757ms fadv/call=0.0 pf_hit=100%(32)
(Worker_TP1 pid=466) [gv2-census] calls=32 rows/call=48 runs/call=96.0 preads/call=96.0 read=0.725ms fadv/call=0.0 pf_hit=100%(32)
(Worker_TP1 pid=466) [gv2-census] calls=32 rows/call=48 runs/call=96.0 preads/call=96.0 read=0.745ms fadv/call=0.0 pf_hit=100%(32)
(Worker_TP1 pid=466) [gv2-census] calls=32 rows/call=90 runs/call=181.5 preads/call=181.5 read=1.539ms fadv/call=91.3 pf_hit=90%(32)
(Worker_TP1 pid=466) [gv2-census] calls=32 rows/call=48 runs/call=96.0 preads/call=96.0 read=1.294ms fadv/call=0.0 pf_hit=100%(32)
(Worker_TP1 pid=466) [gv2-census] calls=32 rows/call=48 runs/call=96.0 preads/call=96.0 read=0.688ms fadv/call=0.0 pf_hit=100%(32)
(Worker_TP1 pid=466) [gv2-census] calls=32 rows/call=48 runs/call=96.0 preads/call=96.0 read=0.687ms fadv/call=0.0 pf_hit=100%(32)
(Worker_TP1 pid=466) [gv2-census] calls=32 rows/call=48 runs/call=96.0 preads/call=96.0 read=0.690ms fadv/call=0.0 pf_hit=100%(32)
(Worker_TP1 pid=466) [gv2-census] calls=32 rows/call=48 runs/call=96.0 preads/call=96.0 read=0.701ms fadv/call=0.0 pf_hit=100%(32)
(Worker_TP1 pid=466) [gv2-census] calls=32 rows/call=48 runs/call=96.0 preads/call=96.0 read=0.723ms fadv/call=0.0 pf_hit=100%(32)
(Worker_TP1 pid=466) [gv2-census] calls=32 rows/call=48 runs/call=96.0 preads/call=96.0 read=0.782ms fadv/call=0.0 pf_hit=100%(32)
(Worker_TP1 pid=466) [gv2-census] calls=32 rows/call=48 runs/call=96.0 preads/call=96.0 read=0.751ms fadv/call=0.0 pf_hit=100%(32)
(Worker_TP1 pid=466) [gv2-census] calls=32 rows/call=48 runs/call=96.0 preads/call=96.0 read=0.729ms fadv/call=0.0 pf_hit=100%(32)
(Worker_TP1 pid=466) [gv2-census] calls=32 rows/call=48 runs/call=96.0 preads/call=96.0 read=0.744ms fadv/call=0.0 pf_hit=100%(32)
(Worker_TP1 pid=466) [gv2-census] calls=32 rows/call=48 runs/call=96.0 preads/call=96.0 read=1.330ms fadv/call=0.0 pf_hit=100%(32)
(Worker_TP1 pid=466) [gv2-census] calls=32 rows/call=48 runs/call=96.0 preads/call=96.0 read=0.757ms fadv/call=0.0 pf_hit=100%(32)
(Worker_TP1 pid=466) [gv2-census] calls=32 rows/call=48 runs/call=96.0 preads/call=96.0 read=1.757ms fadv/call=0.0 pf_hit=100%(32)
(Worker_TP1 pid=466) [gv2-census] calls=32 rows/call=48 runs/call=96.0 preads/call=96.0 read=0.758ms fadv/call=0.0 pf_hit=100%(32)
(Worker_TP1 pid=466) [gv2-census] calls=32 rows/call=48 runs/call=96.0 preads/call=96.0 read=0.655ms fadv/call=0.0 pf_hit=100%(32)
(Worker_TP1 pid=466) [gv2-census] calls=32 rows/call=48 runs/call=96.0 preads/call=96.0 read=0.753ms fadv/call=0.0 pf_hit=100%(32)
(Worker_TP1 pid=466) [gv2-census] calls=32 rows/call=90 runs/call=181.5 preads/call=181.5 read=2.040ms fadv/call=91.3 pf_hit=90%(32)
(Worker_TP1 pid=466) [gv2-census] calls=32 rows/call=48 runs/call=96.0 preads/call=96.0 read=0.719ms fadv/call=0.0 pf_hit=100%(32)
(Worker_TP1 pid=466) [gv2-census] calls=32 rows/call=48 runs/call=96.0 preads/call=96.0 read=0.730ms fadv/call=0.0 pf_hit=100%(32)
(Worker_TP1 pid=466) [gv2-census] calls=32 rows/call=48 runs/call=96.0 preads/call=96.0 read=1.214ms fadv/call=0.0 pf_hit=100%(32)
(Worker_TP1 pid=466) [gv2-census] calls=32 rows/call=48 runs/call=96.0 preads/call=96.0 read=0.747ms fadv/call=0.0 pf_hit=100%(32)
(Worker_TP1 pid=466) [gv2-census] calls=32 rows/call=48 runs/call=96.0 preads/call=96.0 read=0.640ms fadv/call=0.0 pf_hit=100%(32)
(Worker_TP1 pid=466) [gv2-census] calls=32 rows/call=48 runs/call=96.0 preads/call=96.0 read=0.728ms fadv/call=0.0 pf_hit=100%(32)
(Worker_TP1 pid=466) [gv2-census] calls=32 rows/call=48 runs/call=96.0 preads/call=96.0 read=0.619ms fadv/call=0.0 pf_hit=100%(32)
(Worker_TP1 pid=466) [gv2-census] calls=32 rows/call=48 runs/call=96.0 preads/call=96.0 read=0.604ms fadv/call=0.0 pf_hit=100%(32)
(Worker_TP1 pid=466) [gv2-census] calls=32 rows/call=48 runs/call=96.0 preads/call=96.0 read=0.752ms fadv/call=0.0 pf_hit=100%(32)
(Worker_TP1 pid=466) [gv2-census] calls=32 rows/call=48 runs/call=96.0 preads/call=96.0 read=1.265ms fadv/call=0.0 pf_hit=100%(32)
(Worker_TP1 pid=466) [gv2-census] calls=32 rows/call=48 runs/call=96.0 preads/call=96.0 read=0.798ms fadv/call=0.0 pf_hit=100%(32)
(Worker_TP1 pid=466) [gv2-census] calls=32 rows/call=48 runs/call=96.0 preads/call=96.0 read=0.647ms fadv/call=0.0 pf_hit=100%(32)
(Worker_TP1 pid=466) [gv2-census] calls=32 rows/call=48 runs/call=96.0 preads/call=96.0 read=0.765ms fadv/call=0.0 pf_hit=100%(32)
(Worker_TP1 pid=466) [gv2-census] calls=32 rows/call=90 runs/call=181.5 preads/call=181.5 read=1.797ms fadv/call=91.3 pf_hit=90%(32)
(Worker_TP1 pid=466) [gv2-census] calls=32 rows/call=48 runs/call=96.0 preads/call=96.0 read=2.441ms fadv/call=0.0 pf_hit=100%(32)
(Worker_TP1 pid=466) [gv2-census] calls=32 rows/call=48 runs/call=96.0 preads/call=96.0 read=1.409ms fadv/call=0.0 pf_hit=100%(32)
(Worker_TP1 pid=466) [gv2-census] calls=32 rows/call=48 runs/call=96.0 preads/call=96.0 read=1.890ms fadv/call=0.0 pf_hit=100%(32)
(Worker_TP1 pid=466) [gv2-census] calls=32 rows/call=48 runs/call=96.0 preads/call=96.0 read=1.963ms fadv/call=0.0 pf_hit=100%(32)
(Worker_TP1 pid=466) [gv2-census] calls=32 rows/call=48 runs/call=96.0 preads/call=96.0 read=0.795ms fadv/call=0.0 pf_hit=100%(32)
(Worker_TP1 pid=466) [gv2-census] calls=32 rows/call=48 runs/call=96.0 preads/call=96.0 read=1.951ms fadv/call=0.0 pf_hit=100%(32)
(Worker_TP1 pid=466) [gv2-census] calls=32 rows/call=48 runs/call=96.0 preads/call=96.0 read=0.866ms fadv/call=0.0 pf_hit=100%(32)
(Worker_TP1 pid=466) [gv2-census] calls=32 rows/call=48 runs/call=96.0 preads/call=96.0 read=0.869ms fadv/call=0.0 pf_hit=100%(32)
(Worker_TP1 pid=466) [gv2-census] calls=32 rows/call=48 runs/call=96.0 preads/call=96.0 read=0.789ms fadv/call=0.0 pf_hit=100%(32)
(Worker_TP1 pid=466) [gv2-census] calls=32 rows/call=48 runs/call=96.0 preads/call=96.0 read=0.714ms fadv/call=0.0 pf_hit=100%(32)
(Worker_TP1 pid=466) [gv2-census] calls=32 rows/call=48 runs/call=96.0 preads/call=96.0 read=0.779ms fadv/call=0.0 pf_hit=100%(32)
(Worker_TP1 pid=466) [gv2-census] calls=32 rows/call=48 runs/call=96.0 preads/call=96.0 read=0.838ms fadv/call=0.0 pf_hit=100%(32)
(Worker_TP1 pid=466) [gv2-census] calls=32 rows/call=48 runs/call=96.0 preads/call=96.0 read=0.787ms fadv/call=0.0 pf_hit=100%(32)
(Worker_TP1 pid=466) [gv2-census] calls=32 rows/call=90 runs/call=181.5 preads/call=181.5 read=2.534ms fadv/call=91.3 pf_hit=90%(32)
(Worker_TP1 pid=466) [gv2-census] calls=32 rows/call=48 runs/call=96.0 preads/call=96.0 read=1.338ms fadv/call=0.0 pf_hit=100%(32)
(Worker_TP1 pid=466) [gv2-census] calls=32 rows/call=48 runs/call=96.0 preads/call=96.0 read=0.808ms fadv/call=0.0 pf_hit=100%(32)
(Worker_TP1 pid=466) [gv2-census] calls=32 rows/call=48 runs/call=96.0 preads/call=96.0 read=0.730ms fadv/call=0.0 pf_hit=100%(32)
(Worker_TP1 pid=466) [gv2-census] calls=32 rows/call=48 runs/call=96.0 preads/call=96.0 read=0.853ms fadv/call=0.0 pf_hit=100%(32)
(Worker_TP1 pid=466) [gv2-census] calls=32 rows/call=48 runs/call=96.0 preads/call=96.0 read=0.845ms fadv/call=0.0 pf_hit=100%(32)
(Worker_TP1 pid=466) [gv2-census] calls=32 rows/call=48 runs/call=96.0 preads/call=96.0 read=0.857ms fadv/call=0.0 pf_hit=100%(32)
(Worker_TP1 pid=466) [gv2-census] calls=32 rows/call=48 runs/call=96.0 preads/call=96.0 read=0.815ms fadv/call=0.0 pf_hit=100%(32)
(Worker_TP1 pid=466) [gv2-census] calls=32 rows/call=48 runs/call=96.0 preads/call=96.0 read=0.901ms fadv/call=0.0 pf_hit=100%(32)
(Worker_TP1 pid=466) [gv2-census] calls=32 rows/call=48 runs/call=96.0 preads/call=96.0 read=0.680ms fadv/call=0.0 pf_hit=100%(32)
(Worker_TP1 pid=466) [gv2-census] calls=32 rows/call=48 runs/call=96.0 preads/call=96.0 read=1.305ms fadv/call=0.0 pf_hit=100%(32)
(Worker_TP1 pid=466) [gv2-census] calls=32 rows/call=48 runs/call=96.0 preads/call=96.0 read=0.700ms fadv/call=0.0 pf_hit=100%(32)
(Worker_TP1 pid=466) [gv2-census] calls=32 rows/call=48 runs/call=96.0 preads/call=96.0 read=0.613ms fadv/call=0.0 pf_hit=100%(32)
(Worker_TP1 pid=466) [gv2-census] calls=32 rows/call=48 runs/call=96.0 preads/call=96.0 read=0.735ms fadv/call=0.0 pf_hit=100%(32)
(Worker_TP1 pid=466) [gv2-census] calls=32 rows/call=48 runs/call=96.0 preads/call=96.0 read=0.842ms fadv/call=0.0 pf_hit=100%(32)
(Worker_TP1 pid=466) [gv2-census] calls=32 rows/call=90 runs/call=181.5 preads/call=181.5 read=1.660ms fadv/call=91.3 pf_hit=92%(32)
(Worker_TP1 pid=466) [gv2-census] calls=32 rows/call=48 runs/call=96.0 preads/call=96.0 read=1.390ms fadv/call=0.0 pf_hit=100%(32)
(Worker_TP1 pid=466) [gv2-census] calls=32 rows/call=48 runs/call=96.0 preads/call=96.0 read=1.410ms fadv/call=0.0 pf_hit=100%(32)
(Worker_TP1 pid=466) [gv2-census] calls=32 rows/call=48 runs/call=96.0 preads/call=96.0 read=1.429ms fadv/call=0.0 pf_hit=100%(32)
(Worker_TP1 pid=466) [gv2-census] calls=32 rows/call=48 runs/call=96.0 preads/call=96.0 read=1.290ms fadv/call=0.0 pf_hit=100%(32)
(Worker_TP1 pid=466) [gv2-census] calls=32 rows/call=48 runs/call=96.0 preads/call=96.0 read=1.405ms fadv/call=0.0 pf_hit=100%(32)
(Worker_TP1 pid=466) [gv2-census] calls=32 rows/call=48 runs/call=96.0 preads/call=96.0 read=0.836ms fadv/call=0.0 pf_hit=100%(32)
(Worker_TP1 pid=466) [gv2-census] calls=32 rows/call=48 runs/call=96.0 preads/call=96.0 read=0.815ms fadv/call=0.0 pf_hit=100%(32)
(Worker_TP1 pid=466) [gv2-census] calls=32 rows/call=48 runs/call=96.0 preads/call=96.0 read=1.006ms fadv/call=0.0 pf_hit=100%(32)
(Worker_TP1 pid=466) [gv2-census] calls=32 rows/call=48 runs/call=96.0 preads/call=96.0 read=0.710ms fadv/call=0.0 pf_hit=100%(32)
(Worker_TP1 pid=466) [gv2-census] calls=32 rows/call=48 runs/call=96.0 preads/call=96.0 read=0.899ms fadv/call=0.0 pf_hit=100%(32)
(Worker_TP1 pid=466) [gv2-census] calls=32 rows/call=48 runs/call=96.0 preads/call=96.0 read=0.907ms fadv/call=0.0 pf_hit=100%(32)
(Worker_TP1 pid=466) [gv2-census] calls=32 rows/call=48 runs/call=96.0 preads/call=96.0 read=1.845ms fadv/call=0.0 pf_hit=100%(32)
(Worker_TP1 pid=466) [gv2-census] calls=32 rows/call=48 runs/call=96.0 preads/call=96.0 read=1.349ms fadv/call=0.0 pf_hit=100%(32)
(Worker_TP1 pid=466) [gv2-census] calls=32 rows/call=90 runs/call=181.5 preads/call=181.5 read=1.700ms fadv/call=91.3 pf_hit=90%(32)
(Worker_TP1 pid=466) [gv2-census] calls=32 rows/call=48 runs/call=96.0 preads/call=96.0 read=3.029ms fadv/call=0.0 pf_hit=100%(32)
(Worker_TP1 pid=466) [gv2-census] calls=32 rows/call=48 runs/call=96.0 preads/call=96.0 read=1.389ms fadv/call=0.0 pf_hit=100%(32)
(Worker_TP1 pid=466) [gv2-census] calls=32 rows/call=48 runs/call=96.0 preads/call=96.0 read=1.323ms fadv/call=0.0 pf_hit=100%(32)
(Worker_TP1 pid=466) [gv2-census] calls=32 rows/call=48 runs/call=96.0 preads/call=96.0 read=0.808ms fadv/call=0.0 pf_hit=100%(32)
(Worker_TP1 pid=466) [gv2-census] calls=32 rows/call=48 runs/call=96.0 preads/call=96.0 read=2.539ms fadv/call=0.0 pf_hit=100%(32)
(Worker_TP1 pid=466) [gv2-census] calls=32 rows/call=48 runs/call=96.0 preads/call=96.0 read=1.288ms fadv/call=0.0 pf_hit=100%(32)
(Worker_TP1 pid=466) [gv2-census] calls=32 rows/call=48 runs/call=96.0 preads/call=96.0 read=0.826ms fadv/call=0.0 pf_hit=100%(32)
(Worker_TP1 pid=466) [gv2-census] calls=32 rows/call=48 runs/call=96.0 preads/call=96.0 read=0.942ms fadv/call=0.0 pf_hit=100%(32)
(Worker_TP1 pid=466) [gv2-census] calls=32 rows/call=48 runs/call=96.0 preads/call=96.0 read=0.849ms fadv/call=0.0 pf_hit=100%(32)
(Worker_TP1 pid=466) [gv2-census] calls=32 rows/call=48 runs/call=96.0 preads/call=96.0 read=1.345ms fadv/call=0.0 pf_hit=100%(32)
(Worker_TP1 pid=466) [gv2-census] calls=32 rows/call=48 runs/call=96.0 preads/call=96.0 read=0.845ms fadv/call=0.0 pf_hit=100%(32)
(Worker_TP1 pid=466) [gv2-census] calls=32 rows/call=48 runs/call=96.0 preads/call=96.0 read=0.857ms fadv/call=0.0 pf_hit=100%(32)
(Worker_TP1 pid=466) [gv2-census] calls=32 rows/call=48 runs/call=96.0 preads/call=96.0 read=1.004ms fadv/call=0.0 pf_hit=100%(32)
(Worker_TP1 pid=466) [gv2-census] calls=32 rows/call=48 runs/call=96.0 preads/call=96.0 read=0.775ms fadv/call=0.0 pf_hit=100%(32)
(Worker_TP1 pid=466) [gv2-census] calls=32 rows/call=48 runs/call=96.0 preads/call=96.0 read=0.692ms fadv/call=0.0 pf_hit=100%(32)
(Worker_TP1 pid=466) [gv2-census] calls=32 rows/call=90 runs/call=181.5 preads/call=181.5 read=1.676ms fadv/call=91.3 pf_hit=90%(32)
(Worker_TP1 pid=466) [gv2-census] calls=32 rows/call=48 runs/call=96.0 preads/call=96.0 read=1.888ms fadv/call=0.0 pf_hit=100%(32)
(Worker_TP1 pid=466) [gv2-census] calls=32 rows/call=48 runs/call=96.0 preads/call=96.0 read=0.828ms fadv/call=0.0 pf_hit=100%(32)
(Worker_TP1 pid=466) [gv2-census] calls=32 rows/call=48 runs/call=96.0 preads/call=96.0 read=0.692ms fadv/call=0.0 pf_hit=100%(32)
(Worker_TP1 pid=466) [gv2-census] calls=32 rows/call=48 runs/call=96.0 preads/call=96.0 read=1.461ms fadv/call=0.0 pf_hit=100%(32)
(Worker_TP1 pid=466) [gv2-census] calls=32 rows/call=48 runs/call=96.0 preads/call=96.0 read=1.298ms fadv/call=0.0 pf_hit=100%(32)
(Worker_TP1 pid=466) [gv2-census] calls=32 rows/call=48 runs/call=96.0 preads/call=96.0 read=0.722ms fadv/call=0.0 pf_hit=100%(32)
(Worker_TP1 pid=466) [gv2-census] calls=32 rows/call=48 runs/call=96.0 preads/call=96.0 read=0.743ms fadv/call=0.0 pf_hit=100%(32)
(Worker_TP1 pid=466) [gv2-census] calls=32 rows/call=48 runs/call=96.0 preads/call=96.0 read=0.736ms fadv/call=0.0 pf_hit=100%(32)
(Worker_TP1 pid=466) [gv2-census] calls=32 rows/call=48 runs/call=96.0 preads/call=96.0 read=0.861ms fadv/call=0.0 pf_hit=100%(32)
(Worker_TP1 pid=466) [gv2-census] calls=32 rows/call=48 runs/call=96.0 preads/call=96.0 read=1.176ms fadv/call=0.0 pf_hit=100%(32)
(Worker_TP1 pid=466) [gv2-census] calls=32 rows/call=48 runs/call=96.0 preads/call=96.0 read=0.762ms fadv/call=0.0 pf_hit=100%(32)
(Worker_TP1 pid=466) [gv2-census] calls=32 rows/call=48 runs/call=96.0 preads/call=96.0 read=0.886ms fadv/call=0.0 pf_hit=100%(32)
(Worker_TP1 pid=466) [gv2-census] calls=32 rows/call=48 runs/call=96.0 preads/call=96.0 read=0.957ms fadv/call=0.0 pf_hit=100%(32)
(Worker_TP1 pid=466) [gv2-census] calls=32 rows/call=48 runs/call=96.0 preads/call=96.0 read=1.812ms fadv/call=0.0 pf_hit=100%(32)
(Worker_TP1 pid=466) [gv2-census] calls=32 rows/call=66 runs/call=133.5 preads/call=133.5 read=17.256ms fadv/call=0.0 pf_hit=90%(32)
(Worker_TP1 pid=466) [gv2-census] calls=32 rows/call=48 runs/call=96.0 preads/call=96.0 read=0.672ms fadv/call=0.0 pf_hit=100%(32)
(Worker_TP1 pid=466) [gv2-census] calls=32 rows/call=48 runs/call=96.0 preads/call=96.0 read=0.801ms fadv/call=0.0 pf_hit=100%(32)
(Worker_TP1 pid=466) [gv2-census] calls=32 rows/call=48 runs/call=96.0 preads/call=96.0 read=1.278ms fadv/call=0.0 pf_hit=100%(32)
(Worker_TP1 pid=466) [gv2-census] calls=32 rows/call=66 runs/call=133.5 preads/call=133.5 read=1.596ms fadv/call=0.0 pf_hit=96%(32)
(Worker_TP1 pid=466) [gv2-census] calls=32 rows/call=48 runs/call=96.0 preads/call=96.0 read=1.177ms fadv/call=0.0 pf_hit=100%(32)
(Worker_TP1 pid=466) [gv2-census] calls=32 rows/call=48 runs/call=96.0 preads/call=96.0 read=0.761ms fadv/call=0.0 pf_hit=100%(32)
(Worker_TP1 pid=466) [gv2-census] calls=32 rows/call=48 runs/call=96.0 preads/call=96.0 read=0.603ms fadv/call=0.0 pf_hit=100%(32)
(Worker_TP1 pid=466) [gv2-census] calls=32 rows/call=48 runs/call=96.0 preads/call=96.0 read=0.710ms fadv/call=0.0 pf_hit=100%(32)
(Worker_TP1 pid=466) [gv2-census] calls=32 rows/call=66 runs/call=133.5 preads/call=133.5 read=1.173ms fadv/call=0.0 pf_hit=90%(32)
(Worker_TP1 pid=466) [gv2-census] calls=32 rows/call=48 runs/call=96.0 preads/call=96.0 read=1.826ms fadv/call=0.0 pf_hit=100%(32)
(Worker_TP1 pid=466) [gv2-census] calls=32 rows/call=48 runs/call=96.0 preads/call=96.0 read=1.461ms fadv/call=0.0 pf_hit=100%(32)
(Worker_TP1 pid=466) [gv2-census] calls=32 rows/call=48 runs/call=96.0 preads/call=96.0 read=2.898ms fadv/call=0.0 pf_hit=100%(32)
(Worker_TP1 pid=466) [gv2-census] calls=32 rows/call=48 runs/call=96.0 preads/call=96.0 read=1.671ms fadv/call=0.0 pf_hit=100%(32)
(Worker_TP1 pid=466) [gv2-census] calls=32 rows/call=48 runs/call=96.0 preads/call=96.0 read=1.418ms fadv/call=0.0 pf_hit=100%(32)
(Worker_TP1 pid=466) [gv2-census] calls=32 rows/call=66 runs/call=133.5 preads/call=133.5 read=2.104ms fadv/call=0.0 pf_hit=90%(32)
(Worker_TP1 pid=466) [gv2-census] calls=32 rows/call=48 runs/call=96.0 preads/call=96.0 read=2.459ms fadv/call=0.0 pf_hit=100%(32)
(Worker_TP1 pid=466) [gv2-census] calls=32 rows/call=48 runs/call=96.0 preads/call=96.0 read=0.762ms fadv/call=0.0 pf_hit=100%(32)
(Worker_TP1 pid=466) [gv2-census] calls=32 rows/call=48 runs/call=96.0 preads/call=96.0 read=1.351ms fadv/call=0.0 pf_hit=100%(32)
(Worker_TP1 pid=466) [gv2-census] calls=32 rows/call=48 runs/call=96.0 preads/call=96.0 read=1.910ms fadv/call=0.0 pf_hit=100%(32)
(Worker_TP1 pid=466) [gv2-census] calls=32 rows/call=66 runs/call=133.5 preads/call=133.5 read=1.596ms fadv/call=0.0 pf_hit=90%(32)
(Worker_TP1 pid=466) [gv2-census] calls=32 rows/call=48 runs/call=96.0 preads/call=96.0 read=1.820ms fadv/call=0.0 pf_hit=100%(32)
(Worker_TP1 pid=466) [gv2-census] calls=32 rows/call=48 runs/call=96.0 preads/call=96.0 read=1.945ms fadv/call=0.0 pf_hit=100%(32)
(Worker_TP1 pid=466) [gv2-census] calls=32 rows/call=48 runs/call=96.0 preads/call=96.0 read=3.212ms fadv/call=0.0 pf_hit=100%(32)
(Worker_TP1 pid=466) [gv2-census] calls=32 rows/call=48 runs/call=96.0 preads/call=96.0 read=0.820ms fadv/call=0.0 pf_hit=100%(32)
(Worker_TP1 pid=466) [gv2-census] calls=32 rows/call=66 runs/call=133.5 preads/call=133.5 read=1.123ms fadv/call=0.0 pf_hit=90%(32)
(Worker_TP1 pid=466) [gv2-census] calls=32 rows/call=48 runs/call=96.0 preads/call=96.0 read=1.860ms fadv/call=0.0 pf_hit=100%(32)
(Worker_TP1 pid=466) [gv2-census] calls=32 rows/call=48 runs/call=96.0 preads/call=96.0 read=1.833ms fadv/call=0.0 pf_hit=100%(32)
(Worker_TP1 pid=466) [gv2-census] calls=32 rows/call=48 runs/call=96.0 preads/call=96.0 read=1.020ms fadv/call=0.0 pf_hit=100%(32)
(Worker_TP1 pid=466) [gv2-census] calls=32 rows/call=48 runs/call=96.0 preads/call=96.0 read=2.342ms fadv/call=0.0 pf_hit=100%(32)
(Worker_TP1 pid=466) [gv2-census] calls=32 rows/call=66 runs/call=133.5 preads/call=133.5 read=0.994ms fadv/call=0.0 pf_hit=90%(32)
(Worker_TP1 pid=466) [gv2-census] calls=32 rows/call=48 runs/call=96.0 preads/call=96.0 read=0.872ms fadv/call=0.0 pf_hit=100%(32)
(Worker_TP1 pid=466) [gv2-census] calls=32 rows/call=48 runs/call=96.0 preads/call=96.0 read=1.934ms fadv/call=0.0 pf_hit=100%(32)
(Worker_TP1 pid=466) [gv2-census] calls=32 rows/call=48 runs/call=96.0 preads/call=96.0 read=0.816ms fadv/call=0.0 pf_hit=100%(32)
(Worker_TP1 pid=466) [gv2-census] calls=32 rows/call=48 runs/call=96.0 preads/call=96.0 read=1.897ms fadv/call=0.0 pf_hit=100%(32)
(Worker_TP1 pid=466) [gv2-census] calls=32 rows/call=66 runs/call=133.5 preads/call=133.5 read=1.588ms fadv/call=0.0 pf_hit=96%(32)
(Worker_TP1 pid=466) [gv2-census] calls=32 rows/call=48 runs/call=96.0 preads/call=96.0 read=1.830ms fadv/call=0.0 pf_hit=100%(32)
(Worker_TP1 pid=466) [gv2-census] calls=32 rows/call=48 runs/call=96.0 preads/call=96.0 read=1.448ms fadv/call=0.0 pf_hit=100%(32)
(Worker_TP1 pid=466) [gv2-census] calls=32 rows/call=48 runs/call=96.0 preads/call=96.0 read=1.434ms fadv/call=0.0 pf_hit=100%(32)
(Worker_TP1 pid=466) [gv2-census] calls=32 rows/call=66 runs/call=133.5 preads/call=133.5 read=2.046ms fadv/call=0.0 pf_hit=96%(32)
(Worker_TP1 pid=466) [gv2-census] calls=32 rows/call=48 runs/call=96.0 preads/call=96.0 read=0.985ms fadv/call=0.0 pf_hit=100%(32)
(Worker_TP1 pid=466) [gv2-census] calls=32 rows/call=48 runs/call=96.0 preads/call=96.0 read=1.123ms fadv/call=0.0 pf_hit=100%(32)
(Worker_TP1 pid=466) [gv2-census] calls=32 rows/call=48 runs/call=96.0 preads/call=96.0 read=1.855ms fadv/call=0.0 pf_hit=100%(32)
(Worker_TP1 pid=466) [gv2-census] calls=32 rows/call=48 runs/call=96.0 preads/call=96.0 read=0.691ms fadv/call=0.0 pf_hit=100%(32)
(Worker_TP1 pid=466) [gv2-census] calls=32 rows/call=48 runs/call=96.0 preads/call=96.0 read=0.825ms fadv/call=0.0 pf_hit=100%(32)
(Worker_TP1 pid=466) WARNING 09-24 21:46:37 [jit_monitor.py:141] Triton kernel JIT compilation during inference: _compute_global_topk_indices_and_lens_kernel. This causes a latency spike; consider extending warmup to cover this shape/config.
(Worker_TP1 pid=466) [gv2-census] calls=32 rows/call=121 runs/call=238.0 preads/call=238.0 read=2.350ms fadv/call=0.0 pf_hit=94%(32)
(Worker_TP1 pid=466) [gv2-census] calls=32 rows/call=96 runs/call=192.0 preads/call=192.0 read=4.038ms fadv/call=0.0 pf_hit=100%(32)
(Worker_TP1 pid=466) [gv2-census] calls=32 rows/call=96 runs/call=183.5 preads/call=183.5 read=2.471ms fadv/call=0.0 pf_hit=100%(32)
(Worker_TP1 pid=466) [gv2-census] calls=32 rows/call=96 runs/call=192.0 preads/call=192.0 read=2.529ms fadv/call=0.0 pf_hit=100%(32)
(Worker_TP1 pid=466) [gv2-census] calls=32 rows/call=87 runs/call=174.0 preads/call=174.0 read=2.497ms fadv/call=0.0 pf_hit=97%(32)
(Worker_TP1 pid=466) [gv2-census] calls=32 rows/call=112 runs/call=148.0 preads/call=148.0 read=2.032ms fadv/call=43.4 pf_hit=88%(32)
(Worker_TP1 pid=466) [gv2-census] calls=32 rows/call=96 runs/call=191.5 preads/call=191.5 read=1.395ms fadv/call=0.0 pf_hit=100%(32)
(Worker_TP1 pid=466) [gv2-census] calls=32 rows/call=96 runs/call=192.0 preads/call=192.0 read=1.903ms fadv/call=0.0 pf_hit=100%(32)
(Worker_TP1 pid=466) [gv2-census] calls=32 rows/call=96 runs/call=192.0 preads/call=192.0 read=2.091ms fadv/call=0.0 pf_hit=100%(32)
(Worker_TP1 pid=466) [gv2-census] calls=32 rows/call=96 runs/call=192.0 preads/call=192.0 read=1.446ms fadv/call=0.0 pf_hit=100%(32)
(Worker_TP1 pid=466) [gv2-census] calls=32 rows/call=112 runs/call=163.5 preads/call=163.5 read=2.072ms fadv/call=43.4 pf_hit=85%(32)
(Worker_TP1 pid=466) [gv2-census] calls=32 rows/call=96 runs/call=117.0 preads/call=117.0 read=2.040ms fadv/call=0.0 pf_hit=100%(32)
(Worker_TP1 pid=466) [gv2-census] calls=32 rows/call=96 runs/call=179.5 preads/call=179.5 read=2.044ms fadv/call=0.0 pf_hit=100%(32)
(Worker_TP1 pid=466) [gv2-census] calls=32 rows/call=96 runs/call=191.5 preads/call=191.5 read=1.843ms fadv/call=0.0 pf_hit=100%(32)
(Worker_TP1 pid=466) [gv2-census] calls=32 rows/call=96 runs/call=192.0 preads/call=192.0 read=4.187ms fadv/call=0.0 pf_hit=100%(32)
(Worker_TP1 pid=466) [gv2-census] calls=32 rows/call=90 runs/call=178.0 preads/call=178.0 read=1.841ms fadv/call=0.0 pf_hit=97%(32)
(Worker_TP1 pid=466) [gv2-census] calls=32 rows/call=130 runs/call=201.0 preads/call=201.0 read=1.806ms fadv/call=43.4 pf_hit=92%(32)
(Worker_TP1 pid=466) [gv2-census] calls=32 rows/call=96 runs/call=192.0 preads/call=192.0 read=2.592ms fadv/call=0.0 pf_hit=100%(32)
(Worker_TP1 pid=466) [gv2-census] calls=32 rows/call=96 runs/call=192.0 preads/call=192.0 read=2.733ms fadv/call=0.0 pf_hit=100%(32)
(Worker_TP1 pid=466) [gv2-census] calls=32 rows/call=96 runs/call=192.0 preads/call=192.0 read=3.139ms fadv/call=0.0 pf_hit=100%(32)
(Worker_TP1 pid=466) [gv2-census] calls=32 rows/call=96 runs/call=192.0 preads/call=192.0 read=2.695ms fadv/call=0.0 pf_hit=100%(32)
(Worker_TP1 pid=466) [gv2-census] calls=32 rows/call=127 runs/call=194.5 preads/call=194.5 read=2.574ms fadv/call=43.4 pf_hit=88%(32)
(Worker_TP1 pid=466) [gv2-census] calls=32 rows/call=96 runs/call=192.0 preads/call=192.0 read=2.627ms fadv/call=0.0 pf_hit=100%(32)
(Worker_TP1 pid=466) [gv2-census] calls=32 rows/call=96 runs/call=191.5 preads/call=191.5 read=2.584ms fadv/call=0.0 pf_hit=100%(32)
(Worker_TP1 pid=466) [gv2-census] calls=32 rows/call=96 runs/call=192.0 preads/call=192.0 read=4.857ms fadv/call=0.0 pf_hit=100%(32)
(Worker_TP1 pid=466) [gv2-census] calls=32 rows/call=96 runs/call=191.0 preads/call=191.0 read=1.924ms fadv/call=0.0 pf_hit=100%(32)
(Worker_TP1 pid=466) [gv2-census] calls=32 rows/call=124 runs/call=169.5 preads/call=169.5 read=1.762ms fadv/call=43.4 pf_hit=86%(32)
(Worker_TP1 pid=466) [gv2-census] calls=32 rows/call=96 runs/call=190.0 preads/call=190.0 read=3.534ms fadv/call=0.0 pf_hit=100%(32)
(Worker_TP1 pid=466) [gv2-census] calls=32 rows/call=96 runs/call=182.0 preads/call=182.0 read=4.088ms fadv/call=0.0 pf_hit=100%(32)
(Worker_TP1 pid=466) [gv2-census] calls=32 rows/call=96 runs/call=181.0 preads/call=181.0 read=4.141ms fadv/call=0.0 pf_hit=100%(32)
(Worker_TP1 pid=466) [gv2-census] calls=32 rows/call=96 runs/call=189.0 preads/call=189.0 read=2.029ms fadv/call=0.0 pf_hit=100%(32)
(Worker_TP1 pid=466) [gv2-census] calls=32 rows/call=121 runs/call=183.0 preads/call=183.0 read=2.702ms fadv/call=43.4 pf_hit=87%(32)
(Worker_TP1 pid=466) [gv2-census] calls=32 rows/call=96 runs/call=186.5 preads/call=186.5 read=2.453ms fadv/call=0.0 pf_hit=100%(32)
(Worker_TP1 pid=466) [gv2-census] calls=32 rows/call=96 runs/call=192.0 preads/call=192.0 read=2.130ms fadv/call=0.0 pf_hit=100%(32)
(Worker_TP1 pid=466) [gv2-census] calls=32 rows/call=96 runs/call=192.0 preads/call=192.0 read=1.987ms fadv/call=0.0 pf_hit=100%(32)
(Worker_TP1 pid=466) [gv2-census] calls=32 rows/call=96 runs/call=192.0 preads/call=192.0 read=1.653ms fadv/call=0.0 pf_hit=100%(32)
(Worker_TP1 pid=466) [gv2-census] calls=32 rows/call=87 runs/call=174.0 preads/call=174.0 read=2.297ms fadv/call=0.0 pf_hit=97%(32)
(Worker_TP1 pid=466) [gv2-census] calls=32 rows/call=124 runs/call=188.5 preads/call=188.5 read=2.382ms fadv/call=43.4 pf_hit=95%(32)
(Worker_TP1 pid=466) [gv2-census] calls=32 rows/call=96 runs/call=192.0 preads/call=192.0 read=1.371ms fadv/call=0.0 pf_hit=100%(32)
(Worker_TP1 pid=466) [gv2-census] calls=32 rows/call=96 runs/call=192.0 preads/call=192.0 read=2.679ms fadv/call=0.0 pf_hit=100%(32)
(Worker_TP1 pid=466) [gv2-census] calls=32 rows/call=96 runs/call=190.0 preads/call=190.0 read=2.102ms fadv/call=0.0 pf_hit=100%(32)
(Worker_TP1 pid=466) [gv2-census] calls=32 rows/call=96 runs/call=192.0 preads/call=192.0 read=2.111ms fadv/call=0.0 pf_hit=100%(32)
(Worker_TP1 pid=466) [gv2-census] calls=32 rows/call=127 runs/call=181.0 preads/call=181.0 read=1.826ms fadv/call=43.4 pf_hit=87%(32)
(Worker_TP1 pid=466) [gv2-census] calls=32 rows/call=96 runs/call=180.5 preads/call=180.5 read=3.129ms fadv/call=0.0 pf_hit=100%(32)
(Worker_TP1 pid=466) [gv2-census] calls=32 rows/call=96 runs/call=192.0 preads/call=192.0 read=1.932ms fadv/call=0.0 pf_hit=100%(32)
(Worker_TP1 pid=466) [gv2-census] calls=32 rows/call=96 runs/call=188.5 preads/call=188.5 read=2.481ms fadv/call=0.0 pf_hit=100%(32)
(Worker_TP1 pid=466) [gv2-census] calls=32 rows/call=96 runs/call=182.5 preads/call=182.5 read=1.938ms fadv/call=0.0 pf_hit=100%(32)
(Worker_TP1 pid=466) [gv2-census] calls=32 rows/call=84 runs/call=169.5 preads/call=169.5 read=2.528ms fadv/call=0.0 pf_hit=88%(32)
(Worker_TP1 pid=466) [gv2-census] calls=32 rows/call=48 runs/call=96.0 preads/call=96.0 read=0.788ms fadv/call=0.0 pf_hit=100%(32)
(Worker_TP1 pid=466) [gv2-census] calls=32 rows/call=64 runs/call=129.0 preads/call=129.0 read=14.144ms fadv/call=0.0 pf_hit=90%(32)
(Worker_TP1 pid=466) [gv2-census] calls=32 rows/call=48 runs/call=96.0 preads/call=96.0 read=0.784ms fadv/call=0.0 pf_hit=100%(32)
(Worker_TP1 pid=466) [gv2-census] calls=32 rows/call=48 runs/call=96.0 preads/call=96.0 read=0.792ms fadv/call=0.0 pf_hit=100%(32)
(Worker_TP1 pid=466) [gv2-census] calls=32 rows/call=48 runs/call=96.0 preads/call=96.0 read=0.763ms fadv/call=0.0 pf_hit=100%(32)
(Worker_TP1 pid=466) [gv2-census] calls=32 rows/call=64 runs/call=129.0 preads/call=129.0 read=0.897ms fadv/call=0.0 pf_hit=90%(32)
(Worker_TP1 pid=466) [gv2-census] calls=32 rows/call=48 runs/call=96.0 preads/call=96.0 read=0.843ms fadv/call=0.0 pf_hit=100%(32)
(Worker_TP1 pid=466) [gv2-census] calls=32 rows/call=48 runs/call=96.0 preads/call=96.0 read=0.788ms fadv/call=0.0 pf_hit=100%(32)
(Worker_TP1 pid=466) [gv2-census] calls=32 rows/call=64 runs/call=129.0 preads/call=129.0 read=0.982ms fadv/call=0.0 pf_hit=90%(32)
(Worker_TP1 pid=466) [gv2-census] calls=32 rows/call=48 runs/call=96.0 preads/call=96.0 read=0.669ms fadv/call=0.0 pf_hit=100%(32)
(Worker_TP1 pid=466) [gv2-census] calls=32 rows/call=48 runs/call=96.0 preads/call=96.0 read=0.776ms fadv/call=0.0 pf_hit=100%(32)
(Worker_TP1 pid=466) [gv2-census] calls=32 rows/call=64 runs/call=129.0 preads/call=129.0 read=0.978ms fadv/call=0.0 pf_hit=90%(32)
(Worker_TP1 pid=466) [gv2-census] calls=32 rows/call=48 runs/call=96.0 preads/call=96.0 read=0.846ms fadv/call=0.0 pf_hit=100%(32)
(Worker_TP1 pid=466) [gv2-census] calls=32 rows/call=48 runs/call=96.0 preads/call=96.0 read=0.851ms fadv/call=0.0 pf_hit=100%(32)
(Worker_TP1 pid=466) [gv2-census] calls=32 rows/call=64 runs/call=129.0 preads/call=129.0 read=1.124ms fadv/call=0.0 pf_hit=90%(32)
(Worker_TP1 pid=466) [gv2-census] calls=32 rows/call=48 runs/call=96.0 preads/call=96.0 read=0.762ms fadv/call=0.0 pf_hit=100%(32)
(Worker_TP1 pid=466) [gv2-census] calls=32 rows/call=48 runs/call=96.0 preads/call=96.0 read=0.698ms fadv/call=0.0 pf_hit=100%(32)
(Worker_TP1 pid=466) [gv2-census] calls=32 rows/call=48 runs/call=96.0 preads/call=96.0 read=0.543ms fadv/call=0.0 pf_hit=100%(32)
(Worker_TP1 pid=466) [gv2-census] calls=32 rows/call=64 runs/call=129.0 preads/call=129.0 read=0.782ms fadv/call=0.0 pf_hit=90%(32)
(Worker_TP1 pid=466) [gv2-census] calls=32 rows/call=48 runs/call=96.0 preads/call=96.0 read=0.696ms fadv/call=0.0 pf_hit=100%(32)
(Worker_TP1 pid=466) [gv2-census] calls=32 rows/call=48 runs/call=96.0 preads/call=96.0 read=0.589ms fadv/call=0.0 pf_hit=100%(32)
(Worker_TP1 pid=466) [gv2-census] calls=32 rows/call=64 runs/call=129.0 preads/call=129.0 read=0.995ms fadv/call=0.0 pf_hit=90%(32)
(Worker_TP1 pid=466) [gv2-census] calls=32 rows/call=48 runs/call=96.0 preads/call=96.0 read=0.792ms fadv/call=0.0 pf_hit=100%(32)
(Worker_TP1 pid=466) [gv2-census] calls=32 rows/call=48 runs/call=96.0 preads/call=96.0 read=0.746ms fadv/call=0.0 pf_hit=100%(32)
(Worker_TP1 pid=466) [gv2-census] calls=32 rows/call=64 runs/call=129.0 preads/call=129.0 read=0.784ms fadv/call=0.0 pf_hit=90%(32)
(Worker_TP1 pid=466) [gv2-census] calls=32 rows/call=48 runs/call=96.0 preads/call=96.0 read=0.852ms fadv/call=0.0 pf_hit=100%(32)
(Worker_TP1 pid=466) [gv2-census] calls=32 rows/call=48 runs/call=96.0 preads/call=96.0 read=0.635ms fadv/call=0.0 pf_hit=100%(32)
(Worker_TP1 pid=466) [gv2-census] calls=32 rows/call=64 runs/call=129.0 preads/call=129.0 read=1.075ms fadv/call=0.0 pf_hit=90%(32)
(Worker_TP1 pid=466) [gv2-census] calls=32 rows/call=48 runs/call=96.0 preads/call=96.0 read=0.883ms fadv/call=0.0 pf_hit=100%(32)
(Worker_TP1 pid=466) [gv2-census] calls=32 rows/call=48 runs/call=96.0 preads/call=96.0 read=0.774ms fadv/call=0.0 pf_hit=100%(32)
(Worker_TP1 pid=466) [gv2-census] calls=32 rows/call=48 runs/call=96.0 preads/call=96.0 read=0.872ms fadv/call=0.0 pf_hit=100%(32)
(Worker_TP1 pid=466) [gv2-census] calls=32 rows/call=117 runs/call=234.0 preads/call=234.0 read=1.804ms fadv/call=0.0 pf_hit=91%(32)
(Worker_TP1 pid=466) [gv2-census] calls=32 rows/call=96 runs/call=192.0 preads/call=192.0 read=1.358ms fadv/call=0.0 pf_hit=100%(32)
(Worker_TP1 pid=466) [gv2-census] calls=32 rows/call=96 runs/call=192.0 preads/call=192.0 read=1.279ms fadv/call=0.0 pf_hit=100%(32)
(Worker_TP1 pid=466) [gv2-census] calls=32 rows/call=117 runs/call=234.0 preads/call=234.0 read=1.733ms fadv/call=0.0 pf_hit=88%(32)
(Worker_TP1 pid=466) [gv2-census] calls=32 rows/call=96 runs/call=192.0 preads/call=192.0 read=1.334ms fadv/call=0.0 pf_hit=100%(32)
(Worker_TP1 pid=466) [gv2-census] calls=32 rows/call=96 runs/call=192.0 preads/call=192.0 read=1.417ms fadv/call=0.0 pf_hit=100%(32)
(Worker_TP1 pid=466) [gv2-census] calls=32 rows/call=100 runs/call=201.0 preads/call=201.0 read=1.360ms fadv/call=0.0 pf_hit=91%(32)
(Worker_TP1 pid=466) [gv2-census] calls=32 rows/call=112 runs/call=225.0 preads/call=225.0 read=1.437ms fadv/call=0.0 pf_hit=98%(32)
(Worker_TP1 pid=466) [gv2-census] calls=32 rows/call=96 runs/call=192.0 preads/call=192.0 read=1.401ms fadv/call=0.0 pf_hit=100%(32)
(Worker_TP1 pid=466) [gv2-census] calls=32 rows/call=96 runs/call=192.0 preads/call=192.0 read=1.265ms fadv/call=0.0 pf_hit=100%(32)
(Worker_TP1 pid=466) [gv2-census] calls=32 rows/call=117 runs/call=234.0 preads/call=234.0 read=1.743ms fadv/call=0.0 pf_hit=88%(32)
(Worker_TP1 pid=466) [gv2-census] calls=32 rows/call=96 runs/call=192.0 preads/call=192.0 read=1.164ms fadv/call=0.0 pf_hit=100%(32)
(Worker_TP1 pid=466) [gv2-census] calls=32 rows/call=96 runs/call=192.0 preads/call=192.0 read=1.120ms fadv/call=0.0 pf_hit=100%(32)
(Worker_TP1 pid=466) [gv2-census] calls=32 rows/call=117 runs/call=234.0 preads/call=234.0 read=1.607ms fadv/call=0.0 pf_hit=88%(32)
(Worker_TP1 pid=466) [gv2-census] calls=32 rows/call=96 runs/call=192.0 preads/call=192.0 read=1.411ms fadv/call=0.0 pf_hit=100%(32)
(Worker_TP1 pid=466) [gv2-census] calls=32 rows/call=96 runs/call=192.0 preads/call=192.0 read=1.184ms fadv/call=0.0 pf_hit=100%(32)
(Worker_TP1 pid=466) [gv2-census] calls=32 rows/call=90 runs/call=180.0 preads/call=180.0 read=1.314ms fadv/call=0.0 pf_hit=97%(32)
(Worker_TP1 pid=466) [gv2-census] calls=32 rows/call=123 runs/call=246.0 preads/call=246.0 read=1.636ms fadv/call=0.0 pf_hit=92%(32)
(Worker_TP1 pid=466) [gv2-census] calls=32 rows/call=96 runs/call=192.0 preads/call=192.0 read=1.391ms fadv/call=0.0 pf_hit=100%(32)
(Worker_TP1 pid=466) [gv2-census] calls=32 rows/call=96 runs/call=192.0 preads/call=192.0 read=1.348ms fadv/call=0.0 pf_hit=100%(32)
(Worker_TP1 pid=466) [gv2-census] calls=32 rows/call=117 runs/call=234.0 preads/call=234.0 read=1.761ms fadv/call=0.0 pf_hit=88%(32)
(Worker_TP1 pid=466) [gv2-census] calls=32 rows/call=96 runs/call=192.0 preads/call=192.0 read=1.379ms fadv/call=0.0 pf_hit=100%(32)
(Worker_TP1 pid=466) [gv2-census] calls=32 rows/call=96 runs/call=192.0 preads/call=192.0 read=1.344ms fadv/call=0.0 pf_hit=100%(32)
(Worker_TP1 pid=466) [gv2-census] calls=32 rows/call=117 runs/call=234.0 preads/call=234.0 read=1.415ms fadv/call=0.0 pf_hit=88%(32)
(Worker_TP1 pid=466) [gv2-census] calls=32 rows/call=96 runs/call=192.0 preads/call=192.0 read=1.082ms fadv/call=0.0 pf_hit=100%(32)
(Worker_TP1 pid=466) [gv2-census] calls=32 rows/call=96 runs/call=192.0 preads/call=192.0 read=1.166ms fadv/call=0.0 pf_hit=100%(32)
(Worker_TP1 pid=466) [gv2-census] calls=32 rows/call=96 runs/call=192.0 preads/call=192.0 read=1.444ms fadv/call=0.0 pf_hit=100%(32)
(Worker_TP1 pid=466) [gv2-census] calls=32 rows/call=120 runs/call=240.0 preads/call=240.0 read=1.896ms fadv/call=0.0 pf_hit=89%(32)
(Worker_TP1 pid=466) [gv2-census] calls=32 rows/call=96 runs/call=192.0 preads/call=192.0 read=1.419ms fadv/call=0.0 pf_hit=100%(32)
(Worker_TP1 pid=466) [gv2-census] calls=32 rows/call=96 runs/call=192.0 preads/call=192.0 read=1.516ms fadv/call=0.0 pf_hit=100%(32)
(Worker_TP1 pid=466) [gv2-census] calls=32 rows/call=82 runs/call=165.0 preads/call=165.0 read=1.329ms fadv/call=0.0 pf_hit=88%(32)
(Worker_TP1 pid=466) [gv2-census] calls=32 rows/call=48 runs/call=96.0 preads/call=96.0 read=0.805ms fadv/call=0.0 pf_hit=100%(32)
(Worker_TP1 pid=466) [gv2-census] calls=32 rows/call=48 runs/call=96.0 preads/call=96.0 read=0.835ms fadv/call=0.0 pf_hit=100%(32)
(Worker_TP1 pid=466) INFO 09-24 21:49:41 [exl3.py:1224] EXL3 fat-chunk slicing ACTIVE (tokens=8083)
(Worker_TP1 pid=466) INFO 09-24 21:49:52 [exl3.py:1224] EXL3 fat-chunk slicing ACTIVE (tokens=8108)
(Worker_TP1 pid=466) INFO 09-24 21:50:02 [exl3.py:1224] EXL3 fat-chunk slicing ACTIVE (tokens=8092)
(Worker_TP1 pid=466) [gv2-census] calls=32 rows/call=18251 runs/call=31629.4 preads/call=31629.4 read=289.709ms fadv/call=26881.8 pf_hit=92%(26)
(Worker_TP1 pid=466) WARNING 09-24 21:50:17 [jit_monitor.py:141] Triton kernel JIT compilation during inference: _topk_log_softmax_kernel. This causes a latency spike; consider extending warmup to cover this shape/config.
(Worker_TP1 pid=466) [gv2-census] calls=32 rows/call=1574 runs/call=3134.5 preads/call=3134.5 read=38.339ms fadv/call=3022.3 pf_hit=92%(26)
(Worker_TP1 pid=466) [gv2-census] calls=32 rows/call=6153 runs/call=12185.1 preads/call=12185.1 read=116.587ms fadv/call=12033.6
(Worker_TP1 pid=466) [gv2-census] calls=32 rows/call=6153 runs/call=12047.4 preads/call=12047.4 read=105.077ms fadv/call=11903.6
(Worker_TP1 pid=466) [gv2-census] calls=32 rows/call=1605 runs/call=3163.2 preads/call=3163.2 read=34.177ms fadv/call=3060.1 pf_hit=94%(22)
(Worker_TP1 pid=466) [gv2-census] calls=32 rows/call=48 runs/call=96.0 preads/call=96.0 read=1.140ms fadv/call=0.0 pf_hit=100%(32)
(Worker_TP1 pid=466) [gv2-census] calls=32 rows/call=48 runs/call=96.0 preads/call=96.0 read=0.680ms fadv/call=0.0 pf_hit=100%(32)
(Worker_TP1 pid=466) [gv2-census] calls=32 rows/call=48 runs/call=96.0 preads/call=96.0 read=0.552ms fadv/call=0.0 pf_hit=100%(32)
(Worker_TP1 pid=466) [gv2-census] calls=32 rows/call=48 runs/call=96.0 preads/call=96.0 read=0.615ms fadv/call=0.0 pf_hit=100%(32)
(Worker_TP1 pid=466) [gv2-census] calls=32 rows/call=211 runs/call=423.0 preads/call=423.0 read=4.287ms fadv/call=337.5 pf_hit=91%(30)
(Worker_TP1 pid=466) [gv2-census] calls=32 rows/call=48 runs/call=96.0 preads/call=96.0 read=0.674ms fadv/call=0.0 pf_hit=100%(32)
(Worker_TP1 pid=466) [gv2-census] calls=32 rows/call=48 runs/call=96.0 preads/call=96.0 read=0.687ms fadv/call=0.0 pf_hit=100%(32)
(Worker_TP1 pid=466) [gv2-census] calls=32 rows/call=48 runs/call=96.0 preads/call=96.0 read=0.632ms fadv/call=0.0 pf_hit=100%(32)
(Worker_TP1 pid=466) [gv2-census] calls=32 rows/call=48 runs/call=96.0 preads/call=96.0 read=0.616ms fadv/call=0.0 pf_hit=100%(32)
(Worker_TP1 pid=466) [gv2-census] calls=32 rows/call=211 runs/call=414.0 preads/call=414.0 read=4.798ms fadv/call=329.1 pf_hit=89%(30)
(Worker_TP1 pid=466) [gv2-census] calls=32 rows/call=48 runs/call=96.0 preads/call=96.0 read=0.725ms fadv/call=0.0 pf_hit=100%(32)
(Worker_TP1 pid=466) [gv2-census] calls=32 rows/call=48 runs/call=96.0 preads/call=96.0 read=0.733ms fadv/call=0.0 pf_hit=100%(32)
(Worker_TP1 pid=466) [gv2-census] calls=32 rows/call=211 runs/call=400.0 preads/call=400.0 read=4.644ms fadv/call=314.9 pf_hit=93%(30)
(Worker_TP1 pid=466) [gv2-census] calls=32 rows/call=48 runs/call=96.0 preads/call=96.0 read=2.209ms fadv/call=0.0 pf_hit=96%(32)
(Worker_TP1 pid=466) [gv2-census] calls=32 rows/call=48 runs/call=96.0 preads/call=96.0 read=1.349ms fadv/call=0.0 pf_hit=100%(32)
(Worker_TP1 pid=466) [gv2-census] calls=32 rows/call=48 runs/call=96.0 preads/call=96.0 read=0.775ms fadv/call=0.0 pf_hit=100%(32)
(Worker_TP1 pid=466) [gv2-census] calls=32 rows/call=48 runs/call=96.0 preads/call=96.0 read=1.932ms fadv/call=0.0 pf_hit=100%(32)
(Worker_TP1 pid=466) [gv2-census] calls=32 rows/call=211 runs/call=423.0 preads/call=423.0 read=4.718ms fadv/call=337.8 pf_hit=89%(30)
(Worker_TP1 pid=466) [gv2-census] calls=32 rows/call=48 runs/call=96.0 preads/call=96.0 read=0.749ms fadv/call=0.0 pf_hit=100%(32)
(Worker_TP1 pid=466) [gv2-census] calls=32 rows/call=48 runs/call=96.0 preads/call=96.0 read=0.863ms fadv/call=0.0 pf_hit=100%(32)
(Worker_TP1 pid=466) [gv2-census] calls=32 rows/call=48 runs/call=96.0 preads/call=96.0 read=0.846ms fadv/call=0.0 pf_hit=100%(32)
(Worker_TP1 pid=466) [gv2-census] calls=32 rows/call=48 runs/call=96.0 preads/call=96.0 read=0.774ms fadv/call=0.0 pf_hit=100%(32)
(Worker_TP1 pid=466) [gv2-census] calls=32 rows/call=211 runs/call=422.5 preads/call=422.5 read=4.547ms fadv/call=337.2 pf_hit=89%(30)
(Worker_TP1 pid=466) [gv2-census] calls=32 rows/call=48 runs/call=96.0 preads/call=96.0 read=0.706ms fadv/call=0.0 pf_hit=100%(32)
(Worker_TP1 pid=466) [gv2-census] calls=32 rows/call=48 runs/call=96.0 preads/call=96.0 read=0.723ms fadv/call=0.0 pf_hit=100%(32)
(Worker_TP1 pid=466) [gv2-census] calls=32 rows/call=48 runs/call=96.0 preads/call=96.0 read=1.181ms fadv/call=0.0 pf_hit=100%(32)
(Worker_TP1 pid=466) [gv2-census] calls=32 rows/call=48 runs/call=96.0 preads/call=96.0 read=0.748ms fadv/call=0.0 pf_hit=100%(32)
(Worker_TP1 pid=466) [gv2-census] calls=32 rows/call=211 runs/call=417.0 preads/call=417.0 read=5.161ms fadv/call=332.0 pf_hit=89%(30)
(Worker_TP1 pid=466) [gv2-census] calls=32 rows/call=48 runs/call=96.0 preads/call=96.0 read=0.750ms fadv/call=0.0 pf_hit=100%(32)
(Worker_TP1 pid=466) [gv2-census] calls=32 rows/call=159 runs/call=309.0 preads/call=309.0 read=3.781ms fadv/call=224.8 pf_hit=89%(30)
(Worker_TP1 pid=466) [gv2-census] calls=32 rows/call=48 runs/call=96.0 preads/call=96.0 read=0.852ms fadv/call=0.0 pf_hit=100%(32)
(Worker_TP1 pid=466) [gv2-census] calls=32 rows/call=48 runs/call=96.0 preads/call=96.0 read=0.688ms fadv/call=0.0 pf_hit=100%(32)
(Worker_TP1 pid=466) [gv2-census] calls=32 rows/call=48 runs/call=96.0 preads/call=96.0 read=0.775ms fadv/call=0.0 pf_hit=100%(32)
(Worker_TP1 pid=466) [gv2-census] calls=32 rows/call=675 runs/call=1219.5 preads/call=1219.5 read=13.575ms fadv/call=1134.2 pf_hit=93%(28)
(Worker_TP1 pid=466) [gv2-census] calls=32 rows/call=96 runs/call=192.0 preads/call=192.0 read=3.472ms fadv/call=0.0 pf_hit=100%(30)
(Worker_TP1 pid=466) [gv2-census] calls=32 rows/call=591 runs/call=959.5 preads/call=959.5 read=13.021ms fadv/call=798.0 pf_hit=96%(28)
(Worker_TP1 pid=466) [gv2-census] calls=32 rows/call=96 runs/call=168.5 preads/call=168.5 read=2.499ms fadv/call=0.0 pf_hit=100%(32)
(Worker_TP1 pid=466) [gv2-census] calls=32 rows/call=419 runs/call=753.5 preads/call=753.5 read=9.600ms fadv/call=590.2 pf_hit=92%(28)
(Worker_TP1 pid=466) [gv2-census] calls=32 rows/call=237 runs/call=451.5 preads/call=451.5 read=6.827ms fadv/call=277.8 pf_hit=97%(30)
(Worker_TP1 pid=466) [gv2-census] calls=32 rows/call=330 runs/call=548.5 preads/call=548.5 read=8.017ms fadv/call=372.4 pf_hit=97%(30)
(Worker_TP1 pid=466) [gv2-census] calls=32 rows/call=384 runs/call=709.5 preads/call=709.5 read=11.133ms fadv/call=552.0 pf_hit=92%(28)
(Worker_TP1 pid=466) [gv2-census] calls=32 rows/call=219 runs/call=419.0 preads/call=419.0 read=5.120ms fadv/call=244.6 pf_hit=97%(30)
(Worker_TP1 pid=466) [gv2-census] calls=32 rows/call=345 runs/call=567.5 preads/call=567.5 read=9.599ms fadv/call=397.5 pf_hit=93%(30)
(Worker_TP1 pid=466) [gv2-census] calls=32 rows/call=288 runs/call=500.5 preads/call=500.5 read=7.461ms fadv/call=324.3 pf_hit=100%(30)
(Worker_TP1 pid=466) [gv2-census] calls=32 rows/call=400 runs/call=740.5 preads/call=740.5 read=13.552ms fadv/call=581.7 pf_hit=92%(28)
(Worker_TP1 pid=466) [gv2-census] calls=32 rows/call=235 runs/call=443.0 preads/call=443.0 read=6.343ms fadv/call=268.3 pf_hit=97%(30)
(Worker_TP1 pid=466) [gv2-census] calls=32 rows/call=453 runs/call=770.0 preads/call=770.0 read=10.736ms fadv/call=617.1 pf_hit=96%(30)
(Worker_TP1 pid=466) [gv2-census] calls=32 rows/call=96 runs/call=192.0 preads/call=192.0 read=3.915ms fadv/call=0.0 pf_hit=100%(30)
(Worker_TP1 pid=466) [gv2-census] calls=32 rows/call=396 runs/call=724.0 preads/call=724.0 read=11.729ms fadv/call=565.2 pf_hit=92%(28)
(Worker_TP1 pid=466) [gv2-census] calls=32 rows/call=450 runs/call=810.0 preads/call=810.0 read=11.198ms fadv/call=650.2 pf_hit=93%(30)
(Worker_TP1 pid=466) [gv2-census] calls=32 rows/call=96 runs/call=179.0 preads/call=179.0 read=4.082ms fadv/call=0.0 pf_hit=100%(30)
(Worker_TP1 pid=466) [gv2-census] calls=32 rows/call=213 runs/call=405.0 preads/call=405.0 read=5.643ms fadv/call=238.7 pf_hit=96%(30)
(Worker_TP1 pid=466) [gv2-census] calls=32 rows/call=585 runs/call=1028.0 preads/call=1028.0 read=16.075ms fadv/call=891.8 pf_hit=87%(26)
(Worker_TP1 pid=466) [gv2-census] calls=32 rows/call=495 runs/call=912.5 preads/call=912.5 read=15.747ms fadv/call=765.6 pf_hit=92%(28)
(Worker_TP1 pid=466) [gv2-census] calls=32 rows/call=6215 runs/call=8187.2 preads/call=8187.2 read=95.778ms fadv/call=7151.1 pf_hit=91%(28)
(Worker_TP1 pid=466) INFO 09-24 21:52:20 [exl3.py:1224] EXL3 fat-chunk slicing ACTIVE (tokens=8001)
(Worker_TP1 pid=466) INFO 09-24 21:52:31 [exl3.py:1224] EXL3 fat-chunk slicing ACTIVE (tokens=8142)
(Worker_TP1 pid=466) INFO 09-24 21:52:41 [exl3.py:1224] EXL3 fat-chunk slicing ACTIVE (tokens=8133)
(Worker_TP1 pid=466) INFO 09-24 21:52:51 [exl3.py:1224] EXL3 fat-chunk slicing ACTIVE (tokens=8190)
(Worker_TP1 pid=466) [dsv41-prefill-empty-cache] skipped #1 (longest seq 16380, MemAvailable 22.61 GiB >= 2.5 GiB)
(Worker_TP1 pid=466) INFO 09-24 21:53:22 [exl3.py:1224] EXL3 fat-chunk slicing ACTIVE (tokens=7726)
(Worker_TP1 pid=466) [gv2-census] calls=32 rows/call=36458 runs/call=46986.0 preads/call=46986.0 read=454.007ms fadv/call=41505.8 pf_hit=67%(18)
(Worker_TP1 pid=466) INFO 09-24 21:54:02 [exl3.py:1224] EXL3 fat-chunk slicing ACTIVE (tokens=7603)
(Worker_TP1 pid=466) INFO 09-24 21:54:42 [exl3.py:1224] EXL3 fat-chunk slicing ACTIVE (tokens=8096)
(Worker_TP1 pid=466) [gv2-census] calls=32 rows/call=48653 runs/call=62312.9 preads/call=62312.9 read=537.841ms fadv/call=55101.8 pf_hit=75%(16)
(Worker_TP1 pid=466) [gv2-census] calls=32 rows/call=57 runs/call=115.5 preads/call=115.5 read=4.474ms fadv/call=0.0 pf_hit=90%(32)
(Worker_TP1 pid=466) [gv2-census] calls=32 rows/call=48 runs/call=96.0 preads/call=96.0 read=0.662ms fadv/call=0.0 pf_hit=100%(32)
(Worker_TP1 pid=466) [gv2-census] calls=32 rows/call=57 runs/call=114.0 preads/call=114.0 read=4.180ms fadv/call=0.0 pf_hit=90%(32)
(Worker_TP1 pid=466) [gv2-census] calls=32 rows/call=48 runs/call=96.0 preads/call=96.0 read=0.728ms fadv/call=0.0 pf_hit=100%(32)
(Worker_TP1 pid=466) [gv2-census] calls=32 rows/call=48 runs/call=96.0 preads/call=96.0 read=0.727ms fadv/call=0.0 pf_hit=100%(32)
(Worker_TP1 pid=466) [gv2-census] calls=32 rows/call=56 runs/call=112.5 preads/call=112.5 read=3.707ms fadv/call=0.0 pf_hit=90%(32)
(Worker_TP1 pid=466) [gv2-census] calls=32 rows/call=48 runs/call=96.0 preads/call=96.0 read=0.705ms fadv/call=0.0 pf_hit=100%(32)
(Worker_TP1 pid=466) [gv2-census] calls=32 rows/call=56 runs/call=112.5 preads/call=112.5 read=4.650ms fadv/call=0.0 pf_hit=90%(32)
(Worker_TP1 pid=466) [gv2-census] calls=32 rows/call=66 runs/call=132.0 preads/call=132.0 read=7.427ms fadv/call=0.0 pf_hit=79%(32)
(Worker_TP1 pid=466) [gv2-census] calls=32 rows/call=56 runs/call=112.5 preads/call=112.5 read=3.927ms fadv/call=0.0 pf_hit=90%(32)
(Worker_TP1 pid=466) [gv2-census] calls=32 rows/call=48 runs/call=96.0 preads/call=96.0 read=0.800ms fadv/call=0.0 pf_hit=100%(32)
(Worker_TP1 pid=466) [gv2-census] calls=32 rows/call=48 runs/call=96.0 preads/call=96.0 read=0.713ms fadv/call=0.0 pf_hit=100%(32)
(Worker_TP1 pid=466) [gv2-census] calls=32 rows/call=54 runs/call=109.5 preads/call=109.5 read=3.259ms fadv/call=0.0 pf_hit=90%(32)
(Worker_TP1 pid=466) [gv2-census] calls=32 rows/call=65 runs/call=130.5 preads/call=130.5 read=4.825ms fadv/call=0.0 pf_hit=90%(32)
(Worker_TP1 pid=466) [gv2-census] calls=32 rows/call=48 runs/call=96.0 preads/call=96.0 read=1.335ms fadv/call=0.0 pf_hit=100%(32)
(Worker_TP1 pid=466) [gv2-census] calls=32 rows/call=48 runs/call=96.0 preads/call=96.0 read=0.714ms fadv/call=0.0 pf_hit=100%(32)
(Worker_TP1 pid=466) [gv2-census] calls=32 rows/call=56 runs/call=112.5 preads/call=112.5 read=3.569ms fadv/call=0.0 pf_hit=90%(32)
(Worker_TP1 pid=466) [gv2-census] calls=32 rows/call=48 runs/call=96.0 preads/call=96.0 read=0.759ms fadv/call=0.0 pf_hit=100%(32)
(Worker_TP1 pid=466) [gv2-census] calls=32 rows/call=48 runs/call=96.0 preads/call=96.0 read=0.909ms fadv/call=0.0 pf_hit=100%(32)
(Worker_TP1 pid=466) [gv2-census] calls=32 rows/call=58 runs/call=117.0 preads/call=117.0 read=4.505ms fadv/call=0.0 pf_hit=90%(32)
(Worker_TP1 pid=466) [gv2-census] calls=32 rows/call=48 runs/call=96.0 preads/call=96.0 read=0.678ms fadv/call=0.0 pf_hit=100%(32)
(Worker_TP1 pid=466) [gv2-census] calls=32 rows/call=48 runs/call=96.0 preads/call=96.0 read=0.904ms fadv/call=0.0 pf_hit=100%(32)
(Worker_TP1 pid=466) [gv2-census] calls=32 rows/call=48 runs/call=96.0 preads/call=96.0 read=0.885ms fadv/call=0.0 pf_hit=100%(32)
(Worker_TP1 pid=466) [gv2-census] calls=32 rows/call=48 runs/call=96.0 preads/call=96.0 read=0.762ms fadv/call=0.0 pf_hit=100%(32)
(Worker_TP1 pid=466) [gv2-census] calls=32 rows/call=58 runs/call=117.0 preads/call=117.0 read=4.139ms fadv/call=0.0 pf_hit=90%(32)
(Worker_TP1 pid=466) [gv2-census] calls=32 rows/call=48 runs/call=96.0 preads/call=96.0 read=0.874ms fadv/call=0.0 pf_hit=100%(32)
(Worker_TP1 pid=466) [gv2-census] calls=32 rows/call=48 runs/call=96.0 preads/call=96.0 read=0.682ms fadv/call=0.0 pf_hit=100%(32)
(Worker_TP1 pid=466) [gv2-census] calls=32 rows/call=57 runs/call=115.5 preads/call=115.5 read=2.011ms fadv/call=0.0 pf_hit=90%(32)
(Worker_TP1 pid=466) [gv2-census] calls=32 rows/call=48 runs/call=96.0 preads/call=96.0 read=1.317ms fadv/call=0.0 pf_hit=100%(32)
(Worker_TP1 pid=466) [gv2-census] calls=32 rows/call=57 runs/call=114.0 preads/call=114.0 read=2.682ms fadv/call=0.0 pf_hit=94%(32)
(Worker_TP1 pid=466) [gv2-census] calls=32 rows/call=48 runs/call=96.0 preads/call=96.0 read=3.533ms fadv/call=0.0 pf_hit=96%(32)
(Worker_TP1 pid=466) [gv2-census] calls=32 rows/call=48 runs/call=96.0 preads/call=96.0 read=2.425ms fadv/call=0.0 pf_hit=100%(32)
(Worker_TP1 pid=466) [gv2-census] calls=32 rows/call=56 runs/call=112.5 preads/call=112.5 read=2.618ms fadv/call=0.0 pf_hit=90%(32)
(Worker_TP1 pid=466) [gv2-census] calls=32 rows/call=48 runs/call=96.0 preads/call=96.0 read=0.934ms fadv/call=0.0 pf_hit=100%(32)
(Worker_TP1 pid=466) [gv2-census] calls=32 rows/call=56 runs/call=112.5 preads/call=112.5 read=0.982ms fadv/call=0.0 pf_hit=90%(32)
(Worker_TP1 pid=466) [gv2-census] calls=32 rows/call=58 runs/call=117.0 preads/call=117.0 read=0.917ms fadv/call=0.0 pf_hit=90%(32)
(Worker_TP1 pid=466) [gv2-census] calls=32 rows/call=63 runs/call=127.5 preads/call=127.5 read=2.727ms fadv/call=0.0 pf_hit=79%(32)
(Worker_TP1 pid=466) [gv2-census] calls=32 rows/call=48 runs/call=96.0 preads/call=96.0 read=2.315ms fadv/call=0.0 pf_hit=100%(32)
(Worker_TP1 pid=466) [gv2-census] calls=32 rows/call=48 runs/call=96.0 preads/call=96.0 read=0.760ms fadv/call=0.0 pf_hit=100%(32)
(Worker_TP1 pid=466) [gv2-census] calls=32 rows/call=48 runs/call=96.0 preads/call=96.0 read=0.863ms fadv/call=0.0 pf_hit=100%(32)
(Worker_TP1 pid=466) [gv2-census] calls=32 rows/call=54 runs/call=109.5 preads/call=109.5 read=1.424ms fadv/call=0.0 pf_hit=90%(32)
(Worker_TP1 pid=466) [gv2-census] calls=32 rows/call=65 runs/call=130.5 preads/call=130.5 read=1.774ms fadv/call=0.0 pf_hit=90%(32)
(Worker_TP1 pid=466) [gv2-census] calls=32 rows/call=48 runs/call=96.0 preads/call=96.0 read=1.470ms fadv/call=0.0 pf_hit=100%(32)
(Worker_TP1 pid=466) [gv2-census] calls=32 rows/call=48 runs/call=96.0 preads/call=96.0 read=2.485ms fadv/call=0.0 pf_hit=100%(32)
(Worker_TP1 pid=466) [gv2-census] calls=32 rows/call=56 runs/call=112.5 preads/call=112.5 read=2.495ms fadv/call=0.0 pf_hit=90%(32)
(Worker_TP1 pid=466) [gv2-census] calls=32 rows/call=48 runs/call=96.0 preads/call=96.0 read=0.877ms fadv/call=0.0 pf_hit=100%(32)
(Worker_TP1 pid=466) [gv2-census] calls=32 rows/call=48 runs/call=96.0 preads/call=96.0 read=0.837ms fadv/call=0.0 pf_hit=100%(32)
(Worker_TP1 pid=466) [gv2-census] calls=32 rows/call=58 runs/call=117.0 preads/call=117.0 read=0.987ms fadv/call=0.0 pf_hit=90%(32)
(Worker_TP1 pid=466) [gv2-census] calls=32 rows/call=48 runs/call=96.0 preads/call=96.0 read=1.896ms fadv/call=0.0 pf_hit=100%(32)
(Worker_TP1 pid=466) [gv2-census] calls=32 rows/call=48 runs/call=96.0 preads/call=96.0 read=0.853ms fadv/call=0.0 pf_hit=100%(32)
(Worker_TP1 pid=466) [gv2-census] calls=32 rows/call=48 runs/call=96.0 preads/call=96.0 read=0.884ms fadv/call=0.0 pf_hit=100%(32)
(Worker_TP1 pid=466) [gv2-census] calls=32 rows/call=48 runs/call=96.0 preads/call=96.0 read=1.017ms fadv/call=0.0 pf_hit=100%(32)
(Worker_TP1 pid=466) [gv2-census] calls=32 rows/call=58 runs/call=117.0 preads/call=117.0 read=2.211ms fadv/call=0.0 pf_hit=90%(32)
(Worker_TP1 pid=466) [gv2-census] calls=32 rows/call=48 runs/call=96.0 preads/call=96.0 read=1.895ms fadv/call=0.0 pf_hit=100%(32)
(Worker_TP1 pid=466) [gv2-census] calls=32 rows/call=69 runs/call=122.5 preads/call=122.5 read=2.263ms fadv/call=0.0 pf_hit=94%(32)
(Worker_TP1 pid=466) [gv2-census] calls=32 rows/call=115 runs/call=122.5 preads/call=122.5 read=2.077ms fadv/call=4.5 pf_hit=75%(30)
(Worker_TP1 pid=466) [gv2-census] calls=32 rows/call=48 runs/call=96.0 preads/call=96.0 read=1.318ms fadv/call=0.0 pf_hit=100%(32)
(Worker_TP1 pid=466) [gv2-census] calls=32 rows/call=48 runs/call=96.0 preads/call=96.0 read=1.864ms fadv/call=0.0 pf_hit=100%(32)
(Worker_TP1 pid=466) [gv2-census] calls=32 rows/call=57 runs/call=114.0 preads/call=114.0 read=2.090ms fadv/call=0.0 pf_hit=90%(32)
(Worker_TP1 pid=466) [gv2-census] calls=32 rows/call=48 runs/call=96.0 preads/call=96.0 read=0.849ms fadv/call=0.0 pf_hit=100%(32)
(Worker_TP1 pid=466) [gv2-census] calls=32 rows/call=56 runs/call=112.5 preads/call=112.5 read=3.314ms fadv/call=0.0 pf_hit=90%(32)
(Worker_TP1 pid=466) [gv2-census] calls=32 rows/call=48 runs/call=96.0 preads/call=96.0 read=2.447ms fadv/call=0.0 pf_hit=100%(32)
(Worker_TP1 pid=466) [gv2-census] calls=32 rows/call=48 runs/call=96.0 preads/call=96.0 read=0.866ms fadv/call=0.0 pf_hit=100%(32)
(Worker_TP1 pid=466) [gv2-census] calls=32 rows/call=56 runs/call=112.5 preads/call=112.5 read=0.983ms fadv/call=0.0 pf_hit=90%(32)
(Worker_TP1 pid=466) [gv2-census] calls=32 rows/call=74 runs/call=148.5 preads/call=148.5 read=1.373ms fadv/call=0.0 pf_hit=69%(32)
(Worker_TP1 pid=466) [gv2-census] calls=32 rows/call=48 runs/call=96.0 preads/call=96.0 read=1.478ms fadv/call=0.0 pf_hit=100%(32)
(Worker_TP1 pid=466) [gv2-census] calls=32 rows/call=48 runs/call=96.0 preads/call=96.0 read=1.894ms fadv/call=0.0 pf_hit=100%(32)
(Worker_TP1 pid=466) [gv2-census] calls=32 rows/call=48 runs/call=96.0 preads/call=96.0 read=1.291ms fadv/call=0.0 pf_hit=100%(32)
(Worker_TP1 pid=466) [gv2-census] calls=32 rows/call=54 runs/call=109.5 preads/call=109.5 read=2.389ms fadv/call=0.0 pf_hit=90%(32)
(Worker_TP1 pid=466) [gv2-census] calls=32 rows/call=65 runs/call=130.5 preads/call=130.5 read=0.904ms fadv/call=0.0 pf_hit=90%(32)
(Worker_TP1 pid=466) [gv2-census] calls=32 rows/call=48 runs/call=96.0 preads/call=96.0 read=2.381ms fadv/call=0.0 pf_hit=100%(32)
(Worker_TP1 pid=466) [gv2-census] calls=32 rows/call=56 runs/call=112.5 preads/call=112.5 read=0.800ms fadv/call=0.0 pf_hit=90%(32)
(Worker_TP1 pid=466) [gv2-census] calls=32 rows/call=48 runs/call=96.0 preads/call=96.0 read=0.677ms fadv/call=0.0 pf_hit=100%(32)
(Worker_TP1 pid=466) [gv2-census] calls=32 rows/call=48 runs/call=96.0 preads/call=96.0 read=0.768ms fadv/call=0.0 pf_hit=100%(32)
(Worker_TP1 pid=466) [gv2-census] calls=32 rows/call=48 runs/call=96.0 preads/call=96.0 read=0.863ms fadv/call=0.0 pf_hit=100%(32)
(Worker_TP1 pid=466) [gv2-census] calls=32 rows/call=58 runs/call=117.0 preads/call=117.0 read=1.423ms fadv/call=0.0 pf_hit=90%(32)
(Worker_TP1 pid=466) [gv2-census] calls=32 rows/call=48 runs/call=96.0 preads/call=96.0 read=0.741ms fadv/call=0.0 pf_hit=100%(32)
(Worker_TP1 pid=466) [gv2-census] calls=32 rows/call=48 runs/call=96.0 preads/call=96.0 read=0.816ms fadv/call=0.0 pf_hit=100%(32)
(Worker_TP1 pid=466) [gv2-census] calls=32 rows/call=48 runs/call=96.0 preads/call=96.0 read=1.321ms fadv/call=0.0 pf_hit=100%(32)
(Worker_TP1 pid=466) [gv2-census] calls=32 rows/call=48 runs/call=96.0 preads/call=96.0 read=0.729ms fadv/call=0.0 pf_hit=100%(32)
(Worker_TP1 pid=466) [gv2-census] calls=32 rows/call=58 runs/call=117.0 preads/call=117.0 read=2.542ms fadv/call=0.0 pf_hit=90%(32)
(Worker_TP1 pid=466) [gv2-census] calls=32 rows/call=48 runs/call=96.0 preads/call=96.0 read=3.070ms fadv/call=0.0 pf_hit=100%(32)
(Worker_TP1 pid=466) [gv2-census] calls=32 rows/call=48 runs/call=96.0 preads/call=96.0 read=0.809ms fadv/call=0.0 pf_hit=100%(32)
(Worker_TP1 pid=466) [gv2-census] calls=32 rows/call=57 runs/call=115.5 preads/call=115.5 read=1.465ms fadv/call=0.0 pf_hit=90%(32)
(Worker_TP1 pid=466) [gv2-census] calls=32 rows/call=48 runs/call=96.0 preads/call=96.0 read=0.844ms fadv/call=0.0 pf_hit=100%(32)
(Worker_TP1 pid=466) [gv2-census] calls=32 rows/call=57 runs/call=114.0 preads/call=114.0 read=0.907ms fadv/call=0.0 pf_hit=90%(32)
(Worker_TP1 pid=466) [gv2-census] calls=32 rows/call=48 runs/call=96.0 preads/call=96.0 read=1.313ms fadv/call=0.0 pf_hit=100%(32)
(Worker_TP1 pid=466) [gv2-census] calls=32 rows/call=48 runs/call=96.0 preads/call=96.0 read=0.831ms fadv/call=0.0 pf_hit=100%(32)
(Worker_TP1 pid=466) [gv2-census] calls=32 rows/call=56 runs/call=112.5 preads/call=112.5 read=0.985ms fadv/call=0.0 pf_hit=90%(32)
(Worker_TP1 pid=466) [gv2-census] calls=32 rows/call=48 runs/call=96.0 preads/call=96.0 read=1.890ms fadv/call=0.0 pf_hit=100%(32)
(Worker_TP1 pid=466) [gv2-census] calls=32 rows/call=56 runs/call=112.5 preads/call=112.5 read=1.387ms fadv/call=0.0 pf_hit=90%(32)
(Worker_TP1 pid=466) [gv2-census] calls=32 rows/call=58 runs/call=117.0 preads/call=117.0 read=0.926ms fadv/call=0.0 pf_hit=90%(32)
(Worker_TP1 pid=466) [gv2-census] calls=32 rows/call=63 runs/call=127.5 preads/call=127.5 read=1.615ms fadv/call=0.0 pf_hit=79%(32)
(Worker_TP1 pid=466) [gv2-census] calls=32 rows/call=48 runs/call=96.0 preads/call=96.0 read=2.903ms fadv/call=0.0 pf_hit=100%(32)
(Worker_TP1 pid=466) [gv2-census] calls=32 rows/call=48 runs/call=96.0 preads/call=96.0 read=1.822ms fadv/call=0.0 pf_hit=100%(32)
(Worker_TP1 pid=466) [gv2-census] calls=32 rows/call=48 runs/call=96.0 preads/call=96.0 read=1.391ms fadv/call=0.0 pf_hit=100%(32)
(Worker_TP1 pid=466) [gv2-census] calls=32 rows/call=72 runs/call=144.0 preads/call=144.0 read=2.647ms fadv/call=0.0 pf_hit=83%(32)
(Worker_TP1 pid=466) [gv2-census] calls=32 rows/call=48 runs/call=96.0 preads/call=96.0 read=1.324ms fadv/call=0.0 pf_hit=96%(32)
(Worker_TP1 pid=466) [gv2-census] calls=32 rows/call=48 runs/call=96.0 preads/call=96.0 read=0.807ms fadv/call=0.0 pf_hit=100%(32)
(Worker_TP1 pid=466) [gv2-census] calls=32 rows/call=56 runs/call=112.5 preads/call=112.5 read=1.413ms fadv/call=0.0 pf_hit=90%(32)
(Worker_TP1 pid=466) [gv2-census] calls=32 rows/call=48 runs/call=96.0 preads/call=96.0 read=1.820ms fadv/call=0.0 pf_hit=100%(32)
(Worker_TP1 pid=466) [gv2-census] calls=32 rows/call=48 runs/call=96.0 preads/call=96.0 read=1.980ms fadv/call=0.0 pf_hit=100%(32)
(Worker_TP1 pid=466) [gv2-census] calls=32 rows/call=48 runs/call=96.0 preads/call=96.0 read=1.337ms fadv/call=0.0 pf_hit=100%(32)
(Worker_TP1 pid=466) [gv2-census] calls=32 rows/call=58 runs/call=117.0 preads/call=117.0 read=2.018ms fadv/call=0.0 pf_hit=90%(32)
(Worker_TP1 pid=466) [gv2-census] calls=32 rows/call=48 runs/call=96.0 preads/call=96.0 read=1.299ms fadv/call=0.0 pf_hit=100%(32)
(Worker_TP1 pid=466) [gv2-census] calls=32 rows/call=48 runs/call=96.0 preads/call=96.0 read=1.327ms fadv/call=0.0 pf_hit=100%(32)
(Worker_TP1 pid=466) [gv2-census] calls=32 rows/call=48 runs/call=96.0 preads/call=96.0 read=0.838ms fadv/call=0.0 pf_hit=100%(32)
(Worker_TP1 pid=466) [gv2-census] calls=32 rows/call=58 runs/call=117.0 preads/call=117.0 read=0.842ms fadv/call=0.0 pf_hit=90%(32)
(Worker_TP1 pid=466) [gv2-census] calls=32 rows/call=48 runs/call=96.0 preads/call=96.0 read=1.434ms fadv/call=0.0 pf_hit=100%(32)
(Worker_TP1 pid=466) [gv2-census] calls=32 rows/call=48 runs/call=96.0 preads/call=96.0 read=2.416ms fadv/call=0.0 pf_hit=100%(32)
(Worker_TP1 pid=466) [gv2-census] calls=32 rows/call=57 runs/call=115.5 preads/call=115.5 read=1.488ms fadv/call=0.0 pf_hit=90%(32)
(Worker_TP1 pid=466) [gv2-census] calls=32 rows/call=48 runs/call=96.0 preads/call=96.0 read=1.355ms fadv/call=0.0 pf_hit=100%(32)
(Worker_TP1 pid=466) [gv2-census] calls=32 rows/call=48 runs/call=96.0 preads/call=96.0 read=0.838ms fadv/call=0.0 pf_hit=100%(32)
(Worker_TP1 pid=466) [gv2-census] calls=32 rows/call=57 runs/call=114.0 preads/call=114.0 read=0.888ms fadv/call=0.0 pf_hit=90%(32)
(Worker_TP1 pid=466) [gv2-census] calls=32 rows/call=48 runs/call=96.0 preads/call=96.0 read=1.302ms fadv/call=0.0 pf_hit=100%(32)
(Worker_TP1 pid=466) [gv2-census] calls=32 rows/call=56 runs/call=112.5 preads/call=112.5 read=1.616ms fadv/call=0.0 pf_hit=90%(32)
(Worker_TP1 pid=466) [gv2-census] calls=32 rows/call=48 runs/call=96.0 preads/call=96.0 read=1.856ms fadv/call=0.0 pf_hit=100%(32)
(Worker_TP1 pid=466) [gv2-census] calls=32 rows/call=56 runs/call=112.5 preads/call=112.5 read=2.472ms fadv/call=0.0 pf_hit=94%(32)
(Worker_TP1 pid=466) [gv2-census] calls=32 rows/call=48 runs/call=96.0 preads/call=96.0 read=0.794ms fadv/call=0.0 pf_hit=96%(32)
(Worker_TP1 pid=466) [gv2-census] calls=32 rows/call=74 runs/call=148.5 preads/call=148.5 read=1.058ms fadv/call=0.0 pf_hit=69%(32)
(Worker_TP1 pid=466) [gv2-census] calls=32 rows/call=48 runs/call=96.0 preads/call=96.0 read=1.282ms fadv/call=0.0 pf_hit=100%(32)
(Worker_TP1 pid=466) [gv2-census] calls=32 rows/call=48 runs/call=96.0 preads/call=96.0 read=1.873ms fadv/call=0.0 pf_hit=100%(32)
(Worker_TP1 pid=466) [gv2-census] calls=32 rows/call=48 runs/call=96.0 preads/call=96.0 read=2.957ms fadv/call=0.0 pf_hit=100%(32)
(Worker_TP1 pid=466) [gv2-census] calls=32 rows/call=54 runs/call=109.5 preads/call=109.5 read=0.922ms fadv/call=0.0 pf_hit=90%(32)
(Worker_TP1 pid=466) [gv2-census] calls=32 rows/call=65 runs/call=130.5 preads/call=130.5 read=2.712ms fadv/call=0.0 pf_hit=90%(32)
(Worker_TP1 pid=466) [gv2-census] calls=32 rows/call=48 runs/call=96.0 preads/call=96.0 read=1.926ms fadv/call=0.0 pf_hit=100%(32)
(Worker_TP1 pid=466) [gv2-census] calls=32 rows/call=48 runs/call=96.0 preads/call=96.0 read=0.915ms fadv/call=0.0 pf_hit=100%(32)
(Worker_TP1 pid=466) [gv2-census] calls=32 rows/call=56 runs/call=112.5 preads/call=112.5 read=0.991ms fadv/call=0.0 pf_hit=90%(32)
(Worker_TP1 pid=466) [gv2-census] calls=32 rows/call=48 runs/call=96.0 preads/call=96.0 read=2.902ms fadv/call=0.0 pf_hit=100%(32)
(Worker_TP1 pid=466) [gv2-census] calls=32 rows/call=48 runs/call=96.0 preads/call=96.0 read=0.947ms fadv/call=0.0 pf_hit=100%(32)
(Worker_TP1 pid=466) [gv2-census] calls=32 rows/call=58 runs/call=117.0 preads/call=117.0 read=2.440ms fadv/call=0.0 pf_hit=90%(32)
(Worker_TP1 pid=466) [gv2-census] calls=32 rows/call=48 runs/call=96.0 preads/call=96.0 read=3.328ms fadv/call=0.0 pf_hit=100%(32)
(Worker_TP1 pid=466) [gv2-census] calls=32 rows/call=48 runs/call=96.0 preads/call=96.0 read=1.435ms fadv/call=0.0 pf_hit=100%(32)
(Worker_TP1 pid=466) [gv2-census] calls=32 rows/call=48 runs/call=96.0 preads/call=96.0 read=0.619ms fadv/call=0.0 pf_hit=100%(32)
(Worker_TP1 pid=466) [gv2-census] calls=32 rows/call=48 runs/call=96.0 preads/call=96.0 read=0.734ms fadv/call=0.0 pf_hit=100%(32)
(Worker_TP1 pid=466) [gv2-census] calls=32 rows/call=58 runs/call=117.0 preads/call=117.0 read=0.808ms fadv/call=0.0 pf_hit=90%(32)
(Worker_TP1 pid=466) [gv2-census] calls=32 rows/call=48 runs/call=96.0 preads/call=96.0 read=2.890ms fadv/call=0.0 pf_hit=100%(32)
(Worker_TP1 pid=466) [gv2-census] calls=32 rows/call=48 runs/call=96.0 preads/call=96.0 read=1.347ms fadv/call=0.0 pf_hit=100%(32)
(Worker_TP1 pid=466) [gv2-census] calls=32 rows/call=57 runs/call=115.5 preads/call=115.5 read=1.937ms fadv/call=0.0 pf_hit=90%(32)
(Worker_TP1 pid=466) [gv2-census] calls=32 rows/call=48 runs/call=96.0 preads/call=96.0 read=0.916ms fadv/call=0.0 pf_hit=100%(32)
(Worker_TP1 pid=466) [gv2-census] calls=32 rows/call=48 runs/call=96.0 preads/call=96.0 read=1.847ms fadv/call=0.0 pf_hit=100%(32)
(Worker_TP1 pid=466) [gv2-census] calls=32 rows/call=57 runs/call=114.0 preads/call=114.0 read=2.523ms fadv/call=0.0 pf_hit=90%(32)
(Worker_TP1 pid=466) [gv2-census] calls=32 rows/call=48 runs/call=96.0 preads/call=96.0 read=1.348ms fadv/call=0.0 pf_hit=100%(32)
(Worker_TP1 pid=466) [gv2-census] calls=32 rows/call=56 runs/call=112.5 preads/call=112.5 read=2.176ms fadv/call=0.0 pf_hit=94%(32)
(Worker_TP1 pid=466) [gv2-census] calls=32 rows/call=48 runs/call=96.0 preads/call=96.0 read=1.362ms fadv/call=0.0 pf_hit=96%(32)
(Worker_TP1 pid=466) [gv2-census] calls=32 rows/call=48 runs/call=96.0 preads/call=96.0 read=1.362ms fadv/call=0.0 pf_hit=100%(32)
(Worker_TP1 pid=466) [gv2-census] calls=32 rows/call=56 runs/call=112.5 preads/call=112.5 read=1.019ms fadv/call=0.0 pf_hit=90%(32)
(Worker_TP1 pid=466) [gv2-census] calls=32 rows/call=74 runs/call=148.5 preads/call=148.5 read=1.264ms fadv/call=0.0 pf_hit=69%(32)
(Worker_TP1 pid=466) [gv2-census] calls=32 rows/call=48 runs/call=96.0 preads/call=96.0 read=0.903ms fadv/call=0.0 pf_hit=100%(32)
(Worker_TP1 pid=466) [gv2-census] calls=32 rows/call=48 runs/call=96.0 preads/call=96.0 read=1.455ms fadv/call=0.0 pf_hit=100%(32)
(Worker_TP1 pid=466) [gv2-census] calls=32 rows/call=48 runs/call=96.0 preads/call=96.0 read=2.516ms fadv/call=0.0 pf_hit=100%(32)
(Worker_TP1 pid=466) [gv2-census] calls=32 rows/call=54 runs/call=109.5 preads/call=109.5 read=1.536ms fadv/call=0.0 pf_hit=90%(32)
(Worker_TP1 pid=466) [gv2-census] calls=32 rows/call=65 runs/call=130.5 preads/call=130.5 read=2.266ms fadv/call=0.0 pf_hit=90%(32)
(Worker_TP1 pid=466) [gv2-census] calls=32 rows/call=48 runs/call=96.0 preads/call=96.0 read=2.224ms fadv/call=0.0 pf_hit=100%(32)
(Worker_TP1 pid=466) [gv2-census] calls=32 rows/call=48 runs/call=96.0 preads/call=96.0 read=1.528ms fadv/call=0.0 pf_hit=100%(32)
(Worker_TP1 pid=466) [gv2-census] calls=32 rows/call=56 runs/call=112.5 preads/call=112.5 read=1.695ms fadv/call=0.0 pf_hit=90%(32)
(Worker_TP1 pid=466) [gv2-census] calls=32 rows/call=48 runs/call=96.0 preads/call=96.0 read=1.876ms fadv/call=0.0 pf_hit=100%(32)
(Worker_TP1 pid=466) [gv2-census] calls=32 rows/call=48 runs/call=96.0 preads/call=96.0 read=1.906ms fadv/call=0.0 pf_hit=100%(32)
(Worker_TP1 pid=466) [gv2-census] calls=32 rows/call=58 runs/call=117.0 preads/call=117.0 read=1.545ms fadv/call=0.0 pf_hit=90%(32)
(Worker_TP1 pid=466) [gv2-census] calls=32 rows/call=48 runs/call=96.0 preads/call=96.0 read=2.383ms fadv/call=0.0 pf_hit=100%(32)
(Worker_TP1 pid=466) [gv2-census] calls=32 rows/call=48 runs/call=96.0 preads/call=96.0 read=1.315ms fadv/call=0.0 pf_hit=100%(32)
(Worker_TP1 pid=466) [gv2-census] calls=32 rows/call=48 runs/call=96.0 preads/call=96.0 read=0.931ms fadv/call=0.0 pf_hit=100%(32)
(Worker_TP1 pid=466) [gv2-census] calls=32 rows/call=48 runs/call=96.0 preads/call=96.0 read=0.901ms fadv/call=0.0 pf_hit=100%(32)
(Worker_TP1 pid=466) [gv2-census] calls=32 rows/call=58 runs/call=117.0 preads/call=117.0 read=2.000ms fadv/call=0.0 pf_hit=90%(32)
(Worker_TP1 pid=466) [gv2-census] calls=32 rows/call=48 runs/call=96.0 preads/call=96.0 read=2.412ms fadv/call=0.0 pf_hit=100%(32)
(Worker_TP1 pid=466) [gv2-census] calls=32 rows/call=48 runs/call=96.0 preads/call=96.0 read=0.846ms fadv/call=0.0 pf_hit=100%(32)
