dsv41-indexer-workspace: already applied
[dsv41-drop-page-cache] armed (fadvise DONTNEED on shards after weight load)
[dsv41-prefill-empty-cache] armed (threshold 8192 tokens, release when MemAvailable < 2.5 GiB)
dsv41: g8 stream feed installed
dsv41: DSpark sparse Markov (gathered top-k) k=256
WARNING 09-24 23:31:30 [envs.py:2282] Unknown vLLM environment variable detected: VLLM_EXL3_MOE_KERNEL
INFO 09-24 23:31:36 [model.py:692] Resolved architecture: DeepseekV41ForCausalLM
INFO 09-24 23:31:36 [model.py:2034] Using max model len 1048576
INFO 09-24 23:31:38 [cache.py:348] Using fp8 data type to store kv cache. It reduces the GPU memory footprint and boosts the performance. Meanwhile, it may cause accuracy drop without a proper scaling factor
INFO 09-24 23:31:38 [arg_utils.py:2232] Inferred data_parallel_rank 0 from node_rank 1
INFO 09-24 23:31:38 [model.py:692] Resolved architecture: DeepseekV41ForCausalLM
INFO 09-24 23:31:38 [model.py:2034] Using max model len 1048576
INFO 09-24 23:31:44 [scheduler.py:277] Chunked prefill is enabled with max_num_batched_tokens=8192.
INFO 09-24 23:31:44 [kernel.py:373] Final IR op priority after setting platform defaults: IrOpPriorityConfig(rms_norm=['vllm_c', 'native'], fused_add_rms_norm=['vllm_c', 'native'])
WARNING 09-24 23:31:44 [cuda.py:336] Forcing --disable_chunked_mm_input for models with multimodal-bidirectional attention.
INFO 09-24 23:31:45 [compilation.py:329] Enabled custom fusions: norm_quant, act_quant
INFO 09-24 23:31:45 [serve.py:217] Launching vLLM (v0.1.dev20904+g179dd0fa9) headless multiproc executor, with head node address 10.100.8.1:29524 for torch.distributed process group.
dsv41-indexer-workspace: already applied
dsv41-indexer-workspace: already applied
[dsv41-drop-page-cache] armed (fadvise DONTNEED on shards after weight load)
[dsv41-prefill-empty-cache] armed (threshold 8192 tokens, release when MemAvailable < 2.5 GiB)
dsv41: g8 stream feed already present
dsv41: DSpark sparse Markov (gathered top-k) k=256
[dsv41-drop-page-cache] armed (fadvise DONTNEED on shards after weight load)
[dsv41-prefill-empty-cache] armed (threshold 8192 tokens, release when MemAvailable < 2.5 GiB)
dsv41-patch skip g8_load_tracer: DSV41_LOAD_PF_G8 is not 1
dsv41-patch ok prefer_b12x_mxfp8
dsv41-patch skip mla_tile32_workspace: image kernel has no DSV4_CAND_WINDOW = 32
dsv41-patch ok persistent_topk: already applied
dsv41-patch ok kpool_persistent_topk: already applied
dsv41-patch ok load_general_plugins
dsv41-patch ok exl3_weight_block_size
dsv41-patch ok warmup_stubs
dsv41-patch skip cudagraph_worker_stub: DSV41_ALLOW_CUDA_GRAPHS=1
dsv41-patch ok swa_page_coerce
dsv41-patch ok kernel_block_sizes
dsv41-patch ok extra_page_bump
dsv41-patch ok v41_config_vision
dsv41-patch ok swa_image_width: already applied
dsv41-patch ok attention_image_width: already applied
dsv41-patch ok native_indexer_decode: already applied
dsv41-patch ok indexer_adaptive: already applied
dsv41-patch ok indexer_short_context: already applied
dsv41-patch skip dspark_markov_scale: DSV41_DSPARK_MARKOV_SCALE=1
dsv41-patch skip step_census: DSV41_STEP_CENSUS is not 1
dsv41-patch skip mhc_decode_splits: DSV41_MHC_DECODE_SPLITS=0: this block only collapses at =1 (N >= 2 is decode_levers)
dsv41-patch skip engram_row_cache: DSV41_ENGRAM_CACHE is not 1
dsv41-patch skip mhc_no_deepgemm: DSV41_MHC_NO_DEEPGEMM is not 1
dsv41-patch ok decode_levers
dsv41-patch skip g8_load_tracer: DSV41_LOAD_PF_G8 is not 1
dsv41-patch skip g8_load_tracer: DSV41_LOAD_PF_G8 is not 1
dsv41-patch ok prefer_b12x_mxfp8
dsv41-patch skip mla_tile32_workspace: image kernel has no DSV4_CAND_WINDOW = 32
dsv41-patch ok persistent_topk: already applied
dsv41-patch ok kpool_persistent_topk: already applied
dsv41-patch ok prefer_b12x_mxfp8
dsv41-patch skip mla_tile32_workspace: image kernel has no DSV4_CAND_WINDOW = 32
dsv41-patch ok persistent_topk: already applied
dsv41-patch ok kpool_persistent_topk: already applied
dsv41-patch ok load_general_plugins
dsv41-patch ok exl3_weight_block_size
dsv41-patch ok load_general_plugins
dsv41-patch ok exl3_weight_block_size
dsv41-patch ok warmup_stubs
dsv41-patch skip cudagraph_worker_stub: DSV41_ALLOW_CUDA_GRAPHS=1
dsv41-patch ok swa_page_coerce
dsv41-patch ok kernel_block_sizes
dsv41-patch ok extra_page_bump
dsv41-patch ok v41_config_vision
dsv41-patch ok swa_image_width: already applied
dsv41-patch ok attention_image_width: already applied
dsv41-patch ok native_indexer_decode: already applied
dsv41-patch ok indexer_adaptive: already applied
dsv41-patch ok indexer_short_context: already applied
dsv41-patch skip dspark_markov_scale: DSV41_DSPARK_MARKOV_SCALE=1
dsv41-patch skip step_census: DSV41_STEP_CENSUS is not 1
dsv41-patch skip mhc_decode_splits: DSV41_MHC_DECODE_SPLITS=0: this block only collapses at =1 (N >= 2 is decode_levers)
dsv41-patch skip engram_row_cache: DSV41_ENGRAM_CACHE is not 1
dsv41-patch skip mhc_no_deepgemm: DSV41_MHC_NO_DEEPGEMM is not 1
dsv41-patch ok decode_levers
dsv41-patch ok warmup_stubs
dsv41-patch skip cudagraph_worker_stub: DSV41_ALLOW_CUDA_GRAPHS=1
dsv41-patch ok swa_page_coerce
dsv41-patch ok kernel_block_sizes
dsv41-patch ok extra_page_bump
dsv41-patch ok v41_config_vision
dsv41-patch ok swa_image_width: already applied
dsv41-patch ok attention_image_width: already applied
dsv41-patch ok native_indexer_decode: already applied
dsv41-patch ok indexer_adaptive: already applied
dsv41-patch ok indexer_short_context: already applied
dsv41-patch skip dspark_markov_scale: DSV41_DSPARK_MARKOV_SCALE=1
dsv41-patch skip step_census: DSV41_STEP_CENSUS is not 1
dsv41-patch skip mhc_decode_splits: DSV41_MHC_DECODE_SPLITS=0: this block only collapses at =1 (N >= 2 is decode_levers)
dsv41-patch skip engram_row_cache: DSV41_ENGRAM_CACHE is not 1
dsv41: g8 stream feed already present
dsv41: DSpark sparse Markov (gathered top-k) k=256
(Worker pid=465) INFO 09-24 23:31:50 [parallel_state.py:1817] world_size=2 rank=1 local_rank=0 distributed_init_method=tcp://10.100.8.1:29524 backend=nccl
(Worker pid=465) WARNING 09-24 23:32:27 [symm_mem.py:67] SymmMemCommunicator: Device capability 12.1 not supported, communicator is not available.
(Worker pid=465) WARNING 09-24 23:32:28 [flashinfer_all_reduce.py:383] FlashInfer All Reduce is disabled because it is not supported for world_size=2.
(Worker pid=465) WARNING 09-24 23:32:28 [custom_all_reduce.py:201] Custom collectives are disabled because this multi-node group does not have MNNVL-capable GPUs on every rank.
(Worker pid=465) INFO 09-24 23:32:28 [parallel_state.py:2234] rank 1 in world size 2 is assigned as DP rank 0, PP rank 0, PCP rank 0, TP rank 1, EP rank 1, EPLB rank N/A
(Worker pid=465) INFO 09-24 23:32:28 [gpu_worker.py:436] Using V2 Model Runner
(Worker_TP1 pid=465) INFO 09-24 23:32:28 [model_runner.py:383] Loading model from scratch...
(Worker_TP1 pid=465) INFO 09-24 23:32:28 [cuda.py:581] Using backend AttentionBackendEnum.FLASH_ATTN for vit attention
(Worker_TP1 pid=465) INFO 09-24 23:32:28 [mm_encoder_attention.py:372] Using AttentionBackendEnum.FLASH_ATTN for MMEncoderAttention.
(Worker_TP1 pid=465) INFO 09-24 23:32:28 [quant_config.py:79] DeepSeek V4 expert_dtype resolved to 'fp4'
(Worker_TP1 pid=465) INFO 09-24 23:32:28 [__init__.py:889] Using FlashInferCutlassMxfp8LinearKernel for MXFP8 GEMM
(Worker_TP1 pid=465) INFO 09-24 23:32:29 [attention.py:140] Using DeepSeek's fp8_ds_mla KV cache format.
(Worker_TP1 pid=465) INFO 09-24 23:32:29 [attention.py:1062] Using FP8 indexer cache for Lightning Indexer.
(Worker_TP1 pid=465) INFO 09-24 23:32:32 [engram.py:442] Built engram token map (129280 -> 99092 ids) for layers (1, 14)
(Worker_TP1 pid=465) dsv41: lm_head mxfp8 enabled (b12x, (64640, 5120))
(Worker_TP1 pid=465) WARNING 09-24 23:32:32 [compilation.py:1354] Op 'quant_fp8' not present in model, enabling with '+quant_fp8' has no effect
(Worker_TP1 pid=465) INFO 09-24 23:32:33 [weight_utils.py:863] Filesystem type for checkpoints: EXT4. Checkpoint size: 332.92 GiB. Available RAM: 39.48 GiB.
(Worker_TP1 pid=465) INFO 09-24 23:32:33 [weight_utils.py:893] Auto-prefetch is disabled because the filesystem (EXT4) is not a recognized network FS (NFS/Lustre) and the checkpoint size (332.92 GiB) exceeds 90% of available RAM (39.48 GiB).
(Worker_TP1 pid=465) INFO 09-24 23:35:02 [default_loader.py:430] Loading weights took 149.00 seconds
(Worker_TP1 pid=465) INFO 09-24 23:35:02 [__init__.py:889] Using EmulationMxfp8LinearKernel for MXFP8 GEMM
(Worker_TP1 pid=465) INFO 09-24 23:35:06 [exl3.py:2087] EXL3 MCG trellis engaged for routed experts: bits=2 experts_local=384 hidden=5120 intermediate_local=1152 fused_moe=exl3_moe concurrency=6 (no BF16 expert reconstruct at load)
(Worker_TP1 pid=465) INFO 09-24 23:35:06 [exl3.py:2087] EXL3 MCG trellis engaged for routed experts: bits=2 experts_local=384 hidden=5120 intermediate_local=1152 fused_moe=exl3_moe concurrency=6 (no BF16 expert reconstruct at load)
(Worker_TP1 pid=465) INFO 09-24 23:35:06 [exl3.py:2087] EXL3 MCG trellis engaged for routed experts: bits=2 experts_local=384 hidden=5120 intermediate_local=1152 fused_moe=exl3_moe concurrency=6 (no BF16 expert reconstruct at load)
(Worker_TP1 pid=465) INFO 09-24 23:35:06 [exl3.py:2087] EXL3 MCG trellis engaged for routed experts: bits=2 experts_local=384 hidden=5120 intermediate_local=1152 fused_moe=exl3_moe concurrency=6 (no BF16 expert reconstruct at load)
(Worker_TP1 pid=465) INFO 09-24 23:35:07 [exl3.py:2087] EXL3 MCG trellis engaged for routed experts: bits=2 experts_local=384 hidden=5120 intermediate_local=1152 fused_moe=exl3_moe concurrency=6 (no BF16 expert reconstruct at load)
(Worker_TP1 pid=465) INFO 09-24 23:35:07 [exl3.py:2087] EXL3 MCG trellis engaged for routed experts: bits=2 experts_local=384 hidden=5120 intermediate_local=1152 fused_moe=exl3_moe concurrency=6 (no BF16 expert reconstruct at load)
(Worker_TP1 pid=465) INFO 09-24 23:35:07 [exl3.py:2087] EXL3 MCG trellis engaged for routed experts: bits=2 experts_local=384 hidden=5120 intermediate_local=1152 fused_moe=exl3_moe concurrency=6 (no BF16 expert reconstruct at load)
(Worker_TP1 pid=465) INFO 09-24 23:35:07 [exl3.py:2087] EXL3 MCG trellis engaged for routed experts: bits=2 experts_local=384 hidden=5120 intermediate_local=1152 fused_moe=exl3_moe concurrency=6 (no BF16 expert reconstruct at load)
(Worker_TP1 pid=465) INFO 09-24 23:35:07 [exl3.py:2087] EXL3 MCG trellis engaged for routed experts: bits=2 experts_local=384 hidden=5120 intermediate_local=1152 fused_moe=exl3_moe concurrency=6 (no BF16 expert reconstruct at load)
(Worker_TP1 pid=465) INFO 09-24 23:35:17 [exl3.py:2087] EXL3 MCG trellis engaged for routed experts: bits=2 experts_local=384 hidden=5120 intermediate_local=1152 fused_moe=exl3_moe concurrency=6 (no BF16 expert reconstruct at load)
(Worker_TP1 pid=465) INFO 09-24 23:35:17 [exl3.py:2087] EXL3 MCG trellis engaged for routed experts: bits=2 experts_local=384 hidden=5120 intermediate_local=1152 fused_moe=exl3_moe concurrency=6 (no BF16 expert reconstruct at load)
(Worker_TP1 pid=465) INFO 09-24 23:35:17 [exl3.py:2087] EXL3 MCG trellis engaged for routed experts: bits=2 experts_local=384 hidden=5120 intermediate_local=1152 fused_moe=exl3_moe concurrency=6 (no BF16 expert reconstruct at load)
(Worker_TP1 pid=465) INFO 09-24 23:35:17 [exl3.py:2087] EXL3 MCG trellis engaged for routed experts: bits=2 experts_local=384 hidden=5120 intermediate_local=1152 fused_moe=exl3_moe concurrency=6 (no BF16 expert reconstruct at load)
(Worker_TP1 pid=465) INFO 09-24 23:35:17 [exl3.py:2087] EXL3 MCG trellis engaged for routed experts: bits=2 experts_local=384 hidden=5120 intermediate_local=1152 fused_moe=exl3_moe concurrency=6 (no BF16 expert reconstruct at load)
(Worker_TP1 pid=465) INFO 09-24 23:35:17 [exl3.py:2087] EXL3 MCG trellis engaged for routed experts: bits=2 experts_local=384 hidden=5120 intermediate_local=1152 fused_moe=exl3_moe concurrency=6 (no BF16 expert reconstruct at load)
(Worker_TP1 pid=465) INFO 09-24 23:35:17 [exl3.py:2087] EXL3 MCG trellis engaged for routed experts: bits=2 experts_local=384 hidden=5120 intermediate_local=1152 fused_moe=exl3_moe concurrency=6 (no BF16 expert reconstruct at load)
(Worker_TP1 pid=465) INFO 09-24 23:35:17 [exl3.py:2087] EXL3 MCG trellis engaged for routed experts: bits=2 experts_local=384 hidden=5120 intermediate_local=1152 fused_moe=exl3_moe concurrency=6 (no BF16 expert reconstruct at load)
(Worker_TP1 pid=465) INFO 09-24 23:35:17 [exl3.py:2087] EXL3 MCG trellis engaged for routed experts: bits=2 experts_local=384 hidden=5120 intermediate_local=1152 fused_moe=exl3_moe concurrency=6 (no BF16 expert reconstruct at load)
(Worker_TP1 pid=465) INFO 09-24 23:35:17 [exl3.py:2087] EXL3 MCG trellis engaged for routed experts: bits=2 experts_local=384 hidden=5120 intermediate_local=1152 fused_moe=exl3_moe concurrency=6 (no BF16 expert reconstruct at load)
(Worker_TP1 pid=465) INFO 09-24 23:35:17 [exl3.py:2087] EXL3 MCG trellis engaged for routed experts: bits=2 experts_local=384 hidden=5120 intermediate_local=1152 fused_moe=exl3_moe concurrency=6 (no BF16 expert reconstruct at load)
(Worker_TP1 pid=465) INFO 09-24 23:35:18 [exl3.py:2087] EXL3 MCG trellis engaged for routed experts: bits=2 experts_local=384 hidden=5120 intermediate_local=1152 fused_moe=exl3_moe concurrency=6 (no BF16 expert reconstruct at load)
(Worker_TP1 pid=465) INFO 09-24 23:35:18 [exl3.py:2087] EXL3 MCG trellis engaged for routed experts: bits=2 experts_local=384 hidden=5120 intermediate_local=1152 fused_moe=exl3_moe concurrency=6 (no BF16 expert reconstruct at load)
(Worker_TP1 pid=465) INFO 09-24 23:35:18 [exl3.py:2087] EXL3 MCG trellis engaged for routed experts: bits=2 experts_local=384 hidden=5120 intermediate_local=1152 fused_moe=exl3_moe concurrency=6 (no BF16 expert reconstruct at load)
(Worker_TP1 pid=465) INFO 09-24 23:35:18 [exl3.py:2087] EXL3 MCG trellis engaged for routed experts: bits=2 experts_local=384 hidden=5120 intermediate_local=1152 fused_moe=exl3_moe concurrency=6 (no BF16 expert reconstruct at load)
(Worker_TP1 pid=465) INFO 09-24 23:35:18 [exl3.py:2087] EXL3 MCG trellis engaged for routed experts: bits=2 experts_local=384 hidden=5120 intermediate_local=1152 fused_moe=exl3_moe concurrency=6 (no BF16 expert reconstruct at load)
(Worker_TP1 pid=465) INFO 09-24 23:35:18 [exl3.py:2087] EXL3 MCG trellis engaged for routed experts: bits=2 experts_local=384 hidden=5120 intermediate_local=1152 fused_moe=exl3_moe concurrency=6 (no BF16 expert reconstruct at load)
(Worker_TP1 pid=465) INFO 09-24 23:35:18 [exl3.py:2087] EXL3 MCG trellis engaged for routed experts: bits=2 experts_local=384 hidden=5120 intermediate_local=1152 fused_moe=exl3_moe concurrency=6 (no BF16 expert reconstruct at load)
(Worker_TP1 pid=465) INFO 09-24 23:35:18 [exl3.py:2087] EXL3 MCG trellis engaged for routed experts: bits=2 experts_local=384 hidden=5120 intermediate_local=1152 fused_moe=exl3_moe concurrency=6 (no BF16 expert reconstruct at load)
(Worker_TP1 pid=465) INFO 09-24 23:35:18 [exl3.py:2087] EXL3 MCG trellis engaged for routed experts: bits=2 experts_local=384 hidden=5120 intermediate_local=1152 fused_moe=exl3_moe concurrency=6 (no BF16 expert reconstruct at load)
(Worker_TP1 pid=465) INFO 09-24 23:35:18 [exl3.py:2087] EXL3 MCG trellis engaged for routed experts: bits=2 experts_local=384 hidden=5120 intermediate_local=1152 fused_moe=exl3_moe concurrency=6 (no BF16 expert reconstruct at load)
(Worker_TP1 pid=465) INFO 09-24 23:35:18 [exl3.py:2087] EXL3 MCG trellis engaged for routed experts: bits=2 experts_local=384 hidden=5120 intermediate_local=1152 fused_moe=exl3_moe concurrency=6 (no BF16 expert reconstruct at load)
(Worker_TP1 pid=465) INFO 09-24 23:35:18 [exl3.py:2087] EXL3 MCG trellis engaged for routed experts: bits=2 experts_local=384 hidden=5120 intermediate_local=1152 fused_moe=exl3_moe concurrency=6 (no BF16 expert reconstruct at load)
(Worker_TP1 pid=465) INFO 09-24 23:35:18 [exl3.py:2087] EXL3 MCG trellis engaged for routed experts: bits=2 experts_local=384 hidden=5120 intermediate_local=1152 fused_moe=exl3_moe concurrency=6 (no BF16 expert reconstruct at load)
(Worker_TP1 pid=465) INFO 09-24 23:35:18 [exl3.py:2087] EXL3 MCG trellis engaged for routed experts: bits=2 experts_local=384 hidden=5120 intermediate_local=1152 fused_moe=exl3_moe concurrency=6 (no BF16 expert reconstruct at load)
(Worker_TP1 pid=465) INFO 09-24 23:35:18 [exl3.py:2087] EXL3 MCG trellis engaged for routed experts: bits=2 experts_local=384 hidden=5120 intermediate_local=1152 fused_moe=exl3_moe concurrency=6 (no BF16 expert reconstruct at load)
(Worker_TP1 pid=465) INFO 09-24 23:35:19 [exl3.py:2087] EXL3 MCG trellis engaged for routed experts: bits=2 experts_local=384 hidden=5120 intermediate_local=1152 fused_moe=exl3_moe concurrency=6 (no BF16 expert reconstruct at load)
(Worker_TP1 pid=465) INFO 09-24 23:35:19 [exl3.py:2087] EXL3 MCG trellis engaged for routed experts: bits=2 experts_local=384 hidden=5120 intermediate_local=1152 fused_moe=exl3_moe concurrency=6 (no BF16 expert reconstruct at load)
(Worker_TP1 pid=465) INFO 09-24 23:35:19 [exl3.py:2087] EXL3 MCG trellis engaged for routed experts: bits=2 experts_local=384 hidden=5120 intermediate_local=1152 fused_moe=exl3_moe concurrency=6 (no BF16 expert reconstruct at load)
(Worker_TP1 pid=465) INFO 09-24 23:35:19 [exl3.py:2087] EXL3 MCG trellis engaged for routed experts: bits=2 experts_local=384 hidden=5120 intermediate_local=1152 fused_moe=exl3_moe concurrency=6 (no BF16 expert reconstruct at load)
(Worker_TP1 pid=465) INFO 09-24 23:35:19 [exl3.py:2087] EXL3 MCG trellis engaged for routed experts: bits=2 experts_local=384 hidden=5120 intermediate_local=1152 fused_moe=exl3_moe concurrency=6 (no BF16 expert reconstruct at load)
(Worker_TP1 pid=465) INFO 09-24 23:35:19 [eagle3_utils.py:28] Using Eagle3 auxiliary layers from config: (37, 38, 39)
(Worker_TP1 pid=465) INFO 09-24 23:35:19 [kernel.py:373] Final IR op priority after setting platform defaults: IrOpPriorityConfig(rms_norm=['vllm_c', 'native'], fused_add_rms_norm=['vllm_c', 'native'])
(Worker_TP1 pid=465) INFO 09-24 23:35:19 [mxfp4.py:715] Using 'DEEPGEMM_MXFP4' Mxfp4 MoE backend.
(Worker_TP1 pid=465) INFO 09-24 23:35:20 [weight_utils.py:863] Filesystem type for checkpoints: EXT4. Checkpoint size: 332.92 GiB. Available RAM: 31.03 GiB.
(Worker_TP1 pid=465) INFO 09-24 23:35:20 [weight_utils.py:893] Auto-prefetch is disabled because the filesystem (EXT4) is not a recognized network FS (NFS/Lustre) and the checkpoint size (332.92 GiB) exceeds 90% of available RAM (31.03 GiB).
(Worker_TP1 pid=465) INFO 09-24 23:35:49 [dspark.py:515] DSpark draft model loaded: 97 params
(Worker_TP1 pid=465) INFO 09-24 23:35:49 [default_loader.py:430] Loading weights took 29.01 seconds
(Worker_TP1 pid=465) INFO 09-24 23:35:49 [deep_gemm.py:191] deep_gemm not found in site-packages, trying vendored vllm.third_party.deep_gemm
(Worker_TP1 pid=465) INFO 09-24 23:35:50 [deep_gemm.py:218] DeepGEMM PDL enabled on vllm.third_party.deep_gemm.
(Worker_TP1 pid=465) INFO 09-24 23:35:50 [deep_gemm.py:136] DeepGEMM E8M0 enabled on current platform.
(Worker_TP1 pid=465) INFO 09-24 23:35:51 [mxfp4.py:1973] Using MoEPrepareAndFinalizeNoDPEPModular
(Worker_TP1 pid=465) INFO 09-24 23:35:51 [mxfp4.py:1974] Using DeepGemmFP4Experts
(Worker_TP1 pid=465) WARNING 09-24 23:35:52 [speculator.py:203] Draft model DSparkDeepseekV4ForCausalLM does not support external multimodal embeddings. Embeddings from the target model will not be passed to the drafter; using text-only draft inputs instead.
(Worker_TP1 pid=465) INFO 09-24 23:36:05 [model_runner.py:408] Model loading took 75.43 GiB memory and 216.979012 seconds
(Worker_TP1 pid=465) dsv41: engram prefetch v3 armed (ngram=4 heads=8 depth=3 layers=[0, 1] mult=(2, 4) primes=(2, 3, 8) offsets=(2, 24))
(Worker_TP1 pid=465) [dsv41-drop-page-cache] dropped page cache of 48 shard files: MemFree 8.83GiB -> 38.26GiB
INFO 09-24 23:38:48 [torch_utils.py:280] Reducing Torch threads from 20 to 1 for serving. Set OMP_NUM_THREADS in the external environment to override.
(Worker_TP1 pid=465) INFO 09-24 23:38:49 [encoder_runner.py:131] Encoder cache will be initialized with a budget of 8192 tokens, and profiled with 7 image items of the maximum feature size.
(Worker_TP1 pid=465) 2026-09-24 23:39:03  [TileLang:tilelang.jit.kernel:INFO] (kernel.py:129): TileLang begins to compile kernel `mhc_pre_big_fuse_with_norm_tilelang` with `out_idx=None`
(Worker_TP1 pid=465) 2026-09-24 23:39:08  [TileLang:tilelang.jit.kernel:INFO] (kernel.py:137): TileLang completes to compile kernel `mhc_pre_big_fuse_with_norm_tilelang`
(Worker_TP1 pid=465) [wo_a-probe] wo_a.dtype=torch.bfloat16 wo_a.shape=(4096, 4096) use_fp8=False wo_b.dtype=torch.float8_e4m3fn n_groups=4
(Worker_TP1 pid=465) [woa-requant] fp8 einsum engaged: (4, 1024, 4096)
(Worker_TP1 pid=465) [woa-prepack] packed ue8m0 scale engaged: (4, 1024, 32) stride=(32768, 1, 1024) dtype=torch.int32
(Worker_TP1 pid=465) 2026-09-24 23:39:14  [TileLang:tilelang.jit.kernel:INFO] (kernel.py:129): TileLang begins to compile kernel `mhc_post_tilelang` with `out_idx=None`
(Worker_TP1 pid=465) 2026-09-24 23:39:14  [TileLang:tilelang.jit.kernel:INFO] (kernel.py:137): TileLang completes to compile kernel `mhc_post_tilelang`
(Worker_TP1 pid=465) 2026-09-24 23:39:16  [TileLang:tilelang.jit.kernel:INFO] (kernel.py:129): TileLang begins to compile kernel `mhc_pre_big_fuse_with_norm_tilelang` with `out_idx=None`
(Worker_TP1 pid=465) 2026-09-24 23:39:20  [TileLang:tilelang.jit.kernel:INFO] (kernel.py:137): TileLang completes to compile kernel `mhc_pre_big_fuse_with_norm_tilelang`
(Worker_TP1 pid=465) INFO 09-24 23:39:21 [exl3.py:1224] EXL3 fat-chunk slicing ACTIVE (tokens=8192)
(Worker_TP1 pid=465) [woa-requant] fp8 einsum engaged: (4, 1024, 4096)
(Worker_TP1 pid=465) [woa-prepack] packed ue8m0 scale engaged: (4, 1024, 32) stride=(32768, 1, 1024) dtype=torch.int32
(Worker_TP1 pid=465) [woa-requant] fp8 einsum engaged: (4, 1024, 4096)
(Worker_TP1 pid=465) [woa-prepack] packed ue8m0 scale engaged: (4, 1024, 32) stride=(32768, 1, 1024) dtype=torch.int32
(Worker_TP1 pid=465) [woa-requant] fp8 einsum engaged: (4, 1024, 4096)
(Worker_TP1 pid=465) [woa-prepack] packed ue8m0 scale engaged: (4, 1024, 32) stride=(32768, 1, 1024) dtype=torch.int32
(Worker_TP1 pid=465) [woa-requant] fp8 einsum engaged: (4, 1024, 4096)
(Worker_TP1 pid=465) [woa-prepack] packed ue8m0 scale engaged: (4, 1024, 32) stride=(32768, 1, 1024) dtype=torch.int32
(Worker_TP1 pid=465) [woa-requant] fp8 einsum engaged: (4, 1024, 4096)
(Worker_TP1 pid=465) [woa-prepack] packed ue8m0 scale engaged: (4, 1024, 32) stride=(32768, 1, 1024) dtype=torch.int32
(Worker_TP1 pid=465) [woa-requant] fp8 einsum engaged: (4, 1024, 4096)
(Worker_TP1 pid=465) [woa-prepack] packed ue8m0 scale engaged: (4, 1024, 32) stride=(32768, 1, 1024) dtype=torch.int32
(Worker_TP1 pid=465) [woa-requant] fp8 einsum engaged: (4, 1024, 4096)
(Worker_TP1 pid=465) [woa-prepack] packed ue8m0 scale engaged: (4, 1024, 32) stride=(32768, 1, 1024) dtype=torch.int32
(Worker_TP1 pid=465) [woa-requant] fp8 einsum engaged: (4, 1024, 4096)
(Worker_TP1 pid=465) [woa-prepack] packed ue8m0 scale engaged: (4, 1024, 32) stride=(32768, 1, 1024) dtype=torch.int32
(Worker_TP1 pid=465) [woa-requant] fp8 einsum engaged: (4, 1024, 4096)
(Worker_TP1 pid=465) [woa-prepack] packed ue8m0 scale engaged: (4, 1024, 32) stride=(32768, 1, 1024) dtype=torch.int32
(Worker_TP1 pid=465) [woa-requant] fp8 einsum engaged: (4, 1024, 4096)
(Worker_TP1 pid=465) [woa-prepack] packed ue8m0 scale engaged: (4, 1024, 32) stride=(32768, 1, 1024) dtype=torch.int32
(Worker_TP1 pid=465) [woa-requant] fp8 einsum engaged: (4, 1024, 4096)
(Worker_TP1 pid=465) [woa-prepack] packed ue8m0 scale engaged: (4, 1024, 32) stride=(32768, 1, 1024) dtype=torch.int32
(Worker_TP1 pid=465) [woa-requant] fp8 einsum engaged: (4, 1024, 4096)
(Worker_TP1 pid=465) [woa-prepack] packed ue8m0 scale engaged: (4, 1024, 32) stride=(32768, 1, 1024) dtype=torch.int32
(Worker_TP1 pid=465) [woa-requant] fp8 einsum engaged: (4, 1024, 4096)
(Worker_TP1 pid=465) [woa-prepack] packed ue8m0 scale engaged: (4, 1024, 32) stride=(32768, 1, 1024) dtype=torch.int32
(Worker_TP1 pid=465) [woa-requant] fp8 einsum engaged: (4, 1024, 4096)
(Worker_TP1 pid=465) [woa-prepack] packed ue8m0 scale engaged: (4, 1024, 32) stride=(32768, 1, 1024) dtype=torch.int32
(Worker_TP1 pid=465) [woa-requant] fp8 einsum engaged: (4, 1024, 4096)
(Worker_TP1 pid=465) [woa-prepack] packed ue8m0 scale engaged: (4, 1024, 32) stride=(32768, 1, 1024) dtype=torch.int32
(Worker_TP1 pid=465) [woa-requant] fp8 einsum engaged: (4, 1024, 4096)
(Worker_TP1 pid=465) [woa-prepack] packed ue8m0 scale engaged: (4, 1024, 32) stride=(32768, 1, 1024) dtype=torch.int32
(Worker_TP1 pid=465) [woa-requant] fp8 einsum engaged: (4, 1024, 4096)
(Worker_TP1 pid=465) [woa-prepack] packed ue8m0 scale engaged: (4, 1024, 32) stride=(32768, 1, 1024) dtype=torch.int32
(Worker_TP1 pid=465) [woa-requant] fp8 einsum engaged: (4, 1024, 4096)
(Worker_TP1 pid=465) [woa-prepack] packed ue8m0 scale engaged: (4, 1024, 32) stride=(32768, 1, 1024) dtype=torch.int32
(Worker_TP1 pid=465) [woa-requant] fp8 einsum engaged: (4, 1024, 4096)
(Worker_TP1 pid=465) [woa-prepack] packed ue8m0 scale engaged: (4, 1024, 32) stride=(32768, 1, 1024) dtype=torch.int32
(Worker_TP1 pid=465) [woa-requant] fp8 einsum engaged: (4, 1024, 4096)
(Worker_TP1 pid=465) [woa-prepack] packed ue8m0 scale engaged: (4, 1024, 32) stride=(32768, 1, 1024) dtype=torch.int32
(Worker_TP1 pid=465) [woa-requant] fp8 einsum engaged: (4, 1024, 4096)
(Worker_TP1 pid=465) [woa-prepack] packed ue8m0 scale engaged: (4, 1024, 32) stride=(32768, 1, 1024) dtype=torch.int32
(Worker_TP1 pid=465) [woa-requant] fp8 einsum engaged: (4, 1024, 4096)
(Worker_TP1 pid=465) [woa-prepack] packed ue8m0 scale engaged: (4, 1024, 32) stride=(32768, 1, 1024) dtype=torch.int32
(Worker_TP1 pid=465) [woa-requant] fp8 einsum engaged: (4, 1024, 4096)
(Worker_TP1 pid=465) [woa-prepack] packed ue8m0 scale engaged: (4, 1024, 32) stride=(32768, 1, 1024) dtype=torch.int32
(Worker_TP1 pid=465) [woa-requant] fp8 einsum engaged: (4, 1024, 4096)
(Worker_TP1 pid=465) [woa-prepack] packed ue8m0 scale engaged: (4, 1024, 32) stride=(32768, 1, 1024) dtype=torch.int32
(Worker_TP1 pid=465) [woa-requant] fp8 einsum engaged: (4, 1024, 4096)
(Worker_TP1 pid=465) [woa-prepack] packed ue8m0 scale engaged: (4, 1024, 32) stride=(32768, 1, 1024) dtype=torch.int32
(Worker_TP1 pid=465) [woa-requant] fp8 einsum engaged: (4, 1024, 4096)
(Worker_TP1 pid=465) [woa-prepack] packed ue8m0 scale engaged: (4, 1024, 32) stride=(32768, 1, 1024) dtype=torch.int32
(Worker_TP1 pid=465) [woa-requant] fp8 einsum engaged: (4, 1024, 4096)
(Worker_TP1 pid=465) [woa-prepack] packed ue8m0 scale engaged: (4, 1024, 32) stride=(32768, 1, 1024) dtype=torch.int32
(Worker_TP1 pid=465) [woa-requant] fp8 einsum engaged: (4, 1024, 4096)
(Worker_TP1 pid=465) [woa-prepack] packed ue8m0 scale engaged: (4, 1024, 32) stride=(32768, 1, 1024) dtype=torch.int32
(Worker_TP1 pid=465) [woa-requant] fp8 einsum engaged: (4, 1024, 4096)
(Worker_TP1 pid=465) [woa-prepack] packed ue8m0 scale engaged: (4, 1024, 32) stride=(32768, 1, 1024) dtype=torch.int32
(Worker_TP1 pid=465) [woa-requant] fp8 einsum engaged: (4, 1024, 4096)
(Worker_TP1 pid=465) [woa-prepack] packed ue8m0 scale engaged: (4, 1024, 32) stride=(32768, 1, 1024) dtype=torch.int32
(Worker_TP1 pid=465) [woa-requant] fp8 einsum engaged: (4, 1024, 4096)
(Worker_TP1 pid=465) [woa-prepack] packed ue8m0 scale engaged: (4, 1024, 32) stride=(32768, 1, 1024) dtype=torch.int32
(Worker_TP1 pid=465) [woa-requant] fp8 einsum engaged: (4, 1024, 4096)
(Worker_TP1 pid=465) [woa-prepack] packed ue8m0 scale engaged: (4, 1024, 32) stride=(32768, 1, 1024) dtype=torch.int32
(Worker_TP1 pid=465) [woa-requant] fp8 einsum engaged: (4, 1024, 4096)
(Worker_TP1 pid=465) [woa-prepack] packed ue8m0 scale engaged: (4, 1024, 32) stride=(32768, 1, 1024) dtype=torch.int32
(Worker_TP1 pid=465) [woa-requant] fp8 einsum engaged: (4, 1024, 4096)
(Worker_TP1 pid=465) [woa-prepack] packed ue8m0 scale engaged: (4, 1024, 32) stride=(32768, 1, 1024) dtype=torch.int32
(Worker_TP1 pid=465) [woa-requant] fp8 einsum engaged: (4, 1024, 4096)
(Worker_TP1 pid=465) [woa-prepack] packed ue8m0 scale engaged: (4, 1024, 32) stride=(32768, 1, 1024) dtype=torch.int32
(Worker_TP1 pid=465) [woa-requant] fp8 einsum engaged: (4, 1024, 4096)
(Worker_TP1 pid=465) [woa-prepack] packed ue8m0 scale engaged: (4, 1024, 32) stride=(32768, 1, 1024) dtype=torch.int32
(Worker_TP1 pid=465) [woa-requant] fp8 einsum engaged: (4, 1024, 4096)
(Worker_TP1 pid=465) [woa-prepack] packed ue8m0 scale engaged: (4, 1024, 32) stride=(32768, 1, 1024) dtype=torch.int32
(Worker_TP1 pid=465) [woa-requant] fp8 einsum engaged: (4, 1024, 4096)
(Worker_TP1 pid=465) [woa-prepack] packed ue8m0 scale engaged: (4, 1024, 32) stride=(32768, 1, 1024) dtype=torch.int32
(Worker_TP1 pid=465) [woa-requant] fp8 einsum engaged: (4, 1024, 4096)
(Worker_TP1 pid=465) [woa-prepack] packed ue8m0 scale engaged: (4, 1024, 32) stride=(32768, 1, 1024) dtype=torch.int32
(Worker_TP1 pid=465) 2026-09-24 23:39:30  [TileLang:tilelang.jit.kernel:INFO] (kernel.py:129): TileLang begins to compile kernel `mhc_pre_big_fuse_with_norm_tilelang` with `out_idx=None`
(Worker_TP1 pid=465) 2026-09-24 23:39:35  [TileLang:tilelang.jit.kernel:INFO] (kernel.py:137): TileLang completes to compile kernel `mhc_pre_big_fuse_with_norm_tilelang`
(Worker_TP1 pid=465) [woa-requant] fp8 einsum engaged: (4, 1024, 4096)
(Worker_TP1 pid=465) [woa-prepack] packed ue8m0 scale engaged: (4, 1024, 32) stride=(32768, 1, 1024) dtype=torch.int32
(Worker_TP1 pid=465) 2026-09-24 23:39:38  [TileLang:tilelang.jit.kernel:INFO] (kernel.py:129): TileLang begins to compile kernel `mhc_pre_big_fuse_with_norm_tilelang` with `out_idx=None`
(Worker_TP1 pid=465) 2026-09-24 23:39:43  [TileLang:tilelang.jit.kernel:INFO] (kernel.py:137): TileLang completes to compile kernel `mhc_pre_big_fuse_with_norm_tilelang`
(Worker_TP1 pid=465) [woa-requant] fp8 einsum engaged: (4, 1024, 4096)
(Worker_TP1 pid=465) [woa-prepack] packed ue8m0 scale engaged: (4, 1024, 32) stride=(32768, 1, 1024) dtype=torch.int32
(Worker_TP1 pid=465) [woa-requant] fp8 einsum engaged: (4, 1024, 4096)
(Worker_TP1 pid=465) [woa-prepack] packed ue8m0 scale engaged: (4, 1024, 32) stride=(32768, 1, 1024) dtype=torch.int32
(Worker_TP1 pid=465) INFO 09-24 23:39:46 [gpu_worker.py:551] Initial free memory 113.7 GiB, reserved 8.0 GiB memory for KV Cache as specified by kv_cache_memory_bytes config and skipped memory profiling. This does not respect the gpu_memory_utilization config. Only use kv_cache_memory_bytes config when you want manual control of KV cache memory size. If OOM'ed, check the difference of initial free memory between the current run and the previous run where kv_cache_memory_bytes is suggested and update it correspondingly.
(Worker_TP1 pid=465) INFO 09-24 23:39:47 [indexer.py:741] DSA indexer decode path: use_flattening=False supports_varlen=False (next_n=4, use_fp4_cache=False)
(Worker_TP1 pid=465) [dsv41-drop-page-cache] dropped page cache of 48 shard files: MemFree 25.91GiB -> 25.91GiB
(Worker_TP1 pid=465) INFO 09-24 23:39:48 [breakable_cudagraph.py:290] Breakable CUDA graph enabled
(Worker_TP1 pid=465) 2026-09-24 23:39:50  [TileLang:tilelang.jit.kernel:INFO] (kernel.py:129): TileLang begins to compile kernel `mhc_pre_big_fuse_with_norm_tilelang` with `out_idx=None`
(Worker_TP1 pid=465) 2026-09-24 23:39:54  [TileLang:tilelang.jit.kernel:INFO] (kernel.py:137): TileLang completes to compile kernel `mhc_pre_big_fuse_with_norm_tilelang`
(Worker_TP1 pid=465) INFO 09-24 23:40:00 [speculator.py:141] Capturing model for DSpark speculator...
(Worker_TP1 pid=465) INFO 09-24 23:40:01 [model_runner.py:974] Graph capturing finished in 13 secs, took 0.90 GiB
(Worker_TP1 pid=465) dsv41: engram gather v2 self-check bit-exact (r=120)
(Worker_TP1 pid=465) dsv41: engram fast stage self-check bit-exact (2 tables, n=10)
(Worker_TP1 pid=465) INFO 09-24 23:40:09 [jit_monitor.py:85] Kernel JIT monitor activated; monitored JIT compilations during inference will use mode=warn.
(Worker_TP1 pid=465) INFO 09-24 23:40:10 [torch_utils.py:280] Reducing Torch threads from 20 to 1 for serving. Set OMP_NUM_THREADS in the external environment to override.
dsv41-patch skip mhc_no_deepgemm: DSV41_MHC_NO_DEEPGEMM is not 1
dsv41-patch ok decode_levers
[W924 23:32:00.671735493 socket.cpp:207] [c10d] The hostname of the client socket cannot be retrieved. err=-3
[23:39:14] : Warning: T.vectorized loop over `i_hci` with extent 4 is lowered as a serial loop because TileLang could not find a valid vectorization plan. Scalar accumulator updates inside the loop are a common cause; move reductions to T.unroll or T.serial if this is intended.
(Worker_TP1 pid=465) WARNING 09-24 23:40:42 [jit_monitor.py:141] Triton kernel JIT compilation during inference: ComputePrefillMetadataKernel.kernel. This causes a latency spike; consider extending warmup to cover this shape/config.
(Worker_TP1 pid=465) WARNING 09-24 23:40:44 [jit_monitor.py:141] Triton kernel JIT compilation during inference: _prepare_dflash_inputs_kernel. This causes a latency spike; consider extending warmup to cover this shape/config.
(Worker_TP1 pid=465) WARNING 09-24 23:40:44 [jit_monitor.py:141] Triton kernel JIT compilation during inference: _compute_local_logits_stats_kernel. This causes a latency spike; consider extending warmup to cover this shape/config.
(Worker_TP1 pid=465) WARNING 09-24 23:40:44 [jit_monitor.py:141] Triton kernel JIT compilation during inference: _rejection_kernel. This causes a latency spike; consider extending warmup to cover this shape/config.
(Worker_TP1 pid=465) WARNING 09-24 23:40:44 [jit_monitor.py:141] Triton kernel JIT compilation during inference: _resample_kernel. This causes a latency spike; consider extending warmup to cover this shape/config.
(Worker_TP1 pid=465) WARNING 09-24 23:40:46 [jit_monitor.py:141] Triton kernel JIT compilation during inference: _gumbel_sample_kernel. This causes a latency spike; consider extending warmup to cover this shape/config.
(Worker_TP1 pid=465) [gv2-census] calls=32 rows/call=90 runs/call=157.5 preads/call=157.5 read=27.967ms fadv/call=0.0 pf_hit=59%(28)
(Worker_TP1 pid=465) WARNING 09-24 23:40:47 [jit_monitor.py:141] CuTeDSL JIT compilation during inference: MXFP8QuantizeSwizzledKernel. This causes a latency spike; consider extending warmup to cover this shape/config.
(Worker_TP1 pid=465) INFO 09-24 23:40:49 [exl3.py:1224] EXL3 fat-chunk slicing ACTIVE (tokens=3976)
(Worker_TP1 pid=465) WARNING 09-24 23:40:50 [jit_monitor.py:141] Triton kernel JIT compilation during inference: _block_scores_kernel. This causes a latency spike; consider extending warmup to cover this shape/config.
(Worker_TP1 pid=465) WARNING 09-24 23:40:51 [jit_monitor.py:141] Triton kernel JIT compilation during inference: _candidate_flags_kernel. This causes a latency spike; consider extending warmup to cover this shape/config.
(Worker_TP1 pid=465) WARNING 09-24 23:40:51 [jit_monitor.py:141] Triton kernel JIT compilation during inference: _mask_candidates_kernel. This causes a latency spike; consider extending warmup to cover this shape/config.
(Worker_TP1 pid=465) WARNING 09-24 23:41:29 [jit_monitor.py:141] Triton kernel JIT compilation during inference: BuildPrefillChunkMetadataKernel.kernel. This causes a latency spike; consider extending warmup to cover this shape/config.
(Worker_TP1 pid=465) WARNING 09-24 23:41:29 [jit_monitor.py:141] Triton kernel JIT compilation during inference: _ring_slot_mapping_kernel. This causes a latency spike; consider extending warmup to cover this shape/config.
(Worker_TP1 pid=465) [gv2-census] calls=32 rows/call=3226 runs/call=5485.3 preads/call=5485.3 read=53.367ms fadv/call=4972.5 pf_hit=62%(28)
(Worker_TP1 pid=465) [gv2-census] calls=32 rows/call=48 runs/call=96.0 preads/call=96.0 read=1.118ms fadv/call=0.0 pf_hit=100%(32)
(Worker_TP1 pid=465) [gv2-census] calls=32 rows/call=48 runs/call=96.0 preads/call=96.0 read=0.630ms fadv/call=0.0 pf_hit=100%(32)
(Worker_TP1 pid=465) [gv2-census] calls=32 rows/call=48 runs/call=96.0 preads/call=96.0 read=0.550ms fadv/call=0.0 pf_hit=100%(32)
(Worker_TP1 pid=465) [gv2-census] calls=32 rows/call=48 runs/call=96.0 preads/call=96.0 read=0.487ms fadv/call=0.0 pf_hit=100%(32)
(Worker_TP1 pid=465) [gv2-census] calls=32 rows/call=48 runs/call=96.0 preads/call=96.0 read=0.732ms fadv/call=0.0 pf_hit=100%(32)
(Worker_TP1 pid=465) [gv2-census] calls=32 rows/call=48 runs/call=96.0 preads/call=96.0 read=0.628ms fadv/call=0.0 pf_hit=100%(32)
(Worker_TP1 pid=465) [gv2-census] calls=32 rows/call=48 runs/call=96.0 preads/call=96.0 read=0.642ms fadv/call=0.0 pf_hit=100%(32)
(Worker_TP1 pid=465) [gv2-census] calls=32 rows/call=48 runs/call=96.0 preads/call=96.0 read=0.616ms fadv/call=0.0 pf_hit=100%(32)
(Worker_TP1 pid=465) [gv2-census] calls=32 rows/call=48 runs/call=96.0 preads/call=96.0 read=1.237ms fadv/call=0.0 pf_hit=100%(32)
(Worker_TP1 pid=465) [gv2-census] calls=32 rows/call=48 runs/call=96.0 preads/call=96.0 read=0.485ms fadv/call=0.0 pf_hit=100%(32)
(Worker_TP1 pid=465) [gv2-census] calls=32 rows/call=48 runs/call=96.0 preads/call=96.0 read=0.577ms fadv/call=0.0 pf_hit=100%(32)
(Worker_TP1 pid=465) [gv2-census] calls=32 rows/call=48 runs/call=96.0 preads/call=96.0 read=0.614ms fadv/call=0.0 pf_hit=100%(32)
(Worker_TP1 pid=465) [gv2-census] calls=32 rows/call=48 runs/call=96.0 preads/call=96.0 read=0.758ms fadv/call=0.0 pf_hit=100%(32)
(Worker_TP1 pid=465) [gv2-census] calls=32 rows/call=90 runs/call=181.5 preads/call=181.5 read=1.814ms fadv/call=91.3 pf_hit=94%(32)
(Worker_TP1 pid=465) [gv2-census] calls=32 rows/call=48 runs/call=96.0 preads/call=96.0 read=1.305ms fadv/call=0.0 pf_hit=96%(32)
(Worker_TP1 pid=465) [gv2-census] calls=32 rows/call=48 runs/call=96.0 preads/call=96.0 read=0.784ms fadv/call=0.0 pf_hit=100%(32)
(Worker_TP1 pid=465) [gv2-census] calls=32 rows/call=48 runs/call=96.0 preads/call=96.0 read=0.946ms fadv/call=0.0 pf_hit=100%(32)
(Worker_TP1 pid=465) [gv2-census] calls=32 rows/call=48 runs/call=96.0 preads/call=96.0 read=0.987ms fadv/call=0.0 pf_hit=100%(32)
(Worker_TP1 pid=465) [gv2-census] calls=32 rows/call=48 runs/call=96.0 preads/call=96.0 read=0.801ms fadv/call=0.0 pf_hit=100%(32)
(Worker_TP1 pid=465) [gv2-census] calls=32 rows/call=48 runs/call=96.0 preads/call=96.0 read=0.750ms fadv/call=0.0 pf_hit=100%(32)
(Worker_TP1 pid=465) [gv2-census] calls=32 rows/call=48 runs/call=96.0 preads/call=96.0 read=0.713ms fadv/call=0.0 pf_hit=100%(32)
(Worker_TP1 pid=465) [gv2-census] calls=32 rows/call=48 runs/call=96.0 preads/call=96.0 read=0.805ms fadv/call=0.0 pf_hit=100%(32)
(Worker_TP1 pid=465) [gv2-census] calls=32 rows/call=48 runs/call=96.0 preads/call=96.0 read=0.836ms fadv/call=0.0 pf_hit=100%(32)
(Worker_TP1 pid=465) [gv2-census] calls=32 rows/call=48 runs/call=96.0 preads/call=96.0 read=0.841ms fadv/call=0.0 pf_hit=100%(32)
(Worker_TP1 pid=465) [gv2-census] calls=32 rows/call=48 runs/call=96.0 preads/call=96.0 read=0.772ms fadv/call=0.0 pf_hit=100%(32)
(Worker_TP1 pid=465) [gv2-census] calls=32 rows/call=48 runs/call=96.0 preads/call=96.0 read=0.648ms fadv/call=0.0 pf_hit=100%(32)
(Worker_TP1 pid=465) [gv2-census] calls=32 rows/call=48 runs/call=96.0 preads/call=96.0 read=0.692ms fadv/call=0.0 pf_hit=100%(32)
(Worker_TP1 pid=465) [gv2-census] calls=32 rows/call=48 runs/call=96.0 preads/call=96.0 read=0.617ms fadv/call=0.0 pf_hit=100%(32)
(Worker_TP1 pid=465) [gv2-census] calls=32 rows/call=48 runs/call=96.0 preads/call=96.0 read=1.307ms fadv/call=0.0 pf_hit=100%(32)
(Worker_TP1 pid=465) [gv2-census] calls=32 rows/call=90 runs/call=181.5 preads/call=181.5 read=1.927ms fadv/call=91.3 pf_hit=90%(32)
(Worker_TP1 pid=465) [gv2-census] calls=32 rows/call=48 runs/call=96.0 preads/call=96.0 read=2.305ms fadv/call=0.0 pf_hit=100%(32)
(Worker_TP1 pid=465) [gv2-census] calls=32 rows/call=48 runs/call=96.0 preads/call=96.0 read=0.690ms fadv/call=0.0 pf_hit=100%(32)
(Worker_TP1 pid=465) [gv2-census] calls=32 rows/call=48 runs/call=96.0 preads/call=96.0 read=0.710ms fadv/call=0.0 pf_hit=100%(32)
(Worker_TP1 pid=465) [gv2-census] calls=32 rows/call=48 runs/call=96.0 preads/call=96.0 read=1.281ms fadv/call=0.0 pf_hit=100%(32)
(Worker_TP1 pid=465) [gv2-census] calls=32 rows/call=48 runs/call=96.0 preads/call=96.0 read=1.204ms fadv/call=0.0 pf_hit=100%(32)
(Worker_TP1 pid=465) [gv2-census] calls=32 rows/call=48 runs/call=96.0 preads/call=96.0 read=0.691ms fadv/call=0.0 pf_hit=100%(32)
(Worker_TP1 pid=465) [gv2-census] calls=32 rows/call=48 runs/call=96.0 preads/call=96.0 read=0.689ms fadv/call=0.0 pf_hit=100%(32)
(Worker_TP1 pid=465) [gv2-census] calls=32 rows/call=48 runs/call=96.0 preads/call=96.0 read=0.637ms fadv/call=0.0 pf_hit=100%(32)
(Worker_TP1 pid=465) [gv2-census] calls=32 rows/call=48 runs/call=96.0 preads/call=96.0 read=0.677ms fadv/call=0.0 pf_hit=100%(32)
(Worker_TP1 pid=465) [gv2-census] calls=32 rows/call=48 runs/call=96.0 preads/call=96.0 read=0.775ms fadv/call=0.0 pf_hit=100%(32)
(Worker_TP1 pid=465) [gv2-census] calls=32 rows/call=48 runs/call=96.0 preads/call=96.0 read=0.844ms fadv/call=0.0 pf_hit=100%(32)
(Worker_TP1 pid=465) [gv2-census] calls=32 rows/call=48 runs/call=96.0 preads/call=96.0 read=0.739ms fadv/call=0.0 pf_hit=100%(32)
(Worker_TP1 pid=465) [gv2-census] calls=32 rows/call=48 runs/call=96.0 preads/call=96.0 read=0.596ms fadv/call=0.0 pf_hit=100%(32)
(Worker_TP1 pid=465) [gv2-census] calls=32 rows/call=48 runs/call=96.0 preads/call=96.0 read=2.260ms fadv/call=0.0 pf_hit=100%(32)
(Worker_TP1 pid=465) [gv2-census] calls=32 rows/call=90 runs/call=181.5 preads/call=181.5 read=1.947ms fadv/call=91.3 pf_hit=90%(32)
(Worker_TP1 pid=465) [gv2-census] calls=32 rows/call=48 runs/call=96.0 preads/call=96.0 read=1.277ms fadv/call=0.0 pf_hit=100%(32)
(Worker_TP1 pid=465) [gv2-census] calls=32 rows/call=48 runs/call=96.0 preads/call=96.0 read=0.751ms fadv/call=0.0 pf_hit=100%(32)
(Worker_TP1 pid=465) [gv2-census] calls=32 rows/call=48 runs/call=96.0 preads/call=96.0 read=1.098ms fadv/call=0.0 pf_hit=100%(32)
(Worker_TP1 pid=465) [gv2-census] calls=32 rows/call=48 runs/call=96.0 preads/call=96.0 read=1.812ms fadv/call=0.0 pf_hit=100%(32)
(Worker_TP1 pid=465) [gv2-census] calls=32 rows/call=48 runs/call=96.0 preads/call=96.0 read=0.772ms fadv/call=0.0 pf_hit=100%(32)
(Worker_TP1 pid=465) [gv2-census] calls=32 rows/call=48 runs/call=96.0 preads/call=96.0 read=0.654ms fadv/call=0.0 pf_hit=100%(32)
(Worker_TP1 pid=465) [gv2-census] calls=32 rows/call=48 runs/call=96.0 preads/call=96.0 read=0.684ms fadv/call=0.0 pf_hit=100%(32)
(Worker_TP1 pid=465) [gv2-census] calls=32 rows/call=48 runs/call=96.0 preads/call=96.0 read=0.683ms fadv/call=0.0 pf_hit=100%(32)
(Worker_TP1 pid=465) [gv2-census] calls=32 rows/call=48 runs/call=96.0 preads/call=96.0 read=0.719ms fadv/call=0.0 pf_hit=100%(32)
(Worker_TP1 pid=465) [gv2-census] calls=32 rows/call=48 runs/call=96.0 preads/call=96.0 read=0.678ms fadv/call=0.0 pf_hit=100%(32)
(Worker_TP1 pid=465) [gv2-census] calls=32 rows/call=48 runs/call=96.0 preads/call=96.0 read=0.793ms fadv/call=0.0 pf_hit=100%(32)
(Worker_TP1 pid=465) [gv2-census] calls=32 rows/call=48 runs/call=96.0 preads/call=96.0 read=0.708ms fadv/call=0.0 pf_hit=100%(32)
(Worker_TP1 pid=465) [gv2-census] calls=32 rows/call=48 runs/call=96.0 preads/call=96.0 read=0.681ms fadv/call=0.0 pf_hit=100%(32)
(Worker_TP1 pid=465) [gv2-census] calls=32 rows/call=48 runs/call=96.0 preads/call=96.0 read=0.732ms fadv/call=0.0 pf_hit=100%(32)
(Worker_TP1 pid=465) [gv2-census] calls=32 rows/call=90 runs/call=181.5 preads/call=181.5 read=2.484ms fadv/call=91.3 pf_hit=90%(32)
(Worker_TP1 pid=465) [gv2-census] calls=32 rows/call=48 runs/call=96.0 preads/call=96.0 read=2.257ms fadv/call=0.0 pf_hit=100%(32)
(Worker_TP1 pid=465) [gv2-census] calls=32 rows/call=48 runs/call=96.0 preads/call=96.0 read=1.789ms fadv/call=0.0 pf_hit=100%(32)
(Worker_TP1 pid=465) [gv2-census] calls=32 rows/call=48 runs/call=96.0 preads/call=96.0 read=0.592ms fadv/call=0.0 pf_hit=100%(32)
(Worker_TP1 pid=465) [gv2-census] calls=32 rows/call=48 runs/call=96.0 preads/call=96.0 read=0.733ms fadv/call=0.0 pf_hit=100%(32)
(Worker_TP1 pid=465) [gv2-census] calls=32 rows/call=48 runs/call=96.0 preads/call=96.0 read=0.631ms fadv/call=0.0 pf_hit=100%(32)
(Worker_TP1 pid=465) [gv2-census] calls=32 rows/call=48 runs/call=96.0 preads/call=96.0 read=1.352ms fadv/call=0.0 pf_hit=100%(32)
(Worker_TP1 pid=465) [gv2-census] calls=32 rows/call=48 runs/call=96.0 preads/call=96.0 read=0.809ms fadv/call=0.0 pf_hit=100%(32)
(Worker_TP1 pid=465) [gv2-census] calls=32 rows/call=48 runs/call=96.0 preads/call=96.0 read=0.765ms fadv/call=0.0 pf_hit=100%(32)
(Worker_TP1 pid=465) [gv2-census] calls=32 rows/call=48 runs/call=96.0 preads/call=96.0 read=0.597ms fadv/call=0.0 pf_hit=100%(32)
(Worker_TP1 pid=465) [gv2-census] calls=32 rows/call=48 runs/call=96.0 preads/call=96.0 read=0.871ms fadv/call=0.0 pf_hit=100%(32)
(Worker_TP1 pid=465) [gv2-census] calls=32 rows/call=48 runs/call=96.0 preads/call=96.0 read=0.701ms fadv/call=0.0 pf_hit=100%(32)
(Worker_TP1 pid=465) [gv2-census] calls=32 rows/call=48 runs/call=96.0 preads/call=96.0 read=0.823ms fadv/call=0.0 pf_hit=100%(32)
(Worker_TP1 pid=465) [gv2-census] calls=32 rows/call=48 runs/call=96.0 preads/call=96.0 read=0.765ms fadv/call=0.0 pf_hit=100%(32)
(Worker_TP1 pid=465) [gv2-census] calls=32 rows/call=90 runs/call=181.5 preads/call=181.5 read=1.650ms fadv/call=91.3 pf_hit=90%(32)
(Worker_TP1 pid=465) [gv2-census] calls=32 rows/call=48 runs/call=96.0 preads/call=96.0 read=2.797ms fadv/call=0.0 pf_hit=100%(32)
(Worker_TP1 pid=465) [gv2-census] calls=32 rows/call=48 runs/call=96.0 preads/call=96.0 read=1.915ms fadv/call=0.0 pf_hit=100%(32)
(Worker_TP1 pid=465) [gv2-census] calls=32 rows/call=48 runs/call=96.0 preads/call=96.0 read=1.319ms fadv/call=0.0 pf_hit=100%(32)
(Worker_TP1 pid=465) [gv2-census] calls=32 rows/call=48 runs/call=96.0 preads/call=96.0 read=0.822ms fadv/call=0.0 pf_hit=100%(32)
(Worker_TP1 pid=465) [gv2-census] calls=32 rows/call=48 runs/call=96.0 preads/call=96.0 read=0.843ms fadv/call=0.0 pf_hit=100%(32)
(Worker_TP1 pid=465) [gv2-census] calls=32 rows/call=48 runs/call=96.0 preads/call=96.0 read=0.851ms fadv/call=0.0 pf_hit=100%(32)
(Worker_TP1 pid=465) [gv2-census] calls=32 rows/call=48 runs/call=96.0 preads/call=96.0 read=0.746ms fadv/call=0.0 pf_hit=100%(32)
(Worker_TP1 pid=465) [gv2-census] calls=32 rows/call=48 runs/call=96.0 preads/call=96.0 read=0.748ms fadv/call=0.0 pf_hit=100%(32)
(Worker_TP1 pid=465) [gv2-census] calls=32 rows/call=48 runs/call=96.0 preads/call=96.0 read=0.828ms fadv/call=0.0 pf_hit=100%(32)
(Worker_TP1 pid=465) [gv2-census] calls=32 rows/call=48 runs/call=96.0 preads/call=96.0 read=0.807ms fadv/call=0.0 pf_hit=100%(32)
(Worker_TP1 pid=465) [gv2-census] calls=32 rows/call=48 runs/call=96.0 preads/call=96.0 read=0.762ms fadv/call=0.0 pf_hit=100%(32)
(Worker_TP1 pid=465) [gv2-census] calls=32 rows/call=48 runs/call=96.0 preads/call=96.0 read=0.730ms fadv/call=0.0 pf_hit=100%(32)
(Worker_TP1 pid=465) [gv2-census] calls=32 rows/call=48 runs/call=96.0 preads/call=96.0 read=0.699ms fadv/call=0.0 pf_hit=100%(32)
(Worker_TP1 pid=465) [gv2-census] calls=32 rows/call=48 runs/call=96.0 preads/call=96.0 read=0.855ms fadv/call=0.0 pf_hit=100%(32)
(Worker_TP1 pid=465) [gv2-census] calls=32 rows/call=90 runs/call=181.5 preads/call=181.5 read=2.714ms fadv/call=91.3 pf_hit=90%(32)
(Worker_TP1 pid=465) [gv2-census] calls=32 rows/call=48 runs/call=96.0 preads/call=96.0 read=1.229ms fadv/call=0.0 pf_hit=100%(32)
(Worker_TP1 pid=465) [gv2-census] calls=32 rows/call=48 runs/call=96.0 preads/call=96.0 read=0.616ms fadv/call=0.0 pf_hit=100%(32)
(Worker_TP1 pid=465) [gv2-census] calls=32 rows/call=48 runs/call=96.0 preads/call=96.0 read=0.831ms fadv/call=0.0 pf_hit=100%(32)
(Worker_TP1 pid=465) [gv2-census] calls=32 rows/call=48 runs/call=96.0 preads/call=96.0 read=0.714ms fadv/call=0.0 pf_hit=100%(32)
(Worker_TP1 pid=465) [gv2-census] calls=32 rows/call=48 runs/call=96.0 preads/call=96.0 read=1.402ms fadv/call=0.0 pf_hit=100%(32)
(Worker_TP1 pid=465) [gv2-census] calls=32 rows/call=48 runs/call=96.0 preads/call=96.0 read=0.871ms fadv/call=0.0 pf_hit=100%(32)
(Worker_TP1 pid=465) [gv2-census] calls=32 rows/call=48 runs/call=96.0 preads/call=96.0 read=1.255ms fadv/call=0.0 pf_hit=100%(32)
(Worker_TP1 pid=465) [gv2-census] calls=32 rows/call=48 runs/call=96.0 preads/call=96.0 read=0.769ms fadv/call=0.0 pf_hit=100%(32)
(Worker_TP1 pid=465) [gv2-census] calls=32 rows/call=48 runs/call=96.0 preads/call=96.0 read=1.436ms fadv/call=0.0 pf_hit=100%(32)
(Worker_TP1 pid=465) [gv2-census] calls=32 rows/call=48 runs/call=96.0 preads/call=96.0 read=0.717ms fadv/call=0.0 pf_hit=100%(32)
(Worker_TP1 pid=465) [gv2-census] calls=32 rows/call=48 runs/call=96.0 preads/call=96.0 read=0.764ms fadv/call=0.0 pf_hit=100%(32)
(Worker_TP1 pid=465) [gv2-census] calls=32 rows/call=48 runs/call=96.0 preads/call=96.0 read=0.845ms fadv/call=0.0 pf_hit=100%(32)
(Worker_TP1 pid=465) [gv2-census] calls=32 rows/call=48 runs/call=96.0 preads/call=96.0 read=0.761ms fadv/call=0.0 pf_hit=100%(32)
(Worker_TP1 pid=465) [gv2-census] calls=32 rows/call=48 runs/call=96.0 preads/call=96.0 read=0.634ms fadv/call=0.0 pf_hit=100%(32)
(Worker_TP1 pid=465) [gv2-census] calls=32 rows/call=90 runs/call=181.5 preads/call=181.5 read=2.466ms fadv/call=91.3 pf_hit=90%(32)
(Worker_TP1 pid=465) [gv2-census] calls=32 rows/call=48 runs/call=96.0 preads/call=96.0 read=0.795ms fadv/call=0.0 pf_hit=100%(32)
(Worker_TP1 pid=465) [gv2-census] calls=32 rows/call=48 runs/call=96.0 preads/call=96.0 read=0.829ms fadv/call=0.0 pf_hit=100%(32)
(Worker_TP1 pid=465) [gv2-census] calls=32 rows/call=48 runs/call=96.0 preads/call=96.0 read=0.877ms fadv/call=0.0 pf_hit=100%(32)
(Worker_TP1 pid=465) [gv2-census] calls=32 rows/call=48 runs/call=96.0 preads/call=96.0 read=1.791ms fadv/call=0.0 pf_hit=100%(32)
(Worker_TP1 pid=465) [gv2-census] calls=32 rows/call=48 runs/call=96.0 preads/call=96.0 read=0.846ms fadv/call=0.0 pf_hit=100%(32)
(Worker_TP1 pid=465) [gv2-census] calls=32 rows/call=48 runs/call=96.0 preads/call=96.0 read=0.854ms fadv/call=0.0 pf_hit=100%(32)
(Worker_TP1 pid=465) [gv2-census] calls=32 rows/call=48 runs/call=96.0 preads/call=96.0 read=0.861ms fadv/call=0.0 pf_hit=100%(32)
(Worker_TP1 pid=465) [gv2-census] calls=32 rows/call=48 runs/call=96.0 preads/call=96.0 read=0.801ms fadv/call=0.0 pf_hit=100%(32)
(Worker_TP1 pid=465) [gv2-census] calls=32 rows/call=48 runs/call=96.0 preads/call=96.0 read=0.798ms fadv/call=0.0 pf_hit=100%(32)
(Worker_TP1 pid=465) [gv2-census] calls=32 rows/call=48 runs/call=96.0 preads/call=96.0 read=0.941ms fadv/call=0.0 pf_hit=100%(32)
(Worker_TP1 pid=465) [gv2-census] calls=32 rows/call=48 runs/call=96.0 preads/call=96.0 read=0.810ms fadv/call=0.0 pf_hit=100%(32)
(Worker_TP1 pid=465) [gv2-census] calls=32 rows/call=48 runs/call=96.0 preads/call=96.0 read=1.328ms fadv/call=0.0 pf_hit=100%(32)
(Worker_TP1 pid=465) [gv2-census] calls=32 rows/call=48 runs/call=96.0 preads/call=96.0 read=1.418ms fadv/call=0.0 pf_hit=100%(32)
(Worker_TP1 pid=465) [gv2-census] calls=32 rows/call=90 runs/call=181.5 preads/call=181.5 read=1.936ms fadv/call=91.3 pf_hit=90%(32)
(Worker_TP1 pid=465) [gv2-census] calls=32 rows/call=48 runs/call=96.0 preads/call=96.0 read=1.868ms fadv/call=0.0 pf_hit=100%(32)
(Worker_TP1 pid=465) [gv2-census] calls=32 rows/call=48 runs/call=96.0 preads/call=96.0 read=3.018ms fadv/call=0.0 pf_hit=100%(32)
(Worker_TP1 pid=465) [gv2-census] calls=32 rows/call=48 runs/call=96.0 preads/call=96.0 read=0.758ms fadv/call=0.0 pf_hit=100%(32)
(Worker_TP1 pid=465) [gv2-census] calls=32 rows/call=48 runs/call=96.0 preads/call=96.0 read=0.781ms fadv/call=0.0 pf_hit=100%(32)
(Worker_TP1 pid=465) [gv2-census] calls=32 rows/call=48 runs/call=96.0 preads/call=96.0 read=0.757ms fadv/call=0.0 pf_hit=100%(32)
(Worker_TP1 pid=465) [gv2-census] calls=32 rows/call=48 runs/call=96.0 preads/call=96.0 read=0.801ms fadv/call=0.0 pf_hit=100%(32)
(Worker_TP1 pid=465) [gv2-census] calls=32 rows/call=48 runs/call=96.0 preads/call=96.0 read=0.751ms fadv/call=0.0 pf_hit=100%(32)
(Worker_TP1 pid=465) [gv2-census] calls=32 rows/call=48 runs/call=96.0 preads/call=96.0 read=0.849ms fadv/call=0.0 pf_hit=100%(32)
(Worker_TP1 pid=465) [gv2-census] calls=32 rows/call=48 runs/call=96.0 preads/call=96.0 read=1.338ms fadv/call=0.0 pf_hit=100%(32)
(Worker_TP1 pid=465) [gv2-census] calls=32 rows/call=48 runs/call=96.0 preads/call=96.0 read=0.875ms fadv/call=0.0 pf_hit=100%(32)
(Worker_TP1 pid=465) [gv2-census] calls=32 rows/call=48 runs/call=96.0 preads/call=96.0 read=1.434ms fadv/call=0.0 pf_hit=100%(32)
(Worker_TP1 pid=465) [gv2-census] calls=32 rows/call=48 runs/call=96.0 preads/call=96.0 read=0.903ms fadv/call=0.0 pf_hit=100%(32)
(Worker_TP1 pid=465) [gv2-census] calls=32 rows/call=48 runs/call=96.0 preads/call=96.0 read=1.417ms fadv/call=0.0 pf_hit=100%(32)
(Worker_TP1 pid=465) [gv2-census] calls=32 rows/call=90 runs/call=181.5 preads/call=181.5 read=2.650ms fadv/call=91.3 pf_hit=90%(32)
(Worker_TP1 pid=465) [gv2-census] calls=32 rows/call=48 runs/call=96.0 preads/call=96.0 read=0.842ms fadv/call=0.0 pf_hit=100%(32)
(Worker_TP1 pid=465) [gv2-census] calls=32 rows/call=48 runs/call=96.0 preads/call=96.0 read=1.464ms fadv/call=0.0 pf_hit=100%(32)
(Worker_TP1 pid=465) [gv2-census] calls=32 rows/call=48 runs/call=96.0 preads/call=96.0 read=0.763ms fadv/call=0.0 pf_hit=100%(32)
(Worker_TP1 pid=465) [gv2-census] calls=32 rows/call=48 runs/call=96.0 preads/call=96.0 read=2.560ms fadv/call=0.0 pf_hit=100%(32)
(Worker_TP1 pid=465) [gv2-census] calls=32 rows/call=48 runs/call=96.0 preads/call=96.0 read=0.686ms fadv/call=0.0 pf_hit=100%(32)
(Worker_TP1 pid=465) [gv2-census] calls=32 rows/call=48 runs/call=96.0 preads/call=96.0 read=0.869ms fadv/call=0.0 pf_hit=100%(32)
(Worker_TP1 pid=465) [gv2-census] calls=32 rows/call=48 runs/call=96.0 preads/call=96.0 read=1.289ms fadv/call=0.0 pf_hit=100%(32)
(Worker_TP1 pid=465) [gv2-census] calls=32 rows/call=48 runs/call=96.0 preads/call=96.0 read=1.260ms fadv/call=0.0 pf_hit=100%(32)
(Worker_TP1 pid=465) [gv2-census] calls=32 rows/call=48 runs/call=96.0 preads/call=96.0 read=1.318ms fadv/call=0.0 pf_hit=100%(32)
(Worker_TP1 pid=465) [gv2-census] calls=32 rows/call=48 runs/call=96.0 preads/call=96.0 read=0.861ms fadv/call=0.0 pf_hit=100%(32)
(Worker_TP1 pid=465) [gv2-census] calls=32 rows/call=48 runs/call=96.0 preads/call=96.0 read=0.815ms fadv/call=0.0 pf_hit=100%(32)
(Worker_TP1 pid=465) [gv2-census] calls=32 rows/call=48 runs/call=96.0 preads/call=96.0 read=0.759ms fadv/call=0.0 pf_hit=100%(32)
(Worker_TP1 pid=465) [gv2-census] calls=32 rows/call=48 runs/call=96.0 preads/call=96.0 read=0.832ms fadv/call=0.0 pf_hit=100%(32)
(Worker_TP1 pid=465) [gv2-census] calls=32 rows/call=48 runs/call=96.0 preads/call=96.0 read=0.684ms fadv/call=0.0 pf_hit=100%(32)
(Worker_TP1 pid=465) [gv2-census] calls=32 rows/call=90 runs/call=181.5 preads/call=181.5 read=2.207ms fadv/call=91.3 pf_hit=90%(32)
(Worker_TP1 pid=465) [gv2-census] calls=32 rows/call=48 runs/call=95.5 preads/call=95.5 read=1.328ms fadv/call=0.0 pf_hit=100%(32)
(Worker_TP1 pid=465) [gv2-census] calls=32 rows/call=48 runs/call=96.0 preads/call=96.0 read=1.439ms fadv/call=0.0 pf_hit=100%(32)
(Worker_TP1 pid=465) [gv2-census] calls=32 rows/call=48 runs/call=96.0 preads/call=96.0 read=1.019ms fadv/call=0.0 pf_hit=100%(32)
(Worker_TP1 pid=465) [gv2-census] calls=32 rows/call=48 runs/call=96.0 preads/call=96.0 read=0.974ms fadv/call=0.0 pf_hit=100%(32)
(Worker_TP1 pid=465) [gv2-census] calls=32 rows/call=48 runs/call=96.0 preads/call=96.0 read=1.422ms fadv/call=0.0 pf_hit=100%(32)
(Worker_TP1 pid=465) [gv2-census] calls=32 rows/call=48 runs/call=96.0 preads/call=96.0 read=0.931ms fadv/call=0.0 pf_hit=100%(32)
(Worker_TP1 pid=465) [gv2-census] calls=32 rows/call=48 runs/call=96.0 preads/call=96.0 read=0.871ms fadv/call=0.0 pf_hit=100%(32)
(Worker_TP1 pid=465) [gv2-census] calls=32 rows/call=48 runs/call=96.0 preads/call=96.0 read=0.823ms fadv/call=0.0 pf_hit=100%(32)
(Worker_TP1 pid=465) [gv2-census] calls=32 rows/call=48 runs/call=96.0 preads/call=96.0 read=0.913ms fadv/call=0.0 pf_hit=100%(32)
(Worker_TP1 pid=465) [gv2-census] calls=32 rows/call=48 runs/call=96.0 preads/call=96.0 read=0.829ms fadv/call=0.0 pf_hit=100%(32)
(Worker_TP1 pid=465) [gv2-census] calls=32 rows/call=48 runs/call=96.0 preads/call=96.0 read=1.454ms fadv/call=0.0 pf_hit=100%(32)
(Worker_TP1 pid=465) [gv2-census] calls=32 rows/call=48 runs/call=96.0 preads/call=96.0 read=0.943ms fadv/call=0.0 pf_hit=100%(32)
(Worker_TP1 pid=465) [gv2-census] calls=32 rows/call=48 runs/call=96.0 preads/call=96.0 read=1.361ms fadv/call=0.0 pf_hit=100%(32)
(Worker_TP1 pid=465) [gv2-census] calls=32 rows/call=48 runs/call=96.0 preads/call=96.0 read=0.858ms fadv/call=0.0 pf_hit=100%(32)
(Worker_TP1 pid=465) [gv2-census] calls=32 rows/call=66 runs/call=133.5 preads/call=133.5 read=10.007ms fadv/call=0.0 pf_hit=90%(32)
(Worker_TP1 pid=465) [gv2-census] calls=32 rows/call=48 runs/call=96.0 preads/call=96.0 read=0.649ms fadv/call=0.0 pf_hit=100%(32)
(Worker_TP1 pid=465) [gv2-census] calls=32 rows/call=48 runs/call=96.0 preads/call=96.0 read=0.742ms fadv/call=0.0 pf_hit=100%(32)
(Worker_TP1 pid=465) [gv2-census] calls=32 rows/call=48 runs/call=96.0 preads/call=96.0 read=0.760ms fadv/call=0.0 pf_hit=100%(32)
(Worker_TP1 pid=465) [gv2-census] calls=32 rows/call=48 runs/call=96.0 preads/call=96.0 read=0.804ms fadv/call=0.0 pf_hit=100%(32)
(Worker_TP1 pid=465) [gv2-census] calls=32 rows/call=48 runs/call=96.0 preads/call=96.0 read=0.806ms fadv/call=0.0 pf_hit=100%(32)
(Worker_TP1 pid=465) [gv2-census] calls=32 rows/call=66 runs/call=133.5 preads/call=133.5 read=2.241ms fadv/call=0.0 pf_hit=90%(32)
(Worker_TP1 pid=465) [gv2-census] calls=32 rows/call=48 runs/call=96.0 preads/call=96.0 read=1.709ms fadv/call=0.0 pf_hit=100%(32)
(Worker_TP1 pid=465) [gv2-census] calls=32 rows/call=48 runs/call=96.0 preads/call=96.0 read=1.851ms fadv/call=0.0 pf_hit=100%(32)
(Worker_TP1 pid=465) [gv2-census] calls=32 rows/call=48 runs/call=96.0 preads/call=96.0 read=1.889ms fadv/call=0.0 pf_hit=100%(32)
(Worker_TP1 pid=465) [gv2-census] calls=32 rows/call=48 runs/call=96.0 preads/call=96.0 read=2.343ms fadv/call=0.0 pf_hit=100%(32)
(Worker_TP1 pid=465) [gv2-census] calls=32 rows/call=66 runs/call=133.5 preads/call=133.5 read=1.067ms fadv/call=0.0 pf_hit=90%(32)
(Worker_TP1 pid=465) [gv2-census] calls=32 rows/call=48 runs/call=96.0 preads/call=96.0 read=1.402ms fadv/call=0.0 pf_hit=100%(32)
(Worker_TP1 pid=465) [gv2-census] calls=32 rows/call=48 runs/call=96.0 preads/call=96.0 read=0.788ms fadv/call=0.0 pf_hit=100%(32)
(Worker_TP1 pid=465) [gv2-census] calls=32 rows/call=48 runs/call=96.0 preads/call=96.0 read=1.306ms fadv/call=0.0 pf_hit=100%(32)
(Worker_TP1 pid=465) [gv2-census] calls=32 rows/call=48 runs/call=96.0 preads/call=96.0 read=1.822ms fadv/call=0.0 pf_hit=100%(32)
(Worker_TP1 pid=465) [gv2-census] calls=32 rows/call=66 runs/call=133.5 preads/call=133.5 read=1.035ms fadv/call=0.0 pf_hit=94%(32)
(Worker_TP1 pid=465) [gv2-census] calls=32 rows/call=48 runs/call=96.0 preads/call=96.0 read=1.714ms fadv/call=0.0 pf_hit=100%(32)
(Worker_TP1 pid=465) [gv2-census] calls=32 rows/call=48 runs/call=96.0 preads/call=96.0 read=0.807ms fadv/call=0.0 pf_hit=100%(32)
(Worker_TP1 pid=465) [gv2-census] calls=32 rows/call=48 runs/call=96.0 preads/call=96.0 read=2.390ms fadv/call=0.0 pf_hit=100%(32)
(Worker_TP1 pid=465) [gv2-census] calls=32 rows/call=48 runs/call=96.0 preads/call=96.0 read=1.980ms fadv/call=0.0 pf_hit=100%(32)
(Worker_TP1 pid=465) [gv2-census] calls=32 rows/call=66 runs/call=133.5 preads/call=133.5 read=2.161ms fadv/call=0.0 pf_hit=96%(32)
(Worker_TP1 pid=465) [gv2-census] calls=32 rows/call=48 runs/call=96.0 preads/call=96.0 read=1.910ms fadv/call=0.0 pf_hit=100%(32)
(Worker_TP1 pid=465) [gv2-census] calls=32 rows/call=48 runs/call=96.0 preads/call=96.0 read=0.785ms fadv/call=0.0 pf_hit=100%(32)
(Worker_TP1 pid=465) [gv2-census] calls=32 rows/call=48 runs/call=96.0 preads/call=96.0 read=1.874ms fadv/call=0.0 pf_hit=100%(32)
(Worker_TP1 pid=465) [gv2-census] calls=32 rows/call=48 runs/call=96.0 preads/call=96.0 read=2.367ms fadv/call=0.0 pf_hit=100%(32)
(Worker_TP1 pid=465) [gv2-census] calls=32 rows/call=66 runs/call=133.5 preads/call=133.5 read=0.882ms fadv/call=0.0 pf_hit=90%(32)
(Worker_TP1 pid=465) [gv2-census] calls=32 rows/call=48 runs/call=96.0 preads/call=96.0 read=1.326ms fadv/call=0.0 pf_hit=100%(32)
(Worker_TP1 pid=465) [gv2-census] calls=32 rows/call=48 runs/call=96.0 preads/call=96.0 read=1.178ms fadv/call=0.0 pf_hit=100%(32)
(Worker_TP1 pid=465) [gv2-census] calls=32 rows/call=48 runs/call=96.0 preads/call=96.0 read=1.780ms fadv/call=0.0 pf_hit=100%(32)
(Worker_TP1 pid=465) [gv2-census] calls=32 rows/call=48 runs/call=96.0 preads/call=96.0 read=1.849ms fadv/call=0.0 pf_hit=100%(32)
(Worker_TP1 pid=465) [gv2-census] calls=32 rows/call=66 runs/call=133.5 preads/call=133.5 read=1.637ms fadv/call=0.0 pf_hit=90%(32)
(Worker_TP1 pid=465) [gv2-census] calls=32 rows/call=48 runs/call=96.0 preads/call=96.0 read=1.376ms fadv/call=0.0 pf_hit=100%(32)
(Worker_TP1 pid=465) [gv2-census] calls=32 rows/call=48 runs/call=96.0 preads/call=96.0 read=0.871ms fadv/call=0.0 pf_hit=100%(32)
(Worker_TP1 pid=465) [gv2-census] calls=32 rows/call=48 runs/call=96.0 preads/call=96.0 read=1.938ms fadv/call=0.0 pf_hit=100%(32)
(Worker_TP1 pid=465) [gv2-census] calls=32 rows/call=48 runs/call=96.0 preads/call=96.0 read=1.323ms fadv/call=0.0 pf_hit=100%(32)
(Worker_TP1 pid=465) [gv2-census] calls=32 rows/call=66 runs/call=133.5 preads/call=133.5 read=1.491ms fadv/call=0.0 pf_hit=94%(32)
(Worker_TP1 pid=465) [gv2-census] calls=32 rows/call=48 runs/call=96.0 preads/call=96.0 read=1.236ms fadv/call=0.0 pf_hit=96%(32)
(Worker_TP1 pid=465) [gv2-census] calls=32 rows/call=48 runs/call=96.0 preads/call=96.0 read=1.306ms fadv/call=0.0 pf_hit=100%(32)
(Worker_TP1 pid=465) [gv2-census] calls=32 rows/call=48 runs/call=96.0 preads/call=96.0 read=0.844ms fadv/call=0.0 pf_hit=100%(32)
(Worker_TP1 pid=465) [gv2-census] calls=32 rows/call=48 runs/call=95.9 preads/call=95.9 read=1.327ms fadv/call=0.0 pf_hit=100%(32)
(Worker_TP1 pid=465) [gv2-census] calls=32 rows/call=66 runs/call=133.5 preads/call=133.5 read=1.462ms fadv/call=0.0 pf_hit=94%(32)
(Worker_TP1 pid=465) [gv2-census] calls=32 rows/call=48 runs/call=96.0 preads/call=96.0 read=0.919ms fadv/call=0.0 pf_hit=96%(32)
(Worker_TP1 pid=465) [gv2-census] calls=32 rows/call=48 runs/call=96.0 preads/call=96.0 read=1.266ms fadv/call=0.0 pf_hit=100%(32)
(Worker_TP1 pid=465) [gv2-census] calls=32 rows/call=48 runs/call=96.0 preads/call=96.0 read=1.339ms fadv/call=0.0 pf_hit=100%(32)
(Worker_TP1 pid=465) [gv2-census] calls=32 rows/call=48 runs/call=95.9 preads/call=95.9 read=1.331ms fadv/call=0.0 pf_hit=100%(32)
(Worker_TP1 pid=465) [gv2-census] calls=32 rows/call=88 runs/call=133.5 preads/call=133.5 read=2.494ms fadv/call=43.4 pf_hit=94%(32)
(Worker_TP1 pid=465) [gv2-census] calls=32 rows/call=96 runs/call=172.5 preads/call=172.5 read=1.143ms fadv/call=0.0 pf_hit=95%(32)
(Worker_TP1 pid=465) [gv2-census] calls=32 rows/call=96 runs/call=192.0 preads/call=192.0 read=2.218ms fadv/call=0.0 pf_hit=100%(32)
(Worker_TP1 pid=465) [gv2-census] calls=32 rows/call=96 runs/call=192.0 preads/call=192.0 read=2.279ms fadv/call=0.0 pf_hit=100%(32)
(Worker_TP1 pid=465) [gv2-census] calls=32 rows/call=96 runs/call=191.9 preads/call=191.9 read=1.148ms fadv/call=0.0 pf_hit=100%(32)
(Worker_TP1 pid=465) [gv2-census] calls=32 rows/call=96 runs/call=192.0 preads/call=192.0 read=2.288ms fadv/call=0.0 pf_hit=100%(32)
(Worker_TP1 pid=465) [gv2-census] calls=32 rows/call=121 runs/call=180.0 preads/call=180.0 read=1.397ms fadv/call=43.4 pf_hit=87%(32)
(Worker_TP1 pid=465) [gv2-census] calls=32 rows/call=96 runs/call=192.0 preads/call=192.0 read=2.450ms fadv/call=0.0 pf_hit=100%(32)
(Worker_TP1 pid=465) [gv2-census] calls=32 rows/call=96 runs/call=192.0 preads/call=192.0 read=2.053ms fadv/call=0.0 pf_hit=100%(32)
(Worker_TP1 pid=465) [gv2-census] calls=32 rows/call=96 runs/call=192.0 preads/call=192.0 read=1.887ms fadv/call=0.0 pf_hit=100%(32)
(Worker_TP1 pid=465) [gv2-census] calls=32 rows/call=96 runs/call=191.9 preads/call=191.9 read=1.997ms fadv/call=0.0 pf_hit=100%(32)
(Worker_TP1 pid=465) [gv2-census] calls=32 rows/call=127 runs/call=172.5 preads/call=172.5 read=1.402ms fadv/call=43.4 pf_hit=86%(32)
(Worker_TP1 pid=465) [gv2-census] calls=32 rows/call=96 runs/call=150.0 preads/call=150.0 read=1.801ms fadv/call=0.0 pf_hit=100%(32)
(Worker_TP1 pid=465) [gv2-census] calls=32 rows/call=96 runs/call=192.0 preads/call=192.0 read=2.074ms fadv/call=0.0 pf_hit=100%(32)
(Worker_TP1 pid=465) [gv2-census] calls=32 rows/call=96 runs/call=192.0 preads/call=192.0 read=2.866ms fadv/call=0.0 pf_hit=100%(32)
(Worker_TP1 pid=465) [gv2-census] calls=32 rows/call=96 runs/call=192.0 preads/call=192.0 read=4.117ms fadv/call=0.0 pf_hit=100%(32)
(Worker_TP1 pid=465) WARNING 09-24 23:45:52 [jit_monitor.py:141] Triton kernel JIT compilation during inference: _compute_global_topk_indices_and_lens_kernel. This causes a latency spike; consider extending warmup to cover this shape/config.
(Worker_TP1 pid=465) [gv2-census] calls=32 rows/call=109 runs/call=214.0 preads/call=214.0 read=1.667ms fadv/call=0.0 pf_hit=86%(32)
(Worker_TP1 pid=465) [gv2-census] calls=32 rows/call=96 runs/call=190.5 preads/call=190.5 read=1.418ms fadv/call=0.0 pf_hit=100%(32)
(Worker_TP1 pid=465) [gv2-census] calls=32 rows/call=96 runs/call=162.0 preads/call=162.0 read=2.332ms fadv/call=0.0 pf_hit=100%(32)
(Worker_TP1 pid=465) [gv2-census] calls=32 rows/call=96 runs/call=190.5 preads/call=190.5 read=2.482ms fadv/call=0.0 pf_hit=100%(32)
(Worker_TP1 pid=465) [gv2-census] calls=32 rows/call=96 runs/call=192.0 preads/call=192.0 read=2.523ms fadv/call=0.0 pf_hit=100%(32)
(Worker_TP1 pid=465) [gv2-census] calls=32 rows/call=115 runs/call=226.0 preads/call=226.0 read=2.236ms fadv/call=0.0 pf_hit=90%(32)
(Worker_TP1 pid=465) [gv2-census] calls=32 rows/call=96 runs/call=192.0 preads/call=192.0 read=1.632ms fadv/call=0.0 pf_hit=98%(32)
(Worker_TP1 pid=465) [gv2-census] calls=32 rows/call=96 runs/call=192.0 preads/call=192.0 read=1.476ms fadv/call=0.0 pf_hit=100%(32)
(Worker_TP1 pid=465) [gv2-census] calls=32 rows/call=96 runs/call=192.0 preads/call=192.0 read=2.206ms fadv/call=0.0 pf_hit=100%(32)
(Worker_TP1 pid=465) [gv2-census] calls=32 rows/call=96 runs/call=192.0 preads/call=192.0 read=2.523ms fadv/call=0.0 pf_hit=100%(32)
(Worker_TP1 pid=465) [gv2-census] calls=32 rows/call=60 runs/call=120.0 preads/call=120.0 read=1.958ms fadv/call=0.0 pf_hit=95%(32)
(Worker_TP1 pid=465) [gv2-census] calls=32 rows/call=130 runs/call=141.0 preads/call=141.0 read=1.846ms fadv/call=43.4 pf_hit=90%(32)
(Worker_TP1 pid=465) [gv2-census] calls=32 rows/call=96 runs/call=111.5 preads/call=111.5 read=2.246ms fadv/call=0.0 pf_hit=100%(32)
(Worker_TP1 pid=465) [gv2-census] calls=32 rows/call=96 runs/call=192.0 preads/call=192.0 read=2.443ms fadv/call=0.0 pf_hit=100%(32)
(Worker_TP1 pid=465) [gv2-census] calls=32 rows/call=96 runs/call=192.0 preads/call=192.0 read=1.950ms fadv/call=0.0 pf_hit=100%(32)
(Worker_TP1 pid=465) [gv2-census] calls=32 rows/call=96 runs/call=192.0 preads/call=192.0 read=3.080ms fadv/call=0.0 pf_hit=100%(32)
(Worker_TP1 pid=465) [gv2-census] calls=32 rows/call=118 runs/call=133.5 preads/call=133.5 read=1.242ms fadv/call=43.4 pf_hit=84%(32)
(Worker_TP1 pid=465) [gv2-census] calls=32 rows/call=96 runs/call=99.0 preads/call=99.0 read=0.959ms fadv/call=0.0 pf_hit=100%(32)
(Worker_TP1 pid=465) [gv2-census] calls=32 rows/call=96 runs/call=192.0 preads/call=192.0 read=3.291ms fadv/call=0.0 pf_hit=100%(32)
(Worker_TP1 pid=465) [gv2-census] calls=32 rows/call=96 runs/call=192.0 preads/call=192.0 read=2.594ms fadv/call=0.0 pf_hit=100%(32)
(Worker_TP1 pid=465) [gv2-census] calls=32 rows/call=96 runs/call=192.0 preads/call=192.0 read=2.125ms fadv/call=0.0 pf_hit=100%(32)
(Worker_TP1 pid=465) [gv2-census] calls=32 rows/call=127 runs/call=241.0 preads/call=241.0 read=1.851ms fadv/call=0.0 pf_hit=92%(32)
(Worker_TP1 pid=465) [gv2-census] calls=32 rows/call=96 runs/call=192.0 preads/call=192.0 read=1.321ms fadv/call=0.0 pf_hit=100%(32)
(Worker_TP1 pid=465) [gv2-census] calls=32 rows/call=96 runs/call=192.0 preads/call=192.0 read=1.950ms fadv/call=0.0 pf_hit=100%(32)
(Worker_TP1 pid=465) [gv2-census] calls=32 rows/call=96 runs/call=192.0 preads/call=192.0 read=2.950ms fadv/call=0.0 pf_hit=100%(32)
(Worker_TP1 pid=465) [gv2-census] calls=32 rows/call=96 runs/call=192.0 preads/call=192.0 read=2.067ms fadv/call=0.0 pf_hit=100%(32)
(Worker_TP1 pid=465) [gv2-census] calls=32 rows/call=121 runs/call=183.0 preads/call=183.0 read=2.329ms fadv/call=43.4 pf_hit=91%(32)
(Worker_TP1 pid=465) [gv2-census] calls=32 rows/call=96 runs/call=192.0 preads/call=192.0 read=2.411ms fadv/call=0.0 pf_hit=100%(32)
(Worker_TP1 pid=465) [gv2-census] calls=32 rows/call=96 runs/call=163.0 preads/call=163.0 read=2.146ms fadv/call=0.0 pf_hit=100%(32)
(Worker_TP1 pid=465) [gv2-census] calls=32 rows/call=96 runs/call=114.0 preads/call=114.0 read=0.971ms fadv/call=0.0 pf_hit=100%(32)
(Worker_TP1 pid=465) [gv2-census] calls=32 rows/call=96 runs/call=192.0 preads/call=192.0 read=2.255ms fadv/call=0.0 pf_hit=100%(32)
(Worker_TP1 pid=465) [gv2-census] calls=32 rows/call=78 runs/call=157.5 preads/call=157.5 read=1.560ms fadv/call=0.0 pf_hit=87%(32)
(Worker_TP1 pid=465) [gv2-census] calls=32 rows/call=48 runs/call=96.0 preads/call=96.0 read=1.233ms fadv/call=0.0 pf_hit=100%(32)
(Worker_TP1 pid=465) [gv2-census] calls=32 rows/call=48 runs/call=96.0 preads/call=96.0 read=2.379ms fadv/call=0.0 pf_hit=100%(32)
(Worker_TP1 pid=465) [gv2-census] calls=32 rows/call=64 runs/call=129.0 preads/call=129.0 read=8.031ms fadv/call=0.0 pf_hit=90%(32)
(Worker_TP1 pid=465) [gv2-census] calls=32 rows/call=48 runs/call=96.0 preads/call=96.0 read=0.747ms fadv/call=0.0 pf_hit=100%(32)
(Worker_TP1 pid=465) [gv2-census] calls=32 rows/call=48 runs/call=96.0 preads/call=96.0 read=0.601ms fadv/call=0.0 pf_hit=100%(32)
(Worker_TP1 pid=465) [gv2-census] calls=32 rows/call=64 runs/call=129.0 preads/call=129.0 read=0.848ms fadv/call=0.0 pf_hit=90%(32)
(Worker_TP1 pid=465) [gv2-census] calls=32 rows/call=48 runs/call=96.0 preads/call=96.0 read=0.830ms fadv/call=0.0 pf_hit=100%(32)
(Worker_TP1 pid=465) [gv2-census] calls=32 rows/call=48 runs/call=96.0 preads/call=96.0 read=0.696ms fadv/call=0.0 pf_hit=100%(32)
(Worker_TP1 pid=465) [gv2-census] calls=32 rows/call=64 runs/call=129.0 preads/call=129.0 read=1.078ms fadv/call=0.0 pf_hit=90%(32)
(Worker_TP1 pid=465) [gv2-census] calls=32 rows/call=48 runs/call=96.0 preads/call=96.0 read=0.732ms fadv/call=0.0 pf_hit=100%(32)
(Worker_TP1 pid=465) [gv2-census] calls=32 rows/call=48 runs/call=96.0 preads/call=96.0 read=0.694ms fadv/call=0.0 pf_hit=100%(32)
(Worker_TP1 pid=465) [gv2-census] calls=32 rows/call=64 runs/call=129.0 preads/call=129.0 read=0.934ms fadv/call=0.0 pf_hit=90%(32)
(Worker_TP1 pid=465) [gv2-census] calls=32 rows/call=48 runs/call=96.0 preads/call=96.0 read=0.794ms fadv/call=0.0 pf_hit=100%(32)
(Worker_TP1 pid=465) [gv2-census] calls=32 rows/call=48 runs/call=96.0 preads/call=96.0 read=0.779ms fadv/call=0.0 pf_hit=100%(32)
(Worker_TP1 pid=465) [gv2-census] calls=32 rows/call=48 runs/call=96.0 preads/call=96.0 read=0.737ms fadv/call=0.0 pf_hit=100%(32)
(Worker_TP1 pid=465) [gv2-census] calls=32 rows/call=64 runs/call=129.0 preads/call=129.0 read=1.248ms fadv/call=0.0 pf_hit=90%(32)
(Worker_TP1 pid=465) [gv2-census] calls=32 rows/call=48 runs/call=96.0 preads/call=96.0 read=0.881ms fadv/call=0.0 pf_hit=100%(32)
(Worker_TP1 pid=465) [gv2-census] calls=32 rows/call=48 runs/call=96.0 preads/call=96.0 read=0.727ms fadv/call=0.0 pf_hit=100%(32)
(Worker_TP1 pid=465) [gv2-census] calls=32 rows/call=64 runs/call=129.0 preads/call=129.0 read=0.895ms fadv/call=0.0 pf_hit=90%(32)
(Worker_TP1 pid=465) [gv2-census] calls=32 rows/call=48 runs/call=96.0 preads/call=96.0 read=0.731ms fadv/call=0.0 pf_hit=100%(32)
(Worker_TP1 pid=465) [gv2-census] calls=32 rows/call=48 runs/call=96.0 preads/call=96.0 read=0.731ms fadv/call=0.0 pf_hit=100%(32)
(Worker_TP1 pid=465) [gv2-census] calls=32 rows/call=64 runs/call=129.0 preads/call=129.0 read=0.953ms fadv/call=0.0 pf_hit=90%(32)
(Worker_TP1 pid=465) [gv2-census] calls=32 rows/call=48 runs/call=96.0 preads/call=96.0 read=0.745ms fadv/call=0.0 pf_hit=100%(32)
(Worker_TP1 pid=465) [gv2-census] calls=32 rows/call=48 runs/call=96.0 preads/call=96.0 read=0.719ms fadv/call=0.0 pf_hit=100%(32)
(Worker_TP1 pid=465) [gv2-census] calls=32 rows/call=64 runs/call=129.0 preads/call=129.0 read=0.858ms fadv/call=0.0 pf_hit=90%(32)
(Worker_TP1 pid=465) [gv2-census] calls=32 rows/call=48 runs/call=96.0 preads/call=96.0 read=0.655ms fadv/call=0.0 pf_hit=100%(32)
(Worker_TP1 pid=465) [gv2-census] calls=32 rows/call=48 runs/call=96.0 preads/call=96.0 read=0.645ms fadv/call=0.0 pf_hit=100%(32)
(Worker_TP1 pid=465) [gv2-census] calls=32 rows/call=48 runs/call=96.0 preads/call=96.0 read=0.824ms fadv/call=0.0 pf_hit=100%(32)
(Worker_TP1 pid=465) [gv2-census] calls=32 rows/call=64 runs/call=129.0 preads/call=129.0 read=0.969ms fadv/call=0.0 pf_hit=90%(32)
(Worker_TP1 pid=465) [gv2-census] calls=32 rows/call=48 runs/call=96.0 preads/call=96.0 read=0.750ms fadv/call=0.0 pf_hit=100%(32)
(Worker_TP1 pid=465) [gv2-census] calls=32 rows/call=48 runs/call=96.0 preads/call=96.0 read=0.733ms fadv/call=0.0 pf_hit=100%(32)
(Worker_TP1 pid=465) [gv2-census] calls=32 rows/call=111 runs/call=222.0 preads/call=222.0 read=1.469ms fadv/call=0.0 pf_hit=91%(32)
(Worker_TP1 pid=465) [gv2-census] calls=32 rows/call=96 runs/call=192.0 preads/call=192.0 read=1.515ms fadv/call=0.0 pf_hit=100%(32)
(Worker_TP1 pid=465) [gv2-census] calls=32 rows/call=96 runs/call=192.0 preads/call=192.0 read=1.507ms fadv/call=0.0 pf_hit=100%(32)
(Worker_TP1 pid=465) [gv2-census] calls=32 rows/call=120 runs/call=240.0 preads/call=240.0 read=1.857ms fadv/call=0.0 pf_hit=89%(32)
(Worker_TP1 pid=465) [gv2-census] calls=32 rows/call=96 runs/call=192.0 preads/call=192.0 read=1.478ms fadv/call=0.0 pf_hit=100%(32)
(Worker_TP1 pid=465) [gv2-census] calls=32 rows/call=96 runs/call=192.0 preads/call=192.0 read=1.427ms fadv/call=0.0 pf_hit=100%(32)
(Worker_TP1 pid=465) [gv2-census] calls=32 rows/call=90 runs/call=180.0 preads/call=180.0 read=1.316ms fadv/call=0.0 pf_hit=97%(32)
(Worker_TP1 pid=465) [gv2-census] calls=32 rows/call=123 runs/call=246.0 preads/call=246.0 read=1.885ms fadv/call=0.0 pf_hit=92%(32)
(Worker_TP1 pid=465) [gv2-census] calls=32 rows/call=96 runs/call=192.0 preads/call=192.0 read=1.595ms fadv/call=0.0 pf_hit=100%(32)
(Worker_TP1 pid=465) [gv2-census] calls=32 rows/call=96 runs/call=192.0 preads/call=192.0 read=1.553ms fadv/call=0.0 pf_hit=100%(32)
(Worker_TP1 pid=465) [gv2-census] calls=32 rows/call=117 runs/call=234.0 preads/call=234.0 read=1.744ms fadv/call=0.0 pf_hit=88%(32)
(Worker_TP1 pid=465) [gv2-census] calls=32 rows/call=96 runs/call=192.0 preads/call=192.0 read=1.411ms fadv/call=0.0 pf_hit=100%(32)
(Worker_TP1 pid=465) [gv2-census] calls=32 rows/call=96 runs/call=192.0 preads/call=192.0 read=1.367ms fadv/call=0.0 pf_hit=100%(32)
(Worker_TP1 pid=465) [gv2-census] calls=32 rows/call=117 runs/call=234.0 preads/call=234.0 read=1.898ms fadv/call=0.0 pf_hit=88%(32)
(Worker_TP1 pid=465) [gv2-census] calls=32 rows/call=96 runs/call=192.0 preads/call=192.0 read=1.380ms fadv/call=0.0 pf_hit=100%(32)
(Worker_TP1 pid=465) [gv2-census] calls=32 rows/call=96 runs/call=192.0 preads/call=192.0 read=1.476ms fadv/call=0.0 pf_hit=100%(32)
(Worker_TP1 pid=465) [gv2-census] calls=32 rows/call=96 runs/call=192.0 preads/call=192.0 read=1.647ms fadv/call=0.0 pf_hit=100%(32)
(Worker_TP1 pid=465) [gv2-census] calls=32 rows/call=117 runs/call=234.0 preads/call=234.0 read=2.075ms fadv/call=0.0 pf_hit=88%(32)
(Worker_TP1 pid=465) [gv2-census] calls=32 rows/call=96 runs/call=192.0 preads/call=192.0 read=1.612ms fadv/call=0.0 pf_hit=100%(32)
(Worker_TP1 pid=465) [gv2-census] calls=32 rows/call=96 runs/call=192.0 preads/call=192.0 read=1.671ms fadv/call=0.0 pf_hit=100%(32)
(Worker_TP1 pid=465) [gv2-census] calls=32 rows/call=117 runs/call=234.0 preads/call=234.0 read=1.990ms fadv/call=0.0 pf_hit=88%(32)
(Worker_TP1 pid=465) [gv2-census] calls=32 rows/call=96 runs/call=192.0 preads/call=192.0 read=1.494ms fadv/call=0.0 pf_hit=100%(32)
(Worker_TP1 pid=465) [gv2-census] calls=32 rows/call=96 runs/call=192.0 preads/call=192.0 read=1.629ms fadv/call=0.0 pf_hit=100%(32)
(Worker_TP1 pid=465) [gv2-census] calls=32 rows/call=100 runs/call=201.0 preads/call=201.0 read=1.654ms fadv/call=0.0 pf_hit=91%(32)
(Worker_TP1 pid=465) [gv2-census] calls=32 rows/call=112 runs/call=225.0 preads/call=225.0 read=1.842ms fadv/call=0.0 pf_hit=98%(32)
(Worker_TP1 pid=465) [gv2-census] calls=32 rows/call=96 runs/call=192.0 preads/call=192.0 read=1.546ms fadv/call=0.0 pf_hit=100%(32)
(Worker_TP1 pid=465) [gv2-census] calls=32 rows/call=96 runs/call=192.0 preads/call=192.0 read=1.615ms fadv/call=0.0 pf_hit=100%(32)
(Worker_TP1 pid=465) [gv2-census] calls=32 rows/call=117 runs/call=234.0 preads/call=234.0 read=1.838ms fadv/call=0.0 pf_hit=88%(32)
(Worker_TP1 pid=465) [gv2-census] calls=32 rows/call=96 runs/call=192.0 preads/call=192.0 read=1.491ms fadv/call=0.0 pf_hit=100%(32)
(Worker_TP1 pid=465) [gv2-census] calls=32 rows/call=96 runs/call=192.0 preads/call=192.0 read=1.414ms fadv/call=0.0 pf_hit=100%(32)
(Worker_TP1 pid=465) [gv2-census] calls=32 rows/call=88 runs/call=177.0 preads/call=177.0 read=1.409ms fadv/call=0.0 pf_hit=89%(32)
(Worker_TP1 pid=465) [gv2-census] calls=32 rows/call=48 runs/call=96.0 preads/call=96.0 read=0.745ms fadv/call=0.0 pf_hit=100%(32)
(Worker_TP1 pid=465) [gv2-census] calls=32 rows/call=48 runs/call=96.0 preads/call=96.0 read=0.645ms fadv/call=0.0 pf_hit=100%(32)
(Worker_TP1 pid=465) INFO 09-24 23:48:15 [exl3.py:1224] EXL3 fat-chunk slicing ACTIVE (tokens=7963)
(Worker_TP1 pid=465) [gv2-census] calls=32 rows/call=12108 runs/call=21787.4 preads/call=21787.4 read=234.893ms fadv/call=18407.3 pf_hit=93%(30)
(Worker_TP1 pid=465) INFO 09-24 23:48:26 [exl3.py:1224] EXL3 fat-chunk slicing ACTIVE (tokens=8125)
(Worker_TP1 pid=465) INFO 09-24 23:48:36 [exl3.py:1224] EXL3 fat-chunk slicing ACTIVE (tokens=7966)
(Worker_TP1 pid=465) [gv2-census] calls=32 rows/call=6019 runs/call=9514.6 preads/call=9514.6 read=105.510ms fadv/call=8161.2 pf_hit=100%(28)
(Worker_TP1 pid=465) WARNING 09-24 23:48:51 [jit_monitor.py:141] Triton kernel JIT compilation during inference: _topk_log_softmax_kernel. This causes a latency spike; consider extending warmup to cover this shape/config.
(Worker_TP1 pid=465) [gv2-census] calls=32 rows/call=6153 runs/call=12223.2 preads/call=12223.2 read=114.774ms fadv/call=12067.0 pf_hit=0%(2)
(Worker_TP1 pid=465) [gv2-census] calls=32 rows/call=6154 runs/call=12053.9 preads/call=12053.9 read=105.664ms fadv/call=11911.3
(Worker_TP1 pid=465) [gv2-census] calls=32 rows/call=3130 runs/call=6157.1 preads/call=6157.1 read=62.048ms fadv/call=6041.3 pf_hit=90%(14)
(Worker_TP1 pid=465) [gv2-census] calls=32 rows/call=48 runs/call=96.0 preads/call=96.0 read=0.730ms fadv/call=0.0 pf_hit=100%(32)
(Worker_TP1 pid=465) [gv2-census] calls=32 rows/call=48 runs/call=96.0 preads/call=96.0 read=0.695ms fadv/call=0.0 pf_hit=100%(32)
(Worker_TP1 pid=465) [gv2-census] calls=32 rows/call=48 runs/call=96.0 preads/call=96.0 read=0.703ms fadv/call=0.0 pf_hit=100%(32)
(Worker_TP1 pid=465) [gv2-census] calls=32 rows/call=48 runs/call=96.0 preads/call=96.0 read=0.633ms fadv/call=0.0 pf_hit=100%(32)
(Worker_TP1 pid=465) [gv2-census] calls=32 rows/call=48 runs/call=96.0 preads/call=96.0 read=0.815ms fadv/call=0.0 pf_hit=100%(32)
(Worker_TP1 pid=465) [gv2-census] calls=32 rows/call=211 runs/call=422.5 preads/call=422.5 read=4.566ms fadv/call=337.3 pf_hit=91%(30)
(Worker_TP1 pid=465) [gv2-census] calls=32 rows/call=48 runs/call=96.0 preads/call=96.0 read=0.771ms fadv/call=0.0 pf_hit=100%(32)
(Worker_TP1 pid=465) [gv2-census] calls=32 rows/call=48 runs/call=96.0 preads/call=96.0 read=0.729ms fadv/call=0.0 pf_hit=100%(32)
(Worker_TP1 pid=465) [gv2-census] calls=32 rows/call=48 runs/call=96.0 preads/call=96.0 read=0.779ms fadv/call=0.0 pf_hit=100%(32)
(Worker_TP1 pid=465) [gv2-census] calls=32 rows/call=48 runs/call=96.0 preads/call=96.0 read=0.664ms fadv/call=0.0 pf_hit=100%(32)
(Worker_TP1 pid=465) [gv2-census] calls=32 rows/call=211 runs/call=421.0 preads/call=421.0 read=3.783ms fadv/call=336.1 pf_hit=89%(30)
(Worker_TP1 pid=465) [gv2-census] calls=32 rows/call=48 runs/call=96.0 preads/call=96.0 read=0.735ms fadv/call=0.0 pf_hit=100%(32)
(Worker_TP1 pid=465) [gv2-census] calls=32 rows/call=48 runs/call=96.0 preads/call=96.0 read=0.700ms fadv/call=0.0 pf_hit=100%(32)
(Worker_TP1 pid=465) [gv2-census] calls=32 rows/call=48 runs/call=96.0 preads/call=96.0 read=0.661ms fadv/call=0.0 pf_hit=100%(32)
(Worker_TP1 pid=465) [gv2-census] calls=32 rows/call=211 runs/call=407.5 preads/call=407.5 read=4.397ms fadv/call=322.9 pf_hit=93%(30)
(Worker_TP1 pid=465) [gv2-census] calls=32 rows/call=48 runs/call=96.0 preads/call=96.0 read=0.684ms fadv/call=0.0 pf_hit=100%(32)
(Worker_TP1 pid=465) [gv2-census] calls=32 rows/call=48 runs/call=96.0 preads/call=96.0 read=1.700ms fadv/call=0.0 pf_hit=100%(32)
(Worker_TP1 pid=465) [gv2-census] calls=32 rows/call=48 runs/call=96.0 preads/call=96.0 read=0.647ms fadv/call=0.0 pf_hit=100%(32)
(Worker_TP1 pid=465) [gv2-census] calls=32 rows/call=48 runs/call=96.0 preads/call=96.0 read=0.575ms fadv/call=0.0 pf_hit=100%(32)
(Worker_TP1 pid=465) [gv2-census] calls=32 rows/call=211 runs/call=423.0 preads/call=423.0 read=5.144ms fadv/call=337.8 pf_hit=89%(30)
(Worker_TP1 pid=465) [gv2-census] calls=32 rows/call=48 runs/call=96.0 preads/call=96.0 read=0.602ms fadv/call=0.0 pf_hit=100%(32)
(Worker_TP1 pid=465) [gv2-census] calls=32 rows/call=48 runs/call=96.0 preads/call=96.0 read=0.762ms fadv/call=0.0 pf_hit=100%(32)
(Worker_TP1 pid=465) [gv2-census] calls=32 rows/call=48 runs/call=96.0 preads/call=96.0 read=0.730ms fadv/call=0.0 pf_hit=100%(32)
(Worker_TP1 pid=465) [gv2-census] calls=32 rows/call=48 runs/call=96.0 preads/call=96.0 read=0.592ms fadv/call=0.0 pf_hit=100%(32)
(Worker_TP1 pid=465) [gv2-census] calls=32 rows/call=211 runs/call=423.0 preads/call=423.0 read=4.606ms fadv/call=337.7 pf_hit=95%(30)
(Worker_TP1 pid=465) [gv2-census] calls=32 rows/call=48 runs/call=96.0 preads/call=96.0 read=1.691ms fadv/call=0.0 pf_hit=96%(32)
(Worker_TP1 pid=465) [gv2-census] calls=32 rows/call=48 runs/call=96.0 preads/call=96.0 read=0.763ms fadv/call=0.0 pf_hit=100%(32)
(Worker_TP1 pid=465) [gv2-census] calls=32 rows/call=48 runs/call=96.0 preads/call=96.0 read=0.678ms fadv/call=0.0 pf_hit=100%(32)
(Worker_TP1 pid=465) [gv2-census] calls=32 rows/call=48 runs/call=96.0 preads/call=96.0 read=0.731ms fadv/call=0.0 pf_hit=100%(32)
(Worker_TP1 pid=465) [gv2-census] calls=32 rows/call=48 runs/call=96.0 preads/call=96.0 read=0.817ms fadv/call=0.0 pf_hit=100%(32)
(Worker_TP1 pid=465) [gv2-census] calls=32 rows/call=211 runs/call=415.4 preads/call=415.4 read=3.488ms fadv/call=330.5 pf_hit=95%(30)
(Worker_TP1 pid=465) [gv2-census] calls=32 rows/call=48 runs/call=96.0 preads/call=96.0 read=1.845ms fadv/call=0.0 pf_hit=96%(32)
(Worker_TP1 pid=465) [gv2-census] calls=32 rows/call=48 runs/call=96.0 preads/call=96.0 read=0.718ms fadv/call=0.0 pf_hit=100%(32)
(Worker_TP1 pid=465) [gv2-census] calls=32 rows/call=48 runs/call=96.0 preads/call=96.0 read=0.837ms fadv/call=0.0 pf_hit=100%(32)
(Worker_TP1 pid=465) [gv2-census] calls=32 rows/call=48 runs/call=96.0 preads/call=96.0 read=0.717ms fadv/call=0.0 pf_hit=100%(32)
(Worker_TP1 pid=465) [gv2-census] calls=32 rows/call=211 runs/call=400.4 preads/call=400.4 read=4.210ms fadv/call=315.6 pf_hit=89%(30)
(Worker_TP1 pid=465) [gv2-census] calls=32 rows/call=48 runs/call=96.0 preads/call=96.0 read=0.882ms fadv/call=0.0 pf_hit=100%(32)
(Worker_TP1 pid=465) [gv2-census] calls=32 rows/call=48 runs/call=96.0 preads/call=96.0 read=0.939ms fadv/call=0.0 pf_hit=100%(32)
(Worker_TP1 pid=465) [gv2-census] calls=32 rows/call=48 runs/call=96.0 preads/call=96.0 read=0.851ms fadv/call=0.0 pf_hit=100%(32)
(Worker_TP1 pid=465) [gv2-census] calls=32 rows/call=48 runs/call=96.0 preads/call=96.0 read=0.847ms fadv/call=0.0 pf_hit=100%(32)
(Worker_TP1 pid=465) [gv2-census] calls=32 rows/call=684 runs/call=1233.0 preads/call=1233.0 read=16.384ms fadv/call=1139.0 pf_hit=93%(26)
(Worker_TP1 pid=465) [gv2-census] calls=32 rows/call=93 runs/call=166.0 preads/call=166.0 read=1.202ms fadv/call=0.0 pf_hit=97%(32)
(Worker_TP1 pid=465) [gv2-census] calls=32 rows/call=594 runs/call=965.5 preads/call=965.5 read=13.350ms fadv/call=797.9 pf_hit=96%(28)
(Worker_TP1 pid=465) [gv2-census] calls=32 rows/call=96 runs/call=192.0 preads/call=192.0 read=1.944ms fadv/call=0.0 pf_hit=100%(32)
(Worker_TP1 pid=465) [gv2-census] calls=32 rows/call=419 runs/call=755.5 preads/call=755.5 read=9.730ms fadv/call=596.2 pf_hit=96%(28)
(Worker_TP1 pid=465) [gv2-census] calls=32 rows/call=237 runs/call=453.0 preads/call=453.0 read=7.571ms fadv/call=277.7 pf_hit=97%(30)
(Worker_TP1 pid=465) [gv2-census] calls=32 rows/call=330 runs/call=546.5 preads/call=546.5 read=6.939ms fadv/call=372.4 pf_hit=97%(30)
(Worker_TP1 pid=465) [gv2-census] calls=32 rows/call=235 runs/call=446.5 preads/call=446.5 read=7.789ms fadv/call=272.2 pf_hit=97%(30)
(Worker_TP1 pid=465) [gv2-census] calls=32 rows/call=244 runs/call=454.5 preads/call=454.5 read=7.116ms fadv/call=279.2 pf_hit=97%(30)
(Worker_TP1 pid=465) [gv2-census] calls=32 rows/call=472 runs/call=801.0 preads/call=801.0 read=13.510ms fadv/call=642.1 pf_hit=92%(28)
(Worker_TP1 pid=465) [gv2-census] calls=32 rows/call=285 runs/call=500.0 preads/call=500.0 read=6.783ms fadv/call=324.3 pf_hit=97%(30)
(Worker_TP1 pid=465) [gv2-census] calls=32 rows/call=207 runs/call=403.5 preads/call=403.5 read=6.199ms fadv/call=228.4 pf_hit=97%(30)
(Worker_TP1 pid=465) [gv2-census] calls=32 rows/call=288 runs/call=529.0 preads/call=529.0 read=6.809ms fadv/call=353.1 pf_hit=97%(30)
(Worker_TP1 pid=465) [gv2-census] calls=32 rows/call=235 runs/call=443.5 preads/call=443.5 read=5.500ms fadv/call=268.3 pf_hit=97%(30)
(Worker_TP1 pid=465) [gv2-census] calls=32 rows/call=267 runs/call=478.5 preads/call=478.5 read=6.039ms fadv/call=309.4 pf_hit=93%(30)
(Worker_TP1 pid=465) [gv2-census] calls=32 rows/call=417 runs/call=744.0 preads/call=744.0 read=9.432ms fadv/call=579.4 pf_hit=96%(28)
(Worker_TP1 pid=465) [gv2-census] calls=32 rows/call=261 runs/call=474.5 preads/call=474.5 read=6.023ms fadv/call=299.3 pf_hit=97%(32)
(Worker_TP1 pid=465) [gv2-census] calls=32 rows/call=281 runs/call=508.5 preads/call=508.5 read=8.285ms fadv/call=334.7 pf_hit=96%(28)
(Worker_TP1 pid=465) [gv2-census] calls=32 rows/call=264 runs/call=491.5 preads/call=491.5 read=7.751ms fadv/call=315.5 pf_hit=97%(30)
(Worker_TP1 pid=465) [gv2-census] calls=32 rows/call=213 runs/call=413.5 preads/call=413.5 read=6.957ms fadv/call=238.7 pf_hit=97%(30)
(Worker_TP1 pid=465) [gv2-census] calls=32 rows/call=588 runs/call=1034.0 preads/call=1034.0 read=15.569ms fadv/call=891.8 pf_hit=88%(28)
(Worker_TP1 pid=465) [gv2-census] calls=32 rows/call=364 runs/call=664.4 preads/call=664.4 read=13.374ms fadv/call=506.7 pf_hit=92%(26)
(Worker_TP1 pid=465) [gv2-census] calls=32 rows/call=360 runs/call=685.5 preads/call=685.5 read=10.667ms fadv/call=527.1 pf_hit=92%(28)
(Worker_TP1 pid=465) INFO 09-24 23:51:02 [exl3.py:1224] EXL3 fat-chunk slicing ACTIVE (tokens=8001)
(Worker_TP1 pid=465) INFO 09-24 23:51:13 [exl3.py:1224] EXL3 fat-chunk slicing ACTIVE (tokens=8142)
(Worker_TP1 pid=465) [gv2-census] calls=32 rows/call=12152 runs/call=15649.8 preads/call=15649.8 read=165.800ms fadv/call=13774.0 pf_hit=81%(28)
(Worker_TP1 pid=465) INFO 09-24 23:51:23 [exl3.py:1224] EXL3 fat-chunk slicing ACTIVE (tokens=8133)
(Worker_TP1 pid=465) INFO 09-24 23:51:34 [exl3.py:1224] EXL3 fat-chunk slicing ACTIVE (tokens=8190)
(Worker_TP1 pid=465) [dsv41-prefill-empty-cache] skipped #1 (longest seq 16380, MemAvailable 22.65 GiB >= 2.5 GiB)
(Worker_TP1 pid=465) INFO 09-24 23:52:04 [exl3.py:1224] EXL3 fat-chunk slicing ACTIVE (tokens=7726)
(Worker_TP1 pid=465) INFO 09-24 23:52:45 [exl3.py:1224] EXL3 fat-chunk slicing ACTIVE (tokens=7603)
(Worker_TP1 pid=465) [gv2-census] calls=32 rows/call=54472 runs/call=70327.6 preads/call=70327.6 read=691.508ms fadv/call=62172.2 pf_hit=57%(14)
(Worker_TP1 pid=465) INFO 09-24 23:53:25 [exl3.py:1224] EXL3 fat-chunk slicing ACTIVE (tokens=8096)
(Worker_TP1 pid=465) [gv2-census] calls=32 rows/call=24545 runs/call=31216.2 preads/call=31216.2 read=309.532ms fadv/call=27545.4 pf_hit=78%(24)
(Worker_TP1 pid=465) [gv2-census] calls=32 rows/call=48 runs/call=96.0 preads/call=96.0 read=0.692ms fadv/call=0.0 pf_hit=100%(32)
(Worker_TP1 pid=465) [gv2-census] calls=32 rows/call=48 runs/call=96.0 preads/call=96.0 read=0.758ms fadv/call=0.0 pf_hit=100%(32)
(Worker_TP1 pid=465) [gv2-census] calls=32 rows/call=57 runs/call=114.0 preads/call=114.0 read=3.525ms fadv/call=0.0 pf_hit=90%(32)
(Worker_TP1 pid=465) [gv2-census] calls=32 rows/call=48 runs/call=96.0 preads/call=96.0 read=0.755ms fadv/call=0.0 pf_hit=100%(32)
(Worker_TP1 pid=465) [gv2-census] calls=32 rows/call=48 runs/call=96.0 preads/call=96.0 read=0.779ms fadv/call=0.0 pf_hit=100%(32)
(Worker_TP1 pid=465) [gv2-census] calls=32 rows/call=56 runs/call=112.5 preads/call=112.5 read=4.855ms fadv/call=0.0 pf_hit=90%(32)
(Worker_TP1 pid=465) [gv2-census] calls=32 rows/call=48 runs/call=96.0 preads/call=96.0 read=0.769ms fadv/call=0.0 pf_hit=100%(32)
(Worker_TP1 pid=465) [gv2-census] calls=32 rows/call=56 runs/call=112.5 preads/call=112.5 read=4.272ms fadv/call=0.0 pf_hit=90%(32)
(Worker_TP1 pid=465) [gv2-census] calls=32 rows/call=66 runs/call=132.0 preads/call=132.0 read=5.672ms fadv/call=0.0 pf_hit=83%(32)
(Worker_TP1 pid=465) [gv2-census] calls=32 rows/call=56 runs/call=112.5 preads/call=112.5 read=4.676ms fadv/call=0.0 pf_hit=85%(32)
(Worker_TP1 pid=465) [gv2-census] calls=32 rows/call=48 runs/call=96.0 preads/call=96.0 read=0.944ms fadv/call=0.0 pf_hit=100%(32)
(Worker_TP1 pid=465) [gv2-census] calls=32 rows/call=48 runs/call=96.0 preads/call=96.0 read=0.741ms fadv/call=0.0 pf_hit=100%(32)
(Worker_TP1 pid=465) [gv2-census] calls=32 rows/call=48 runs/call=96.0 preads/call=96.0 read=0.719ms fadv/call=0.0 pf_hit=100%(32)
(Worker_TP1 pid=465) [gv2-census] calls=32 rows/call=54 runs/call=109.5 preads/call=109.5 read=3.345ms fadv/call=0.0 pf_hit=90%(32)
(Worker_TP1 pid=465) [gv2-census] calls=32 rows/call=65 runs/call=130.5 preads/call=130.5 read=8.011ms fadv/call=0.0 pf_hit=90%(32)
(Worker_TP1 pid=465) [gv2-census] calls=32 rows/call=48 runs/call=96.0 preads/call=96.0 read=0.882ms fadv/call=0.0 pf_hit=100%(32)
(Worker_TP1 pid=465) [gv2-census] calls=32 rows/call=56 runs/call=112.5 preads/call=112.5 read=5.658ms fadv/call=0.0 pf_hit=90%(32)
(Worker_TP1 pid=465) [gv2-census] calls=32 rows/call=48 runs/call=96.0 preads/call=96.0 read=0.906ms fadv/call=0.0 pf_hit=100%(32)
(Worker_TP1 pid=465) [gv2-census] calls=32 rows/call=48 runs/call=96.0 preads/call=96.0 read=0.824ms fadv/call=0.0 pf_hit=100%(32)
(Worker_TP1 pid=465) [gv2-census] calls=32 rows/call=48 runs/call=96.0 preads/call=96.0 read=0.928ms fadv/call=0.0 pf_hit=100%(32)
(Worker_TP1 pid=465) [gv2-census] calls=32 rows/call=58 runs/call=117.0 preads/call=117.0 read=4.392ms fadv/call=0.0 pf_hit=90%(32)
(Worker_TP1 pid=465) [gv2-census] calls=32 rows/call=48 runs/call=96.0 preads/call=96.0 read=0.902ms fadv/call=0.0 pf_hit=100%(32)
(Worker_TP1 pid=465) [gv2-census] calls=32 rows/call=48 runs/call=96.0 preads/call=96.0 read=0.845ms fadv/call=0.0 pf_hit=100%(32)
(Worker_TP1 pid=465) [gv2-census] calls=32 rows/call=48 runs/call=96.0 preads/call=96.0 read=0.741ms fadv/call=0.0 pf_hit=100%(32)
(Worker_TP1 pid=465) [gv2-census] calls=32 rows/call=48 runs/call=96.0 preads/call=96.0 read=0.871ms fadv/call=0.0 pf_hit=100%(32)
(Worker_TP1 pid=465) [gv2-census] calls=32 rows/call=58 runs/call=117.0 preads/call=117.0 read=4.780ms fadv/call=0.0 pf_hit=90%(32)
(Worker_TP1 pid=465) [gv2-census] calls=32 rows/call=48 runs/call=96.0 preads/call=96.0 read=0.827ms fadv/call=0.0 pf_hit=100%(32)
(Worker_TP1 pid=465) [gv2-census] calls=32 rows/call=48 runs/call=96.0 preads/call=96.0 read=0.841ms fadv/call=0.0 pf_hit=100%(32)
(Worker_TP1 pid=465) [gv2-census] calls=32 rows/call=57 runs/call=115.5 preads/call=115.5 read=2.155ms fadv/call=0.0 pf_hit=90%(32)
(Worker_TP1 pid=465) [gv2-census] calls=32 rows/call=48 runs/call=96.0 preads/call=96.0 read=0.899ms fadv/call=0.0 pf_hit=100%(32)
(Worker_TP1 pid=465) [gv2-census] calls=32 rows/call=48 runs/call=96.0 preads/call=96.0 read=1.491ms fadv/call=0.0 pf_hit=100%(32)
(Worker_TP1 pid=465) [gv2-census] calls=32 rows/call=57 runs/call=114.0 preads/call=114.0 read=3.219ms fadv/call=0.0 pf_hit=90%(32)
(Worker_TP1 pid=465) [gv2-census] calls=32 rows/call=48 runs/call=96.0 preads/call=96.0 read=3.130ms fadv/call=0.0 pf_hit=100%(32)
(Worker_TP1 pid=465) [gv2-census] calls=32 rows/call=56 runs/call=112.5 preads/call=112.5 read=2.761ms fadv/call=0.0 pf_hit=90%(32)
(Worker_TP1 pid=465) [gv2-census] calls=32 rows/call=48 runs/call=96.0 preads/call=96.0 read=2.612ms fadv/call=0.0 pf_hit=100%(32)
(Worker_TP1 pid=465) [gv2-census] calls=32 rows/call=56 runs/call=112.5 preads/call=112.5 read=1.358ms fadv/call=0.0 pf_hit=90%(32)
(Worker_TP1 pid=465) [gv2-census] calls=32 rows/call=58 runs/call=117.0 preads/call=117.0 read=0.937ms fadv/call=0.0 pf_hit=94%(32)
(Worker_TP1 pid=465) [gv2-census] calls=32 rows/call=63 runs/call=127.5 preads/call=127.5 read=3.442ms fadv/call=0.0 pf_hit=75%(32)
(Worker_TP1 pid=465) [gv2-census] calls=32 rows/call=48 runs/call=96.0 preads/call=96.0 read=2.042ms fadv/call=0.0 pf_hit=100%(32)
(Worker_TP1 pid=465) [gv2-census] calls=32 rows/call=48 runs/call=96.0 preads/call=96.0 read=1.406ms fadv/call=0.0 pf_hit=100%(32)
(Worker_TP1 pid=465) [gv2-census] calls=32 rows/call=48 runs/call=96.0 preads/call=96.0 read=2.025ms fadv/call=0.0 pf_hit=100%(32)
(Worker_TP1 pid=465) [gv2-census] calls=32 rows/call=48 runs/call=96.0 preads/call=96.0 read=0.872ms fadv/call=0.0 pf_hit=100%(32)
(Worker_TP1 pid=465) [gv2-census] calls=32 rows/call=72 runs/call=144.0 preads/call=144.0 read=2.264ms fadv/call=0.0 pf_hit=79%(32)
(Worker_TP1 pid=465) [gv2-census] calls=32 rows/call=48 runs/call=96.0 preads/call=96.0 read=3.486ms fadv/call=0.0 pf_hit=100%(32)
(Worker_TP1 pid=465) [gv2-census] calls=32 rows/call=48 runs/call=96.0 preads/call=96.0 read=1.381ms fadv/call=0.0 pf_hit=100%(32)
(Worker_TP1 pid=465) [gv2-census] calls=32 rows/call=56 runs/call=112.5 preads/call=112.5 read=0.938ms fadv/call=0.0 pf_hit=90%(32)
(Worker_TP1 pid=465) [gv2-census] calls=32 rows/call=48 runs/call=96.0 preads/call=96.0 read=2.387ms fadv/call=0.0 pf_hit=100%(32)
(Worker_TP1 pid=465) [gv2-census] calls=32 rows/call=48 runs/call=96.0 preads/call=96.0 read=3.060ms fadv/call=0.0 pf_hit=100%(32)
(Worker_TP1 pid=465) [gv2-census] calls=32 rows/call=48 runs/call=96.0 preads/call=96.0 read=0.786ms fadv/call=0.0 pf_hit=100%(32)
(Worker_TP1 pid=465) [gv2-census] calls=32 rows/call=58 runs/call=117.0 preads/call=117.0 read=2.163ms fadv/call=0.0 pf_hit=90%(32)
(Worker_TP1 pid=465) [gv2-census] calls=32 rows/call=48 runs/call=96.0 preads/call=96.0 read=0.784ms fadv/call=0.0 pf_hit=100%(32)
(Worker_TP1 pid=465) [gv2-census] calls=32 rows/call=48 runs/call=96.0 preads/call=96.0 read=0.913ms fadv/call=0.0 pf_hit=100%(32)
(Worker_TP1 pid=465) [gv2-census] calls=32 rows/call=48 runs/call=96.0 preads/call=96.0 read=0.797ms fadv/call=0.0 pf_hit=100%(32)
(Worker_TP1 pid=465) [gv2-census] calls=32 rows/call=58 runs/call=117.0 preads/call=117.0 read=1.489ms fadv/call=0.0 pf_hit=90%(32)
(Worker_TP1 pid=465) [gv2-census] calls=32 rows/call=48 runs/call=96.0 preads/call=96.0 read=1.889ms fadv/call=0.0 pf_hit=100%(32)
(Worker_TP1 pid=465) [gv2-census] calls=32 rows/call=48 runs/call=96.0 preads/call=96.0 read=1.395ms fadv/call=0.0 pf_hit=100%(32)
(Worker_TP1 pid=465) [gv2-census] calls=32 rows/call=192 runs/call=256.5 preads/call=256.5 read=4.873ms fadv/call=133.8 pf_hit=74%(30)
(Worker_TP1 pid=465) [gv2-census] calls=32 rows/call=138 runs/call=273.0 preads/call=273.0 read=2.967ms fadv/call=98.9 pf_hit=100%(28)
(Worker_TP1 pid=465) [gv2-census] calls=32 rows/call=207 runs/call=415.0 preads/call=415.0 read=6.531ms fadv/call=258.4 pf_hit=92%(28)
(Worker_TP1 pid=465) [gv2-census] calls=32 rows/call=96 runs/call=192.0 preads/call=192.0 read=1.638ms fadv/call=0.0 pf_hit=100%(32)
(Worker_TP1 pid=465) [gv2-census] calls=32 rows/call=222 runs/call=431.0 preads/call=431.0 read=4.337ms fadv/call=257.6 pf_hit=97%(30)
(Worker_TP1 pid=465) [gv2-census] calls=32 rows/call=196 runs/call=375.5 preads/call=375.5 read=3.804ms fadv/call=201.0 pf_hit=97%(30)
(Worker_TP1 pid=465) [gv2-census] calls=32 rows/call=141 runs/call=280.0 preads/call=280.0 read=3.554ms fadv/call=105.8 pf_hit=97%(30)
(Worker_TP1 pid=465) [gv2-census] calls=32 rows/call=182 runs/call=364.5 preads/call=364.5 read=4.160ms fadv/call=208.1 pf_hit=92%(28)
(Worker_TP1 pid=465) [gv2-census] calls=32 rows/call=148 runs/call=295.0 preads/call=295.0 read=4.143ms fadv/call=120.7 pf_hit=97%(30)
(Worker_TP1 pid=465) [gv2-census] calls=32 rows/call=280 runs/call=540.0 preads/call=540.0 read=5.745ms fadv/call=383.4 pf_hit=92%(28)
(Worker_TP1 pid=465) [gv2-census] calls=32 rows/call=189 runs/call=363.5 preads/call=363.5 read=3.550ms fadv/call=189.5 pf_hit=97%(30)
(Worker_TP1 pid=465) [gv2-census] calls=32 rows/call=207 runs/call=403.0 preads/call=403.0 read=4.180ms fadv/call=228.5 pf_hit=97%(32)
(Worker_TP1 pid=465) [gv2-census] calls=32 rows/call=192 runs/call=370.5 preads/call=370.5 read=4.200ms fadv/call=195.9 pf_hit=96%(28)
(Worker_TP1 pid=465) [gv2-census] calls=32 rows/call=139 runs/call=277.5 preads/call=277.5 read=3.505ms fadv/call=103.3 pf_hit=97%(30)
(Worker_TP1 pid=465) [gv2-census] calls=32 rows/call=96 runs/call=187.0 preads/call=187.0 read=2.502ms fadv/call=0.0 pf_hit=100%(32)
(Worker_TP1 pid=465) [gv2-census] calls=32 rows/call=261 runs/call=488.0 preads/call=488.0 read=5.480ms fadv/call=327.4 pf_hit=93%(28)
(Worker_TP1 pid=465) [gv2-census] calls=32 rows/call=231 runs/call=441.0 preads/call=441.0 read=6.757ms fadv/call=265.8 pf_hit=97%(30)
(Worker_TP1 pid=465) [gv2-census] calls=32 rows/call=254 runs/call=476.0 preads/call=476.0 read=5.572ms fadv/call=319.0 pf_hit=92%(28)
(Worker_TP1 pid=465) [gv2-census] calls=32 rows/call=168 runs/call=330.0 preads/call=330.0 read=3.133ms fadv/call=157.0 pf_hit=97%(30)
(Worker_TP1 pid=465) [gv2-census] calls=32 rows/call=96 runs/call=179.0 preads/call=179.0 read=1.455ms fadv/call=0.0 pf_hit=100%(32)
(Worker_TP1 pid=465) [gv2-census] calls=32 rows/call=429 runs/call=804.5 preads/call=804.5 read=10.004ms fadv/call=658.3 pf_hit=88%(26)
(Worker_TP1 pid=465) [gv2-census] calls=32 rows/call=352 runs/call=663.5 preads/call=663.5 read=9.749ms fadv/call=524.2 pf_hit=88%(28)
(Worker_TP1 pid=465) [gv2-census] calls=32 rows/call=360 runs/call=685.5 preads/call=685.5 read=9.796ms fadv/call=521.1 pf_hit=92%(26)
(Worker_TP1 pid=465) [gv2-census] calls=32 rows/call=186 runs/call=360.5 preads/call=360.5 read=4.379ms fadv/call=228.2 pf_hit=91%(28)
(Worker_TP1 pid=465) [gv2-census] calls=32 rows/call=96 runs/call=164.5 preads/call=164.5 read=2.276ms fadv/call=0.0 pf_hit=100%(32)
(Worker_TP1 pid=465) [gv2-census] calls=32 rows/call=207 runs/call=413.5 preads/call=413.5 read=5.518ms fadv/call=252.4 pf_hit=93%(28)
(Worker_TP1 pid=465) [gv2-census] calls=32 rows/call=96 runs/call=190.5 preads/call=190.5 read=2.692ms fadv/call=0.0 pf_hit=100%(32)
(Worker_TP1 pid=465) [gv2-census] calls=32 rows/call=323 runs/call=600.5 preads/call=600.5 read=8.018ms fadv/call=452.6 pf_hit=92%(28)
(Worker_TP1 pid=465) [gv2-census] calls=32 rows/call=141 runs/call=263.5 preads/call=263.5 read=3.388ms fadv/call=105.8 pf_hit=96%(30)
(Worker_TP1 pid=465) [gv2-census] calls=32 rows/call=138 runs/call=277.5 preads/call=277.5 read=2.749ms fadv/call=103.4 pf_hit=97%(30)
(Worker_TP1 pid=465) [gv2-census] calls=32 rows/call=136 runs/call=272.5 preads/call=272.5 read=4.152ms fadv/call=104.7 pf_hit=93%(30)
(Worker_TP1 pid=465) [gv2-census] calls=32 rows/call=151 runs/call=301.0 preads/call=301.0 read=4.144ms fadv/call=120.7 pf_hit=100%(30)
(Worker_TP1 pid=465) [gv2-census] calls=32 rows/call=280 runs/call=538.5 preads/call=538.5 read=7.520ms fadv/call=377.5 pf_hit=92%(28)
(Worker_TP1 pid=465) [gv2-census] calls=32 rows/call=189 runs/call=364.0 preads/call=364.0 read=5.024ms fadv/call=189.4 pf_hit=97%(30)
(Worker_TP1 pid=465) [gv2-census] calls=32 rows/call=207 runs/call=403.0 preads/call=403.0 read=5.118ms fadv/call=228.5 pf_hit=97%(30)
(Worker_TP1 pid=465) [gv2-census] calls=32 rows/call=189 runs/call=364.0 preads/call=364.0 read=4.620ms fadv/call=195.8 pf_hit=93%(30)
(Worker_TP1 pid=465) [gv2-census] calls=32 rows/call=142 runs/call=280.0 preads/call=280.0 read=2.653ms fadv/call=103.3 pf_hit=100%(30)
(Worker_TP1 pid=465) [gv2-census] calls=32 rows/call=267 runs/call=409.5 preads/call=409.5 read=5.539ms fadv/call=261.6 pf_hit=94%(30)
(Worker_TP1 pid=465) [gv2-census] calls=32 rows/call=93 runs/call=186.0 preads/call=186.0 read=1.267ms fadv/call=0.0 pf_hit=97%(32)
(Worker_TP1 pid=465) [gv2-census] calls=32 rows/call=303 runs/call=574.5 preads/call=574.5 read=8.159ms fadv/call=410.9 pf_hit=96%(28)
(Worker_TP1 pid=465) [gv2-census] calls=32 rows/call=258 runs/call=487.5 preads/call=487.5 read=4.709ms fadv/call=331.0 pf_hit=92%(28)
(Worker_TP1 pid=465) [gv2-census] calls=32 rows/call=96 runs/call=191.5 preads/call=191.5 read=1.456ms fadv/call=0.0 pf_hit=100%(32)
(Worker_TP1 pid=465) [gv2-census] calls=32 rows/call=213 runs/call=402.0 preads/call=402.0 read=4.223ms fadv/call=238.6 pf_hit=96%(30)
(Worker_TP1 pid=465) [gv2-census] calls=32 rows/call=396 runs/call=736.0 preads/call=736.0 read=10.896ms fadv/call=596.2 pf_hit=91%(26)
(Worker_TP1 pid=465) [gv2-census] calls=32 rows/call=268 runs/call=510.5 preads/call=510.5 read=6.529ms fadv/call=353.5 pf_hit=92%(28)
(Worker_TP1 pid=465) [gv2-census] calls=32 rows/call=357 runs/call=679.5 preads/call=679.5 read=8.506ms fadv/call=527.1 pf_hit=92%(28)
(Worker_TP1 pid=465) [gv2-census] calls=32 rows/call=189 runs/call=366.5 preads/call=366.5 read=3.117ms fadv/call=228.2 pf_hit=95%(28)
(Worker_TP1 pid=465) [gv2-census] calls=32 rows/call=207 runs/call=415.0 preads/call=415.0 read=6.224ms fadv/call=258.4 pf_hit=96%(28)
(Worker_TP1 pid=465) [gv2-census] calls=32 rows/call=96 runs/call=183.5 preads/call=183.5 read=1.394ms fadv/call=0.0 pf_hit=100%(32)
(Worker_TP1 pid=465) [gv2-census] calls=32 rows/call=96 runs/call=176.5 preads/call=176.5 read=1.604ms fadv/call=0.0 pf_hit=100%(32)
(Worker_TP1 pid=465) [gv2-census] calls=32 rows/call=323 runs/call=613.0 preads/call=613.0 read=6.025ms fadv/call=458.6 pf_hit=96%(28)
(Worker_TP1 pid=465) [gv2-census] calls=32 rows/call=141 runs/call=273.0 preads/call=273.0 read=2.786ms fadv/call=105.8 pf_hit=96%(30)
(Worker_TP1 pid=465) [gv2-census] calls=32 rows/call=138 runs/call=277.5 preads/call=277.5 read=2.540ms fadv/call=103.3 pf_hit=97%(30)
(Worker_TP1 pid=465) [gv2-census] calls=32 rows/call=192 runs/call=382.0 preads/call=382.0 read=4.430ms fadv/call=225.5 pf_hit=92%(28)
(Worker_TP1 pid=465) [gv2-census] calls=32 rows/call=219 runs/call=419.0 preads/call=419.0 read=4.072ms fadv/call=244.7 pf_hit=97%(30)
(Worker_TP1 pid=465) [gv2-census] calls=32 rows/call=156 runs/call=313.0 preads/call=313.0 read=3.504ms fadv/call=138.8 pf_hit=97%(30)
(Worker_TP1 pid=465) [gv2-census] calls=32 rows/call=189 runs/call=364.0 preads/call=364.0 read=4.774ms fadv/call=189.4 pf_hit=97%(30)
(Worker_TP1 pid=465) [gv2-census] calls=32 rows/call=207 runs/call=403.5 preads/call=403.5 read=4.643ms fadv/call=228.5 pf_hit=97%(30)
(Worker_TP1 pid=465) [gv2-census] calls=32 rows/call=236 runs/call=456.0 preads/call=456.0 read=4.464ms fadv/call=299.2 pf_hit=92%(28)
(Worker_TP1 pid=465) [gv2-census] calls=32 rows/call=96 runs/call=192.0 preads/call=192.0 read=1.683ms fadv/call=0.0 pf_hit=100%(32)
(Worker_TP1 pid=465) [gv2-census] calls=32 rows/call=267 runs/call=417.5 preads/call=417.5 read=5.824ms fadv/call=261.6 pf_hit=94%(30)
(Worker_TP1 pid=465) [gv2-census] calls=32 rows/call=231 runs/call=441.0 preads/call=441.0 read=5.828ms fadv/call=265.9 pf_hit=97%(30)
(Worker_TP1 pid=465) [gv2-census] calls=32 rows/call=165 runs/call=319.5 preads/call=319.5 read=2.959ms fadv/call=145.1 pf_hit=97%(30)
(Worker_TP1 pid=465) [gv2-census] calls=32 rows/call=258 runs/call=487.5 preads/call=487.5 read=5.837ms fadv/call=330.9 pf_hit=92%(28)
(Worker_TP1 pid=465) [gv2-census] calls=32 rows/call=96 runs/call=192.0 preads/call=192.0 read=1.974ms fadv/call=0.0 pf_hit=100%(32)
(Worker_TP1 pid=465) [gv2-census] calls=32 rows/call=210 runs/call=407.5 preads/call=407.5 read=4.417ms fadv/call=238.7 pf_hit=93%(30)
(Worker_TP1 pid=465) [gv2-census] calls=32 rows/call=507 runs/call=947.5 preads/call=947.5 read=13.756ms fadv/call=812.9 pf_hit=86%(24)
(Worker_TP1 pid=465) [gv2-census] calls=32 rows/call=284 runs/call=541.0 preads/call=541.0 read=5.116ms fadv/call=389.8 pf_hit=88%(28)
(Worker_TP1 pid=465) [gv2-census] calls=32 rows/call=230 runs/call=439.0 preads/call=439.0 read=10.211ms fadv/call=268.3 pf_hit=92%(30)
(Worker_TP1 pid=465) [gv2-census] calls=32 rows/call=101 runs/call=202.5 preads/call=202.5 read=6.140ms fadv/call=0.0 pf_hit=96%(32)
(Worker_TP1 pid=465) [gv2-census] calls=32 rows/call=96 runs/call=192.0 preads/call=192.0 read=1.272ms fadv/call=0.0 pf_hit=100%(32)
(Worker_TP1 pid=465) [gv2-census] calls=32 rows/call=96 runs/call=192.0 preads/call=192.0 read=1.541ms fadv/call=0.0 pf_hit=100%(32)
(Worker_TP1 pid=465) [gv2-census] calls=32 rows/call=96 runs/call=192.0 preads/call=192.0 read=1.389ms fadv/call=0.0 pf_hit=100%(32)
(Worker_TP1 pid=465) [gv2-census] calls=32 rows/call=96 runs/call=192.0 preads/call=192.0 read=1.216ms fadv/call=0.0 pf_hit=100%(32)
(Worker_TP1 pid=465) [gv2-census] calls=32 rows/call=96 runs/call=192.0 preads/call=192.0 read=1.325ms fadv/call=0.0 pf_hit=100%(32)
(Worker_TP1 pid=465) [gv2-census] calls=32 rows/call=66 runs/call=132.0 preads/call=132.0 read=0.941ms fadv/call=0.0 pf_hit=96%(32)
(Worker_TP1 pid=465) [gv2-census] calls=32 rows/call=48 runs/call=96.0 preads/call=96.0 read=0.774ms fadv/call=0.0 pf_hit=100%(32)
(Worker_TP1 pid=465) [gv2-census] calls=32 rows/call=55 runs/call=111.0 preads/call=111.0 read=3.423ms fadv/call=0.0 pf_hit=94%(32)
(Worker_TP1 pid=465) [gv2-census] calls=32 rows/call=104 runs/call=208.5 preads/call=208.5 read=5.857ms fadv/call=0.0 pf_hit=96%(32)
(Worker_TP1 pid=465) [gv2-census] calls=32 rows/call=96 runs/call=192.0 preads/call=192.0 read=1.374ms fadv/call=0.0 pf_hit=100%(32)
(Worker_TP1 pid=465) [gv2-census] calls=32 rows/call=96 runs/call=192.0 preads/call=192.0 read=1.361ms fadv/call=0.0 pf_hit=100%(32)
(Worker_TP1 pid=465) [gv2-census] calls=32 rows/call=96 runs/call=192.0 preads/call=192.0 read=1.489ms fadv/call=0.0 pf_hit=100%(32)
(Worker_TP1 pid=465) [gv2-census] calls=32 rows/call=96 runs/call=192.0 preads/call=192.0 read=1.360ms fadv/call=0.0 pf_hit=100%(32)
(Worker_TP1 pid=465) [gv2-census] calls=32 rows/call=96 runs/call=192.0 preads/call=192.0 read=1.470ms fadv/call=0.0 pf_hit=100%(32)
(Worker_TP1 pid=465) [gv2-census] calls=32 rows/call=81 runs/call=162.0 preads/call=162.0 read=1.265ms fadv/call=0.0 pf_hit=96%(32)
(Worker_TP1 pid=465) [gv2-census] calls=32 rows/call=105 runs/call=208.0 preads/call=208.0 read=6.471ms fadv/call=0.0 pf_hit=92%(32)
(Worker_TP1 pid=465) [gv2-census] calls=32 rows/call=96 runs/call=192.0 preads/call=192.0 read=1.499ms fadv/call=0.0 pf_hit=100%(32)
(Worker_TP1 pid=465) [gv2-census] calls=32 rows/call=96 runs/call=192.0 preads/call=192.0 read=1.548ms fadv/call=0.0 pf_hit=100%(32)
(Worker_TP1 pid=465) [gv2-census] calls=32 rows/call=96 runs/call=192.0 preads/call=192.0 read=1.414ms fadv/call=0.0 pf_hit=100%(32)
(Worker_TP1 pid=465) [gv2-census] calls=32 rows/call=96 runs/call=192.0 preads/call=192.0 read=1.706ms fadv/call=0.0 pf_hit=100%(32)
(Worker_TP1 pid=465) [gv2-census] calls=32 rows/call=96 runs/call=192.0 preads/call=192.0 read=1.490ms fadv/call=0.0 pf_hit=100%(32)
(Worker_TP1 pid=465) [gv2-census] calls=32 rows/call=96 runs/call=192.0 preads/call=192.0 read=1.509ms fadv/call=0.0 pf_hit=100%(32)
(Worker_TP1 pid=465) [gv2-census] calls=32 rows/call=87 runs/call=174.0 preads/call=174.0 read=1.411ms fadv/call=0.0 pf_hit=97%(32)
(Worker_TP1 pid=465) [gv2-census] calls=32 rows/call=78 runs/call=154.5 preads/call=154.5 read=6.375ms fadv/call=0.0 pf_hit=88%(32)
(Worker_TP1 pid=465) [gv2-census] calls=32 rows/call=96 runs/call=192.0 preads/call=192.0 read=1.539ms fadv/call=0.0 pf_hit=100%(32)
(Worker_TP1 pid=465) [gv2-census] calls=32 rows/call=96 runs/call=192.0 preads/call=192.0 read=1.494ms fadv/call=0.0 pf_hit=100%(32)
(Worker_TP1 pid=465) [gv2-census] calls=32 rows/call=54 runs/call=108.0 preads/call=108.0 read=1.004ms fadv/call=0.0 pf_hit=95%(32)
(Worker_TP1 pid=465) [gv2-census] calls=32 rows/call=48 runs/call=96.0 preads/call=96.0 read=0.743ms fadv/call=0.0 pf_hit=100%(32)
(Worker_TP1 pid=465) [gv2-census] calls=32 rows/call=48 runs/call=96.0 preads/call=96.0 read=0.825ms fadv/call=0.0 pf_hit=100%(32)
(Worker_TP1 pid=465) [gv2-census] calls=32 rows/call=48 runs/call=96.0 preads/call=96.0 read=1.045ms fadv/call=0.0 pf_hit=100%(32)
(Worker_TP1 pid=465) [gv2-census] calls=32 rows/call=48 runs/call=96.0 preads/call=96.0 read=0.776ms fadv/call=0.0 pf_hit=100%(32)
(Worker_TP1 pid=465) [gv2-census] calls=32 rows/call=112 runs/call=221.5 preads/call=221.5 read=8.053ms fadv/call=0.0 pf_hit=92%(32)
(Worker_TP1 pid=465) [gv2-census] calls=32 rows/call=96 runs/call=192.0 preads/call=192.0 read=1.564ms fadv/call=0.0 pf_hit=100%(32)
(Worker_TP1 pid=465) [gv2-census] calls=32 rows/call=96 runs/call=192.0 preads/call=192.0 read=1.544ms fadv/call=0.0 pf_hit=100%(32)
(Worker_TP1 pid=465) [gv2-census] calls=32 rows/call=96 runs/call=192.0 preads/call=192.0 read=1.657ms fadv/call=0.0 pf_hit=100%(32)
(Worker_TP1 pid=465) [gv2-census] calls=32 rows/call=96 runs/call=192.0 preads/call=192.0 read=1.561ms fadv/call=0.0 pf_hit=100%(32)
(Worker_TP1 pid=465) [gv2-census] calls=32 rows/call=96 runs/call=192.0 preads/call=192.0 read=1.372ms fadv/call=0.0 pf_hit=100%(32)
(Worker_TP1 pid=465) [gv2-census] calls=32 rows/call=109 runs/call=216.0 preads/call=216.0 read=6.367ms fadv/call=0.0 pf_hit=89%(32)
(Worker_TP1 pid=465) [gv2-census] calls=32 rows/call=96 runs/call=192.0 preads/call=192.0 read=1.327ms fadv/call=0.0 pf_hit=100%(32)
(Worker_TP1 pid=465) [gv2-census] calls=32 rows/call=96 runs/call=192.0 preads/call=192.0 read=1.576ms fadv/call=0.0 pf_hit=100%(32)
(Worker_TP1 pid=465) [gv2-census] calls=32 rows/call=96 runs/call=192.0 preads/call=192.0 read=1.865ms fadv/call=0.0 pf_hit=100%(32)
(Worker_TP1 pid=465) [gv2-census] calls=32 rows/call=96 runs/call=192.0 preads/call=192.0 read=1.643ms fadv/call=0.0 pf_hit=100%(32)
(Worker_TP1 pid=465) [gv2-census] calls=32 rows/call=96 runs/call=192.0 preads/call=192.0 read=1.574ms fadv/call=0.0 pf_hit=100%(32)
(Worker_TP1 pid=465) [gv2-census] calls=32 rows/call=96 runs/call=192.0 preads/call=192.0 read=1.611ms fadv/call=0.0 pf_hit=100%(32)
(Worker_TP1 pid=465) [gv2-census] calls=32 rows/call=126 runs/call=253.5 preads/call=253.5 read=2.122ms fadv/call=91.3 pf_hit=93%(32)
(Worker_TP1 pid=465) [gv2-census] calls=32 rows/call=48 runs/call=96.0 preads/call=96.0 read=1.529ms fadv/call=0.0 pf_hit=96%(32)
(Worker_TP1 pid=465) [gv2-census] calls=32 rows/call=48 runs/call=96.0 preads/call=96.0 read=2.041ms fadv/call=0.0 pf_hit=100%(32)
(Worker_TP1 pid=465) [gv2-census] calls=32 rows/call=48 runs/call=96.0 preads/call=96.0 read=1.496ms fadv/call=0.0 pf_hit=100%(32)
(Worker_TP1 pid=465) [gv2-census] calls=32 rows/call=48 runs/call=96.0 preads/call=96.0 read=1.916ms fadv/call=0.0 pf_hit=100%(32)
(Worker_TP1 pid=465) [gv2-census] calls=32 rows/call=48 runs/call=96.0 preads/call=96.0 read=0.831ms fadv/call=0.0 pf_hit=100%(32)
(Worker_TP1 pid=465) [gv2-census] calls=32 rows/call=48 runs/call=96.0 preads/call=96.0 read=0.970ms fadv/call=0.0 pf_hit=100%(32)
(Worker_TP1 pid=465) [gv2-census] calls=32 rows/call=48 runs/call=96.0 preads/call=96.0 read=0.813ms fadv/call=0.0 pf_hit=100%(32)
(Worker_TP1 pid=465) [gv2-census] calls=32 rows/call=48 runs/call=96.0 preads/call=96.0 read=1.342ms fadv/call=0.0 pf_hit=100%(32)
(Worker_TP1 pid=465) [gv2-census] calls=32 rows/call=48 runs/call=96.0 preads/call=96.0 read=0.933ms fadv/call=0.0 pf_hit=100%(32)
(Worker_TP1 pid=465) [gv2-census] calls=32 rows/call=48 runs/call=96.0 preads/call=96.0 read=0.761ms fadv/call=0.0 pf_hit=100%(32)
(Worker_TP1 pid=465) [gv2-census] calls=32 rows/call=48 runs/call=96.0 preads/call=96.0 read=0.837ms fadv/call=0.0 pf_hit=100%(32)
(Worker_TP1 pid=465) [gv2-census] calls=32 rows/call=48 runs/call=96.0 preads/call=96.0 read=1.428ms fadv/call=0.0 pf_hit=100%(32)
(Worker_TP1 pid=465) [gv2-census] calls=32 rows/call=48 runs/call=96.0 preads/call=96.0 read=1.410ms fadv/call=0.0 pf_hit=100%(32)
(Worker_TP1 pid=465) [gv2-census] calls=32 rows/call=48 runs/call=96.0 preads/call=96.0 read=0.721ms fadv/call=0.0 pf_hit=100%(32)
(Worker_TP1 pid=465) [gv2-census] calls=32 rows/call=90 runs/call=181.5 preads/call=181.5 read=2.144ms fadv/call=91.3 pf_hit=90%(32)
(Worker_TP1 pid=465) [gv2-census] calls=32 rows/call=48 runs/call=96.0 preads/call=96.0 read=1.959ms fadv/call=0.0 pf_hit=100%(32)
(Worker_TP1 pid=465) [gv2-census] calls=32 rows/call=48 runs/call=96.0 preads/call=96.0 read=1.370ms fadv/call=0.0 pf_hit=100%(32)
(Worker_TP1 pid=465) [gv2-census] calls=32 rows/call=48 runs/call=96.0 preads/call=96.0 read=1.368ms fadv/call=0.0 pf_hit=100%(32)
(Worker_TP1 pid=465) [gv2-census] calls=32 rows/call=48 runs/call=96.0 preads/call=96.0 read=0.870ms fadv/call=0.0 pf_hit=100%(32)
(Worker_TP1 pid=465) [gv2-census] calls=32 rows/call=48 runs/call=96.0 preads/call=96.0 read=0.801ms fadv/call=0.0 pf_hit=100%(32)
(Worker_TP1 pid=465) [gv2-census] calls=32 rows/call=48 runs/call=96.0 preads/call=96.0 read=1.412ms fadv/call=0.0 pf_hit=100%(32)
(Worker_TP1 pid=465) [gv2-census] calls=32 rows/call=48 runs/call=96.0 preads/call=96.0 read=0.852ms fadv/call=0.0 pf_hit=100%(32)
(Worker_TP1 pid=465) [gv2-census] calls=32 rows/call=48 runs/call=96.0 preads/call=96.0 read=0.872ms fadv/call=0.0 pf_hit=100%(32)
(Worker_TP1 pid=465) [gv2-census] calls=32 rows/call=48 runs/call=96.0 preads/call=96.0 read=0.855ms fadv/call=0.0 pf_hit=100%(32)
(Worker_TP1 pid=465) [gv2-census] calls=32 rows/call=48 runs/call=96.0 preads/call=96.0 read=0.902ms fadv/call=0.0 pf_hit=100%(32)
(Worker_TP1 pid=465) [gv2-census] calls=32 rows/call=48 runs/call=96.0 preads/call=96.0 read=1.474ms fadv/call=0.0 pf_hit=100%(32)
(Worker_TP1 pid=465) [gv2-census] calls=32 rows/call=48 runs/call=96.0 preads/call=96.0 read=0.753ms fadv/call=0.0 pf_hit=100%(32)
(Worker_TP1 pid=465) [gv2-census] calls=32 rows/call=48 runs/call=96.0 preads/call=96.0 read=0.701ms fadv/call=0.0 pf_hit=100%(32)
(Worker_TP1 pid=465) [gv2-census] calls=32 rows/call=48 runs/call=96.0 preads/call=96.0 read=0.878ms fadv/call=0.0 pf_hit=100%(32)
(Worker_TP1 pid=465) [gv2-census] calls=32 rows/call=90 runs/call=181.5 preads/call=181.5 read=2.078ms fadv/call=91.3 pf_hit=90%(32)
(Worker_TP1 pid=465) [gv2-census] calls=32 rows/call=48 runs/call=96.0 preads/call=96.0 read=1.291ms fadv/call=0.0 pf_hit=100%(32)
(Worker_TP1 pid=465) [gv2-census] calls=32 rows/call=48 runs/call=96.0 preads/call=96.0 read=1.196ms fadv/call=0.0 pf_hit=100%(32)
(Worker_TP1 pid=465) [gv2-census] calls=32 rows/call=48 runs/call=96.0 preads/call=96.0 read=0.847ms fadv/call=0.0 pf_hit=100%(32)
(Worker_TP1 pid=465) [gv2-census] calls=32 rows/call=48 runs/call=96.0 preads/call=96.0 read=1.378ms fadv/call=0.0 pf_hit=100%(32)
(Worker_TP1 pid=465) [gv2-census] calls=32 rows/call=48 runs/call=96.0 preads/call=96.0 read=2.507ms fadv/call=0.0 pf_hit=100%(32)
(Worker_TP1 pid=465) [gv2-census] calls=32 rows/call=48 runs/call=96.0 preads/call=96.0 read=0.895ms fadv/call=0.0 pf_hit=100%(32)
(Worker_TP1 pid=465) [gv2-census] calls=32 rows/call=48 runs/call=96.0 preads/call=96.0 read=0.882ms fadv/call=0.0 pf_hit=100%(32)
(Worker_TP1 pid=465) [gv2-census] calls=32 rows/call=48 runs/call=96.0 preads/call=96.0 read=0.832ms fadv/call=0.0 pf_hit=100%(32)
(Worker_TP1 pid=465) [gv2-census] calls=32 rows/call=48 runs/call=96.0 preads/call=96.0 read=0.878ms fadv/call=0.0 pf_hit=100%(32)
(Worker_TP1 pid=465) [gv2-census] calls=32 rows/call=48 runs/call=96.0 preads/call=96.0 read=0.920ms fadv/call=0.0 pf_hit=100%(32)
(Worker_TP1 pid=465) [gv2-census] calls=32 rows/call=48 runs/call=96.0 preads/call=96.0 read=0.862ms fadv/call=0.0 pf_hit=100%(32)
(Worker_TP1 pid=465) [gv2-census] calls=32 rows/call=48 runs/call=96.0 preads/call=96.0 read=0.831ms fadv/call=0.0 pf_hit=100%(32)
(Worker_TP1 pid=465) [gv2-census] calls=32 rows/call=48 runs/call=96.0 preads/call=96.0 read=0.797ms fadv/call=0.0 pf_hit=100%(32)
(Worker_TP1 pid=465) [gv2-census] calls=32 rows/call=48 runs/call=96.0 preads/call=96.0 read=0.812ms fadv/call=0.0 pf_hit=100%(32)
(Worker_TP1 pid=465) [gv2-census] calls=32 rows/call=48 runs/call=96.0 preads/call=96.0 read=0.876ms fadv/call=0.0 pf_hit=100%(32)
(Worker_TP1 pid=465) [gv2-census] calls=32 rows/call=90 runs/call=181.5 preads/call=181.5 read=2.161ms fadv/call=91.3 pf_hit=90%(32)
(Worker_TP1 pid=465) [gv2-census] calls=32 rows/call=48 runs/call=96.0 preads/call=96.0 read=1.379ms fadv/call=0.0 pf_hit=100%(32)
(Worker_TP1 pid=465) [gv2-census] calls=32 rows/call=48 runs/call=96.0 preads/call=96.0 read=0.802ms fadv/call=0.0 pf_hit=100%(32)
(Worker_TP1 pid=465) [gv2-census] calls=32 rows/call=48 runs/call=96.0 preads/call=96.0 read=1.376ms fadv/call=0.0 pf_hit=100%(32)
(Worker_TP1 pid=465) [gv2-census] calls=32 rows/call=48 runs/call=96.0 preads/call=96.0 read=0.867ms fadv/call=0.0 pf_hit=100%(32)
(Worker_TP1 pid=465) [gv2-census] calls=32 rows/call=48 runs/call=96.0 preads/call=96.0 read=1.431ms fadv/call=0.0 pf_hit=100%(32)
(Worker_TP1 pid=465) [gv2-census] calls=32 rows/call=48 runs/call=96.0 preads/call=96.0 read=0.863ms fadv/call=0.0 pf_hit=100%(32)
(Worker_TP1 pid=465) [gv2-census] calls=32 rows/call=48 runs/call=96.0 preads/call=96.0 read=0.763ms fadv/call=0.0 pf_hit=100%(32)
(Worker_TP1 pid=465) [gv2-census] calls=32 rows/call=48 runs/call=96.0 preads/call=96.0 read=1.378ms fadv/call=0.0 pf_hit=100%(32)
(Worker_TP1 pid=465) [gv2-census] calls=32 rows/call=48 runs/call=96.0 preads/call=96.0 read=0.755ms fadv/call=0.0 pf_hit=100%(32)
(Worker_TP1 pid=465) [gv2-census] calls=32 rows/call=48 runs/call=96.0 preads/call=96.0 read=0.755ms fadv/call=0.0 pf_hit=100%(32)
(Worker_TP1 pid=465) [gv2-census] calls=32 rows/call=48 runs/call=96.0 preads/call=96.0 read=1.375ms fadv/call=0.0 pf_hit=100%(32)
(Worker_TP1 pid=465) [gv2-census] calls=32 rows/call=48 runs/call=96.0 preads/call=96.0 read=0.816ms fadv/call=0.0 pf_hit=100%(32)
(Worker_TP1 pid=465) [gv2-census] calls=32 rows/call=48 runs/call=96.0 preads/call=96.0 read=0.787ms fadv/call=0.0 pf_hit=100%(32)
(Worker_TP1 pid=465) [gv2-census] calls=32 rows/call=48 runs/call=96.0 preads/call=96.0 read=0.797ms fadv/call=0.0 pf_hit=100%(32)
(Worker_TP1 pid=465) [gv2-census] calls=32 rows/call=90 runs/call=181.5 preads/call=181.5 read=1.765ms fadv/call=91.3 pf_hit=90%(32)
(Worker_TP1 pid=465) [gv2-census] calls=32 rows/call=48 runs/call=96.0 preads/call=96.0 read=1.388ms fadv/call=0.0 pf_hit=100%(32)
(Worker_TP1 pid=465) [gv2-census] calls=32 rows/call=48 runs/call=96.0 preads/call=96.0 read=0.911ms fadv/call=0.0 pf_hit=100%(32)
(Worker_TP1 pid=465) [gv2-census] calls=32 rows/call=48 runs/call=96.0 preads/call=96.0 read=1.347ms fadv/call=0.0 pf_hit=100%(32)
(Worker_TP1 pid=465) [gv2-census] calls=32 rows/call=48 runs/call=96.0 preads/call=96.0 read=1.904ms fadv/call=0.0 pf_hit=100%(32)
(Worker_TP1 pid=465) [gv2-census] calls=32 rows/call=48 runs/call=96.0 preads/call=96.0 read=0.847ms fadv/call=0.0 pf_hit=100%(32)
(Worker_TP1 pid=465) [gv2-census] calls=32 rows/call=48 runs/call=96.0 preads/call=96.0 read=0.777ms fadv/call=0.0 pf_hit=100%(32)
(Worker_TP1 pid=465) [gv2-census] calls=32 rows/call=48 runs/call=96.0 preads/call=96.0 read=0.892ms fadv/call=0.0 pf_hit=100%(32)
(Worker_TP1 pid=465) [gv2-census] calls=32 rows/call=48 runs/call=96.0 preads/call=96.0 read=0.749ms fadv/call=0.0 pf_hit=100%(32)
(Worker_TP1 pid=465) [gv2-census] calls=32 rows/call=48 runs/call=96.0 preads/call=96.0 read=1.277ms fadv/call=0.0 pf_hit=100%(32)
(Worker_TP1 pid=465) [gv2-census] calls=32 rows/call=48 runs/call=96.0 preads/call=96.0 read=0.767ms fadv/call=0.0 pf_hit=100%(32)
(Worker_TP1 pid=465) [gv2-census] calls=32 rows/call=48 runs/call=96.0 preads/call=96.0 read=0.803ms fadv/call=0.0 pf_hit=100%(32)
(Worker_TP1 pid=465) [gv2-census] calls=32 rows/call=48 runs/call=96.0 preads/call=96.0 read=0.746ms fadv/call=0.0 pf_hit=100%(32)
(Worker_TP1 pid=465) [gv2-census] calls=32 rows/call=48 runs/call=96.0 preads/call=96.0 read=0.842ms fadv/call=0.0 pf_hit=100%(32)
(Worker_TP1 pid=465) [gv2-census] calls=32 rows/call=48 runs/call=96.0 preads/call=96.0 read=0.889ms fadv/call=0.0 pf_hit=100%(32)
(Worker_TP1 pid=465) [gv2-census] calls=32 rows/call=90 runs/call=181.5 preads/call=181.5 read=2.360ms fadv/call=91.3 pf_hit=90%(32)
(Worker_TP1 pid=465) [gv2-census] calls=32 rows/call=48 runs/call=96.0 preads/call=96.0 read=0.864ms fadv/call=0.0 pf_hit=100%(32)
(Worker_TP1 pid=465) [gv2-census] calls=32 rows/call=48 runs/call=96.0 preads/call=96.0 read=1.315ms fadv/call=0.0 pf_hit=100%(32)
(Worker_TP1 pid=465) [gv2-census] calls=32 rows/call=48 runs/call=96.0 preads/call=96.0 read=0.738ms fadv/call=0.0 pf_hit=100%(32)
(Worker_TP1 pid=465) [gv2-census] calls=32 rows/call=48 runs/call=96.0 preads/call=96.0 read=0.776ms fadv/call=0.0 pf_hit=100%(32)
(Worker_TP1 pid=465) [gv2-census] calls=32 rows/call=48 runs/call=96.0 preads/call=96.0 read=1.425ms fadv/call=0.0 pf_hit=100%(32)
(Worker_TP1 pid=465) [gv2-census] calls=32 rows/call=48 runs/call=96.0 preads/call=96.0 read=1.330ms fadv/call=0.0 pf_hit=100%(32)
(Worker_TP1 pid=465) [gv2-census] calls=32 rows/call=48 runs/call=96.0 preads/call=96.0 read=0.787ms fadv/call=0.0 pf_hit=100%(32)
(Worker_TP1 pid=465) [gv2-census] calls=32 rows/call=48 runs/call=96.0 preads/call=96.0 read=0.873ms fadv/call=0.0 pf_hit=100%(32)
(Worker_TP1 pid=465) [gv2-census] calls=32 rows/call=48 runs/call=96.0 preads/call=96.0 read=0.809ms fadv/call=0.0 pf_hit=100%(32)
(Worker_TP1 pid=465) [gv2-census] calls=32 rows/call=48 runs/call=96.0 preads/call=96.0 read=0.728ms fadv/call=0.0 pf_hit=100%(32)
(Worker_TP1 pid=465) [gv2-census] calls=32 rows/call=48 runs/call=96.0 preads/call=96.0 read=0.732ms fadv/call=0.0 pf_hit=100%(32)
(Worker_TP1 pid=465) [gv2-census] calls=32 rows/call=48 runs/call=96.0 preads/call=96.0 read=0.813ms fadv/call=0.0 pf_hit=100%(32)
(Worker_TP1 pid=465) [gv2-census] calls=32 rows/call=48 runs/call=96.0 preads/call=96.0 read=0.841ms fadv/call=0.0 pf_hit=100%(32)
(Worker_TP1 pid=465) [gv2-census] calls=32 rows/call=48 runs/call=96.0 preads/call=96.0 read=0.800ms fadv/call=0.0 pf_hit=100%(32)
(Worker_TP1 pid=465) [gv2-census] calls=32 rows/call=90 runs/call=181.5 preads/call=181.5 read=1.590ms fadv/call=91.3 pf_hit=90%(32)
(Worker_TP1 pid=465) [gv2-census] calls=32 rows/call=48 runs/call=96.0 preads/call=96.0 read=1.781ms fadv/call=0.0 pf_hit=100%(32)
(Worker_TP1 pid=465) [gv2-census] calls=32 rows/call=48 runs/call=96.0 preads/call=96.0 read=0.731ms fadv/call=0.0 pf_hit=100%(32)
(Worker_TP1 pid=465) [gv2-census] calls=32 rows/call=48 runs/call=96.0 preads/call=96.0 read=0.744ms fadv/call=0.0 pf_hit=100%(32)
(Worker_TP1 pid=465) [gv2-census] calls=32 rows/call=48 runs/call=96.0 preads/call=96.0 read=1.368ms fadv/call=0.0 pf_hit=100%(32)
(Worker_TP1 pid=465) [gv2-census] calls=32 rows/call=48 runs/call=96.0 preads/call=96.0 read=0.721ms fadv/call=0.0 pf_hit=100%(32)
(Worker_TP1 pid=465) [gv2-census] calls=32 rows/call=48 runs/call=96.0 preads/call=96.0 read=0.754ms fadv/call=0.0 pf_hit=100%(32)
(Worker_TP1 pid=465) [gv2-census] calls=32 rows/call=48 runs/call=96.0 preads/call=96.0 read=1.775ms fadv/call=0.0 pf_hit=100%(32)
(Worker_TP1 pid=465) [gv2-census] calls=32 rows/call=48 runs/call=96.0 preads/call=96.0 read=0.848ms fadv/call=0.0 pf_hit=100%(32)
(Worker_TP1 pid=465) [gv2-census] calls=32 rows/call=48 runs/call=96.0 preads/call=96.0 read=0.709ms fadv/call=0.0 pf_hit=100%(32)
(Worker_TP1 pid=465) [gv2-census] calls=32 rows/call=48 runs/call=96.0 preads/call=96.0 read=1.311ms fadv/call=0.0 pf_hit=100%(32)
(Worker_TP1 pid=465) [gv2-census] calls=32 rows/call=48 runs/call=96.0 preads/call=96.0 read=0.784ms fadv/call=0.0 pf_hit=100%(32)
(Worker_TP1 pid=465) [gv2-census] calls=32 rows/call=48 runs/call=96.0 preads/call=96.0 read=0.813ms fadv/call=0.0 pf_hit=100%(32)
(Worker_TP1 pid=465) [gv2-census] calls=32 rows/call=48 runs/call=96.0 preads/call=96.0 read=0.668ms fadv/call=0.0 pf_hit=100%(32)
(Worker_TP1 pid=465) [gv2-census] calls=32 rows/call=48 runs/call=96.0 preads/call=96.0 read=0.735ms fadv/call=0.0 pf_hit=100%(32)
(Worker_TP1 pid=465) [gv2-census] calls=32 rows/call=90 runs/call=181.5 preads/call=181.5 read=1.558ms fadv/call=91.3 pf_hit=94%(32)
(Worker_TP1 pid=465) [gv2-census] calls=32 rows/call=48 runs/call=96.0 preads/call=96.0 read=1.241ms fadv/call=0.0 pf_hit=96%(32)
(Worker_TP1 pid=465) [gv2-census] calls=32 rows/call=48 runs/call=96.0 preads/call=96.0 read=0.757ms fadv/call=0.0 pf_hit=100%(32)
(Worker_TP1 pid=465) [gv2-census] calls=32 rows/call=48 runs/call=96.0 preads/call=96.0 read=0.736ms fadv/call=0.0 pf_hit=100%(32)
(Worker_TP1 pid=465) [gv2-census] calls=32 rows/call=48 runs/call=96.0 preads/call=96.0 read=1.289ms fadv/call=0.0 pf_hit=100%(32)
(Worker_TP1 pid=465) [gv2-census] calls=32 rows/call=48 runs/call=96.0 preads/call=96.0 read=0.642ms fadv/call=0.0 pf_hit=100%(32)
(Worker_TP1 pid=465) [gv2-census] calls=32 rows/call=48 runs/call=96.0 preads/call=96.0 read=0.808ms fadv/call=0.0 pf_hit=100%(32)
(Worker_TP1 pid=465) [gv2-census] calls=32 rows/call=48 runs/call=96.0 preads/call=96.0 read=0.786ms fadv/call=0.0 pf_hit=100%(32)
(Worker_TP1 pid=465) [gv2-census] calls=32 rows/call=48 runs/call=96.0 preads/call=96.0 read=0.774ms fadv/call=0.0 pf_hit=100%(32)
(Worker_TP1 pid=465) [gv2-census] calls=32 rows/call=48 runs/call=96.0 preads/call=96.0 read=0.779ms fadv/call=0.0 pf_hit=100%(32)
(Worker_TP1 pid=465) [gv2-census] calls=32 rows/call=48 runs/call=96.0 preads/call=96.0 read=0.662ms fadv/call=0.0 pf_hit=100%(32)
(Worker_TP1 pid=465) [gv2-census] calls=32 rows/call=48 runs/call=96.0 preads/call=96.0 read=0.707ms fadv/call=0.0 pf_hit=100%(32)
(Worker_TP1 pid=465) [gv2-census] calls=32 rows/call=48 runs/call=96.0 preads/call=96.0 read=0.661ms fadv/call=0.0 pf_hit=100%(32)
(Worker_TP1 pid=465) [gv2-census] calls=32 rows/call=48 runs/call=96.0 preads/call=96.0 read=0.813ms fadv/call=0.0 pf_hit=100%(32)
(Worker_TP1 pid=465) [gv2-census] calls=32 rows/call=48 runs/call=96.0 preads/call=96.0 read=0.796ms fadv/call=0.0 pf_hit=100%(32)
(Worker_TP1 pid=465) [gv2-census] calls=32 rows/call=48 runs/call=96.0 preads/call=96.0 read=0.750ms fadv/call=0.0 pf_hit=100%(32)
(Worker_TP1 pid=465) [gv2-census] calls=32 rows/call=90 runs/call=181.5 preads/call=181.5 read=1.366ms fadv/call=91.3 pf_hit=90%(32)
(Worker_TP1 pid=465) [gv2-census] calls=32 rows/call=48 runs/call=96.0 preads/call=96.0 read=1.712ms fadv/call=0.0 pf_hit=100%(32)
(Worker_TP1 pid=465) [gv2-census] calls=32 rows/call=48 runs/call=96.0 preads/call=96.0 read=0.630ms fadv/call=0.0 pf_hit=100%(32)
(Worker_TP1 pid=465) [gv2-census] calls=32 rows/call=48 runs/call=96.0 preads/call=96.0 read=1.278ms fadv/call=0.0 pf_hit=100%(32)
(Worker_TP1 pid=465) [gv2-census] calls=32 rows/call=48 runs/call=96.0 preads/call=96.0 read=0.717ms fadv/call=0.0 pf_hit=100%(32)
(Worker_TP1 pid=465) [gv2-census] calls=32 rows/call=48 runs/call=96.0 preads/call=96.0 read=1.235ms fadv/call=0.0 pf_hit=100%(32)
(Worker_TP1 pid=465) [gv2-census] calls=32 rows/call=48 runs/call=96.0 preads/call=96.0 read=1.284ms fadv/call=0.0 pf_hit=100%(32)
(Worker_TP1 pid=465) [gv2-census] calls=32 rows/call=48 runs/call=96.0 preads/call=96.0 read=0.689ms fadv/call=0.0 pf_hit=100%(32)
(Worker_TP1 pid=465) [gv2-census] calls=32 rows/call=48 runs/call=96.0 preads/call=96.0 read=0.805ms fadv/call=0.0 pf_hit=100%(32)
(Worker_TP1 pid=465) [gv2-census] calls=32 rows/call=48 runs/call=96.0 preads/call=96.0 read=1.897ms fadv/call=0.0 pf_hit=100%(32)
(Worker_TP1 pid=465) [gv2-census] calls=32 rows/call=48 runs/call=96.0 preads/call=96.0 read=0.819ms fadv/call=0.0 pf_hit=100%(32)
(Worker_TP1 pid=465) [gv2-census] calls=32 rows/call=48 runs/call=96.0 preads/call=96.0 read=0.780ms fadv/call=0.0 pf_hit=100%(32)
(Worker_TP1 pid=465) [gv2-census] calls=32 rows/call=48 runs/call=96.0 preads/call=96.0 read=1.862ms fadv/call=0.0 pf_hit=100%(32)
(Worker_TP1 pid=465) [gv2-census] calls=32 rows/call=48 runs/call=96.0 preads/call=96.0 read=0.658ms fadv/call=0.0 pf_hit=100%(32)
(Worker_TP1 pid=465) [gv2-census] calls=32 rows/call=48 runs/call=96.0 preads/call=96.0 read=0.778ms fadv/call=0.0 pf_hit=100%(32)
(Worker_TP1 pid=465) [gv2-census] calls=32 rows/call=90 runs/call=181.5 preads/call=181.5 read=1.751ms fadv/call=91.3 pf_hit=90%(32)
(Worker_TP1 pid=465) [gv2-census] calls=32 rows/call=48 runs/call=96.0 preads/call=96.0 read=1.254ms fadv/call=0.0 pf_hit=100%(32)
(Worker_TP1 pid=465) [gv2-census] calls=32 rows/call=48 runs/call=96.0 preads/call=96.0 read=0.643ms fadv/call=0.0 pf_hit=100%(32)
(Worker_TP1 pid=465) [gv2-census] calls=32 rows/call=48 runs/call=96.0 preads/call=96.0 read=0.695ms fadv/call=0.0 pf_hit=100%(32)
(Worker_TP1 pid=465) [gv2-census] calls=32 rows/call=48 runs/call=96.0 preads/call=96.0 read=0.623ms fadv/call=0.0 pf_hit=100%(32)
(Worker_TP1 pid=465) [gv2-census] calls=32 rows/call=48 runs/call=96.0 preads/call=96.0 read=1.218ms fadv/call=0.0 pf_hit=100%(32)
(Worker_TP1 pid=465) [gv2-census] calls=32 rows/call=48 runs/call=96.0 preads/call=96.0 read=0.813ms fadv/call=0.0 pf_hit=100%(32)
(Worker_TP1 pid=465) [gv2-census] calls=32 rows/call=48 runs/call=96.0 preads/call=96.0 read=0.812ms fadv/call=0.0 pf_hit=100%(32)
(Worker_TP1 pid=465) [gv2-census] calls=32 rows/call=48 runs/call=96.0 preads/call=96.0 read=0.757ms fadv/call=0.0 pf_hit=100%(32)
(Worker_TP1 pid=465) [gv2-census] calls=32 rows/call=48 runs/call=96.0 preads/call=96.0 read=1.368ms fadv/call=0.0 pf_hit=100%(32)
(Worker_TP1 pid=465) [gv2-census] calls=32 rows/call=48 runs/call=96.0 preads/call=96.0 read=0.844ms fadv/call=0.0 pf_hit=100%(32)
(Worker_TP1 pid=465) [gv2-census] calls=32 rows/call=48 runs/call=96.0 preads/call=96.0 read=0.735ms fadv/call=0.0 pf_hit=100%(32)
(Worker_TP1 pid=465) [gv2-census] calls=32 rows/call=48 runs/call=96.0 preads/call=96.0 read=0.739ms fadv/call=0.0 pf_hit=100%(32)
(Worker_TP1 pid=465) [gv2-census] calls=32 rows/call=48 runs/call=96.0 preads/call=96.0 read=1.322ms fadv/call=0.0 pf_hit=100%(32)
(Worker_TP1 pid=465) [gv2-census] calls=32 rows/call=48 runs/call=96.0 preads/call=96.0 read=0.618ms fadv/call=0.0 pf_hit=100%(32)
(Worker_TP1 pid=465) [gv2-census] calls=32 rows/call=90 runs/call=181.5 preads/call=181.5 read=1.649ms fadv/call=91.3 pf_hit=90%(32)
(Worker_TP1 pid=465) [gv2-census] calls=32 rows/call=48 runs/call=96.0 preads/call=96.0 read=0.789ms fadv/call=0.0 pf_hit=100%(32)
(Worker_TP1 pid=465) [gv2-census] calls=32 rows/call=48 runs/call=96.0 preads/call=96.0 read=2.071ms fadv/call=0.0 pf_hit=100%(32)
(Worker_TP1 pid=465) [gv2-census] calls=32 rows/call=48 runs/call=96.0 preads/call=96.0 read=0.748ms fadv/call=0.0 pf_hit=100%(32)
(Worker_TP1 pid=465) [gv2-census] calls=32 rows/call=48 runs/call=96.0 preads/call=96.0 read=1.253ms fadv/call=0.0 pf_hit=100%(32)
(Worker_TP1 pid=465) [gv2-census] calls=32 rows/call=48 runs/call=96.0 preads/call=96.0 read=0.806ms fadv/call=0.0 pf_hit=100%(32)
(Worker_TP1 pid=465) [gv2-census] calls=32 rows/call=48 runs/call=96.0 preads/call=96.0 read=0.826ms fadv/call=0.0 pf_hit=100%(32)
(Worker_TP1 pid=465) [gv2-census] calls=32 rows/call=48 runs/call=96.0 preads/call=96.0 read=1.909ms fadv/call=0.0 pf_hit=100%(32)
(Worker_TP1 pid=465) [gv2-census] calls=32 rows/call=48 runs/call=96.0 preads/call=96.0 read=0.790ms fadv/call=0.0 pf_hit=100%(32)
(Worker_TP1 pid=465) [gv2-census] calls=32 rows/call=48 runs/call=96.0 preads/call=96.0 read=0.839ms fadv/call=0.0 pf_hit=100%(32)
(Worker_TP1 pid=465) [gv2-census] calls=32 rows/call=48 runs/call=96.0 preads/call=96.0 read=0.672ms fadv/call=0.0 pf_hit=100%(32)
(Worker_TP1 pid=465) [gv2-census] calls=32 rows/call=48 runs/call=96.0 preads/call=96.0 read=1.361ms fadv/call=0.0 pf_hit=100%(32)
(Worker_TP1 pid=465) [gv2-census] calls=32 rows/call=48 runs/call=96.0 preads/call=96.0 read=3.055ms fadv/call=0.0 pf_hit=100%(32)
(Worker_TP1 pid=465) [gv2-census] calls=32 rows/call=48 runs/call=96.0 preads/call=96.0 read=1.482ms fadv/call=0.0 pf_hit=100%(32)
(Worker_TP1 pid=465) [gv2-census] calls=32 rows/call=48 runs/call=96.0 preads/call=96.0 read=0.925ms fadv/call=0.0 pf_hit=100%(32)
(Worker_TP1 pid=465) [gv2-census] calls=32 rows/call=48 runs/call=96.0 preads/call=96.0 read=0.905ms fadv/call=0.0 pf_hit=100%(32)
